deviceId,year,month,prediction
000cc3cb7f030c3d0c481bd0e7cf42ee283012c3cb5bfc93ae46eecc5798f0fe,2025,5,0.08067970917294581
000cc3cb7f030c3d0c481bd0e7cf42ee283012c3cb5bfc93ae46eecc5798f0fe,2025,6,0.0565550906814222
000cc3cb7f030c3d0c481bd0e7cf42ee283012c3cb5bfc93ae46eecc5798f0fe,2025,7,0.05351924209589973
000cc3cb7f030c3d0c481bd0e7cf42ee283012c3cb5bfc93ae46eecc5798f0fe,2025,8,0.06475932569089567
000cc3cb7f030c3d0c481bd0e7cf42ee283012c3cb5bfc93ae46eecc5798f0fe,2025,9,0.07912604973188109
000cc3cb7f030c3d0c481bd0e7cf42ee283012c3cb5bfc93ae46eecc5798f0fe,2025,10,0.14737016546585058
005767201ec5d7c3336b3b4d1ffa8a72e7ca1ecdaac30fe5a99d7a76b53f9fc9,2025,5,0.055173336190113574
005767201ec5d7c3336b3b4d1ffa8a72e7ca1ecdaac30fe5a99d7a76b53f9fc9,2025,6,0.038946849071440005
005767201ec5d7c3336b3b4d1ffa8a72e7ca1ecdaac30fe5a99d7a76b53f9fc9,2025,7,0.04433659602616326
005767201ec5d7c3336b3b4d1ffa8a72e7ca1ecdaac30fe5a99d7a76b53f9fc9,2025,8,0.040634526610370675
005767201ec5d7c3336b3b4d1ffa8a72e7ca1ecdaac30fe5a99d7a76b53f9fc9,2025,9,0.04758625758024599
005767201ec5d7c3336b3b4d1ffa8a72e7ca1ecdaac30fe5a99d7a76b53f9fc9,2025,10,0.07632219284118358
01668c64ccc16c506a7c1a5c032e2eb5e2de48ecb284f2e1f6ac48b9de8ad5dd,2025,5,0.028109793117242852
01668c64ccc16c506a7c1a5c032e2eb5e2de48ecb284f2e1f6ac48b9de8ad5dd,2025,6,0.02543661680811918
01668c64ccc16c506a7c1a5c032e2eb5e2de48ecb284f2e1f6ac48b9de8ad5dd,2025,7,0.02625133496950244
01668c64ccc16c506a7c1a5c032e2eb5e2de48ecb284f2e1f6ac48b9de8ad5dd,2025,8,0.02632326205162736
01668c64ccc16c506a7c1a5c032e2eb5e2de48ecb284f2e1f6ac48b9de8ad5dd,2025,9,0.026407465366524364
01668c64ccc16c506a7c1a5c032e2eb5e2de48ecb284f2e1f6ac48b9de8ad5dd,2025,10,0.04693123221377925
01bf745bf2df0312bd5ff2234c0e9dedc39ad0bac9bcfcc89f1f92902934f571,2025,5,0.05467068715691311
01bf745bf2df0312bd5ff2234c0e9dedc39ad0bac9bcfcc89f1f92902934f571,2025,6,0.043065857196904915
01bf745bf2df0312bd5ff2234c0e9dedc39ad0bac9bcfcc89f1f92902934f571,2025,7,0.041912330022535325
01bf745bf2df0312bd5ff2234c0e9dedc39ad0bac9bcfcc89f1f92902934f571,2025,8,0.044528497913436174
01bf745bf2df0312bd5ff2234c0e9dedc39ad0bac9bcfcc89f1f92902934f571,2025,9,0.04297999390295811
01bf745bf2df0312bd5ff2234c0e9dedc39ad0bac9bcfcc89f1f92902934f571,2025,10,0.06643504820720772
02e4ad5d8d0016d35a003ea6df7e10fe27093aba81c64a4ac50c762a15bb1449,2025,5,0.02330293390145041
02e4ad5d8d0016d35a003ea6df7e10fe27093aba81c64a4ac50c762a15bb1449,2025,6,0.019722876508999277
02e4ad5d8d0016d35a003ea6df7e10fe27093aba81c64a4ac50c762a15bb1449,2025,7,0.020718873719347174
02e4ad5d8d0016d35a003ea6df7e10fe27093aba81c64a4ac50c762a15bb1449,2025,8,0.019781303069549217
02e4ad5d8d0016d35a003ea6df7e10fe27093aba81c64a4ac50c762a15bb1449,2025,9,0.011752588875422904
02e4ad5d8d0016d35a003ea6df7e10fe27093aba81c64a4ac50c762a15bb1449,2025,10,0.04581595879266292
038e22575abaab48161b77e91fc9f635bceb292bfa3e43ecf1eeabce9e48c7d7,2025,5,0.059331161559688386
038e22575abaab48161b77e91fc9f635bceb292bfa3e43ecf1eeabce9e48c7d7,2025,6,0.03181437114797946
038e22575abaab48161b77e91fc9f635bceb292bfa3e43ecf1eeabce9e48c7d7,2025,7,0.032992695432504104
038e22575abaab48161b77e91fc9f635bceb292bfa3e43ecf1eeabce9e48c7d7,2025,8,0.03249374673986885
038e22575abaab48161b77e91fc9f635bceb292bfa3e43ecf1eeabce9e48c7d7,2025,9,0.039978713521939886
038e22575abaab48161b77e91fc9f635bceb292bfa3e43ecf1eeabce9e48c7d7,2025,10,0.07804356322948541
04709b6cb733ccadc6db546d80a63ba064e13f0817781bad0d37c59d83cae480,2025,5,0.14653811099296893
04709b6cb733ccadc6db546d80a63ba064e13f0817781bad0d37c59d83cae480,2025,6,0.12582275855826858
04709b6cb733ccadc6db546d80a63ba064e13f0817781bad0d37c59d83cae480,2025,7,0.12927381841367588
04709b6cb733ccadc6db546d80a63ba064e13f0817781bad0d37c59d83cae480,2025,8,0.1328602522650581
04709b6cb733ccadc6db546d80a63ba064e13f0817781bad0d37c59d83cae480,2025,9,0.1376880119830043
04709b6cb733ccadc6db546d80a63ba064e13f0817781bad0d37c59d83cae480,2025,10,0.22981051164291832
0598231b0a5f5adf5f851bd2b77bc6203802dc009e1dff416fa3fe0001112f92,2025,5,0.016368069591201306
0598231b0a5f5adf5f851bd2b77bc6203802dc009e1dff416fa3fe0001112f92,2025,6,0.020800852705514905
0598231b0a5f5adf5f851bd2b77bc6203802dc009e1dff416fa3fe0001112f92,2025,7,0.021738389094095534
0598231b0a5f5adf5f851bd2b77bc6203802dc009e1dff416fa3fe0001112f92,2025,8,0.022862439658173653
0598231b0a5f5adf5f851bd2b77bc6203802dc009e1dff416fa3fe0001112f92,2025,9,0.019417472541055133
0598231b0a5f5adf5f851bd2b77bc6203802dc009e1dff416fa3fe0001112f92,2025,10,0.0186360674404697
05defed45c441db90efd2f2b6236c6aefed530c01edd985f1974de7d9cb7c9cb,2025,5,0.04513528647818102
05defed45c441db90efd2f2b6236c6aefed530c01edd985f1974de7d9cb7c9cb,2025,6,0.0239911070123783
05defed45c441db90efd2f2b6236c6aefed530c01edd985f1974de7d9cb7c9cb,2025,7,0.023803357012116447
05defed45c441db90efd2f2b6236c6aefed530c01edd985f1974de7d9cb7c9cb,2025,8,0.022244487388874426
05defed45c441db90efd2f2b6236c6aefed530c01edd985f1974de7d9cb7c9cb,2025,9,0.021469956483038656
05defed45c441db90efd2f2b6236c6aefed530c01edd985f1974de7d9cb7c9cb,2025,10,0.055486816277316865
06b3fada57ea8ba46e0df50a4f9fddbd6d08ae17b9f833d0cdb7b6ecf625a3b7,2025,5,0.07170729498110827
06b3fada57ea8ba46e0df50a4f9fddbd6d08ae17b9f833d0cdb7b6ecf625a3b7,2025,6,0.04711586905677198
06b3fada57ea8ba46e0df50a4f9fddbd6d08ae17b9f833d0cdb7b6ecf625a3b7,2025,7,0.04724307839242389
06b3fada57ea8ba46e0df50a4f9fddbd6d08ae17b9f833d0cdb7b6ecf625a3b7,2025,8,0.042091401044171445
06b3fada57ea8ba46e0df50a4f9fddbd6d08ae17b9f833d0cdb7b6ecf625a3b7,2025,9,0.05634736669884552
06b3fada57ea8ba46e0df50a4f9fddbd6d08ae17b9f833d0cdb7b6ecf625a3b7,2025,10,0.08176074417015274
06faeae7b722179f1063a5fb71c13525c119948b4fd00dc85cd3bd3cdf63c3c6,2025,5,0.036968616951904947
06faeae7b722179f1063a5fb71c13525c119948b4fd00dc85cd3bd3cdf63c3c6,2025,6,0.014778941321667335
06faeae7b722179f1063a5fb71c13525c119948b4fd00dc85cd3bd3cdf63c3c6,2025,7,0.038158488911669425
06faeae7b722179f1063a5fb71c13525c119948b4fd00dc85cd3bd3cdf63c3c6,2025,8,0.02777930372485596
06faeae7b722179f1063a5fb71c13525c119948b4fd00dc85cd3bd3cdf63c3c6,2025,9,0.041809418780393896
06faeae7b722179f1063a5fb71c13525c119948b4fd00dc85cd3bd3cdf63c3c6,2025,10,0.062436083639448
072315fe40a4b83ac5693af583ec4735f2f192a7ec5addcf647b133a34b83e8c,2025,5,0.01840607131297601
072315fe40a4b83ac5693af583ec4735f2f192a7ec5addcf647b133a34b83e8c,2025,6,0.019384206037328804
072315fe40a4b83ac5693af583ec4735f2f192a7ec5addcf647b133a34b83e8c,2025,7,0.01786387689447376
072315fe40a4b83ac5693af583ec4735f2f192a7ec5addcf647b133a34b83e8c,2025,8,0.018897356262296758
072315fe40a4b83ac5693af583ec4735f2f192a7ec5addcf647b133a34b83e8c,2025,9,0.014479394213669994
072315fe40a4b83ac5693af583ec4735f2f192a7ec5addcf647b133a34b83e8c,2025,10,0.02084757909284646
0763fb405523c26bb33f06a9ba5c1439f8029bee0c81135f362c8e0371e037e7,2025,5,0.05679252084550796
0763fb405523c26bb33f06a9ba5c1439f8029bee0c81135f362c8e0371e037e7,2025,6,0.04866943793147195
0763fb405523c26bb33f06a9ba5c1439f8029bee0c81135f362c8e0371e037e7,2025,7,0.052343566968427055
0763fb405523c26bb33f06a9ba5c1439f8029bee0c81135f362c8e0371e037e7,2025,8,0.047472096048374074
0763fb405523c26bb33f06a9ba5c1439f8029bee0c81135f362c8e0371e037e7,2025,9,0.054145869431545035
0763fb405523c26bb33f06a9ba5c1439f8029bee0c81135f362c8e0371e037e7,2025,10,0.08284262700248815
07d16d2a3bc4b13439e957b3c44755149177e159aabcc524eec112f7d7ab57cc,2025,5,0.024546899170558554
07d16d2a3bc4b13439e957b3c44755149177e159aabcc524eec112f7d7ab57cc,2025,6,0.021776197722454784
07d16d2a3bc4b13439e957b3c44755149177e159aabcc524eec112f7d7ab57cc,2025,7,0.021594470101502165
07d16d2a3bc4b13439e957b3c44755149177e159aabcc524eec112f7d7ab57cc,2025,8,0.019784664302903418
07d16d2a3bc4b13439e957b3c44755149177e159aabcc524eec112f7d7ab57cc,2025,9,0.017417450953090954
07d16d2a3bc4b13439e957b3c44755149177e159aabcc524eec112f7d7ab57cc,2025,10,0.03908893669971614
07f52c577626daee77665500a709f6cac0dfcd6ad395a9081670d281d00b5e9d,2025,5,0.13186672822620354
07f52c577626daee77665500a709f6cac0dfcd6ad395a9081670d281d00b5e9d,2025,6,0.10474223470291495
07f52c577626daee77665500a709f6cac0dfcd6ad395a9081670d281d00b5e9d,2025,7,0.11467514564317213
07f52c577626daee77665500a709f6cac0dfcd6ad395a9081670d281d00b5e9d,2025,8,0.10879117077874403
07f52c577626daee77665500a709f6cac0dfcd6ad395a9081670d281d00b5e9d,2025,9,0.11838253190871847
07f52c577626daee77665500a709f6cac0dfcd6ad395a9081670d281d00b5e9d,2025,10,0.18671725981335333
0885a9a12cc676f39135d3d8ca80b2ddfbc6b662d6ae44f16bebd0a7b90a087c,2025,5,0.08729135031087513
0885a9a12cc676f39135d3d8ca80b2ddfbc6b662d6ae44f16bebd0a7b90a087c,2025,6,0.06532863092544634
0885a9a12cc676f39135d3d8ca80b2ddfbc6b662d6ae44f16bebd0a7b90a087c,2025,7,0.07068400901896132
0885a9a12cc676f39135d3d8ca80b2ddfbc6b662d6ae44f16bebd0a7b90a087c,2025,8,0.07262810644247969
0885a9a12cc676f39135d3d8ca80b2ddfbc6b662d6ae44f16bebd0a7b90a087c,2025,9,0.09676608733941312
0885a9a12cc676f39135d3d8ca80b2ddfbc6b662d6ae44f16bebd0a7b90a087c,2025,10,0.16018558177201467
098344689a0dc9c51d460f142c9e480746dedd3806ca874fae480d27064050d6,2025,5,0.1928447430239062
098344689a0dc9c51d460f142c9e480746dedd3806ca874fae480d27064050d6,2025,6,0.18577440300995612
098344689a0dc9c51d460f142c9e480746dedd3806ca874fae480d27064050d6,2025,7,0.17029012035848637
098344689a0dc9c51d460f142c9e480746dedd3806ca874fae480d27064050d6,2025,8,0.17170084914102293
098344689a0dc9c51d460f142c9e480746dedd3806ca874fae480d27064050d6,2025,9,0.17521301327130284
098344689a0dc9c51d460f142c9e480746dedd3806ca874fae480d27064050d6,2025,10,0.221073979184956
0a945614f4eeacaca5e3c3a00eefabf932024f140b60b17f2c06e35a34a51130,2025,5,0.06808591978645062
0a945614f4eeacaca5e3c3a00eefabf932024f140b60b17f2c06e35a34a51130,2025,6,0.04894015719777097
0a945614f4eeacaca5e3c3a00eefabf932024f140b60b17f2c06e35a34a51130,2025,7,0.05551716569009233
0a945614f4eeacaca5e3c3a00eefabf932024f140b60b17f2c06e35a34a51130,2025,8,0.05857625326479378
0a945614f4eeacaca5e3c3a00eefabf932024f140b60b17f2c06e35a34a51130,2025,9,0.063936669537561
0a945614f4eeacaca5e3c3a00eefabf932024f140b60b17f2c06e35a34a51130,2025,10,0.0850669882008118
0aabc0b2d6128734daa5f06e17aa787b13e484c10d613dd8501cc30b5c34903c,2025,5,0.03912072753331692
0aabc0b2d6128734daa5f06e17aa787b13e484c10d613dd8501cc30b5c34903c,2025,6,0.029526870132447036
0aabc0b2d6128734daa5f06e17aa787b13e484c10d613dd8501cc30b5c34903c,2025,7,0.031235352843885966
0aabc0b2d6128734daa5f06e17aa787b13e484c10d613dd8501cc30b5c34903c,2025,8,0.029652337043137113
0aabc0b2d6128734daa5f06e17aa787b13e484c10d613dd8501cc30b5c34903c,2025,9,0.03133388819719808
0aabc0b2d6128734daa5f06e17aa787b13e484c10d613dd8501cc30b5c34903c,2025,10,0.04774280610019877
0ada54a258cb3354d54252c76b14a6eaa7f7f76b4edd720d017e45c143f41dcf,2025,5,0.04015152716808674
0ada54a258cb3354d54252c76b14a6eaa7f7f76b4edd720d017e45c143f41dcf,2025,6,0.030141700463203202
0ada54a258cb3354d54252c76b14a6eaa7f7f76b4edd720d017e45c143f41dcf,2025,7,0.030968378795878413
0ada54a258cb3354d54252c76b14a6eaa7f7f76b4edd720d017e45c143f41dcf,2025,8,0.030089532698514856
0ada54a258cb3354d54252c76b14a6eaa7f7f76b4edd720d017e45c143f41dcf,2025,9,0.030563225889746474
0ada54a258cb3354d54252c76b14a6eaa7f7f76b4edd720d017e45c143f41dcf,2025,10,0.0734583517111934
0c15b2a8d63edb726b95e6fe2121e7ceddb327ed41dd72a7d1460d3b7c31ba8c,2025,5,0.08048116238949263
0c15b2a8d63edb726b95e6fe2121e7ceddb327ed41dd72a7d1460d3b7c31ba8c,2025,6,0.06988287380281852
0c15b2a8d63edb726b95e6fe2121e7ceddb327ed41dd72a7d1460d3b7c31ba8c,2025,7,0.071527025259814
0c15b2a8d63edb726b95e6fe2121e7ceddb327ed41dd72a7d1460d3b7c31ba8c,2025,8,0.08301105922766626
0c15b2a8d63edb726b95e6fe2121e7ceddb327ed41dd72a7d1460d3b7c31ba8c,2025,9,0.07647299937581428
0c15b2a8d63edb726b95e6fe2121e7ceddb327ed41dd72a7d1460d3b7c31ba8c,2025,10,0.13383833480946097
0c27d0c347716bded0cb740f3598bb2665317046bb3fe08106f36273f00e091b,2025,5,0.039389204285368754
0c27d0c347716bded0cb740f3598bb2665317046bb3fe08106f36273f00e091b,2025,6,0.038169256830227614
0c27d0c347716bded0cb740f3598bb2665317046bb3fe08106f36273f00e091b,2025,7,0.03963420116808494
0c27d0c347716bded0cb740f3598bb2665317046bb3fe08106f36273f00e091b,2025,8,0.04062229428466532
0c27d0c347716bded0cb740f3598bb2665317046bb3fe08106f36273f00e091b,2025,9,0.04140137213329694
0c27d0c347716bded0cb740f3598bb2665317046bb3fe08106f36273f00e091b,2025,10,0.07923037591231162
0c5b3a6a5f2eeb053d37ea02b1ac102e4d910a2e0278db7b0d191e86b4075c31,2025,5,0.01056985437558265
0c5b3a6a5f2eeb053d37ea02b1ac102e4d910a2e0278db7b0d191e86b4075c31,2025,6,0.011424763554321222
0c5b3a6a5f2eeb053d37ea02b1ac102e4d910a2e0278db7b0d191e86b4075c31,2025,7,0.014080734869209452
0c5b3a6a5f2eeb053d37ea02b1ac102e4d910a2e0278db7b0d191e86b4075c31,2025,8,0.01451712607528365
0c5b3a6a5f2eeb053d37ea02b1ac102e4d910a2e0278db7b0d191e86b4075c31,2025,9,0.015413944696954491
0c5b3a6a5f2eeb053d37ea02b1ac102e4d910a2e0278db7b0d191e86b4075c31,2025,10,0.05222523583394742
0c9170249a105041d8796f0755653d5bc78f98e10a27fe4e89078aa04dbdacf2,2025,5,0.04638060949327512
0c9170249a105041d8796f0755653d5bc78f98e10a27fe4e89078aa04dbdacf2,2025,6,0.0744406548639161
0c9170249a105041d8796f0755653d5bc78f98e10a27fe4e89078aa04dbdacf2,2025,7,0.08360435236916874
0c9170249a105041d8796f0755653d5bc78f98e10a27fe4e89078aa04dbdacf2,2025,8,0.09534739334932996
0c9170249a105041d8796f0755653d5bc78f98e10a27fe4e89078aa04dbdacf2,2025,9,0.08346776193300011
0c9170249a105041d8796f0755653d5bc78f98e10a27fe4e89078aa04dbdacf2,2025,10,0.061735477722067444
0ce1c71b58b94d46cb4a93a10a11107d5a9a0bd2ca42e2868c70b7c37562429a,2025,5,0.041874962870897356
0ce1c71b58b94d46cb4a93a10a11107d5a9a0bd2ca42e2868c70b7c37562429a,2025,6,0.052629982128006576
0ce1c71b58b94d46cb4a93a10a11107d5a9a0bd2ca42e2868c70b7c37562429a,2025,7,0.05326499769624427
0ce1c71b58b94d46cb4a93a10a11107d5a9a0bd2ca42e2868c70b7c37562429a,2025,8,0.05044484131523447
0ce1c71b58b94d46cb4a93a10a11107d5a9a0bd2ca42e2868c70b7c37562429a,2025,9,0.037187284359534674
0ce1c71b58b94d46cb4a93a10a11107d5a9a0bd2ca42e2868c70b7c37562429a,2025,10,0.05529360182654604
0d2b3ada515d6f4d5d38a4bf607d2ea79b075d95203d90b99950570831757560,2025,5,0.030005895719913325
0d2b3ada515d6f4d5d38a4bf607d2ea79b075d95203d90b99950570831757560,2025,6,0.02764223963101106
0d2b3ada515d6f4d5d38a4bf607d2ea79b075d95203d90b99950570831757560,2025,7,0.025039295873872786
0d2b3ada515d6f4d5d38a4bf607d2ea79b075d95203d90b99950570831757560,2025,8,0.02783303728768032
0d2b3ada515d6f4d5d38a4bf607d2ea79b075d95203d90b99950570831757560,2025,9,0.02013414189850486
0d2b3ada515d6f4d5d38a4bf607d2ea79b075d95203d90b99950570831757560,2025,10,0.04585531836173333
0dda423dd55c0ff884f41d386d60ee9bfe029feb02d436ee3e7edcac759227b7,2025,5,0.216680650363458
0dda423dd55c0ff884f41d386d60ee9bfe029feb02d436ee3e7edcac759227b7,2025,6,0.19393815714609447
0dda423dd55c0ff884f41d386d60ee9bfe029feb02d436ee3e7edcac759227b7,2025,7,0.1936622234922184
0dda423dd55c0ff884f41d386d60ee9bfe029feb02d436ee3e7edcac759227b7,2025,8,0.19678099474818275
0dda423dd55c0ff884f41d386d60ee9bfe029feb02d436ee3e7edcac759227b7,2025,9,0.2158800934904337
0dda423dd55c0ff884f41d386d60ee9bfe029feb02d436ee3e7edcac759227b7,2025,10,0.3182160238716494
0e3f26c7c5c051b0cd5ea8db0916d24b69415ec5a657bed6e1d1c1725e8777cc,2025,5,0.04938253594961856
0e3f26c7c5c051b0cd5ea8db0916d24b69415ec5a657bed6e1d1c1725e8777cc,2025,6,0.03534812573908808
0e3f26c7c5c051b0cd5ea8db0916d24b69415ec5a657bed6e1d1c1725e8777cc,2025,7,0.03714384680965214
0e3f26c7c5c051b0cd5ea8db0916d24b69415ec5a657bed6e1d1c1725e8777cc,2025,8,0.03668091247272612
0e3f26c7c5c051b0cd5ea8db0916d24b69415ec5a657bed6e1d1c1725e8777cc,2025,9,0.02922726717060598
0e3f26c7c5c051b0cd5ea8db0916d24b69415ec5a657bed6e1d1c1725e8777cc,2025,10,0.058505160489746175
0e7218204aef3c93ecd8269d5227e54fb7b1ccc42943ace5df76a427a1fbe4fe,2025,5,0.009862671399660086
0e7218204aef3c93ecd8269d5227e54fb7b1ccc42943ace5df76a427a1fbe4fe,2025,6,0.018481609619880584
0e7218204aef3c93ecd8269d5227e54fb7b1ccc42943ace5df76a427a1fbe4fe,2025,7,0.007592011878408749
0e7218204aef3c93ecd8269d5227e54fb7b1ccc42943ace5df76a427a1fbe4fe,2025,8,0.002589476036489586
0e7218204aef3c93ecd8269d5227e54fb7b1ccc42943ace5df76a427a1fbe4fe,2025,9,0.002112946237419204
0e7218204aef3c93ecd8269d5227e54fb7b1ccc42943ace5df76a427a1fbe4fe,2025,10,0.013806219300151653
0e9cfa33f51cd2c8be835ead10d8e8b74267672d9c134c86e154c470f2851611,2025,5,0.04933640079968624
0e9cfa33f51cd2c8be835ead10d8e8b74267672d9c134c86e154c470f2851611,2025,6,0.027915533390131947
0e9cfa33f51cd2c8be835ead10d8e8b74267672d9c134c86e154c470f2851611,2025,7,0.028149802128729813
0e9cfa33f51cd2c8be835ead10d8e8b74267672d9c134c86e154c470f2851611,2025,8,0.04240793905215484
0e9cfa33f51cd2c8be835ead10d8e8b74267672d9c134c86e154c470f2851611,2025,9,0.045127502711661355
0e9cfa33f51cd2c8be835ead10d8e8b74267672d9c134c86e154c470f2851611,2025,10,0.06613203642861018
0f4e07f004cb53e0a09f97bdb3505f87ce01bddca9f9725d62bac30f8fc51095,2025,5,0.09027671571238226
0f4e07f004cb53e0a09f97bdb3505f87ce01bddca9f9725d62bac30f8fc51095,2025,6,0.07188845433344761
0f4e07f004cb53e0a09f97bdb3505f87ce01bddca9f9725d62bac30f8fc51095,2025,7,0.060601209966505656
0f4e07f004cb53e0a09f97bdb3505f87ce01bddca9f9725d62bac30f8fc51095,2025,8,0.07382884637512835
0f4e07f004cb53e0a09f97bdb3505f87ce01bddca9f9725d62bac30f8fc51095,2025,9,0.08101397011396202
0f4e07f004cb53e0a09f97bdb3505f87ce01bddca9f9725d62bac30f8fc51095,2025,10,0.12469470464723728
0f642d3ef94b53e0da9c8f88594173e327c47711b04a903124575e0393f569c1,2025,5,0.06514627556251563
0f642d3ef94b53e0da9c8f88594173e327c47711b04a903124575e0393f569c1,2025,6,0.04580945491383208
0f642d3ef94b53e0da9c8f88594173e327c47711b04a903124575e0393f569c1,2025,7,0.049224252418988305
0f642d3ef94b53e0da9c8f88594173e327c47711b04a903124575e0393f569c1,2025,8,0.047020283687282866
0f642d3ef94b53e0da9c8f88594173e327c47711b04a903124575e0393f569c1,2025,9,0.06115978554826524
0f642d3ef94b53e0da9c8f88594173e327c47711b04a903124575e0393f569c1,2025,10,0.13299403020364628
102b41529d89930b1efdc352095d7b0f50464a197c250dc667d3ae631ffee802,2025,5,0.0212015797891039
102b41529d89930b1efdc352095d7b0f50464a197c250dc667d3ae631ffee802,2025,6,0.021928041297754594
102b41529d89930b1efdc352095d7b0f50464a197c250dc667d3ae631ffee802,2025,7,0.020922561869395197
102b41529d89930b1efdc352095d7b0f50464a197c250dc667d3ae631ffee802,2025,8,0.020792810923991666
102b41529d89930b1efdc352095d7b0f50464a197c250dc667d3ae631ffee802,2025,9,0.02078107986291098
102b41529d89930b1efdc352095d7b0f50464a197c250dc667d3ae631ffee802,2025,10,0.02377266782730743
103c88a3e1be420059e43bd34da4fb30890b796a0de2e7d06916da035a6bd335,2025,5,0.0932600266744852
103c88a3e1be420059e43bd34da4fb30890b796a0de2e7d06916da035a6bd335,2025,6,0.08244103103397551
103c88a3e1be420059e43bd34da4fb30890b796a0de2e7d06916da035a6bd335,2025,7,0.08322629939687064
103c88a3e1be420059e43bd34da4fb30890b796a0de2e7d06916da035a6bd335,2025,8,0.0842967198512731
103c88a3e1be420059e43bd34da4fb30890b796a0de2e7d06916da035a6bd335,2025,9,0.08501228274092358
103c88a3e1be420059e43bd34da4fb30890b796a0de2e7d06916da035a6bd335,2025,10,0.10441016613382914
10482655ebdcde8848ee29b151f6c17ea3ff7711da7b5c9ee51e44e84b27fd5f,2025,5,0.022765315785189297
10482655ebdcde8848ee29b151f6c17ea3ff7711da7b5c9ee51e44e84b27fd5f,2025,6,0.017803044348081748
10482655ebdcde8848ee29b151f6c17ea3ff7711da7b5c9ee51e44e84b27fd5f,2025,7,0.02495538798880439
10482655ebdcde8848ee29b151f6c17ea3ff7711da7b5c9ee51e44e84b27fd5f,2025,8,0.02533270790964425
10482655ebdcde8848ee29b151f6c17ea3ff7711da7b5c9ee51e44e84b27fd5f,2025,9,0.0246264763623256
10482655ebdcde8848ee29b151f6c17ea3ff7711da7b5c9ee51e44e84b27fd5f,2025,10,0.04703376425954963
11f6fbc0b2f72ccd7f371629d1b9f78f1d10f2ab5cdb1980d6cd3ec38124de8b,2025,5,0.0749409620047657
11f6fbc0b2f72ccd7f371629d1b9f78f1d10f2ab5cdb1980d6cd3ec38124de8b,2025,6,0.06233148219646561
11f6fbc0b2f72ccd7f371629d1b9f78f1d10f2ab5cdb1980d6cd3ec38124de8b,2025,7,0.059661915911063394
11f6fbc0b2f72ccd7f371629d1b9f78f1d10f2ab5cdb1980d6cd3ec38124de8b,2025,8,0.060209519474083914
11f6fbc0b2f72ccd7f371629d1b9f78f1d10f2ab5cdb1980d6cd3ec38124de8b,2025,9,0.06797548557940722
11f6fbc0b2f72ccd7f371629d1b9f78f1d10f2ab5cdb1980d6cd3ec38124de8b,2025,10,0.10310820580913216
12018d8a1808381c6d1c08b5c853ceb374260c9ca6ccfb4e586c5bf9d57170d7,2025,5,0.05541755939038734
12018d8a1808381c6d1c08b5c853ceb374260c9ca6ccfb4e586c5bf9d57170d7,2025,6,0.03560954178730656
12018d8a1808381c6d1c08b5c853ceb374260c9ca6ccfb4e586c5bf9d57170d7,2025,7,0.030469778851759416
12018d8a1808381c6d1c08b5c853ceb374260c9ca6ccfb4e586c5bf9d57170d7,2025,8,0.031997361004827356
12018d8a1808381c6d1c08b5c853ceb374260c9ca6ccfb4e586c5bf9d57170d7,2025,9,0.04029759187397623
12018d8a1808381c6d1c08b5c853ceb374260c9ca6ccfb4e586c5bf9d57170d7,2025,10,0.06646335964008562
12e748d3536a3e4284a85495f16006975eac0d02fc78c8b9c0ffd3795d48d62e,2025,5,0.18270170953710335
12e748d3536a3e4284a85495f16006975eac0d02fc78c8b9c0ffd3795d48d62e,2025,6,0.1709685954904921
12e748d3536a3e4284a85495f16006975eac0d02fc78c8b9c0ffd3795d48d62e,2025,7,0.16528191247436053
12e748d3536a3e4284a85495f16006975eac0d02fc78c8b9c0ffd3795d48d62e,2025,8,0.1692120046170529
12e748d3536a3e4284a85495f16006975eac0d02fc78c8b9c0ffd3795d48d62e,2025,9,0.16442025223799947
12e748d3536a3e4284a85495f16006975eac0d02fc78c8b9c0ffd3795d48d62e,2025,10,0.2530582094384319
133442486089c95a545fe095fbfbebd659f1d4882e90f3b4281a32acb4313502,2025,5,0.05702765076673245
133442486089c95a545fe095fbfbebd659f1d4882e90f3b4281a32acb4313502,2025,6,0.05175865147426273
133442486089c95a545fe095fbfbebd659f1d4882e90f3b4281a32acb4313502,2025,7,0.05373960918754346
133442486089c95a545fe095fbfbebd659f1d4882e90f3b4281a32acb4313502,2025,8,0.056008578288000294
133442486089c95a545fe095fbfbebd659f1d4882e90f3b4281a32acb4313502,2025,9,0.055166648602656715
133442486089c95a545fe095fbfbebd659f1d4882e90f3b4281a32acb4313502,2025,10,0.07212070775084549
13c2e18398ed70f1f04a3d54ef251093784211619d8f56d4aeeafa428c8c6c37,2025,5,0.03676555140398423
13c2e18398ed70f1f04a3d54ef251093784211619d8f56d4aeeafa428c8c6c37,2025,6,0.030103671179330802
13c2e18398ed70f1f04a3d54ef251093784211619d8f56d4aeeafa428c8c6c37,2025,7,0.0318302173267715
13c2e18398ed70f1f04a3d54ef251093784211619d8f56d4aeeafa428c8c6c37,2025,8,0.036411668564477695
13c2e18398ed70f1f04a3d54ef251093784211619d8f56d4aeeafa428c8c6c37,2025,9,0.03617357404849775
13c2e18398ed70f1f04a3d54ef251093784211619d8f56d4aeeafa428c8c6c37,2025,10,0.04851148555318583
14576f8f6451a81dadf5ebd03fd76cefc3622757cc32310d5775812d5eb2bfea,2025,5,0.06375219565448496
14576f8f6451a81dadf5ebd03fd76cefc3622757cc32310d5775812d5eb2bfea,2025,6,0.04107200453774581
14576f8f6451a81dadf5ebd03fd76cefc3622757cc32310d5775812d5eb2bfea,2025,7,0.038120485870956414
14576f8f6451a81dadf5ebd03fd76cefc3622757cc32310d5775812d5eb2bfea,2025,8,0.03270495009637059
14bc5f67e6438932bf6acd89f0531529eb9a1f9aa090048175762f25128af963,2025,5,0.03808794064853887
14bc5f67e6438932bf6acd89f0531529eb9a1f9aa090048175762f25128af963,2025,6,0.026470089212931914
14bc5f67e6438932bf6acd89f0531529eb9a1f9aa090048175762f25128af963,2025,7,0.026998626158617974
14bc5f67e6438932bf6acd89f0531529eb9a1f9aa090048175762f25128af963,2025,8,0.025160664265295698
14bc5f67e6438932bf6acd89f0531529eb9a1f9aa090048175762f25128af963,2025,9,0.02678836871323341
14bc5f67e6438932bf6acd89f0531529eb9a1f9aa090048175762f25128af963,2025,10,0.057512774430631644
1567d24062afaa9c12e8a33780baf3506210c4632eff2f34afe645b50f41cd8f,2025,5,0.02973264713756199
1567d24062afaa9c12e8a33780baf3506210c4632eff2f34afe645b50f41cd8f,2025,6,0.03657694649095453
1567d24062afaa9c12e8a33780baf3506210c4632eff2f34afe645b50f41cd8f,2025,7,0.04162252212301172
1567d24062afaa9c12e8a33780baf3506210c4632eff2f34afe645b50f41cd8f,2025,8,0.03517159115869815
1567d24062afaa9c12e8a33780baf3506210c4632eff2f34afe645b50f41cd8f,2025,9,0.032224339738405966
1567d24062afaa9c12e8a33780baf3506210c4632eff2f34afe645b50f41cd8f,2025,10,0.047109745079871444
15f8cea0f8f5a0000591564658ef762d6b623105d0b716d8fac3a1ada679fc0d,2025,5,0.05443960477249634
15f8cea0f8f5a0000591564658ef762d6b623105d0b716d8fac3a1ada679fc0d,2025,6,0.07066938072071874
15f8cea0f8f5a0000591564658ef762d6b623105d0b716d8fac3a1ada679fc0d,2025,7,0.07972924918738972
15f8cea0f8f5a0000591564658ef762d6b623105d0b716d8fac3a1ada679fc0d,2025,8,0.0758658608147112
15f8cea0f8f5a0000591564658ef762d6b623105d0b716d8fac3a1ada679fc0d,2025,9,0.06199696945080977
15f8cea0f8f5a0000591564658ef762d6b623105d0b716d8fac3a1ada679fc0d,2025,10,0.05480186122144314
165d0ccedc583e2f61aab2e0c7f2cbdddf987769cb9d744ec53b39fe722c6555,2025,5,0.019703113737251365
165d0ccedc583e2f61aab2e0c7f2cbdddf987769cb9d744ec53b39fe722c6555,2025,6,0.020019090679168395
165d0ccedc583e2f61aab2e0c7f2cbdddf987769cb9d744ec53b39fe722c6555,2025,7,0.02106152391795378
165d0ccedc583e2f61aab2e0c7f2cbdddf987769cb9d744ec53b39fe722c6555,2025,8,0.021280908519336027
165d0ccedc583e2f61aab2e0c7f2cbdddf987769cb9d744ec53b39fe722c6555,2025,9,0.01970999506779358
165d0ccedc583e2f61aab2e0c7f2cbdddf987769cb9d744ec53b39fe722c6555,2025,10,0.023593838739219417
16654eae2d44b2e4d12caa7a530ed6aaa9beebc0998b1e32cc07a3123f4f6a9a,2025,5,0.19156397356295743
16654eae2d44b2e4d12caa7a530ed6aaa9beebc0998b1e32cc07a3123f4f6a9a,2025,6,0.163170981926551
16654eae2d44b2e4d12caa7a530ed6aaa9beebc0998b1e32cc07a3123f4f6a9a,2025,7,0.16584256009571904
16654eae2d44b2e4d12caa7a530ed6aaa9beebc0998b1e32cc07a3123f4f6a9a,2025,8,0.16289184227832934
16654eae2d44b2e4d12caa7a530ed6aaa9beebc0998b1e32cc07a3123f4f6a9a,2025,9,0.1639426316757199
16654eae2d44b2e4d12caa7a530ed6aaa9beebc0998b1e32cc07a3123f4f6a9a,2025,10,0.2334256588311069
16c474e4e178269258a79e12c41174380457d05fa1dbe06756621cd4d8d56955,2025,5,0.08354787494565946
16c474e4e178269258a79e12c41174380457d05fa1dbe06756621cd4d8d56955,2025,6,0.051576042535309695
16c474e4e178269258a79e12c41174380457d05fa1dbe06756621cd4d8d56955,2025,7,0.0541731018630381
16c474e4e178269258a79e12c41174380457d05fa1dbe06756621cd4d8d56955,2025,8,0.07735748152683551
16c474e4e178269258a79e12c41174380457d05fa1dbe06756621cd4d8d56955,2025,9,0.07795044284879274
16c474e4e178269258a79e12c41174380457d05fa1dbe06756621cd4d8d56955,2025,10,0.10033078567801473
1703c37039d3bcbd02ed0afcdbaed1fb049e60758c3079f57498b7fc3abfef53,2025,5,0.07544457847158234
1703c37039d3bcbd02ed0afcdbaed1fb049e60758c3079f57498b7fc3abfef53,2025,6,0.06466147723855999
1703c37039d3bcbd02ed0afcdbaed1fb049e60758c3079f57498b7fc3abfef53,2025,7,0.06563206619704551
1703c37039d3bcbd02ed0afcdbaed1fb049e60758c3079f57498b7fc3abfef53,2025,8,0.07450633166432812
1703c37039d3bcbd02ed0afcdbaed1fb049e60758c3079f57498b7fc3abfef53,2025,9,0.08347777793538581
1703c37039d3bcbd02ed0afcdbaed1fb049e60758c3079f57498b7fc3abfef53,2025,10,0.13074943244275586
17850655b0581bd2624172a36cf7dea0c58924d84f44a03cb1f2b593743947c7,2025,5,0.0742922069845245
17850655b0581bd2624172a36cf7dea0c58924d84f44a03cb1f2b593743947c7,2025,6,0.06228585283049283
17850655b0581bd2624172a36cf7dea0c58924d84f44a03cb1f2b593743947c7,2025,7,0.06244306167803945
17850655b0581bd2624172a36cf7dea0c58924d84f44a03cb1f2b593743947c7,2025,8,0.061645011060605645
17850655b0581bd2624172a36cf7dea0c58924d84f44a03cb1f2b593743947c7,2025,9,0.07482340403347454
17850655b0581bd2624172a36cf7dea0c58924d84f44a03cb1f2b593743947c7,2025,10,0.0767415999180243
17ca3943eb703954ecd459dde27cadf1b9a091c95f2fad38ebc2c6ca44f84dd6,2025,5,0.022014373967172124
17ca3943eb703954ecd459dde27cadf1b9a091c95f2fad38ebc2c6ca44f84dd6,2025,6,0.02145996360165727
17ca3943eb703954ecd459dde27cadf1b9a091c95f2fad38ebc2c6ca44f84dd6,2025,7,0.021833827154483964
17ca3943eb703954ecd459dde27cadf1b9a091c95f2fad38ebc2c6ca44f84dd6,2025,8,0.02196087529324267
17ca3943eb703954ecd459dde27cadf1b9a091c95f2fad38ebc2c6ca44f84dd6,2025,9,0.021204577244725117
17ca3943eb703954ecd459dde27cadf1b9a091c95f2fad38ebc2c6ca44f84dd6,2025,10,0.02543992221006631
17d3019303758e85944ab8dab4647197ba66c2dd377ff4e8e9bcaaa4ddf863be,2025,5,0.14327420948252298
17d3019303758e85944ab8dab4647197ba66c2dd377ff4e8e9bcaaa4ddf863be,2025,6,0.10673380303610101
17d3019303758e85944ab8dab4647197ba66c2dd377ff4e8e9bcaaa4ddf863be,2025,7,0.09807717851973863
17d3019303758e85944ab8dab4647197ba66c2dd377ff4e8e9bcaaa4ddf863be,2025,8,0.11005571768622739
17d3019303758e85944ab8dab4647197ba66c2dd377ff4e8e9bcaaa4ddf863be,2025,9,0.12347759272518935
17d3019303758e85944ab8dab4647197ba66c2dd377ff4e8e9bcaaa4ddf863be,2025,10,0.18693066076494746
185f05182b13c28cbd41f1ddb0699d0b084ca32b877ad45ad4646759a6e91ca1,2025,5,0.1496938983599961
185f05182b13c28cbd41f1ddb0699d0b084ca32b877ad45ad4646759a6e91ca1,2025,6,0.12798168114770567
185f05182b13c28cbd41f1ddb0699d0b084ca32b877ad45ad4646759a6e91ca1,2025,7,0.12320409090911033
185f05182b13c28cbd41f1ddb0699d0b084ca32b877ad45ad4646759a6e91ca1,2025,8,0.11631389034166023
185f05182b13c28cbd41f1ddb0699d0b084ca32b877ad45ad4646759a6e91ca1,2025,9,0.12788359798521737
185f05182b13c28cbd41f1ddb0699d0b084ca32b877ad45ad4646759a6e91ca1,2025,10,0.17286012423025757
18add0f86c38f3c293a0e54676ab9b6310420ee0375a5c25f8447b440edc14d9,2025,5,0.04270995944287054
18add0f86c38f3c293a0e54676ab9b6310420ee0375a5c25f8447b440edc14d9,2025,6,0.028206602481569337
18add0f86c38f3c293a0e54676ab9b6310420ee0375a5c25f8447b440edc14d9,2025,7,0.02761647332440536
18add0f86c38f3c293a0e54676ab9b6310420ee0375a5c25f8447b440edc14d9,2025,8,0.02853465857079685
18add0f86c38f3c293a0e54676ab9b6310420ee0375a5c25f8447b440edc14d9,2025,9,0.031474312622509756
18add0f86c38f3c293a0e54676ab9b6310420ee0375a5c25f8447b440edc14d9,2025,10,0.07403919135366269
18fc2668662f38f6de78663698b4c6ce54b4af559b519fdecfbec42b61dd0ec6,2025,5,0.21420361991272976
18fc2668662f38f6de78663698b4c6ce54b4af559b519fdecfbec42b61dd0ec6,2025,6,0.17148810790465469
18fc2668662f38f6de78663698b4c6ce54b4af559b519fdecfbec42b61dd0ec6,2025,7,0.16497122091547617
18fc2668662f38f6de78663698b4c6ce54b4af559b519fdecfbec42b61dd0ec6,2025,8,0.16986837821935027
18fc2668662f38f6de78663698b4c6ce54b4af559b519fdecfbec42b61dd0ec6,2025,9,0.17274356297637758
18fc2668662f38f6de78663698b4c6ce54b4af559b519fdecfbec42b61dd0ec6,2025,10,0.2342241511196268
18ff959e735b2ee6d06d6be523d669294ad47b31dffd98389067ff1077b7788e,2025,5,0.027946036852668988
18ff959e735b2ee6d06d6be523d669294ad47b31dffd98389067ff1077b7788e,2025,6,0.02088706729928455
18ff959e735b2ee6d06d6be523d669294ad47b31dffd98389067ff1077b7788e,2025,7,0.02969940779484443
18ff959e735b2ee6d06d6be523d669294ad47b31dffd98389067ff1077b7788e,2025,8,0.02733819736560912
18ff959e735b2ee6d06d6be523d669294ad47b31dffd98389067ff1077b7788e,2025,9,0.02138801287420339
18ff959e735b2ee6d06d6be523d669294ad47b31dffd98389067ff1077b7788e,2025,10,0.05817174137357263
198f7bb9ff2ca4470858cce4f8ba47cbf727c9d4d9220ffd1e692d0d346ada2b,2025,5,0.31721816171534084
198f7bb9ff2ca4470858cce4f8ba47cbf727c9d4d9220ffd1e692d0d346ada2b,2025,6,0.24529951277466014
198f7bb9ff2ca4470858cce4f8ba47cbf727c9d4d9220ffd1e692d0d346ada2b,2025,7,0.24269499878301323
198f7bb9ff2ca4470858cce4f8ba47cbf727c9d4d9220ffd1e692d0d346ada2b,2025,8,0.241746659778451
198f7bb9ff2ca4470858cce4f8ba47cbf727c9d4d9220ffd1e692d0d346ada2b,2025,9,0.2501877317262452
198f7bb9ff2ca4470858cce4f8ba47cbf727c9d4d9220ffd1e692d0d346ada2b,2025,10,0.4535458520346197
1a12333e3e72289eb9eb8e9372a84f0f3743190de373f4f386244c988a9c9245,2025,5,0.028493477091002938
1a12333e3e72289eb9eb8e9372a84f0f3743190de373f4f386244c988a9c9245,2025,6,0.030421145831927097
1a12333e3e72289eb9eb8e9372a84f0f3743190de373f4f386244c988a9c9245,2025,7,0.030447648765088427
1a12333e3e72289eb9eb8e9372a84f0f3743190de373f4f386244c988a9c9245,2025,8,0.02968299982641984
1a12333e3e72289eb9eb8e9372a84f0f3743190de373f4f386244c988a9c9245,2025,9,0.025706041642390532
1a12333e3e72289eb9eb8e9372a84f0f3743190de373f4f386244c988a9c9245,2025,10,0.040995930432718077
1a95ba3dd8f58ad30387dfa1a04ba5227701a294f08c7e555da9e13bec93c683,2025,5,0.03468670924590379
1a95ba3dd8f58ad30387dfa1a04ba5227701a294f08c7e555da9e13bec93c683,2025,6,0.02591959675963609
1a95ba3dd8f58ad30387dfa1a04ba5227701a294f08c7e555da9e13bec93c683,2025,7,0.029323434884388915
1a95ba3dd8f58ad30387dfa1a04ba5227701a294f08c7e555da9e13bec93c683,2025,8,0.02797068085234364
1a95ba3dd8f58ad30387dfa1a04ba5227701a294f08c7e555da9e13bec93c683,2025,9,0.02741705212766558
1a95ba3dd8f58ad30387dfa1a04ba5227701a294f08c7e555da9e13bec93c683,2025,10,0.05423287504636986
1ac45a6db45883a73aa94405bccc12ff28f4ee81642df89795c1e9d96b8a2c15,2025,5,0.1681180341609376
1ac45a6db45883a73aa94405bccc12ff28f4ee81642df89795c1e9d96b8a2c15,2025,6,0.12153418009644142
1ac45a6db45883a73aa94405bccc12ff28f4ee81642df89795c1e9d96b8a2c15,2025,7,0.12383934007486479
1ac45a6db45883a73aa94405bccc12ff28f4ee81642df89795c1e9d96b8a2c15,2025,8,0.1212145195467725
1ac45a6db45883a73aa94405bccc12ff28f4ee81642df89795c1e9d96b8a2c15,2025,9,0.13715569187712465
1ac45a6db45883a73aa94405bccc12ff28f4ee81642df89795c1e9d96b8a2c15,2025,10,0.268431215846442
1b0bdbd3d6b5d6718db963ce8a985d31567b24db9b390e6a0c1dd6a18d8b852e,2025,5,0.029136578395627083
1b0bdbd3d6b5d6718db963ce8a985d31567b24db9b390e6a0c1dd6a18d8b852e,2025,6,0.026605852402925345
1b0bdbd3d6b5d6718db963ce8a985d31567b24db9b390e6a0c1dd6a18d8b852e,2025,7,0.022387673059205804
1b0bdbd3d6b5d6718db963ce8a985d31567b24db9b390e6a0c1dd6a18d8b852e,2025,8,0.02630278653113832
1b0bdbd3d6b5d6718db963ce8a985d31567b24db9b390e6a0c1dd6a18d8b852e,2025,9,0.025004289679153975
1b0bdbd3d6b5d6718db963ce8a985d31567b24db9b390e6a0c1dd6a18d8b852e,2025,10,0.04078516610486667
1bab6344197a4f94a48a3880a733607751d155667d4b28b0c5535a43050144c9,2025,5,0.05279458504159989
1bab6344197a4f94a48a3880a733607751d155667d4b28b0c5535a43050144c9,2025,6,0.02475189920019616
1bab6344197a4f94a48a3880a733607751d155667d4b28b0c5535a43050144c9,2025,7,0.020184690360703843
1bab6344197a4f94a48a3880a733607751d155667d4b28b0c5535a43050144c9,2025,8,0.019542966489841912
1bab6344197a4f94a48a3880a733607751d155667d4b28b0c5535a43050144c9,2025,9,0.018485693283792015
1bab6344197a4f94a48a3880a733607751d155667d4b28b0c5535a43050144c9,2025,10,0.06250379337310788
1c2daed41137082791639e9b3e5a9b4ebed993363a8c6883669118de397830f1,2025,5,0.05402845796318003
1c2daed41137082791639e9b3e5a9b4ebed993363a8c6883669118de397830f1,2025,6,0.044535649630534774
1c2daed41137082791639e9b3e5a9b4ebed993363a8c6883669118de397830f1,2025,7,0.045323650814077604
1c2daed41137082791639e9b3e5a9b4ebed993363a8c6883669118de397830f1,2025,8,0.04437940054460649
1c2daed41137082791639e9b3e5a9b4ebed993363a8c6883669118de397830f1,2025,9,0.04560918816679612
1c2daed41137082791639e9b3e5a9b4ebed993363a8c6883669118de397830f1,2025,10,0.06937410095431688
1d30563b84b1944f5844c74964a5bdc4af99e8e15115f97ac3c7ec136c65b998,2025,5,0.05969781061319935
1d30563b84b1944f5844c74964a5bdc4af99e8e15115f97ac3c7ec136c65b998,2025,6,0.04277372383993745
1d30563b84b1944f5844c74964a5bdc4af99e8e15115f97ac3c7ec136c65b998,2025,7,0.036273112217847694
1d30563b84b1944f5844c74964a5bdc4af99e8e15115f97ac3c7ec136c65b998,2025,8,0.04720541920777539
1d30563b84b1944f5844c74964a5bdc4af99e8e15115f97ac3c7ec136c65b998,2025,9,0.043456883424301734
1d30563b84b1944f5844c74964a5bdc4af99e8e15115f97ac3c7ec136c65b998,2025,10,0.07416256290522295
1d604cefd1c2467e1fb1382248e2e4e564cca4c2ea5eb1470727fb7aa80f22ac,2025,5,0.02698482596650521
1d604cefd1c2467e1fb1382248e2e4e564cca4c2ea5eb1470727fb7aa80f22ac,2025,6,0.01847548371388648
1d604cefd1c2467e1fb1382248e2e4e564cca4c2ea5eb1470727fb7aa80f22ac,2025,7,0.020006513277364166
1d604cefd1c2467e1fb1382248e2e4e564cca4c2ea5eb1470727fb7aa80f22ac,2025,8,0.020227215465109673
1d604cefd1c2467e1fb1382248e2e4e564cca4c2ea5eb1470727fb7aa80f22ac,2025,9,0.01721344352579921
1d604cefd1c2467e1fb1382248e2e4e564cca4c2ea5eb1470727fb7aa80f22ac,2025,10,0.03990333184366601
1dfcee1ecd30aa0c3d3693b3b9b24a15e5280aa538d1a07992922dce71873dc6,2025,5,0.04123619833752198
1dfcee1ecd30aa0c3d3693b3b9b24a15e5280aa538d1a07992922dce71873dc6,2025,6,0.029908225383963198
1dfcee1ecd30aa0c3d3693b3b9b24a15e5280aa538d1a07992922dce71873dc6,2025,7,0.017348369301000234
1dfcee1ecd30aa0c3d3693b3b9b24a15e5280aa538d1a07992922dce71873dc6,2025,8,0.02068626401310797
1dfcee1ecd30aa0c3d3693b3b9b24a15e5280aa538d1a07992922dce71873dc6,2025,9,0.032882338857745136
1dfcee1ecd30aa0c3d3693b3b9b24a15e5280aa538d1a07992922dce71873dc6,2025,10,0.06162554779729261
1e119fa0bf78a5fa4b045f53c4a445217f29dc17cc1a7615cac5e932f9ca7ab2,2025,5,0.03474081742504637
1e119fa0bf78a5fa4b045f53c4a445217f29dc17cc1a7615cac5e932f9ca7ab2,2025,6,0.03366584844707774
1e119fa0bf78a5fa4b045f53c4a445217f29dc17cc1a7615cac5e932f9ca7ab2,2025,7,0.03188439862424328
1e119fa0bf78a5fa4b045f53c4a445217f29dc17cc1a7615cac5e932f9ca7ab2,2025,8,0.030069569409587125
1e119fa0bf78a5fa4b045f53c4a445217f29dc17cc1a7615cac5e932f9ca7ab2,2025,9,0.028592860855611062
1e119fa0bf78a5fa4b045f53c4a445217f29dc17cc1a7615cac5e932f9ca7ab2,2025,10,0.043860012220240614
1e88b35a6b5de3e7c7a8b5a6e6f1b99b3f148c641689e86d03bc251b47caff6a,2025,5,0.0723735740217432
1e88b35a6b5de3e7c7a8b5a6e6f1b99b3f148c641689e86d03bc251b47caff6a,2025,6,0.02678541109825872
1e88b35a6b5de3e7c7a8b5a6e6f1b99b3f148c641689e86d03bc251b47caff6a,2025,7,0.027001803325154686
1e88b35a6b5de3e7c7a8b5a6e6f1b99b3f148c641689e86d03bc251b47caff6a,2025,8,0.026498430690794803
1e88b35a6b5de3e7c7a8b5a6e6f1b99b3f148c641689e86d03bc251b47caff6a,2025,9,0.0314154599197712
1e88b35a6b5de3e7c7a8b5a6e6f1b99b3f148c641689e86d03bc251b47caff6a,2025,10,0.13761135044918285
1f28d4344a37b03c1a4cd94b7854d90f8a203cf444b9e314581029d854acef44,2025,5,0.06041464857657883
1f28d4344a37b03c1a4cd94b7854d90f8a203cf444b9e314581029d854acef44,2025,6,0.04129124177068715
1f28d4344a37b03c1a4cd94b7854d90f8a203cf444b9e314581029d854acef44,2025,7,0.04828504222363119
1f28d4344a37b03c1a4cd94b7854d90f8a203cf444b9e314581029d854acef44,2025,8,0.038961107477177695
1f28d4344a37b03c1a4cd94b7854d90f8a203cf444b9e314581029d854acef44,2025,9,0.054363568364393565
1f28d4344a37b03c1a4cd94b7854d90f8a203cf444b9e314581029d854acef44,2025,10,0.09098267648997142
1fb177ca9ac51164d927b31a8e3c6dc9709d7d860f323ac15bf4d3c5743e6a16,2025,5,0.03419391459970534
1fb177ca9ac51164d927b31a8e3c6dc9709d7d860f323ac15bf4d3c5743e6a16,2025,6,0.02411419211963927
1fb177ca9ac51164d927b31a8e3c6dc9709d7d860f323ac15bf4d3c5743e6a16,2025,7,0.026482852381370887
1fb177ca9ac51164d927b31a8e3c6dc9709d7d860f323ac15bf4d3c5743e6a16,2025,8,0.02231839495577579
1fb177ca9ac51164d927b31a8e3c6dc9709d7d860f323ac15bf4d3c5743e6a16,2025,9,0.025594209607472274
1fb177ca9ac51164d927b31a8e3c6dc9709d7d860f323ac15bf4d3c5743e6a16,2025,10,0.05071322768846469
1fb21182f9b0eabeeb1135494cea38feff3168c55cf6bc2b13f8bec1a53990c7,2025,5,0.08715868299200977
1fb21182f9b0eabeeb1135494cea38feff3168c55cf6bc2b13f8bec1a53990c7,2025,6,0.0543151434094617
1fb21182f9b0eabeeb1135494cea38feff3168c55cf6bc2b13f8bec1a53990c7,2025,7,0.05541691205878095
1fb21182f9b0eabeeb1135494cea38feff3168c55cf6bc2b13f8bec1a53990c7,2025,8,0.05535378053419661
1fb21182f9b0eabeeb1135494cea38feff3168c55cf6bc2b13f8bec1a53990c7,2025,9,0.07779580615612743
1fb21182f9b0eabeeb1135494cea38feff3168c55cf6bc2b13f8bec1a53990c7,2025,10,0.12562218981085121
204b1d05f9aaf0b6f2f942829362033a80a2f888b45327224211b38e688a7490,2025,5,0.05142559017762439
204b1d05f9aaf0b6f2f942829362033a80a2f888b45327224211b38e688a7490,2025,6,0.06512156451279082
204b1d05f9aaf0b6f2f942829362033a80a2f888b45327224211b38e688a7490,2025,7,0.05904098043328233
204b1d05f9aaf0b6f2f942829362033a80a2f888b45327224211b38e688a7490,2025,8,0.05629370185585754
204b1d05f9aaf0b6f2f942829362033a80a2f888b45327224211b38e688a7490,2025,9,0.053896012216669856
204b1d05f9aaf0b6f2f942829362033a80a2f888b45327224211b38e688a7490,2025,10,0.043515359616626705
205b5419584613fbd563122b584157c97778bee6421a23bcbd498361cf710cd5,2025,5,0.2732774765904964
205b5419584613fbd563122b584157c97778bee6421a23bcbd498361cf710cd5,2025,6,0.22649363589119456
205b5419584613fbd563122b584157c97778bee6421a23bcbd498361cf710cd5,2025,8,0.21866578371126447
205b5419584613fbd563122b584157c97778bee6421a23bcbd498361cf710cd5,2025,9,0.22688476158451198
205b5419584613fbd563122b584157c97778bee6421a23bcbd498361cf710cd5,2025,10,0.46484601652267526
206548e7726c160851c278f88d925940a27fc5371b793a5c3bb40bc8510d7563,2025,5,0.018832933435957756
206548e7726c160851c278f88d925940a27fc5371b793a5c3bb40bc8510d7563,2025,6,0.011535390499721966
206548e7726c160851c278f88d925940a27fc5371b793a5c3bb40bc8510d7563,2025,7,0.012928570809124764
206548e7726c160851c278f88d925940a27fc5371b793a5c3bb40bc8510d7563,2025,8,0.01368873680506357
206548e7726c160851c278f88d925940a27fc5371b793a5c3bb40bc8510d7563,2025,9,0.017903588903713484
206548e7726c160851c278f88d925940a27fc5371b793a5c3bb40bc8510d7563,2025,10,0.03993505373705393
208a80472324952234163a51d880179e717cd11858258c7a0c3f0dac02f90813,2025,5,0.06281485981318602
208a80472324952234163a51d880179e717cd11858258c7a0c3f0dac02f90813,2025,6,0.04716953468276604
208a80472324952234163a51d880179e717cd11858258c7a0c3f0dac02f90813,2025,7,0.048358617921968716
208a80472324952234163a51d880179e717cd11858258c7a0c3f0dac02f90813,2025,8,0.04532261503257991
208a80472324952234163a51d880179e717cd11858258c7a0c3f0dac02f90813,2025,9,0.04778809305153555
208a80472324952234163a51d880179e717cd11858258c7a0c3f0dac02f90813,2025,10,0.10153164082676559
20cb03ed08c2c273297f285a46736fe34099f7f574770bc41cf864229629f196,2025,5,0.0716356483009424
20cb03ed08c2c273297f285a46736fe34099f7f574770bc41cf864229629f196,2025,6,0.05463111213849828
20cb03ed08c2c273297f285a46736fe34099f7f574770bc41cf864229629f196,2025,7,0.04865910379979331
20cb03ed08c2c273297f285a46736fe34099f7f574770bc41cf864229629f196,2025,8,0.04684222049307667
20cb03ed08c2c273297f285a46736fe34099f7f574770bc41cf864229629f196,2025,9,0.05374336401313972
20cb03ed08c2c273297f285a46736fe34099f7f574770bc41cf864229629f196,2025,10,0.09185052440875252
212d47a69a99aef80089b45b095e9e069b306307e3fcdd305226190326872503,2025,5,0.10209984885209009
212d47a69a99aef80089b45b095e9e069b306307e3fcdd305226190326872503,2025,6,0.06804843482821774
212d47a69a99aef80089b45b095e9e069b306307e3fcdd305226190326872503,2025,7,0.057971766627653576
212d47a69a99aef80089b45b095e9e069b306307e3fcdd305226190326872503,2025,8,0.07190397062647706
212d47a69a99aef80089b45b095e9e069b306307e3fcdd305226190326872503,2025,9,0.08656198196451997
212d47a69a99aef80089b45b095e9e069b306307e3fcdd305226190326872503,2025,10,0.12659806450410985
21924093004faedfa6b705eb9bbbe3aae5b847cebd496afbd0556b566fefc492,2025,5,0.06818594132825381
21924093004faedfa6b705eb9bbbe3aae5b847cebd496afbd0556b566fefc492,2025,6,0.0423159592897394
21924093004faedfa6b705eb9bbbe3aae5b847cebd496afbd0556b566fefc492,2025,7,0.04254416393710224
21924093004faedfa6b705eb9bbbe3aae5b847cebd496afbd0556b566fefc492,2025,8,0.04695316734219223
21924093004faedfa6b705eb9bbbe3aae5b847cebd496afbd0556b566fefc492,2025,9,0.05358656578155159
21924093004faedfa6b705eb9bbbe3aae5b847cebd496afbd0556b566fefc492,2025,10,0.07319535978311764
21fea7d6a7180eb1c89d5a8dd6916ab1e04c8b8e5ef8411e6abb2eb44d8c010f,2025,5,0.02167387593769486
21fea7d6a7180eb1c89d5a8dd6916ab1e04c8b8e5ef8411e6abb2eb44d8c010f,2025,6,0.015788281118764264
21fea7d6a7180eb1c89d5a8dd6916ab1e04c8b8e5ef8411e6abb2eb44d8c010f,2025,7,0.018492068199508577
21fea7d6a7180eb1c89d5a8dd6916ab1e04c8b8e5ef8411e6abb2eb44d8c010f,2025,8,0.021329960217349852
21fea7d6a7180eb1c89d5a8dd6916ab1e04c8b8e5ef8411e6abb2eb44d8c010f,2025,9,0.014291101342154333
21fea7d6a7180eb1c89d5a8dd6916ab1e04c8b8e5ef8411e6abb2eb44d8c010f,2025,10,0.022569412524767754
22fddca25da25662c314f24182ba3eda9b168b2a9e20634cb6964a8f0aaf3d8d,2025,5,0.020192570872637736
22fddca25da25662c314f24182ba3eda9b168b2a9e20634cb6964a8f0aaf3d8d,2025,6,0.021136402147283198
22fddca25da25662c314f24182ba3eda9b168b2a9e20634cb6964a8f0aaf3d8d,2025,7,0.02506716193771193
22fddca25da25662c314f24182ba3eda9b168b2a9e20634cb6964a8f0aaf3d8d,2025,8,0.02294785923972997
22fddca25da25662c314f24182ba3eda9b168b2a9e20634cb6964a8f0aaf3d8d,2025,9,0.020135804779265104
22fddca25da25662c314f24182ba3eda9b168b2a9e20634cb6964a8f0aaf3d8d,2025,10,0.04744855949242153
22fe4c7ed6b24b49afc5e8a1bc0c9ed5bb81fb546421d428798128d8fcf40cbe,2025,5,0.042119211684156325
22fe4c7ed6b24b49afc5e8a1bc0c9ed5bb81fb546421d428798128d8fcf40cbe,2025,6,0.029220003159140407
22fe4c7ed6b24b49afc5e8a1bc0c9ed5bb81fb546421d428798128d8fcf40cbe,2025,7,0.027611008465995564
22fe4c7ed6b24b49afc5e8a1bc0c9ed5bb81fb546421d428798128d8fcf40cbe,2025,8,0.02833147690259751
22fe4c7ed6b24b49afc5e8a1bc0c9ed5bb81fb546421d428798128d8fcf40cbe,2025,9,0.021862105455290732
22fe4c7ed6b24b49afc5e8a1bc0c9ed5bb81fb546421d428798128d8fcf40cbe,2025,10,0.05761538597250666
2307fcd4c6efe48f1cb0fb1c479d5bb1c5dd030c24e1ba617377f375ed66ec81,2025,5,0.060999792835090605
2307fcd4c6efe48f1cb0fb1c479d5bb1c5dd030c24e1ba617377f375ed66ec81,2025,6,0.04529527689915416
2307fcd4c6efe48f1cb0fb1c479d5bb1c5dd030c24e1ba617377f375ed66ec81,2025,7,0.03875535402158321
2307fcd4c6efe48f1cb0fb1c479d5bb1c5dd030c24e1ba617377f375ed66ec81,2025,8,0.03612069152637893
2307fcd4c6efe48f1cb0fb1c479d5bb1c5dd030c24e1ba617377f375ed66ec81,2025,9,0.04211116929667578
2307fcd4c6efe48f1cb0fb1c479d5bb1c5dd030c24e1ba617377f375ed66ec81,2025,10,0.07888381558314468
236912683d7434f867b414417bdf2d8ebea293f139bb38b1af1215901f900e99,2025,5,0.07257658369347236
236912683d7434f867b414417bdf2d8ebea293f139bb38b1af1215901f900e99,2025,6,0.059271806042334896
236912683d7434f867b414417bdf2d8ebea293f139bb38b1af1215901f900e99,2025,7,0.04871154218662697
236912683d7434f867b414417bdf2d8ebea293f139bb38b1af1215901f900e99,2025,8,0.06296713703144449
236912683d7434f867b414417bdf2d8ebea293f139bb38b1af1215901f900e99,2025,9,0.05084365691053759
236912683d7434f867b414417bdf2d8ebea293f139bb38b1af1215901f900e99,2025,10,0.0853622960493215
24400872cdc267a4643531322106f2b0b62cd69fdca362c3abe7bea28924e513,2025,5,0.01862584001207054
24400872cdc267a4643531322106f2b0b62cd69fdca362c3abe7bea28924e513,2025,6,0.023186900611116206
24400872cdc267a4643531322106f2b0b62cd69fdca362c3abe7bea28924e513,2025,7,0.023264583970921703
24400872cdc267a4643531322106f2b0b62cd69fdca362c3abe7bea28924e513,2025,8,0.022150325651916086
24400872cdc267a4643531322106f2b0b62cd69fdca362c3abe7bea28924e513,2025,9,0.017616776226517084
24400872cdc267a4643531322106f2b0b62cd69fdca362c3abe7bea28924e513,2025,10,0.024401322891051642
24d73cde386f0ffaa646a301bae62a36b623fbad7867789ca1e78f98ba505cde,2025,5,0.03508841610694818
24d73cde386f0ffaa646a301bae62a36b623fbad7867789ca1e78f98ba505cde,2025,6,0.023894769005305738
24d73cde386f0ffaa646a301bae62a36b623fbad7867789ca1e78f98ba505cde,2025,7,0.020941926732412613
24d73cde386f0ffaa646a301bae62a36b623fbad7867789ca1e78f98ba505cde,2025,8,0.021928282518095574
24d73cde386f0ffaa646a301bae62a36b623fbad7867789ca1e78f98ba505cde,2025,9,0.02225435833259923
24d73cde386f0ffaa646a301bae62a36b623fbad7867789ca1e78f98ba505cde,2025,10,0.04796682812697854
25ed3d2359d3509aba1c90d746c800802f5dbd101683b4afba1b568711dbf61b,2025,5,0.06783176552809457
25ed3d2359d3509aba1c90d746c800802f5dbd101683b4afba1b568711dbf61b,2025,6,0.04719754402553459
25ed3d2359d3509aba1c90d746c800802f5dbd101683b4afba1b568711dbf61b,2025,7,0.0500342977905448
25f8c604dad29e6676c854482f1f13362f005cd33b1c4e63198b1f5b9f4bbb08,2025,5,0.03421688299887648
25f8c604dad29e6676c854482f1f13362f005cd33b1c4e63198b1f5b9f4bbb08,2025,6,0.029437388487776116
25f8c604dad29e6676c854482f1f13362f005cd33b1c4e63198b1f5b9f4bbb08,2025,7,0.030157485855655492
25f8c604dad29e6676c854482f1f13362f005cd33b1c4e63198b1f5b9f4bbb08,2025,8,0.030260644315236274
25f8c604dad29e6676c854482f1f13362f005cd33b1c4e63198b1f5b9f4bbb08,2025,9,0.03033053837502989
25f8c604dad29e6676c854482f1f13362f005cd33b1c4e63198b1f5b9f4bbb08,2025,10,0.04702739055644812
2783c80382125f5fa4b8f085257d7c59ec7e5971a893809d6834627d183e7564,2025,5,0.009218097517815785
2783c80382125f5fa4b8f085257d7c59ec7e5971a893809d6834627d183e7564,2025,6,0.006483334942770484
2783c80382125f5fa4b8f085257d7c59ec7e5971a893809d6834627d183e7564,2025,7,0.04422393239789345
2783c80382125f5fa4b8f085257d7c59ec7e5971a893809d6834627d183e7564,2025,8,0.04149494914051875
2783c80382125f5fa4b8f085257d7c59ec7e5971a893809d6834627d183e7564,2025,9,0.048721590024065675
2783c80382125f5fa4b8f085257d7c59ec7e5971a893809d6834627d183e7564,2025,10,0.018011025054948372
2834c60ea574db1f5ace19f5f04990969b6f29845768f009fdc3728885f8ad28,2025,5,0.05174845598384688
2834c60ea574db1f5ace19f5f04990969b6f29845768f009fdc3728885f8ad28,2025,6,0.04154978097084239
2834c60ea574db1f5ace19f5f04990969b6f29845768f009fdc3728885f8ad28,2025,7,0.04476868699824393
2834c60ea574db1f5ace19f5f04990969b6f29845768f009fdc3728885f8ad28,2025,8,0.03995621228580199
2834c60ea574db1f5ace19f5f04990969b6f29845768f009fdc3728885f8ad28,2025,9,0.042851552858605584
28cc876c18f6306471872b765b81db4828a734e6aca73c08a56d5b94acb51e41,2025,5,0.062464215842829574
28cc876c18f6306471872b765b81db4828a734e6aca73c08a56d5b94acb51e41,2025,6,0.05131837078660806
28cc876c18f6306471872b765b81db4828a734e6aca73c08a56d5b94acb51e41,2025,7,0.051533137085001214
28cc876c18f6306471872b765b81db4828a734e6aca73c08a56d5b94acb51e41,2025,8,0.050281312206222374
28cc876c18f6306471872b765b81db4828a734e6aca73c08a56d5b94acb51e41,2025,9,0.049640442706942976
28cc876c18f6306471872b765b81db4828a734e6aca73c08a56d5b94acb51e41,2025,10,0.06933998070596835
29111e59f9768cec2feb6f19c2ccb7c3aa53a87a86090443dd595a20e79f96b0,2025,5,0.022151370403963127
29111e59f9768cec2feb6f19c2ccb7c3aa53a87a86090443dd595a20e79f96b0,2025,6,0.01438359415415317
29111e59f9768cec2feb6f19c2ccb7c3aa53a87a86090443dd595a20e79f96b0,2025,7,0.014002028745728588
29111e59f9768cec2feb6f19c2ccb7c3aa53a87a86090443dd595a20e79f96b0,2025,8,0.014218301976587256
29111e59f9768cec2feb6f19c2ccb7c3aa53a87a86090443dd595a20e79f96b0,2025,9,0.014267726729472036
29111e59f9768cec2feb6f19c2ccb7c3aa53a87a86090443dd595a20e79f96b0,2025,10,0.0696651876718056
291e5f9499091e82c2fccd7636e6ba1b30943b0fa63206ba932c9674e5b2191a,2025,5,0.035983776625900125
291e5f9499091e82c2fccd7636e6ba1b30943b0fa63206ba932c9674e5b2191a,2025,6,0.04964000899597605
291e5f9499091e82c2fccd7636e6ba1b30943b0fa63206ba932c9674e5b2191a,2025,7,0.04974437198541217
291e5f9499091e82c2fccd7636e6ba1b30943b0fa63206ba932c9674e5b2191a,2025,8,0.04785662851165962
291e5f9499091e82c2fccd7636e6ba1b30943b0fa63206ba932c9674e5b2191a,2025,9,0.04331142321814229
291e5f9499091e82c2fccd7636e6ba1b30943b0fa63206ba932c9674e5b2191a,2025,10,0.05167281424383768
2a7cc7b36f3fd5304aee465509ec185589668957335a207587e6ce7823b810c9,2025,5,0.08546822872575063
2a7cc7b36f3fd5304aee465509ec185589668957335a207587e6ce7823b810c9,2025,6,0.06108933515229874
2a7cc7b36f3fd5304aee465509ec185589668957335a207587e6ce7823b810c9,2025,7,0.06287982703897257
2a7cc7b36f3fd5304aee465509ec185589668957335a207587e6ce7823b810c9,2025,8,0.06407142600053002
2a7cc7b36f3fd5304aee465509ec185589668957335a207587e6ce7823b810c9,2025,9,0.06346712919606118
2a7cc7b36f3fd5304aee465509ec185589668957335a207587e6ce7823b810c9,2025,10,0.10082772270220364
2acc99c56dfd119de625d097f267d065386b788924e5c1c4a30dd7e4bd1df32c,2025,5,0.04286083939741021
2acc99c56dfd119de625d097f267d065386b788924e5c1c4a30dd7e4bd1df32c,2025,6,0.051732270598159574
2acc99c56dfd119de625d097f267d065386b788924e5c1c4a30dd7e4bd1df32c,2025,7,0.05977330742706617
2acc99c56dfd119de625d097f267d065386b788924e5c1c4a30dd7e4bd1df32c,2025,8,0.05066156068734068
2acc99c56dfd119de625d097f267d065386b788924e5c1c4a30dd7e4bd1df32c,2025,9,0.0473735959325466
2acc99c56dfd119de625d097f267d065386b788924e5c1c4a30dd7e4bd1df32c,2025,10,0.07824185762756868
2af49612cb24e82dea25d86b0542a8c4f65f872df0e4df2f286ce14412ba51da,2025,5,0.028640865016579982
2af49612cb24e82dea25d86b0542a8c4f65f872df0e4df2f286ce14412ba51da,2025,6,0.0321401763855276
2af49612cb24e82dea25d86b0542a8c4f65f872df0e4df2f286ce14412ba51da,2025,7,0.03443564040611448
2af49612cb24e82dea25d86b0542a8c4f65f872df0e4df2f286ce14412ba51da,2025,8,0.03304187758586088
2af49612cb24e82dea25d86b0542a8c4f65f872df0e4df2f286ce14412ba51da,2025,9,0.028537804996463263
2af49612cb24e82dea25d86b0542a8c4f65f872df0e4df2f286ce14412ba51da,2025,10,0.03551449166512067
2b0bae6c5a97eae766948b56124f177e4c69fb693dd3e6b0ebdd97b316cd5b8e,2025,5,0.1611059174098314
2b0bae6c5a97eae766948b56124f177e4c69fb693dd3e6b0ebdd97b316cd5b8e,2025,6,0.12701637799358137
2b0bae6c5a97eae766948b56124f177e4c69fb693dd3e6b0ebdd97b316cd5b8e,2025,7,0.11674765106324674
2b0bae6c5a97eae766948b56124f177e4c69fb693dd3e6b0ebdd97b316cd5b8e,2025,8,0.1228895609696197
2b0bae6c5a97eae766948b56124f177e4c69fb693dd3e6b0ebdd97b316cd5b8e,2025,9,0.273672605858141
2b0bae6c5a97eae766948b56124f177e4c69fb693dd3e6b0ebdd97b316cd5b8e,2025,10,0.23278655770618537
2b6cc01a05292397d20f7a64b2b399197d04057091b776522c198f7dd2bd60a3,2025,5,0.07094040045783939
2b6cc01a05292397d20f7a64b2b399197d04057091b776522c198f7dd2bd60a3,2025,6,0.05836687505404373
2b6cc01a05292397d20f7a64b2b399197d04057091b776522c198f7dd2bd60a3,2025,7,0.06295715993023863
2cef14b2ef876bbe6a7f96f546c29f9c58486e84d46b78628533cecd23bc9e2a,2025,5,0.04122706666912289
2cef14b2ef876bbe6a7f96f546c29f9c58486e84d46b78628533cecd23bc9e2a,2025,6,0.03146936819544488
2cef14b2ef876bbe6a7f96f546c29f9c58486e84d46b78628533cecd23bc9e2a,2025,7,0.0328353660480832
2cef14b2ef876bbe6a7f96f546c29f9c58486e84d46b78628533cecd23bc9e2a,2025,8,0.033513378536547817
2cef14b2ef876bbe6a7f96f546c29f9c58486e84d46b78628533cecd23bc9e2a,2025,9,0.032891675047036856
2cef14b2ef876bbe6a7f96f546c29f9c58486e84d46b78628533cecd23bc9e2a,2025,10,0.0557841254897694
2d92349ca7b2cee4ce10ef699d0b9d4b5472a88ad79eee5901517adbe84ac4bf,2025,5,0.049999735618664734
2d92349ca7b2cee4ce10ef699d0b9d4b5472a88ad79eee5901517adbe84ac4bf,2025,6,0.0427481692156993
2d92349ca7b2cee4ce10ef699d0b9d4b5472a88ad79eee5901517adbe84ac4bf,2025,7,0.04274440944328133
2d92349ca7b2cee4ce10ef699d0b9d4b5472a88ad79eee5901517adbe84ac4bf,2025,8,0.04295485352065545
2d92349ca7b2cee4ce10ef699d0b9d4b5472a88ad79eee5901517adbe84ac4bf,2025,9,0.03800880268699382
2d92349ca7b2cee4ce10ef699d0b9d4b5472a88ad79eee5901517adbe84ac4bf,2025,10,0.06601243672282671
2db6ffabfe05bc31e652f9aca8fc07fdf7dc1ee8378fbed1f38acda617d0124b,2025,5,0.011356296560371569
2db6ffabfe05bc31e652f9aca8fc07fdf7dc1ee8378fbed1f38acda617d0124b,2025,6,0.011023212721393864
2db6ffabfe05bc31e652f9aca8fc07fdf7dc1ee8378fbed1f38acda617d0124b,2025,7,0.013427696564880588
2db6ffabfe05bc31e652f9aca8fc07fdf7dc1ee8378fbed1f38acda617d0124b,2025,8,0.014021166903067409
2db6ffabfe05bc31e652f9aca8fc07fdf7dc1ee8378fbed1f38acda617d0124b,2025,9,0.008631729042692717
2db6ffabfe05bc31e652f9aca8fc07fdf7dc1ee8378fbed1f38acda617d0124b,2025,10,0.026083973253730627
2deddf91e23ce0eb30b5a5bd79bcd402ea2f5c1f1f561ac0b02a8db0e0445a20,2025,5,0.0601685633873966
2deddf91e23ce0eb30b5a5bd79bcd402ea2f5c1f1f561ac0b02a8db0e0445a20,2025,6,0.04803622484357211
2deddf91e23ce0eb30b5a5bd79bcd402ea2f5c1f1f561ac0b02a8db0e0445a20,2025,7,0.05411229621984744
2deddf91e23ce0eb30b5a5bd79bcd402ea2f5c1f1f561ac0b02a8db0e0445a20,2025,8,0.0509282914438486
2deddf91e23ce0eb30b5a5bd79bcd402ea2f5c1f1f561ac0b02a8db0e0445a20,2025,9,0.05731817648540151
2deddf91e23ce0eb30b5a5bd79bcd402ea2f5c1f1f561ac0b02a8db0e0445a20,2025,10,0.07287530145999811
2e57824ff509c2947ee779e7a148aa1648d210faca36ad9c3480fa29b3662aeb,2025,5,0.045992294170797914
2e57824ff509c2947ee779e7a148aa1648d210faca36ad9c3480fa29b3662aeb,2025,6,0.03249192784820328
2e57824ff509c2947ee779e7a148aa1648d210faca36ad9c3480fa29b3662aeb,2025,7,0.0260798260387744
2e57824ff509c2947ee779e7a148aa1648d210faca36ad9c3480fa29b3662aeb,2025,8,0.026702373935049012
2e57824ff509c2947ee779e7a148aa1648d210faca36ad9c3480fa29b3662aeb,2025,9,0.02812496331626753
2e57824ff509c2947ee779e7a148aa1648d210faca36ad9c3480fa29b3662aeb,2025,10,0.059423898375907704
2e5899725451ac295cef925b80989f27e3bbc8629c99eefbd75a179469e45d08,2025,5,0.04578749913119433
2e5899725451ac295cef925b80989f27e3bbc8629c99eefbd75a179469e45d08,2025,6,0.03145089989608345
2e5899725451ac295cef925b80989f27e3bbc8629c99eefbd75a179469e45d08,2025,7,0.02866414500775708
2e5899725451ac295cef925b80989f27e3bbc8629c99eefbd75a179469e45d08,2025,8,0.035546682127969235
2e5899725451ac295cef925b80989f27e3bbc8629c99eefbd75a179469e45d08,2025,9,0.026806576871416396
2e5899725451ac295cef925b80989f27e3bbc8629c99eefbd75a179469e45d08,2025,10,0.05465073814337917
2f225c810bccba58ea71a9a4f61c0d7d274596f37ff2621a7d721b75ad9d0ad2,2025,5,0.06121331583357996
2f225c810bccba58ea71a9a4f61c0d7d274596f37ff2621a7d721b75ad9d0ad2,2025,6,0.04263729009639041
2f225c810bccba58ea71a9a4f61c0d7d274596f37ff2621a7d721b75ad9d0ad2,2025,7,0.04106280434187248
2f225c810bccba58ea71a9a4f61c0d7d274596f37ff2621a7d721b75ad9d0ad2,2025,8,0.04107033643391138
2f225c810bccba58ea71a9a4f61c0d7d274596f37ff2621a7d721b75ad9d0ad2,2025,9,0.03610162652597015
2f225c810bccba58ea71a9a4f61c0d7d274596f37ff2621a7d721b75ad9d0ad2,2025,10,0.07218647575077149
2f4653bb7d5e259e0beac6345d1f86ccfbad729347fd7587a87345ecc469af26,2025,5,0.0729914456480282
2f4653bb7d5e259e0beac6345d1f86ccfbad729347fd7587a87345ecc469af26,2025,6,0.05130796903825465
2f4653bb7d5e259e0beac6345d1f86ccfbad729347fd7587a87345ecc469af26,2025,7,0.0610011643018104
2f4653bb7d5e259e0beac6345d1f86ccfbad729347fd7587a87345ecc469af26,2025,8,0.0588234494170591
2f4653bb7d5e259e0beac6345d1f86ccfbad729347fd7587a87345ecc469af26,2025,9,0.049602339334929926
2f4653bb7d5e259e0beac6345d1f86ccfbad729347fd7587a87345ecc469af26,2025,10,0.1168317252358016
2f679e2e349815a33168e22db3a5ef7ad4a7d31799a9ba2297b409a9d6645f0f,2025,5,0.07417544196643196
2f679e2e349815a33168e22db3a5ef7ad4a7d31799a9ba2297b409a9d6645f0f,2025,6,0.03795806414678082
2f679e2e349815a33168e22db3a5ef7ad4a7d31799a9ba2297b409a9d6645f0f,2025,7,0.041791151965077586
2f679e2e349815a33168e22db3a5ef7ad4a7d31799a9ba2297b409a9d6645f0f,2025,8,0.03598582730780402
2f679e2e349815a33168e22db3a5ef7ad4a7d31799a9ba2297b409a9d6645f0f,2025,9,0.047203463276386366
2f679e2e349815a33168e22db3a5ef7ad4a7d31799a9ba2297b409a9d6645f0f,2025,10,0.05861823264027438
2ff0e3b07bcf42e03f9e105342628a6ae9b9ab9f27ef4c4ed1e4b2736bbc07eb,2025,5,0.0642412750380734
2ff0e3b07bcf42e03f9e105342628a6ae9b9ab9f27ef4c4ed1e4b2736bbc07eb,2025,6,0.04401903395019181
2ff0e3b07bcf42e03f9e105342628a6ae9b9ab9f27ef4c4ed1e4b2736bbc07eb,2025,7,0.055473999496719904
2ff0e3b07bcf42e03f9e105342628a6ae9b9ab9f27ef4c4ed1e4b2736bbc07eb,2025,8,0.05318868595840438
2ff0e3b07bcf42e03f9e105342628a6ae9b9ab9f27ef4c4ed1e4b2736bbc07eb,2025,9,0.06646535417285186
2ff0e3b07bcf42e03f9e105342628a6ae9b9ab9f27ef4c4ed1e4b2736bbc07eb,2025,10,0.1409860385537085
303139e8eac0761e54dfe312a46f8f9f437179662ec636c6343ec14efa9475e5,2025,5,0.24115515087875072
303139e8eac0761e54dfe312a46f8f9f437179662ec636c6343ec14efa9475e5,2025,6,0.2411042058291179
303139e8eac0761e54dfe312a46f8f9f437179662ec636c6343ec14efa9475e5,2025,7,0.2319875512414398
303139e8eac0761e54dfe312a46f8f9f437179662ec636c6343ec14efa9475e5,2025,8,0.24084239749188557
303139e8eac0761e54dfe312a46f8f9f437179662ec636c6343ec14efa9475e5,2025,9,0.24044492791357355
303139e8eac0761e54dfe312a46f8f9f437179662ec636c6343ec14efa9475e5,2025,10,0.33929285673227244
3131a9acf44291fa477e8871c254a7726e7d1236e6d98a37340f6212f7e3bab6,2025,5,0.06789218819253294
3131a9acf44291fa477e8871c254a7726e7d1236e6d98a37340f6212f7e3bab6,2025,6,0.055838036920092544
3131a9acf44291fa477e8871c254a7726e7d1236e6d98a37340f6212f7e3bab6,2025,7,0.05334412583051462
3131a9acf44291fa477e8871c254a7726e7d1236e6d98a37340f6212f7e3bab6,2025,8,0.05215445176680047
3131a9acf44291fa477e8871c254a7726e7d1236e6d98a37340f6212f7e3bab6,2025,9,0.05369415037186814
3131a9acf44291fa477e8871c254a7726e7d1236e6d98a37340f6212f7e3bab6,2025,10,0.08340381745069643
319a4da0c0eec04feecb2dcba71bf7ca044677a06ab46f60f859c6255152b175,2025,5,0.04736675041380976
319a4da0c0eec04feecb2dcba71bf7ca044677a06ab46f60f859c6255152b175,2025,6,0.03397089664749916
319a4da0c0eec04feecb2dcba71bf7ca044677a06ab46f60f859c6255152b175,2025,7,0.03329036314395904
319a4da0c0eec04feecb2dcba71bf7ca044677a06ab46f60f859c6255152b175,2025,8,0.035483846996626114
319a4da0c0eec04feecb2dcba71bf7ca044677a06ab46f60f859c6255152b175,2025,9,0.028901000378128615
319a4da0c0eec04feecb2dcba71bf7ca044677a06ab46f60f859c6255152b175,2025,10,0.06235861095424914
3287fd72caa9d4c030242e2ce8025bf922aa5e84acb01ec0b1c8d0642159cda4,2025,5,0.03929801311893018
3287fd72caa9d4c030242e2ce8025bf922aa5e84acb01ec0b1c8d0642159cda4,2025,6,0.024116585633969997
3287fd72caa9d4c030242e2ce8025bf922aa5e84acb01ec0b1c8d0642159cda4,2025,7,0.030478039902010822
3287fd72caa9d4c030242e2ce8025bf922aa5e84acb01ec0b1c8d0642159cda4,2025,8,0.026928367031354723
3287fd72caa9d4c030242e2ce8025bf922aa5e84acb01ec0b1c8d0642159cda4,2025,9,0.03035901724802989
3287fd72caa9d4c030242e2ce8025bf922aa5e84acb01ec0b1c8d0642159cda4,2025,10,0.06873932237036241
32ce77f250bae7a0f8dbe78f95730f9ae7efa2aabd7882402e2158bd08fbf70c,2025,5,0.18870430373618838
32ce77f250bae7a0f8dbe78f95730f9ae7efa2aabd7882402e2158bd08fbf70c,2025,6,0.15131200163850042
32ce77f250bae7a0f8dbe78f95730f9ae7efa2aabd7882402e2158bd08fbf70c,2025,7,0.14620147420569374
32ce77f250bae7a0f8dbe78f95730f9ae7efa2aabd7882402e2158bd08fbf70c,2025,8,0.15114211560228485
32ce77f250bae7a0f8dbe78f95730f9ae7efa2aabd7882402e2158bd08fbf70c,2025,9,0.15514200025405797
32ce77f250bae7a0f8dbe78f95730f9ae7efa2aabd7882402e2158bd08fbf70c,2025,10,0.2556436433180479
32f3aa73fd1c75615c31e4b9aa8d05433c3de42c42f85288cb676c550111432c,2025,5,0.17228982549360547
32f3aa73fd1c75615c31e4b9aa8d05433c3de42c42f85288cb676c550111432c,2025,6,0.1459024399653269
32f3aa73fd1c75615c31e4b9aa8d05433c3de42c42f85288cb676c550111432c,2025,7,0.14296258116640534
32f3aa73fd1c75615c31e4b9aa8d05433c3de42c42f85288cb676c550111432c,2025,8,0.14775994241889961
32f3aa73fd1c75615c31e4b9aa8d05433c3de42c42f85288cb676c550111432c,2025,9,0.28062566645674086
32f3aa73fd1c75615c31e4b9aa8d05433c3de42c42f85288cb676c550111432c,2025,10,0.33973068237573323
338bae248897479ebd7357a87696415492a3126f36189cf86bd6bb80df1b1f3d,2025,5,0.07461615453649177
338bae248897479ebd7357a87696415492a3126f36189cf86bd6bb80df1b1f3d,2025,6,0.05781030686691845
338bae248897479ebd7357a87696415492a3126f36189cf86bd6bb80df1b1f3d,2025,7,0.057797724515083956
338bae248897479ebd7357a87696415492a3126f36189cf86bd6bb80df1b1f3d,2025,8,0.05425313625254694
338bae248897479ebd7357a87696415492a3126f36189cf86bd6bb80df1b1f3d,2025,9,0.05772646374091677
338bae248897479ebd7357a87696415492a3126f36189cf86bd6bb80df1b1f3d,2025,10,0.08986296249035584
338c7a6ce833d3218fc8104d5d103aae715c5ba616e84385bf38053491bba555,2025,5,0.03528498294726394
338c7a6ce833d3218fc8104d5d103aae715c5ba616e84385bf38053491bba555,2025,6,0.027344559968127593
338c7a6ce833d3218fc8104d5d103aae715c5ba616e84385bf38053491bba555,2025,7,0.02849363302507221
338c7a6ce833d3218fc8104d5d103aae715c5ba616e84385bf38053491bba555,2025,8,0.0271119159427323
338c7a6ce833d3218fc8104d5d103aae715c5ba616e84385bf38053491bba555,2025,9,0.02533074676306445
338c7a6ce833d3218fc8104d5d103aae715c5ba616e84385bf38053491bba555,2025,10,0.0494293229981938
34506b15f2ca9972858a05daf5590a773fd316dd08de047b117e607cb233edaa,2025,5,0.017345074849357673
34506b15f2ca9972858a05daf5590a773fd316dd08de047b117e607cb233edaa,2025,6,0.017699674015306553
34506b15f2ca9972858a05daf5590a773fd316dd08de047b117e607cb233edaa,2025,7,0.021077837169041658
34506b15f2ca9972858a05daf5590a773fd316dd08de047b117e607cb233edaa,2025,8,0.019171761534946544
34506b15f2ca9972858a05daf5590a773fd316dd08de047b117e607cb233edaa,2025,9,0.019014679981432397
34506b15f2ca9972858a05daf5590a773fd316dd08de047b117e607cb233edaa,2025,10,0.017292137413754582
348f25ee74e33787399e1bbd74b3a8911d20efd1bc2029ac1a37c4908f5e7b0e,2025,5,0.047310984655868395
348f25ee74e33787399e1bbd74b3a8911d20efd1bc2029ac1a37c4908f5e7b0e,2025,6,0.023552076315014592
348f25ee74e33787399e1bbd74b3a8911d20efd1bc2029ac1a37c4908f5e7b0e,2025,7,0.026730138854541532
348f25ee74e33787399e1bbd74b3a8911d20efd1bc2029ac1a37c4908f5e7b0e,2025,8,0.02690187546828804
348f25ee74e33787399e1bbd74b3a8911d20efd1bc2029ac1a37c4908f5e7b0e,2025,9,0.025014265081960627
348f25ee74e33787399e1bbd74b3a8911d20efd1bc2029ac1a37c4908f5e7b0e,2025,10,0.05506586532471271
34a0d35cae2857af0f77cae41962c9db7633121f28ade7987a6cc36c750bb413,2025,5,0.048353174832843245
34a0d35cae2857af0f77cae41962c9db7633121f28ade7987a6cc36c750bb413,2025,6,0.023084945350055074
34a0d35cae2857af0f77cae41962c9db7633121f28ade7987a6cc36c750bb413,2025,7,0.0241339058238896
34a0d35cae2857af0f77cae41962c9db7633121f28ade7987a6cc36c750bb413,2025,8,0.023680360292972002
34a0d35cae2857af0f77cae41962c9db7633121f28ade7987a6cc36c750bb413,2025,9,0.022679583899376497
34a0d35cae2857af0f77cae41962c9db7633121f28ade7987a6cc36c750bb413,2025,10,0.06250749092280916
34e6bf95ee25411045391c633fbeca9bc16266a6fb581c9129c1f541ddff9e4b,2025,5,0.07892759025031872
34e6bf95ee25411045391c633fbeca9bc16266a6fb581c9129c1f541ddff9e4b,2025,6,0.07526212416921751
34e6bf95ee25411045391c633fbeca9bc16266a6fb581c9129c1f541ddff9e4b,2025,7,0.0663695483554477
34e6bf95ee25411045391c633fbeca9bc16266a6fb581c9129c1f541ddff9e4b,2025,8,0.07360822113405231
34e6bf95ee25411045391c633fbeca9bc16266a6fb581c9129c1f541ddff9e4b,2025,9,0.07711071370329362
34e6bf95ee25411045391c633fbeca9bc16266a6fb581c9129c1f541ddff9e4b,2025,10,0.11640006864903933
34f28ac8caafa19c5eec8faf455fb85fedcda7d74384c953dec5baa99a28b57d,2025,5,0.10721658391418734
34f28ac8caafa19c5eec8faf455fb85fedcda7d74384c953dec5baa99a28b57d,2025,6,0.0525144112061458
34f28ac8caafa19c5eec8faf455fb85fedcda7d74384c953dec5baa99a28b57d,2025,7,0.06547105413439036
34f28ac8caafa19c5eec8faf455fb85fedcda7d74384c953dec5baa99a28b57d,2025,8,0.05052751357648796
34f28ac8caafa19c5eec8faf455fb85fedcda7d74384c953dec5baa99a28b57d,2025,9,0.06032435427528579
34f28ac8caafa19c5eec8faf455fb85fedcda7d74384c953dec5baa99a28b57d,2025,10,0.1281356792372559
354c0ce9ecdbb10d27db86b239e50f448cb9669b19050cdef7f506d8defb3459,2025,5,0.123613441170156
354c0ce9ecdbb10d27db86b239e50f448cb9669b19050cdef7f506d8defb3459,2025,6,0.09423373384141669
354c0ce9ecdbb10d27db86b239e50f448cb9669b19050cdef7f506d8defb3459,2025,7,0.07340061625401512
354c0ce9ecdbb10d27db86b239e50f448cb9669b19050cdef7f506d8defb3459,2025,8,0.07133884054157287
354c0ce9ecdbb10d27db86b239e50f448cb9669b19050cdef7f506d8defb3459,2025,9,0.08444816658288849
354c0ce9ecdbb10d27db86b239e50f448cb9669b19050cdef7f506d8defb3459,2025,10,0.1537038802916007
3575eed39a80848ee2587bebb0845364db00e97d0cacc180c01b17c8c5b6bee8,2025,5,0.021535160628940498
3575eed39a80848ee2587bebb0845364db00e97d0cacc180c01b17c8c5b6bee8,2025,6,0.02582270793397339
3575eed39a80848ee2587bebb0845364db00e97d0cacc180c01b17c8c5b6bee8,2025,7,0.02994069213132009
3575eed39a80848ee2587bebb0845364db00e97d0cacc180c01b17c8c5b6bee8,2025,8,0.031518669096935195
3575eed39a80848ee2587bebb0845364db00e97d0cacc180c01b17c8c5b6bee8,2025,9,0.01696632181328365
3575eed39a80848ee2587bebb0845364db00e97d0cacc180c01b17c8c5b6bee8,2025,10,0.031450173887094014
358bcff063e97065c7a01e811bad97b69442dd982b6ef8f973a34e4a50ba8812,2025,5,0.05087217151735633
358bcff063e97065c7a01e811bad97b69442dd982b6ef8f973a34e4a50ba8812,2025,6,0.03277252150211534
358bcff063e97065c7a01e811bad97b69442dd982b6ef8f973a34e4a50ba8812,2025,7,0.03332718629558079
358bcff063e97065c7a01e811bad97b69442dd982b6ef8f973a34e4a50ba8812,2025,8,0.033150837323779936
358bcff063e97065c7a01e811bad97b69442dd982b6ef8f973a34e4a50ba8812,2025,9,0.035853795320265704
358bcff063e97065c7a01e811bad97b69442dd982b6ef8f973a34e4a50ba8812,2025,10,0.054645008178812036
359d295b8157bba6e09eaab8ff68737d107ad6130e024665f84f09e185d34222,2025,5,0.04889354078379683
359d295b8157bba6e09eaab8ff68737d107ad6130e024665f84f09e185d34222,2025,6,0.03764726405414892
359d295b8157bba6e09eaab8ff68737d107ad6130e024665f84f09e185d34222,2025,7,0.03622182719420626
359d295b8157bba6e09eaab8ff68737d107ad6130e024665f84f09e185d34222,2025,8,0.02812691563587764
359d295b8157bba6e09eaab8ff68737d107ad6130e024665f84f09e185d34222,2025,9,0.027227169923646627
359d295b8157bba6e09eaab8ff68737d107ad6130e024665f84f09e185d34222,2025,10,0.0510733524588398
35e4e6e3dad687948b473d5752866561801d6006701519a0b2e26fdd37af6298,2025,5,0.02535260375789417
35e4e6e3dad687948b473d5752866561801d6006701519a0b2e26fdd37af6298,2025,6,0.02087213671440576
35e4e6e3dad687948b473d5752866561801d6006701519a0b2e26fdd37af6298,2025,7,0.022938142160963085
35e4e6e3dad687948b473d5752866561801d6006701519a0b2e26fdd37af6298,2025,8,0.021891833462260053
35e4e6e3dad687948b473d5752866561801d6006701519a0b2e26fdd37af6298,2025,9,0.019994372971404783
35e4e6e3dad687948b473d5752866561801d6006701519a0b2e26fdd37af6298,2025,10,0.043844877123569014
3614998a112ef27de23e4e54b4afa56a377712e95abee30e7ff94e0646c49d14,2025,5,0.05121149854091154
3614998a112ef27de23e4e54b4afa56a377712e95abee30e7ff94e0646c49d14,2025,6,0.03889228156365886
3614998a112ef27de23e4e54b4afa56a377712e95abee30e7ff94e0646c49d14,2025,7,0.03674503544502598
3614998a112ef27de23e4e54b4afa56a377712e95abee30e7ff94e0646c49d14,2025,8,0.0411424316055478
3614998a112ef27de23e4e54b4afa56a377712e95abee30e7ff94e0646c49d14,2025,9,0.05045671131471829
3614998a112ef27de23e4e54b4afa56a377712e95abee30e7ff94e0646c49d14,2025,10,0.07738708178931666
36bac08315f0d89e69ff8732ca8f37f4341d54ca94bc569daea80490ce9bc2ff,2025,5,0.24633500566879873
36bac08315f0d89e69ff8732ca8f37f4341d54ca94bc569daea80490ce9bc2ff,2025,6,0.24129859118017993
36bac08315f0d89e69ff8732ca8f37f4341d54ca94bc569daea80490ce9bc2ff,2025,7,0.24940025931369683
36bac08315f0d89e69ff8732ca8f37f4341d54ca94bc569daea80490ce9bc2ff,2025,8,0.2471382092095915
36bac08315f0d89e69ff8732ca8f37f4341d54ca94bc569daea80490ce9bc2ff,2025,9,0.3330103851607315
37499ac7c21e70871c56a65695c53f7f9a83ffa9f61140a77bbc7de8d53e4b7b,2025,5,0.0850245131546013
37499ac7c21e70871c56a65695c53f7f9a83ffa9f61140a77bbc7de8d53e4b7b,2025,6,0.08011381957578625
37499ac7c21e70871c56a65695c53f7f9a83ffa9f61140a77bbc7de8d53e4b7b,2025,7,0.05698550988164886
37499ac7c21e70871c56a65695c53f7f9a83ffa9f61140a77bbc7de8d53e4b7b,2025,8,0.08232891180030968
37499ac7c21e70871c56a65695c53f7f9a83ffa9f61140a77bbc7de8d53e4b7b,2025,9,0.07934253090027797
376e93ee848fd174b21e1598a436eaf5181f320015debb65779d397fbb9ba199,2025,5,0.21108105376933334
376e93ee848fd174b21e1598a436eaf5181f320015debb65779d397fbb9ba199,2025,6,0.1953989535129576
376e93ee848fd174b21e1598a436eaf5181f320015debb65779d397fbb9ba199,2025,7,0.18341071243444848
376e93ee848fd174b21e1598a436eaf5181f320015debb65779d397fbb9ba199,2025,8,0.19620008518051799
376e93ee848fd174b21e1598a436eaf5181f320015debb65779d397fbb9ba199,2025,9,0.19175574690062527
376e93ee848fd174b21e1598a436eaf5181f320015debb65779d397fbb9ba199,2025,10,0.28297352169939916
37a3b79e39c2a5d921c00b1eabaf1e0f8117fe0548b105f4764580b04ef38f2a,2025,5,0.05963333771993472
37a3b79e39c2a5d921c00b1eabaf1e0f8117fe0548b105f4764580b04ef38f2a,2025,6,0.044857926888718765
37a3b79e39c2a5d921c00b1eabaf1e0f8117fe0548b105f4764580b04ef38f2a,2025,9,0.10814078080023087
37a3b79e39c2a5d921c00b1eabaf1e0f8117fe0548b105f4764580b04ef38f2a,2025,10,0.0796478980267536
37e51db6b1d3d8bdb8e6c7688509e2d0ca683dc2b4fd2cb2149d0f5395a1d1d7,2025,5,0.023839669286474918
37e51db6b1d3d8bdb8e6c7688509e2d0ca683dc2b4fd2cb2149d0f5395a1d1d7,2025,6,0.028887011880767758
37e51db6b1d3d8bdb8e6c7688509e2d0ca683dc2b4fd2cb2149d0f5395a1d1d7,2025,7,0.02721472400127178
37e51db6b1d3d8bdb8e6c7688509e2d0ca683dc2b4fd2cb2149d0f5395a1d1d7,2025,8,0.033080050435771134
37e51db6b1d3d8bdb8e6c7688509e2d0ca683dc2b4fd2cb2149d0f5395a1d1d7,2025,9,0.019437324740598446
37e51db6b1d3d8bdb8e6c7688509e2d0ca683dc2b4fd2cb2149d0f5395a1d1d7,2025,10,0.05324160709985496
387ed82fb8a86970192a0a1de86fbf3bb6daccf0fe74c9c9565d325d2a21887b,2025,5,0.0509634320948476
387ed82fb8a86970192a0a1de86fbf3bb6daccf0fe74c9c9565d325d2a21887b,2025,6,0.04518751885628284
387ed82fb8a86970192a0a1de86fbf3bb6daccf0fe74c9c9565d325d2a21887b,2025,7,0.0501192736508809
387ed82fb8a86970192a0a1de86fbf3bb6daccf0fe74c9c9565d325d2a21887b,2025,8,0.04437619997177415
387ed82fb8a86970192a0a1de86fbf3bb6daccf0fe74c9c9565d325d2a21887b,2025,9,0.04762454468793633
387ed82fb8a86970192a0a1de86fbf3bb6daccf0fe74c9c9565d325d2a21887b,2025,10,0.06547822817619983
390086226c2fa53164c5eb905aca34719d5171ca44ce1c76e6501708ace1f402,2025,5,0.21264294005900702
390086226c2fa53164c5eb905aca34719d5171ca44ce1c76e6501708ace1f402,2025,6,0.142520973094253
390086226c2fa53164c5eb905aca34719d5171ca44ce1c76e6501708ace1f402,2025,7,0.14958453062557464
390086226c2fa53164c5eb905aca34719d5171ca44ce1c76e6501708ace1f402,2025,8,0.14033100905236706
390086226c2fa53164c5eb905aca34719d5171ca44ce1c76e6501708ace1f402,2025,9,0.1344255759919376
390086226c2fa53164c5eb905aca34719d5171ca44ce1c76e6501708ace1f402,2025,10,0.24841074538766938
390d8bca8ff15aa7b8739e96d0bbd174d240ffb4c3ca254e1f2e93839dbf0705,2025,5,0.03804386059085669
390d8bca8ff15aa7b8739e96d0bbd174d240ffb4c3ca254e1f2e93839dbf0705,2025,6,0.028663442204216422
390d8bca8ff15aa7b8739e96d0bbd174d240ffb4c3ca254e1f2e93839dbf0705,2025,7,0.03350792621731076
390d8bca8ff15aa7b8739e96d0bbd174d240ffb4c3ca254e1f2e93839dbf0705,2025,8,0.03279471174083242
390d8bca8ff15aa7b8739e96d0bbd174d240ffb4c3ca254e1f2e93839dbf0705,2025,9,0.03422854984197469
390d8bca8ff15aa7b8739e96d0bbd174d240ffb4c3ca254e1f2e93839dbf0705,2025,10,0.0557356282540605
3984783c0469008842604048d4a09bd672b372563c421950c1afc63100b00af1,2025,5,0.05809291996083746
3984783c0469008842604048d4a09bd672b372563c421950c1afc63100b00af1,2025,6,0.048627854986751894
3984783c0469008842604048d4a09bd672b372563c421950c1afc63100b00af1,2025,7,0.052736362665718156
3984783c0469008842604048d4a09bd672b372563c421950c1afc63100b00af1,2025,8,0.047022911569568344
3984783c0469008842604048d4a09bd672b372563c421950c1afc63100b00af1,2025,9,0.07054074557846661
3984783c0469008842604048d4a09bd672b372563c421950c1afc63100b00af1,2025,10,0.0983436281397578
39b7c55a2447ee58847fdf1fbc214fe19ff6554b466a4248b17836a04398bc57,2025,5,0.04237305111066999
39b7c55a2447ee58847fdf1fbc214fe19ff6554b466a4248b17836a04398bc57,2025,6,0.0318344132501694
39b7c55a2447ee58847fdf1fbc214fe19ff6554b466a4248b17836a04398bc57,2025,7,0.046053513575712246
39b7c55a2447ee58847fdf1fbc214fe19ff6554b466a4248b17836a04398bc57,2025,8,0.027950636478320832
39b7c55a2447ee58847fdf1fbc214fe19ff6554b466a4248b17836a04398bc57,2025,9,0.02906850501194421
39b7c55a2447ee58847fdf1fbc214fe19ff6554b466a4248b17836a04398bc57,2025,10,0.05185077639850707
39f66f2f9807fb085eea698935dd568d0ef41ecbaeffe234a2f9544bcc705653,2025,5,0.02513647360995831
39f66f2f9807fb085eea698935dd568d0ef41ecbaeffe234a2f9544bcc705653,2025,6,0.022967729838384826
39f66f2f9807fb085eea698935dd568d0ef41ecbaeffe234a2f9544bcc705653,2025,7,0.020985426163346407
39f66f2f9807fb085eea698935dd568d0ef41ecbaeffe234a2f9544bcc705653,2025,8,0.020921010741812858
39f66f2f9807fb085eea698935dd568d0ef41ecbaeffe234a2f9544bcc705653,2025,9,0.014324899451195956
39f66f2f9807fb085eea698935dd568d0ef41ecbaeffe234a2f9544bcc705653,2025,10,0.04848787672628035
3a7f8db3395fbfc8ff18dd7a569c25fba5cb6b6b8027b0a40197a8bdc2a89112,2025,5,0.11085841973656896
3a7f8db3395fbfc8ff18dd7a569c25fba5cb6b6b8027b0a40197a8bdc2a89112,2025,6,0.09009340615717225
3a7f8db3395fbfc8ff18dd7a569c25fba5cb6b6b8027b0a40197a8bdc2a89112,2025,7,0.09455214083268229
3a7f8db3395fbfc8ff18dd7a569c25fba5cb6b6b8027b0a40197a8bdc2a89112,2025,8,0.0960065456981033
3a7f8db3395fbfc8ff18dd7a569c25fba5cb6b6b8027b0a40197a8bdc2a89112,2025,9,0.08833367532064137
3a7f8db3395fbfc8ff18dd7a569c25fba5cb6b6b8027b0a40197a8bdc2a89112,2025,10,0.1387689025608503
3b4a3a48242c58022ffcedf96c284b20cf360dcff974b14716a36a4e5115389e,2025,5,0.27862608477850725
3b4a3a48242c58022ffcedf96c284b20cf360dcff974b14716a36a4e5115389e,2025,6,0.21172558327614954
3b4a3a48242c58022ffcedf96c284b20cf360dcff974b14716a36a4e5115389e,2025,7,0.20570024097142475
3b4a3a48242c58022ffcedf96c284b20cf360dcff974b14716a36a4e5115389e,2025,8,0.22331851583584886
3b4a3a48242c58022ffcedf96c284b20cf360dcff974b14716a36a4e5115389e,2025,9,0.24326388922852257
3b4a3a48242c58022ffcedf96c284b20cf360dcff974b14716a36a4e5115389e,2025,10,0.3319721455004092
3b91bd7cb605703d3e1bc2b7327a0f02941d1bcc73d8b074aa26c117a1e04d11,2025,5,0.12493617767946817
3b91bd7cb605703d3e1bc2b7327a0f02941d1bcc73d8b074aa26c117a1e04d11,2025,6,0.11214548474608935
3b91bd7cb605703d3e1bc2b7327a0f02941d1bcc73d8b074aa26c117a1e04d11,2025,7,0.11376559845008323
3b91bd7cb605703d3e1bc2b7327a0f02941d1bcc73d8b074aa26c117a1e04d11,2025,8,0.11271621089170356
3b91bd7cb605703d3e1bc2b7327a0f02941d1bcc73d8b074aa26c117a1e04d11,2025,9,0.12351884063715123
3b91bd7cb605703d3e1bc2b7327a0f02941d1bcc73d8b074aa26c117a1e04d11,2025,10,0.19603316729625103
3b9c69e51bb2908a9c9b922475a4d8c1f9c98571909fe67cb49dceab0aa9893f,2025,5,0.05539861246376869
3b9c69e51bb2908a9c9b922475a4d8c1f9c98571909fe67cb49dceab0aa9893f,2025,6,0.03197358061219084
3b9c69e51bb2908a9c9b922475a4d8c1f9c98571909fe67cb49dceab0aa9893f,2025,7,0.02394825373411923
3b9c69e51bb2908a9c9b922475a4d8c1f9c98571909fe67cb49dceab0aa9893f,2025,8,0.023281721408306737
3b9c69e51bb2908a9c9b922475a4d8c1f9c98571909fe67cb49dceab0aa9893f,2025,9,0.05395606667710546
3b9c69e51bb2908a9c9b922475a4d8c1f9c98571909fe67cb49dceab0aa9893f,2025,10,0.057771777327597806
3c62cc5f1379633332d484687800908f08158e54a20ff8b833a42452c0ff8017,2025,5,0.12763709701164405
3c62cc5f1379633332d484687800908f08158e54a20ff8b833a42452c0ff8017,2025,6,0.10943688708149872
3c62cc5f1379633332d484687800908f08158e54a20ff8b833a42452c0ff8017,2025,7,0.12401929819266184
3c62cc5f1379633332d484687800908f08158e54a20ff8b833a42452c0ff8017,2025,8,0.11901068849415532
3c62cc5f1379633332d484687800908f08158e54a20ff8b833a42452c0ff8017,2025,9,0.11940141845485347
3c62cc5f1379633332d484687800908f08158e54a20ff8b833a42452c0ff8017,2025,10,0.19929136993291993
3da91accf817df33c1a023b666792fb425b56e618f0cd6a1ed513257f17f1303,2025,5,0.02759033220602173
3da91accf817df33c1a023b666792fb425b56e618f0cd6a1ed513257f17f1303,2025,6,0.024195546379040075
3da91accf817df33c1a023b666792fb425b56e618f0cd6a1ed513257f17f1303,2025,7,0.02508608193480278
3da91accf817df33c1a023b666792fb425b56e618f0cd6a1ed513257f17f1303,2025,8,0.024666995489123485
3da91accf817df33c1a023b666792fb425b56e618f0cd6a1ed513257f17f1303,2025,9,0.0248410223977545
3da91accf817df33c1a023b666792fb425b56e618f0cd6a1ed513257f17f1303,2025,10,0.03300162039636135
3e48ef633fbf96aa9e940caaf72705b2433a030ad070592ec22a440e8d3deb1a,2025,5,0.06313813252585204
3e48ef633fbf96aa9e940caaf72705b2433a030ad070592ec22a440e8d3deb1a,2025,6,0.031149666536796797
3e48ef633fbf96aa9e940caaf72705b2433a030ad070592ec22a440e8d3deb1a,2025,7,0.0467841138212563
3e48ef633fbf96aa9e940caaf72705b2433a030ad070592ec22a440e8d3deb1a,2025,8,0.04150482440113936
3e48ef633fbf96aa9e940caaf72705b2433a030ad070592ec22a440e8d3deb1a,2025,9,0.043865787839595015
3e48ef633fbf96aa9e940caaf72705b2433a030ad070592ec22a440e8d3deb1a,2025,10,0.06802357077701456
3e730a396a0a8a4793d084c553f85abd88e155dc87f6efa446581f07dbc739d5,2025,5,0.04389279535737738
3e730a396a0a8a4793d084c553f85abd88e155dc87f6efa446581f07dbc739d5,2025,6,0.03668662873309999
3e730a396a0a8a4793d084c553f85abd88e155dc87f6efa446581f07dbc739d5,2025,7,0.038843171889152435
3e730a396a0a8a4793d084c553f85abd88e155dc87f6efa446581f07dbc739d5,2025,8,0.04336672798288749
3e730a396a0a8a4793d084c553f85abd88e155dc87f6efa446581f07dbc739d5,2025,9,0.041093051241255535
3e730a396a0a8a4793d084c553f85abd88e155dc87f6efa446581f07dbc739d5,2025,10,0.09145119722490863
3ee8c7afb655816646ef0c29c14a66d18ce8b22ae67a53d099bed895f4cec758,2025,5,0.031079267705111057
3ee8c7afb655816646ef0c29c14a66d18ce8b22ae67a53d099bed895f4cec758,2025,6,0.02887499952141333
3ee8c7afb655816646ef0c29c14a66d18ce8b22ae67a53d099bed895f4cec758,2025,7,0.03332193710554201
3ee8c7afb655816646ef0c29c14a66d18ce8b22ae67a53d099bed895f4cec758,2025,8,0.033151198670131866
3ee8c7afb655816646ef0c29c14a66d18ce8b22ae67a53d099bed895f4cec758,2025,9,0.024294572930307956
3ee8c7afb655816646ef0c29c14a66d18ce8b22ae67a53d099bed895f4cec758,2025,10,0.039601240904054424
3ef46eb74164137a17b29db6388168faf6dcda4baf9d0524efecbfd8db0d5517,2025,5,0.01777822873163242
3ef46eb74164137a17b29db6388168faf6dcda4baf9d0524efecbfd8db0d5517,2025,6,0.018899892030687003
3ef46eb74164137a17b29db6388168faf6dcda4baf9d0524efecbfd8db0d5517,2025,7,0.019775133901423114
3ef46eb74164137a17b29db6388168faf6dcda4baf9d0524efecbfd8db0d5517,2025,8,0.01858902512677224
3ef46eb74164137a17b29db6388168faf6dcda4baf9d0524efecbfd8db0d5517,2025,9,0.017563351552472246
3ef46eb74164137a17b29db6388168faf6dcda4baf9d0524efecbfd8db0d5517,2025,10,0.02903262996661941
3f9633e720d2fdfcf21484040253527613ad178c22890973f11e1fc63ec2da24,2025,5,0.10208640987320813
3f9633e720d2fdfcf21484040253527613ad178c22890973f11e1fc63ec2da24,2025,6,0.09662419080994543
3f9633e720d2fdfcf21484040253527613ad178c22890973f11e1fc63ec2da24,2025,7,0.09992277143657785
3f9633e720d2fdfcf21484040253527613ad178c22890973f11e1fc63ec2da24,2025,8,0.10078524138659486
3f9633e720d2fdfcf21484040253527613ad178c22890973f11e1fc63ec2da24,2025,9,0.1082034637402164
3f9633e720d2fdfcf21484040253527613ad178c22890973f11e1fc63ec2da24,2025,10,0.17894157907568226
3fe9b43d3c2ca4dca68a63316d8b786a814646bdd3938fb7435ccc9152facc56,2025,5,0.016211923136825044
3fe9b43d3c2ca4dca68a63316d8b786a814646bdd3938fb7435ccc9152facc56,2025,6,0.012112043664377334
3fe9b43d3c2ca4dca68a63316d8b786a814646bdd3938fb7435ccc9152facc56,2025,7,0.012166903404617053
3fe9b43d3c2ca4dca68a63316d8b786a814646bdd3938fb7435ccc9152facc56,2025,8,0.01239877791543574
3fe9b43d3c2ca4dca68a63316d8b786a814646bdd3938fb7435ccc9152facc56,2025,9,0.017810530822539358
3fe9b43d3c2ca4dca68a63316d8b786a814646bdd3938fb7435ccc9152facc56,2025,10,0.03002388907790472
3ff350a18ed265ac520cb332d5a57705ed906254540e7a2e2b89bf5ae0db5194,2025,5,0.08537591854585135
3ff350a18ed265ac520cb332d5a57705ed906254540e7a2e2b89bf5ae0db5194,2025,6,0.05894982655671546
3ff350a18ed265ac520cb332d5a57705ed906254540e7a2e2b89bf5ae0db5194,2025,7,0.058084486194006954
3ff350a18ed265ac520cb332d5a57705ed906254540e7a2e2b89bf5ae0db5194,2025,8,0.06260991075837555
3ff350a18ed265ac520cb332d5a57705ed906254540e7a2e2b89bf5ae0db5194,2025,9,0.06895106746044787
3ff350a18ed265ac520cb332d5a57705ed906254540e7a2e2b89bf5ae0db5194,2025,10,0.11044030866705506
41263e6b4d2d77ff2afaeab5f1eaae1a6556bd56d083c6adbcb97f6e5d259208,2025,5,0.0734392804037062
41263e6b4d2d77ff2afaeab5f1eaae1a6556bd56d083c6adbcb97f6e5d259208,2025,6,0.08297005115791634
41263e6b4d2d77ff2afaeab5f1eaae1a6556bd56d083c6adbcb97f6e5d259208,2025,7,0.08551157737429191
41263e6b4d2d77ff2afaeab5f1eaae1a6556bd56d083c6adbcb97f6e5d259208,2025,8,0.08461550227229557
41263e6b4d2d77ff2afaeab5f1eaae1a6556bd56d083c6adbcb97f6e5d259208,2025,9,0.08250944740893804
41263e6b4d2d77ff2afaeab5f1eaae1a6556bd56d083c6adbcb97f6e5d259208,2025,10,0.0923221878800776
4186e304b2c4ae0e5752520f7b33626441b3fd8e1495a52f07c235143cbb8c18,2025,5,0.14440439620864742
4186e304b2c4ae0e5752520f7b33626441b3fd8e1495a52f07c235143cbb8c18,2025,6,0.12106620774478927
4186e304b2c4ae0e5752520f7b33626441b3fd8e1495a52f07c235143cbb8c18,2025,7,0.11365591407592807
4186e304b2c4ae0e5752520f7b33626441b3fd8e1495a52f07c235143cbb8c18,2025,8,0.11185633843146578
4186e304b2c4ae0e5752520f7b33626441b3fd8e1495a52f07c235143cbb8c18,2025,9,0.13381660284851954
4186e304b2c4ae0e5752520f7b33626441b3fd8e1495a52f07c235143cbb8c18,2025,10,0.18321219027929728
41ee9e6aa5b78b35b6a2cbf8bc962d02125d43ac63ce3c41f929fa3884680aa1,2025,5,0.03671615315021083
41ee9e6aa5b78b35b6a2cbf8bc962d02125d43ac63ce3c41f929fa3884680aa1,2025,6,0.022773181339934258
41ee9e6aa5b78b35b6a2cbf8bc962d02125d43ac63ce3c41f929fa3884680aa1,2025,7,0.024462738602742576
41ee9e6aa5b78b35b6a2cbf8bc962d02125d43ac63ce3c41f929fa3884680aa1,2025,8,0.023826478040435542
41ee9e6aa5b78b35b6a2cbf8bc962d02125d43ac63ce3c41f929fa3884680aa1,2025,9,0.02010626084357317
41ee9e6aa5b78b35b6a2cbf8bc962d02125d43ac63ce3c41f929fa3884680aa1,2025,10,0.0379772767120367
425b5ff504d8283ba697eccac3ce392eb1ceb74584ff153787d152a20355123e,2025,5,0.09078097981067315
425b5ff504d8283ba697eccac3ce392eb1ceb74584ff153787d152a20355123e,2025,6,0.058220490962760996
425b5ff504d8283ba697eccac3ce392eb1ceb74584ff153787d152a20355123e,2025,7,0.06014032018030482
425b5ff504d8283ba697eccac3ce392eb1ceb74584ff153787d152a20355123e,2025,8,0.059211446624982414
425b5ff504d8283ba697eccac3ce392eb1ceb74584ff153787d152a20355123e,2025,9,0.061606970517284934
425b5ff504d8283ba697eccac3ce392eb1ceb74584ff153787d152a20355123e,2025,10,0.10108181264345112
42b6d6e9cfb211fe155f1d3d938b707bb7524462ba407716e62fe7a0f5fc5eb6,2025,5,0.044194084909199405
42b6d6e9cfb211fe155f1d3d938b707bb7524462ba407716e62fe7a0f5fc5eb6,2025,6,0.03692565924960122
42b6d6e9cfb211fe155f1d3d938b707bb7524462ba407716e62fe7a0f5fc5eb6,2025,7,0.03452996226168092
42b6d6e9cfb211fe155f1d3d938b707bb7524462ba407716e62fe7a0f5fc5eb6,2025,8,0.03560950289041954
42b6d6e9cfb211fe155f1d3d938b707bb7524462ba407716e62fe7a0f5fc5eb6,2025,9,0.03595786466578841
42b6d6e9cfb211fe155f1d3d938b707bb7524462ba407716e62fe7a0f5fc5eb6,2025,10,0.06396762738128257
436ff8e761381556134b93e03d687ead23b920a9a06875fedbc58ad44938c7bc,2025,5,0.1242567557469458
436ff8e761381556134b93e03d687ead23b920a9a06875fedbc58ad44938c7bc,2025,6,0.09709753354263582
436ff8e761381556134b93e03d687ead23b920a9a06875fedbc58ad44938c7bc,2025,7,0.09493562233303997
436ff8e761381556134b93e03d687ead23b920a9a06875fedbc58ad44938c7bc,2025,8,0.10324399179997
436ff8e761381556134b93e03d687ead23b920a9a06875fedbc58ad44938c7bc,2025,9,0.10906183617217145
436ff8e761381556134b93e03d687ead23b920a9a06875fedbc58ad44938c7bc,2025,10,0.1400916044770992
44704dd20023628fdf92c9262437e1baa1fa7aa301c9d4c1c573dc0545b5ed47,2025,5,0.027003897181908182
44704dd20023628fdf92c9262437e1baa1fa7aa301c9d4c1c573dc0545b5ed47,2025,6,0.018436757215936354
44704dd20023628fdf92c9262437e1baa1fa7aa301c9d4c1c573dc0545b5ed47,2025,7,0.020893165871412444
44704dd20023628fdf92c9262437e1baa1fa7aa301c9d4c1c573dc0545b5ed47,2025,8,0.020005410882165977
44704dd20023628fdf92c9262437e1baa1fa7aa301c9d4c1c573dc0545b5ed47,2025,9,0.014726853813477063
44704dd20023628fdf92c9262437e1baa1fa7aa301c9d4c1c573dc0545b5ed47,2025,10,0.05137078269420991
44e71bf11fdaaee10d16cdce41c7fc206dc5e9a6e668fa894e2c0b690ec117ef,2025,5,0.07364363560273168
44e71bf11fdaaee10d16cdce41c7fc206dc5e9a6e668fa894e2c0b690ec117ef,2025,6,0.055248499310792745
44e71bf11fdaaee10d16cdce41c7fc206dc5e9a6e668fa894e2c0b690ec117ef,2025,7,0.050020130198305646
44e71bf11fdaaee10d16cdce41c7fc206dc5e9a6e668fa894e2c0b690ec117ef,2025,8,0.05532977748886771
44e71bf11fdaaee10d16cdce41c7fc206dc5e9a6e668fa894e2c0b690ec117ef,2025,9,0.05725470101320189
44e71bf11fdaaee10d16cdce41c7fc206dc5e9a6e668fa894e2c0b690ec117ef,2025,10,0.0834706844298307
44f25830b97ac76fb65e0f243d37398a50929a89265c981d24c394301a376457,2025,5,0.046178987473954866
44f25830b97ac76fb65e0f243d37398a50929a89265c981d24c394301a376457,2025,6,0.05005634819848963
44f25830b97ac76fb65e0f243d37398a50929a89265c981d24c394301a376457,2025,7,0.05629060165472496
44f25830b97ac76fb65e0f243d37398a50929a89265c981d24c394301a376457,2025,8,0.05533986745990863
44f25830b97ac76fb65e0f243d37398a50929a89265c981d24c394301a376457,2025,9,0.047988666142219756
44f25830b97ac76fb65e0f243d37398a50929a89265c981d24c394301a376457,2025,10,0.0647653454762671
45201bdadf9f1726bf9ad3bb4950620d2cbdc34cc431128c4c73113bbb4c2ad5,2025,5,0.0902693070566925
45201bdadf9f1726bf9ad3bb4950620d2cbdc34cc431128c4c73113bbb4c2ad5,2025,6,0.0540498440882689
45201bdadf9f1726bf9ad3bb4950620d2cbdc34cc431128c4c73113bbb4c2ad5,2025,7,0.05591448700759425
45201bdadf9f1726bf9ad3bb4950620d2cbdc34cc431128c4c73113bbb4c2ad5,2025,8,0.060545656817268
45201bdadf9f1726bf9ad3bb4950620d2cbdc34cc431128c4c73113bbb4c2ad5,2025,9,0.07539664992532301
45201bdadf9f1726bf9ad3bb4950620d2cbdc34cc431128c4c73113bbb4c2ad5,2025,10,0.12615030253028642
4545a55de1e7d46fbfdbd79201cb8f87d94b7852232c6313f3a6a280dad7e260,2025,5,0.16479026732055652
4545a55de1e7d46fbfdbd79201cb8f87d94b7852232c6313f3a6a280dad7e260,2025,6,0.1397401713744362
4545a55de1e7d46fbfdbd79201cb8f87d94b7852232c6313f3a6a280dad7e260,2025,7,0.14792948864903915
4545a55de1e7d46fbfdbd79201cb8f87d94b7852232c6313f3a6a280dad7e260,2025,8,0.1461070297289307
4545a55de1e7d46fbfdbd79201cb8f87d94b7852232c6313f3a6a280dad7e260,2025,9,0.15114443659796845
4545a55de1e7d46fbfdbd79201cb8f87d94b7852232c6313f3a6a280dad7e260,2025,10,0.2678481270098669
454b7fa1d685c14098b72d3a9772499258ea9e3f78147229fa3873fd052d9514,2025,5,0.00897126092921425
454b7fa1d685c14098b72d3a9772499258ea9e3f78147229fa3873fd052d9514,2025,6,0.006173540118798346
454b7fa1d685c14098b72d3a9772499258ea9e3f78147229fa3873fd052d9514,2025,7,0.014848567681650401
454b7fa1d685c14098b72d3a9772499258ea9e3f78147229fa3873fd052d9514,2025,8,0.009583065719743763
454b7fa1d685c14098b72d3a9772499258ea9e3f78147229fa3873fd052d9514,2025,9,0.00827396467105856
454b7fa1d685c14098b72d3a9772499258ea9e3f78147229fa3873fd052d9514,2025,10,0.05075014482225694
4594caeb1648fb9612ead8e023290c0b3b53d80911bdaf2ed2d8ee3056abb919,2025,5,0.05066797853112027
4594caeb1648fb9612ead8e023290c0b3b53d80911bdaf2ed2d8ee3056abb919,2025,6,0.04842250398791383
4594caeb1648fb9612ead8e023290c0b3b53d80911bdaf2ed2d8ee3056abb919,2025,7,0.04985358467016765
4594caeb1648fb9612ead8e023290c0b3b53d80911bdaf2ed2d8ee3056abb919,2025,8,0.04725340978782831
4594caeb1648fb9612ead8e023290c0b3b53d80911bdaf2ed2d8ee3056abb919,2025,9,0.046846445885794855
4594caeb1648fb9612ead8e023290c0b3b53d80911bdaf2ed2d8ee3056abb919,2025,10,0.061693516419192816
467f0552c3cff389f15c8ab2f458db768f93d6a799f31121f04ad48e2ade598f,2025,5,0.06867048508557229
467f0552c3cff389f15c8ab2f458db768f93d6a799f31121f04ad48e2ade598f,2025,6,0.05235371522769807
467f0552c3cff389f15c8ab2f458db768f93d6a799f31121f04ad48e2ade598f,2025,7,0.05354088176092873
467f0552c3cff389f15c8ab2f458db768f93d6a799f31121f04ad48e2ade598f,2025,8,0.052548257952589
467f0552c3cff389f15c8ab2f458db768f93d6a799f31121f04ad48e2ade598f,2025,9,0.059367260742354024
467f0552c3cff389f15c8ab2f458db768f93d6a799f31121f04ad48e2ade598f,2025,10,0.0977671703351767
46b2fdc61c53bb21fbc92e47ec56d95ee8bb1e6ad6374ec2a1d7ae23851ed5f4,2025,5,0.030075351459546023
46b2fdc61c53bb21fbc92e47ec56d95ee8bb1e6ad6374ec2a1d7ae23851ed5f4,2025,6,0.01357198507867393
46b2fdc61c53bb21fbc92e47ec56d95ee8bb1e6ad6374ec2a1d7ae23851ed5f4,2025,7,0.018625033634543736
46b2fdc61c53bb21fbc92e47ec56d95ee8bb1e6ad6374ec2a1d7ae23851ed5f4,2025,8,0.016191446267164435
46b2fdc61c53bb21fbc92e47ec56d95ee8bb1e6ad6374ec2a1d7ae23851ed5f4,2025,9,0.022115136429500908
46b2fdc61c53bb21fbc92e47ec56d95ee8bb1e6ad6374ec2a1d7ae23851ed5f4,2025,10,0.05790010105825343
46ef8778e229b5a977dfa1a24b1707c9a917a42c88863febdaa3c276d35161cf,2025,5,0.05344713202374831
46ef8778e229b5a977dfa1a24b1707c9a917a42c88863febdaa3c276d35161cf,2025,6,0.04544516051120178
46ef8778e229b5a977dfa1a24b1707c9a917a42c88863febdaa3c276d35161cf,2025,7,0.04901390953690165
46ef8778e229b5a977dfa1a24b1707c9a917a42c88863febdaa3c276d35161cf,2025,8,0.04314344028866623
46ef8778e229b5a977dfa1a24b1707c9a917a42c88863febdaa3c276d35161cf,2025,9,0.046506500086420724
46ef8778e229b5a977dfa1a24b1707c9a917a42c88863febdaa3c276d35161cf,2025,10,0.06966939427280515
476b3192a806e8592bb26ad6832de8d4a9660fdec646aeaed67c221e7bf7d785,2025,5,0.05364584966368902
476b3192a806e8592bb26ad6832de8d4a9660fdec646aeaed67c221e7bf7d785,2025,6,0.0336564059758429
476b3192a806e8592bb26ad6832de8d4a9660fdec646aeaed67c221e7bf7d785,2025,7,0.036232042390995076
476b3192a806e8592bb26ad6832de8d4a9660fdec646aeaed67c221e7bf7d785,2025,8,0.0346853595048122
476b3192a806e8592bb26ad6832de8d4a9660fdec646aeaed67c221e7bf7d785,2025,9,0.035232720576597897
476b3192a806e8592bb26ad6832de8d4a9660fdec646aeaed67c221e7bf7d785,2025,10,0.058433262445440455
4813366536f7a4dc92db8199af0527edc48224551bf36ca75715547fa8c44087,2025,5,0.013948013419215113
4813366536f7a4dc92db8199af0527edc48224551bf36ca75715547fa8c44087,2025,6,0.01591835967034094
4813366536f7a4dc92db8199af0527edc48224551bf36ca75715547fa8c44087,2025,7,0.009131470348309004
4813366536f7a4dc92db8199af0527edc48224551bf36ca75715547fa8c44087,2025,8,0.007185781456108505
4813366536f7a4dc92db8199af0527edc48224551bf36ca75715547fa8c44087,2025,9,0.005736080800860913
4813366536f7a4dc92db8199af0527edc48224551bf36ca75715547fa8c44087,2025,10,0.020189026101137438
48730f85b98bcc69d80200e6850a085d3982e6b4e6b986bd2b7505457df9ea5d,2025,5,0.2006307120398945
48730f85b98bcc69d80200e6850a085d3982e6b4e6b986bd2b7505457df9ea5d,2025,6,0.16545606258511508
48730f85b98bcc69d80200e6850a085d3982e6b4e6b986bd2b7505457df9ea5d,2025,7,0.1633086675857667
48730f85b98bcc69d80200e6850a085d3982e6b4e6b986bd2b7505457df9ea5d,2025,8,0.16736796054879569
48730f85b98bcc69d80200e6850a085d3982e6b4e6b986bd2b7505457df9ea5d,2025,9,0.17996430484356044
48730f85b98bcc69d80200e6850a085d3982e6b4e6b986bd2b7505457df9ea5d,2025,10,0.2459969106347431
489e46b7423ee5b55b6065baa533fb15f09b6a840d5c0fad7b2321ea4b91c044,2025,5,0.24286303954155603
489e46b7423ee5b55b6065baa533fb15f09b6a840d5c0fad7b2321ea4b91c044,2025,6,0.18322176737131646
489e46b7423ee5b55b6065baa533fb15f09b6a840d5c0fad7b2321ea4b91c044,2025,7,0.17161747813602665
489e46b7423ee5b55b6065baa533fb15f09b6a840d5c0fad7b2321ea4b91c044,2025,8,0.17207918347342108
489e46b7423ee5b55b6065baa533fb15f09b6a840d5c0fad7b2321ea4b91c044,2025,9,0.17880143279347058
489e46b7423ee5b55b6065baa533fb15f09b6a840d5c0fad7b2321ea4b91c044,2025,10,0.2590744244346432
49a012ede59eeb918505ebd1446df33fc6995cfe22d2dcd9c738d2028e69df74,2025,5,0.07632986689468432
49a012ede59eeb918505ebd1446df33fc6995cfe22d2dcd9c738d2028e69df74,2025,6,0.057374856365892755
49a012ede59eeb918505ebd1446df33fc6995cfe22d2dcd9c738d2028e69df74,2025,7,0.053551145967726456
49a012ede59eeb918505ebd1446df33fc6995cfe22d2dcd9c738d2028e69df74,2025,8,0.057561137301777476
49a012ede59eeb918505ebd1446df33fc6995cfe22d2dcd9c738d2028e69df74,2025,9,0.060507713993357776
49a012ede59eeb918505ebd1446df33fc6995cfe22d2dcd9c738d2028e69df74,2025,10,0.08986590592732571
49ca5c0bc2fd2ae92716ef7c7f9a503d175cce10935d3e402273cf555f9395e3,2025,5,0.028904650152995603
49ca5c0bc2fd2ae92716ef7c7f9a503d175cce10935d3e402273cf555f9395e3,2025,6,0.03421248792182859
49ca5c0bc2fd2ae92716ef7c7f9a503d175cce10935d3e402273cf555f9395e3,2025,7,0.0358610665567385
49ca5c0bc2fd2ae92716ef7c7f9a503d175cce10935d3e402273cf555f9395e3,2025,8,0.034984066562196894
49ca5c0bc2fd2ae92716ef7c7f9a503d175cce10935d3e402273cf555f9395e3,2025,9,0.02849839314713811
49ca5c0bc2fd2ae92716ef7c7f9a503d175cce10935d3e402273cf555f9395e3,2025,10,0.06257609951061273
4a2486f092d8b6332a49237a39e6375113e0853e45e09a53bcaa2d92545d11d8,2025,5,0.04668145851534628
4a2486f092d8b6332a49237a39e6375113e0853e45e09a53bcaa2d92545d11d8,2025,6,0.025476628645526612
4a2486f092d8b6332a49237a39e6375113e0853e45e09a53bcaa2d92545d11d8,2025,7,0.026791082172568453
4a2486f092d8b6332a49237a39e6375113e0853e45e09a53bcaa2d92545d11d8,2025,8,0.02578347713048862
4a2486f092d8b6332a49237a39e6375113e0853e45e09a53bcaa2d92545d11d8,2025,9,0.026971359146502685
4a2486f092d8b6332a49237a39e6375113e0853e45e09a53bcaa2d92545d11d8,2025,10,0.06424416763961832
4a53848a816b86c97ed0e5ab3bacbc838b31a0bb7b5eda25216367a0cdb5e5e6,2025,5,0.16884028912661356
4a53848a816b86c97ed0e5ab3bacbc838b31a0bb7b5eda25216367a0cdb5e5e6,2025,6,0.14571753661644254
4a53848a816b86c97ed0e5ab3bacbc838b31a0bb7b5eda25216367a0cdb5e5e6,2025,7,0.14649715357467083
4a53848a816b86c97ed0e5ab3bacbc838b31a0bb7b5eda25216367a0cdb5e5e6,2025,8,0.1530782741564057
4a53848a816b86c97ed0e5ab3bacbc838b31a0bb7b5eda25216367a0cdb5e5e6,2025,9,0.1640332487496059
4a53848a816b86c97ed0e5ab3bacbc838b31a0bb7b5eda25216367a0cdb5e5e6,2025,10,0.22200754780206275
4a7a4d6667f74a35be53d549c707d5cb234171e87a5a7d739b1d83cfc9dd8101,2025,5,0.1127871644154432
4a7a4d6667f74a35be53d549c707d5cb234171e87a5a7d739b1d83cfc9dd8101,2025,6,0.10514497104943396
4a7a4d6667f74a35be53d549c707d5cb234171e87a5a7d739b1d83cfc9dd8101,2025,7,0.10838761338075821
4a7a4d6667f74a35be53d549c707d5cb234171e87a5a7d739b1d83cfc9dd8101,2025,8,0.10765859499612349
4a7a4d6667f74a35be53d549c707d5cb234171e87a5a7d739b1d83cfc9dd8101,2025,9,0.11654150481683777
4a7a4d6667f74a35be53d549c707d5cb234171e87a5a7d739b1d83cfc9dd8101,2025,10,0.39047701027112347
4ab7fc96ae2057834d60316464ddd37939a7891b12eb5612187a52ba4f1b2891,2025,5,0.18866425382550545
4ab7fc96ae2057834d60316464ddd37939a7891b12eb5612187a52ba4f1b2891,2025,6,0.181856001265398
4ab7fc96ae2057834d60316464ddd37939a7891b12eb5612187a52ba4f1b2891,2025,7,0.1832385085796789
4ab7fc96ae2057834d60316464ddd37939a7891b12eb5612187a52ba4f1b2891,2025,8,0.17874452053089535
4ab7fc96ae2057834d60316464ddd37939a7891b12eb5612187a52ba4f1b2891,2025,9,0.1917308959571384
4ab7fc96ae2057834d60316464ddd37939a7891b12eb5612187a52ba4f1b2891,2025,10,0.37401409101801886
4ba3ceb00aaef7482726672f3395ba9b59cd4932e821c1600b239ae16c06faee,2025,5,0.02821133436603809
4ba3ceb00aaef7482726672f3395ba9b59cd4932e821c1600b239ae16c06faee,2025,6,0.02489844134436818
4ba3ceb00aaef7482726672f3395ba9b59cd4932e821c1600b239ae16c06faee,2025,7,0.024874112580387915
4ba3ceb00aaef7482726672f3395ba9b59cd4932e821c1600b239ae16c06faee,2025,8,0.024025635672855476
4ba3ceb00aaef7482726672f3395ba9b59cd4932e821c1600b239ae16c06faee,2025,9,0.01839710909135488
4ba3ceb00aaef7482726672f3395ba9b59cd4932e821c1600b239ae16c06faee,2025,10,0.043265555988732836
4c3060494e9e119ed3ada598dfc992dc04454cabf4877e618cb774f9fcbd089e,2025,5,0.040244407056036206
4c3060494e9e119ed3ada598dfc992dc04454cabf4877e618cb774f9fcbd089e,2025,6,0.04216702471184478
4c3060494e9e119ed3ada598dfc992dc04454cabf4877e618cb774f9fcbd089e,2025,7,0.04225602428492427
4c3060494e9e119ed3ada598dfc992dc04454cabf4877e618cb774f9fcbd089e,2025,8,0.04921755232112466
4c3060494e9e119ed3ada598dfc992dc04454cabf4877e618cb774f9fcbd089e,2025,9,0.041668296092681155
4c3060494e9e119ed3ada598dfc992dc04454cabf4877e618cb774f9fcbd089e,2025,10,0.05996972410670669
4ca8dee072a5e5b75b514073d514272a8d907f8d9eb507c4bc5755198b4d0e9a,2025,5,0.025811563790372652
4ca8dee072a5e5b75b514073d514272a8d907f8d9eb507c4bc5755198b4d0e9a,2025,6,0.01911709458971362
4ca8dee072a5e5b75b514073d514272a8d907f8d9eb507c4bc5755198b4d0e9a,2025,7,0.02315691756406984
4ca8dee072a5e5b75b514073d514272a8d907f8d9eb507c4bc5755198b4d0e9a,2025,8,0.022412284511538004
4ca8dee072a5e5b75b514073d514272a8d907f8d9eb507c4bc5755198b4d0e9a,2025,9,0.018989022338385547
4ca8dee072a5e5b75b514073d514272a8d907f8d9eb507c4bc5755198b4d0e9a,2025,10,0.04765844133525268
4cc35df334b04ebde7a2eda3b209e062b4328b191d7150ca68e9a16aea677796,2025,5,0.04466723321804476
4cc35df334b04ebde7a2eda3b209e062b4328b191d7150ca68e9a16aea677796,2025,6,0.03276494311915572
4cc35df334b04ebde7a2eda3b209e062b4328b191d7150ca68e9a16aea677796,2025,7,0.0346781020027148
4cc35df334b04ebde7a2eda3b209e062b4328b191d7150ca68e9a16aea677796,2025,8,0.038071445761352664
4cc35df334b04ebde7a2eda3b209e062b4328b191d7150ca68e9a16aea677796,2025,9,0.03971467396837073
4cc35df334b04ebde7a2eda3b209e062b4328b191d7150ca68e9a16aea677796,2025,10,0.04898649012775552
4cc57d274d9cb3adb0cfe4cacdd36792b1da182f218a8e3895aa28877a717fea,2025,5,0.13413007839024232
4cc57d274d9cb3adb0cfe4cacdd36792b1da182f218a8e3895aa28877a717fea,2025,6,0.09622944719665212
4cc57d274d9cb3adb0cfe4cacdd36792b1da182f218a8e3895aa28877a717fea,2025,7,0.09562143353830484
4cc57d274d9cb3adb0cfe4cacdd36792b1da182f218a8e3895aa28877a717fea,2025,8,0.10171806067595475
4cc57d274d9cb3adb0cfe4cacdd36792b1da182f218a8e3895aa28877a717fea,2025,9,0.11684385687544589
4cc57d274d9cb3adb0cfe4cacdd36792b1da182f218a8e3895aa28877a717fea,2025,10,0.2028160380551678
4d4ef227e9d6176b9e37e74794d76d206164b7123dcbd8ae37ca2f89ebbce49c,2025,5,0.03429706137554876
4d4ef227e9d6176b9e37e74794d76d206164b7123dcbd8ae37ca2f89ebbce49c,2025,6,0.039103825772981556
4d4ef227e9d6176b9e37e74794d76d206164b7123dcbd8ae37ca2f89ebbce49c,2025,7,0.041954545541410954
4d4ef227e9d6176b9e37e74794d76d206164b7123dcbd8ae37ca2f89ebbce49c,2025,8,0.040665853017204004
4d4ef227e9d6176b9e37e74794d76d206164b7123dcbd8ae37ca2f89ebbce49c,2025,9,0.03647553081642516
4d4ef227e9d6176b9e37e74794d76d206164b7123dcbd8ae37ca2f89ebbce49c,2025,10,0.04564801846511423
4dba8a848d516ffed0b9db5b7c649db5991a8a2ea7a691982abbc624978a3f49,2025,5,0.09510147499777372
4dba8a848d516ffed0b9db5b7c649db5991a8a2ea7a691982abbc624978a3f49,2025,6,0.06380112111425269
4dba8a848d516ffed0b9db5b7c649db5991a8a2ea7a691982abbc624978a3f49,2025,7,0.06235952699159379
4dba8a848d516ffed0b9db5b7c649db5991a8a2ea7a691982abbc624978a3f49,2025,8,0.06050490335752044
4dba8a848d516ffed0b9db5b7c649db5991a8a2ea7a691982abbc624978a3f49,2025,9,0.059475618277270534
4dba8a848d516ffed0b9db5b7c649db5991a8a2ea7a691982abbc624978a3f49,2025,10,0.1471049064297376
4e682b6948823199e29cbc6324ed3a54a6d2734440d698123530a0d91df992d4,2025,5,0.04335418925620659
4e682b6948823199e29cbc6324ed3a54a6d2734440d698123530a0d91df992d4,2025,6,0.04850496756065222
4e682b6948823199e29cbc6324ed3a54a6d2734440d698123530a0d91df992d4,2025,7,0.04970958666553793
4e682b6948823199e29cbc6324ed3a54a6d2734440d698123530a0d91df992d4,2025,8,0.04445298501915224
4e682b6948823199e29cbc6324ed3a54a6d2734440d698123530a0d91df992d4,2025,9,0.03969037656942395
4e682b6948823199e29cbc6324ed3a54a6d2734440d698123530a0d91df992d4,2025,10,0.06966779903883862
4f0a4f1ae4eb28fef935354891265c2c92815420169f4f7b85ec1b7685f46665,2025,5,0.022883099072659542
4f0a4f1ae4eb28fef935354891265c2c92815420169f4f7b85ec1b7685f46665,2025,6,0.019571349360478038
4f0a4f1ae4eb28fef935354891265c2c92815420169f4f7b85ec1b7685f46665,2025,7,0.024037894270666167
4f0a4f1ae4eb28fef935354891265c2c92815420169f4f7b85ec1b7685f46665,2025,8,0.022922677079681354
4f0a4f1ae4eb28fef935354891265c2c92815420169f4f7b85ec1b7685f46665,2025,9,0.018991134970449346
4f0a4f1ae4eb28fef935354891265c2c92815420169f4f7b85ec1b7685f46665,2025,10,0.03408907375324178
4f25ac5dd8c64401ae4d0eab78a88aab3f5dfdc86fe2802bbf56f1692d27e056,2025,5,0.20058881095211867
4f25ac5dd8c64401ae4d0eab78a88aab3f5dfdc86fe2802bbf56f1692d27e056,2025,6,0.15353110352380467
4f25ac5dd8c64401ae4d0eab78a88aab3f5dfdc86fe2802bbf56f1692d27e056,2025,7,0.15507248106370455
4f25ac5dd8c64401ae4d0eab78a88aab3f5dfdc86fe2802bbf56f1692d27e056,2025,8,0.1539077999785958
4f25ac5dd8c64401ae4d0eab78a88aab3f5dfdc86fe2802bbf56f1692d27e056,2025,9,0.17305936942487507
4f25ac5dd8c64401ae4d0eab78a88aab3f5dfdc86fe2802bbf56f1692d27e056,2025,10,0.22559289149954598
4f83c82309523058b6962b22fa9c6f380a741a512ac7faac8ed6c0473ee28f1d,2025,5,0.20035142037517545
4f83c82309523058b6962b22fa9c6f380a741a512ac7faac8ed6c0473ee28f1d,2025,6,0.12646049370618093
4f83c82309523058b6962b22fa9c6f380a741a512ac7faac8ed6c0473ee28f1d,2025,7,0.183979092572408
4f83c82309523058b6962b22fa9c6f380a741a512ac7faac8ed6c0473ee28f1d,2025,8,0.16399233841845953
4f83c82309523058b6962b22fa9c6f380a741a512ac7faac8ed6c0473ee28f1d,2025,9,0.12166787775280284
4f83c82309523058b6962b22fa9c6f380a741a512ac7faac8ed6c0473ee28f1d,2025,10,0.2353362550456667
4f8b7573bd4d18f5a769d47d5502594af03424e17da078905fb78f94dabe49a3,2025,5,0.07378670924538738
4f8b7573bd4d18f5a769d47d5502594af03424e17da078905fb78f94dabe49a3,2025,6,0.05532232671845924
4f8b7573bd4d18f5a769d47d5502594af03424e17da078905fb78f94dabe49a3,2025,7,0.05325880696426839
4f8b7573bd4d18f5a769d47d5502594af03424e17da078905fb78f94dabe49a3,2025,8,0.05480083089876839
4f8b7573bd4d18f5a769d47d5502594af03424e17da078905fb78f94dabe49a3,2025,9,0.06018893056980875
4f8b7573bd4d18f5a769d47d5502594af03424e17da078905fb78f94dabe49a3,2025,10,0.08361354934039038
505cec8055870ba248936866035f31c885549575133ff2e57db40e13573cc510,2025,5,0.031162432823051523
505cec8055870ba248936866035f31c885549575133ff2e57db40e13573cc510,2025,6,0.034058936241197095
505cec8055870ba248936866035f31c885549575133ff2e57db40e13573cc510,2025,7,0.03747875216689685
505cec8055870ba248936866035f31c885549575133ff2e57db40e13573cc510,2025,8,0.03826318141697815
505cec8055870ba248936866035f31c885549575133ff2e57db40e13573cc510,2025,9,0.03306286662167813
505cec8055870ba248936866035f31c885549575133ff2e57db40e13573cc510,2025,10,0.04835882766990628
50cabd611d5fb597fda9ba8744f20c95890e92febfb88bacd77518f28b76dbaf,2025,5,0.061297397760912635
50cabd611d5fb597fda9ba8744f20c95890e92febfb88bacd77518f28b76dbaf,2025,6,0.035901377405609045
50cabd611d5fb597fda9ba8744f20c95890e92febfb88bacd77518f28b76dbaf,2025,7,0.03796297539918094
50cabd611d5fb597fda9ba8744f20c95890e92febfb88bacd77518f28b76dbaf,2025,8,0.036432409202330936
50cabd611d5fb597fda9ba8744f20c95890e92febfb88bacd77518f28b76dbaf,2025,9,0.03788407277361458
517d9cc76601f48794af477b42c6faf6d1bc1ffbc3e0a95c365525e24fff7102,2025,5,0.040373608425971284
517d9cc76601f48794af477b42c6faf6d1bc1ffbc3e0a95c365525e24fff7102,2025,6,0.027126293763560533
517d9cc76601f48794af477b42c6faf6d1bc1ffbc3e0a95c365525e24fff7102,2025,7,0.030093223406649435
517d9cc76601f48794af477b42c6faf6d1bc1ffbc3e0a95c365525e24fff7102,2025,8,0.032009837997507576
517d9cc76601f48794af477b42c6faf6d1bc1ffbc3e0a95c365525e24fff7102,2025,9,0.03494337930319539
517d9cc76601f48794af477b42c6faf6d1bc1ffbc3e0a95c365525e24fff7102,2025,10,0.0602323521568763
523dab51adeebba76556261f0810d6d75ed31f3df58fba1a2e4f696de54396ac,2025,5,0.023852198833720112
523dab51adeebba76556261f0810d6d75ed31f3df58fba1a2e4f696de54396ac,2025,6,0.012561206789460475
523dab51adeebba76556261f0810d6d75ed31f3df58fba1a2e4f696de54396ac,2025,7,0.01672219833343174
523dab51adeebba76556261f0810d6d75ed31f3df58fba1a2e4f696de54396ac,2025,8,0.015160055879661991
523dab51adeebba76556261f0810d6d75ed31f3df58fba1a2e4f696de54396ac,2025,9,0.017653132211585647
523dab51adeebba76556261f0810d6d75ed31f3df58fba1a2e4f696de54396ac,2025,10,0.03016660874172146
5320f3b81b6e9ed63ef121e7cc60331945abaf8db9551d49321a3dec30f6c9bf,2025,5,0.09512612528451628
5320f3b81b6e9ed63ef121e7cc60331945abaf8db9551d49321a3dec30f6c9bf,2025,6,0.06651852942994796
5320f3b81b6e9ed63ef121e7cc60331945abaf8db9551d49321a3dec30f6c9bf,2025,7,0.06869533828591448
5320f3b81b6e9ed63ef121e7cc60331945abaf8db9551d49321a3dec30f6c9bf,2025,8,0.0680142082243248
5320f3b81b6e9ed63ef121e7cc60331945abaf8db9551d49321a3dec30f6c9bf,2025,9,0.05967029555181721
5320f3b81b6e9ed63ef121e7cc60331945abaf8db9551d49321a3dec30f6c9bf,2025,10,0.13212683232553998
533f97005c0cfa15c5dfa3f79154e5dff9a6b89ebeaf7dae85abf51b38eb0753,2025,5,0.0742765903152736
533f97005c0cfa15c5dfa3f79154e5dff9a6b89ebeaf7dae85abf51b38eb0753,2025,6,0.04255216862192168
533f97005c0cfa15c5dfa3f79154e5dff9a6b89ebeaf7dae85abf51b38eb0753,2025,7,0.0344036612814335
533f97005c0cfa15c5dfa3f79154e5dff9a6b89ebeaf7dae85abf51b38eb0753,2025,8,0.03499145716679763
533f97005c0cfa15c5dfa3f79154e5dff9a6b89ebeaf7dae85abf51b38eb0753,2025,9,0.034925972295378964
533f97005c0cfa15c5dfa3f79154e5dff9a6b89ebeaf7dae85abf51b38eb0753,2025,10,0.07929242716958783
53721a4d86e523d8f97d0f4c895bbbc5dc673145fc8105b70d6fe4f71d6fb543,2025,5,0.14461661829622163
53721a4d86e523d8f97d0f4c895bbbc5dc673145fc8105b70d6fe4f71d6fb543,2025,6,0.09732957744799847
53721a4d86e523d8f97d0f4c895bbbc5dc673145fc8105b70d6fe4f71d6fb543,2025,7,0.10116433231803301
53721a4d86e523d8f97d0f4c895bbbc5dc673145fc8105b70d6fe4f71d6fb543,2025,8,0.09411831380529224
53721a4d86e523d8f97d0f4c895bbbc5dc673145fc8105b70d6fe4f71d6fb543,2025,9,0.10634568988005044
53721a4d86e523d8f97d0f4c895bbbc5dc673145fc8105b70d6fe4f71d6fb543,2025,10,0.18317849398525554
54390e6a5d05207123f733426abf4016e8b908d6cb692d80faf87426b8bb1bc6,2025,5,0.0031486037960214504
54390e6a5d05207123f733426abf4016e8b908d6cb692d80faf87426b8bb1bc6,2025,6,0.003050937528876926
54390e6a5d05207123f733426abf4016e8b908d6cb692d80faf87426b8bb1bc6,2025,7,0.0061562620884320594
54390e6a5d05207123f733426abf4016e8b908d6cb692d80faf87426b8bb1bc6,2025,8,0.004921473039831632
54390e6a5d05207123f733426abf4016e8b908d6cb692d80faf87426b8bb1bc6,2025,9,0.0015315762235412291
54390e6a5d05207123f733426abf4016e8b908d6cb692d80faf87426b8bb1bc6,2025,10,0.013728545451123605
5470f4e2eb4941a970035e6c883967845e6e85acfb7db272abe6c702aecdf002,2025,5,0.04060202764722382
5470f4e2eb4941a970035e6c883967845e6e85acfb7db272abe6c702aecdf002,2025,6,0.03658690889505381
5470f4e2eb4941a970035e6c883967845e6e85acfb7db272abe6c702aecdf002,2025,7,0.04018623279150712
5470f4e2eb4941a970035e6c883967845e6e85acfb7db272abe6c702aecdf002,2025,8,0.03654100022515652
5470f4e2eb4941a970035e6c883967845e6e85acfb7db272abe6c702aecdf002,2025,9,0.03423035237974006
5470f4e2eb4941a970035e6c883967845e6e85acfb7db272abe6c702aecdf002,2025,10,0.05476182512569049
5545ab6fcf21d2a3b3a338eb0ab52ec090f35c4a766ef55fa0a4c8607fe6bb6c,2025,5,0.01658094839264575
5545ab6fcf21d2a3b3a338eb0ab52ec090f35c4a766ef55fa0a4c8607fe6bb6c,2025,6,0.021647117454769525
5545ab6fcf21d2a3b3a338eb0ab52ec090f35c4a766ef55fa0a4c8607fe6bb6c,2025,7,0.02097045790086266
5545ab6fcf21d2a3b3a338eb0ab52ec090f35c4a766ef55fa0a4c8607fe6bb6c,2025,8,0.021855916421633835
5545ab6fcf21d2a3b3a338eb0ab52ec090f35c4a766ef55fa0a4c8607fe6bb6c,2025,9,0.019459282278340293
5545ab6fcf21d2a3b3a338eb0ab52ec090f35c4a766ef55fa0a4c8607fe6bb6c,2025,10,0.025426585727564333
55630d4249cb25530ec503d923aa0dec68fb91f0ce6cde50423eefd1eb852c9a,2025,5,0.014696078422944705
55630d4249cb25530ec503d923aa0dec68fb91f0ce6cde50423eefd1eb852c9a,2025,6,0.013344008718662021
55630d4249cb25530ec503d923aa0dec68fb91f0ce6cde50423eefd1eb852c9a,2025,7,0.013996243224219372
55630d4249cb25530ec503d923aa0dec68fb91f0ce6cde50423eefd1eb852c9a,2025,8,0.012236032412976989
55630d4249cb25530ec503d923aa0dec68fb91f0ce6cde50423eefd1eb852c9a,2025,9,0.009138494780397913
55630d4249cb25530ec503d923aa0dec68fb91f0ce6cde50423eefd1eb852c9a,2025,10,0.04196689160192571
55800e8dff57a438a5048017412519dc461aa797eb7de4f2a096ac0a2fb91dbd,2025,5,0.035397641407917665
55800e8dff57a438a5048017412519dc461aa797eb7de4f2a096ac0a2fb91dbd,2025,6,0.019840213132548697
55800e8dff57a438a5048017412519dc461aa797eb7de4f2a096ac0a2fb91dbd,2025,7,0.025620531153879477
55800e8dff57a438a5048017412519dc461aa797eb7de4f2a096ac0a2fb91dbd,2025,8,0.023683705266553588
55800e8dff57a438a5048017412519dc461aa797eb7de4f2a096ac0a2fb91dbd,2025,9,0.02277932948967898
55800e8dff57a438a5048017412519dc461aa797eb7de4f2a096ac0a2fb91dbd,2025,10,0.05662795162099568
56b42ee217ab8ea2210a6e214cb13ca97d0a387c6f0d4acb79c1397ade9f3860,2025,5,0.045662116980521514
56b42ee217ab8ea2210a6e214cb13ca97d0a387c6f0d4acb79c1397ade9f3860,2025,6,0.03418576536290478
56b42ee217ab8ea2210a6e214cb13ca97d0a387c6f0d4acb79c1397ade9f3860,2025,7,0.034096869939563804
56b42ee217ab8ea2210a6e214cb13ca97d0a387c6f0d4acb79c1397ade9f3860,2025,8,0.03449047489219846
56b42ee217ab8ea2210a6e214cb13ca97d0a387c6f0d4acb79c1397ade9f3860,2025,9,0.03830182401341308
56b42ee217ab8ea2210a6e214cb13ca97d0a387c6f0d4acb79c1397ade9f3860,2025,10,0.08380894288867682
56bd92b09a813495134ac6d10f5e782789cfefee0b2fc53c385efeee199eec99,2025,5,0.1349187851780693
56bd92b09a813495134ac6d10f5e782789cfefee0b2fc53c385efeee199eec99,2025,6,0.11613620537619636
56bd92b09a813495134ac6d10f5e782789cfefee0b2fc53c385efeee199eec99,2025,7,0.11433780601215063
56bd92b09a813495134ac6d10f5e782789cfefee0b2fc53c385efeee199eec99,2025,8,0.11936740086773434
56bd92b09a813495134ac6d10f5e782789cfefee0b2fc53c385efeee199eec99,2025,9,0.12616393085103647
56bd92b09a813495134ac6d10f5e782789cfefee0b2fc53c385efeee199eec99,2025,10,0.18206104215075394
57759d9cd850c1c1a07c24f46c3cf47f6469420986bb049cca476d2316ca5cc6,2025,5,0.048297579387335914
57759d9cd850c1c1a07c24f46c3cf47f6469420986bb049cca476d2316ca5cc6,2025,6,0.02677020281868912
57759d9cd850c1c1a07c24f46c3cf47f6469420986bb049cca476d2316ca5cc6,2025,7,0.02513472579489265
57759d9cd850c1c1a07c24f46c3cf47f6469420986bb049cca476d2316ca5cc6,2025,8,0.020637535257876774
57759d9cd850c1c1a07c24f46c3cf47f6469420986bb049cca476d2316ca5cc6,2025,9,0.03204075392698987
57759d9cd850c1c1a07c24f46c3cf47f6469420986bb049cca476d2316ca5cc6,2025,10,0.052242369330865575
57830d21168320b1159d9fa5ddea9c32ed78fb8bbd3361a37461c7af875ab9fd,2025,5,0.0203241256494596
57830d21168320b1159d9fa5ddea9c32ed78fb8bbd3361a37461c7af875ab9fd,2025,6,0.019114078394551197
57830d21168320b1159d9fa5ddea9c32ed78fb8bbd3361a37461c7af875ab9fd,2025,7,0.023604914709470147
57830d21168320b1159d9fa5ddea9c32ed78fb8bbd3361a37461c7af875ab9fd,2025,8,0.02099185781978321
57830d21168320b1159d9fa5ddea9c32ed78fb8bbd3361a37461c7af875ab9fd,2025,9,0.0241128990124626
57830d21168320b1159d9fa5ddea9c32ed78fb8bbd3361a37461c7af875ab9fd,2025,10,0.03145665079651564
57ad7d4729eac1e5d053e22153f65597eb940dc6c45a6e473bc3d84b1ae20d6c,2025,5,0.1929491141590072
57ad7d4729eac1e5d053e22153f65597eb940dc6c45a6e473bc3d84b1ae20d6c,2025,6,0.1328736105859105
57ad7d4729eac1e5d053e22153f65597eb940dc6c45a6e473bc3d84b1ae20d6c,2025,7,0.13100165941761172
57ad7d4729eac1e5d053e22153f65597eb940dc6c45a6e473bc3d84b1ae20d6c,2025,8,0.12964584648135397
57ad7d4729eac1e5d053e22153f65597eb940dc6c45a6e473bc3d84b1ae20d6c,2025,9,0.138419684144686
57ad7d4729eac1e5d053e22153f65597eb940dc6c45a6e473bc3d84b1ae20d6c,2025,10,0.1547179905880723
57e1f592de6d1c5ff494d51ce570ac76c198b9e5bfd2794006a37cfd39b7d3a5,2025,5,0.027907203505092668
57e1f592de6d1c5ff494d51ce570ac76c198b9e5bfd2794006a37cfd39b7d3a5,2025,6,0.028767141212996023
57e1f592de6d1c5ff494d51ce570ac76c198b9e5bfd2794006a37cfd39b7d3a5,2025,7,0.028819838983661885
57e1f592de6d1c5ff494d51ce570ac76c198b9e5bfd2794006a37cfd39b7d3a5,2025,8,0.029259166462516844
57e1f592de6d1c5ff494d51ce570ac76c198b9e5bfd2794006a37cfd39b7d3a5,2025,9,0.024983758240501457
57e1f592de6d1c5ff494d51ce570ac76c198b9e5bfd2794006a37cfd39b7d3a5,2025,10,0.045812314930925274
588f57b50001201d45ddccc8c41e273f65c4fb3a5e6500d0d5b896aa695621b3,2025,5,0.021430657478477652
588f57b50001201d45ddccc8c41e273f65c4fb3a5e6500d0d5b896aa695621b3,2025,6,0.02239998312265651
588f57b50001201d45ddccc8c41e273f65c4fb3a5e6500d0d5b896aa695621b3,2025,7,0.02247417128980153
588f57b50001201d45ddccc8c41e273f65c4fb3a5e6500d0d5b896aa695621b3,2025,8,0.021733726909399675
588f57b50001201d45ddccc8c41e273f65c4fb3a5e6500d0d5b896aa695621b3,2025,9,0.0209212578957815
588f57b50001201d45ddccc8c41e273f65c4fb3a5e6500d0d5b896aa695621b3,2025,10,0.025609400393545357
59050c52b7e28aba19f7a4ca026db3e53aef86f84df0486b2cbadea29ce72492,2025,5,0.046562209141342376
59050c52b7e28aba19f7a4ca026db3e53aef86f84df0486b2cbadea29ce72492,2025,6,0.025803270078708605
59050c52b7e28aba19f7a4ca026db3e53aef86f84df0486b2cbadea29ce72492,2025,7,0.030405649874073435
59050c52b7e28aba19f7a4ca026db3e53aef86f84df0486b2cbadea29ce72492,2025,8,0.02715487582776796
59050c52b7e28aba19f7a4ca026db3e53aef86f84df0486b2cbadea29ce72492,2025,9,0.03232503527983924
59050c52b7e28aba19f7a4ca026db3e53aef86f84df0486b2cbadea29ce72492,2025,10,0.058803403162675766
59e21223b9464c29968868cca28e4c34fabfc8521b0a77672e127a8ea6fe63fa,2025,5,0.08055715263959773
59e21223b9464c29968868cca28e4c34fabfc8521b0a77672e127a8ea6fe63fa,2025,6,0.05692165561936731
59e21223b9464c29968868cca28e4c34fabfc8521b0a77672e127a8ea6fe63fa,2025,7,0.05135424158934624
59e21223b9464c29968868cca28e4c34fabfc8521b0a77672e127a8ea6fe63fa,2025,8,0.050664033435243866
59e21223b9464c29968868cca28e4c34fabfc8521b0a77672e127a8ea6fe63fa,2025,9,0.05709019956466397
59e21223b9464c29968868cca28e4c34fabfc8521b0a77672e127a8ea6fe63fa,2025,10,0.08541213854061495
59fd23aa206ea7d99c5d9cab9bc125e1713c88c5fc51e5f196118728f4a9c5df,2025,5,0.05004119332892519
59fd23aa206ea7d99c5d9cab9bc125e1713c88c5fc51e5f196118728f4a9c5df,2025,6,0.04031781054095138
59fd23aa206ea7d99c5d9cab9bc125e1713c88c5fc51e5f196118728f4a9c5df,2025,7,0.04262483089828979
59fd23aa206ea7d99c5d9cab9bc125e1713c88c5fc51e5f196118728f4a9c5df,2025,8,0.04079889542067623
59fd23aa206ea7d99c5d9cab9bc125e1713c88c5fc51e5f196118728f4a9c5df,2025,9,0.04138432620456618
59fd23aa206ea7d99c5d9cab9bc125e1713c88c5fc51e5f196118728f4a9c5df,2025,10,0.055986484576730826
5a07ce9c5fcc80da55b4c1cead1167688d043c0c21e996abfbcc3e6ed32c06c0,2025,5,0.027068870759897827
5a07ce9c5fcc80da55b4c1cead1167688d043c0c21e996abfbcc3e6ed32c06c0,2025,6,0.02170320179225275
5a07ce9c5fcc80da55b4c1cead1167688d043c0c21e996abfbcc3e6ed32c06c0,2025,7,0.021568308807249706
5a07ce9c5fcc80da55b4c1cead1167688d043c0c21e996abfbcc3e6ed32c06c0,2025,8,0.02154688263550018
5a07ce9c5fcc80da55b4c1cead1167688d043c0c21e996abfbcc3e6ed32c06c0,2025,9,0.021676962561579395
5a07ce9c5fcc80da55b4c1cead1167688d043c0c21e996abfbcc3e6ed32c06c0,2025,10,0.04620047127394062
5aa7c9db489efe318f3f6f41a484f366b5fd8a13c4bf0eb7d33a6307b9535646,2025,5,0.01986376855083844
5aa7c9db489efe318f3f6f41a484f366b5fd8a13c4bf0eb7d33a6307b9535646,2025,6,0.015891608728901437
5aa7c9db489efe318f3f6f41a484f366b5fd8a13c4bf0eb7d33a6307b9535646,2025,7,0.015333287465942839
5aa7c9db489efe318f3f6f41a484f366b5fd8a13c4bf0eb7d33a6307b9535646,2025,8,0.014469750368790604
5aa7c9db489efe318f3f6f41a484f366b5fd8a13c4bf0eb7d33a6307b9535646,2025,9,0.01671806282772828
5aa7c9db489efe318f3f6f41a484f366b5fd8a13c4bf0eb7d33a6307b9535646,2025,10,0.03226516424160668
5b03b2f6c400846d942696bc54df19745c10fc5ee044f1654b16317b5bfa06be,2025,5,0.04274567392325024
5b03b2f6c400846d942696bc54df19745c10fc5ee044f1654b16317b5bfa06be,2025,6,0.03641907828847885
5b03b2f6c400846d942696bc54df19745c10fc5ee044f1654b16317b5bfa06be,2025,7,0.035122938955322876
5b03b2f6c400846d942696bc54df19745c10fc5ee044f1654b16317b5bfa06be,2025,8,0.03884990551420391
5b03b2f6c400846d942696bc54df19745c10fc5ee044f1654b16317b5bfa06be,2025,9,0.03919789695108636
5b03b2f6c400846d942696bc54df19745c10fc5ee044f1654b16317b5bfa06be,2025,10,0.06219452080623423
5b3858ba768144be08debf49316052877f2af36e7eada6946ef9022e28a2fd1a,2025,5,0.27568067027083737
5b3858ba768144be08debf49316052877f2af36e7eada6946ef9022e28a2fd1a,2025,6,0.20700001034162768
5b3858ba768144be08debf49316052877f2af36e7eada6946ef9022e28a2fd1a,2025,7,0.19903054815629143
5b3858ba768144be08debf49316052877f2af36e7eada6946ef9022e28a2fd1a,2025,8,0.2069032711091295
5b3858ba768144be08debf49316052877f2af36e7eada6946ef9022e28a2fd1a,2025,9,0.20849020966356496
5b3858ba768144be08debf49316052877f2af36e7eada6946ef9022e28a2fd1a,2025,10,0.3360095754791795
5b41533f785e07c78fe2cd6544a42022eafcd74d941d75086d31739e159026d4,2025,5,0.03181899264472702
5b41533f785e07c78fe2cd6544a42022eafcd74d941d75086d31739e159026d4,2025,6,0.028911223685724238
5b41533f785e07c78fe2cd6544a42022eafcd74d941d75086d31739e159026d4,2025,7,0.029611589833169288
5b41533f785e07c78fe2cd6544a42022eafcd74d941d75086d31739e159026d4,2025,8,0.02910759540259399
5b41533f785e07c78fe2cd6544a42022eafcd74d941d75086d31739e159026d4,2025,9,0.026408652689697054
5b41533f785e07c78fe2cd6544a42022eafcd74d941d75086d31739e159026d4,2025,10,0.0478941540722012
5b7a81d5dfc407034deb1aa280feebeaab899969e4b565d765e5f8036974aa5a,2025,5,0.03538598816858036
5b7a81d5dfc407034deb1aa280feebeaab899969e4b565d765e5f8036974aa5a,2025,6,0.023545957349301577
5b7a81d5dfc407034deb1aa280feebeaab899969e4b565d765e5f8036974aa5a,2025,7,0.023518194365150746
5b7a81d5dfc407034deb1aa280feebeaab899969e4b565d765e5f8036974aa5a,2025,8,0.02258825852578607
5b7a81d5dfc407034deb1aa280feebeaab899969e4b565d765e5f8036974aa5a,2025,9,0.02439560543400296
5b7a81d5dfc407034deb1aa280feebeaab899969e4b565d765e5f8036974aa5a,2025,10,0.0419918718914634
5bfdd623bfd03a2c1b7ac18dd3e8e7493f2b33b30278675c3a9facb5a760772a,2025,5,0.029291046416601622
5bfdd623bfd03a2c1b7ac18dd3e8e7493f2b33b30278675c3a9facb5a760772a,2025,6,0.025207521916701746
5bfdd623bfd03a2c1b7ac18dd3e8e7493f2b33b30278675c3a9facb5a760772a,2025,7,0.029334736183479804
5bfdd623bfd03a2c1b7ac18dd3e8e7493f2b33b30278675c3a9facb5a760772a,2025,8,0.0234186883873578
5bfdd623bfd03a2c1b7ac18dd3e8e7493f2b33b30278675c3a9facb5a760772a,2025,9,0.03383174895377968
5bfdd623bfd03a2c1b7ac18dd3e8e7493f2b33b30278675c3a9facb5a760772a,2025,10,0.04900077582892986
5cf0d095281a25413ac106fe116c1e57f23e24cc370014fc11825831e6947428,2025,5,0.04416429858257095
5cf0d095281a25413ac106fe116c1e57f23e24cc370014fc11825831e6947428,2025,6,0.037030565604355734
5cf0d095281a25413ac106fe116c1e57f23e24cc370014fc11825831e6947428,2025,7,0.04255282915910019
5cf0d095281a25413ac106fe116c1e57f23e24cc370014fc11825831e6947428,2025,8,0.04195793870861395
5cf0d095281a25413ac106fe116c1e57f23e24cc370014fc11825831e6947428,2025,9,0.03729600276957029
5cf0d095281a25413ac106fe116c1e57f23e24cc370014fc11825831e6947428,2025,10,0.05764817786836072
5ecc19fefa39630b967d96cb9290f5a667cd21bf49f4c9e454c7f6190fdf9dce,2025,5,0.04851873705904266
5ecc19fefa39630b967d96cb9290f5a667cd21bf49f4c9e454c7f6190fdf9dce,2025,6,0.029047480110194063
5ecc19fefa39630b967d96cb9290f5a667cd21bf49f4c9e454c7f6190fdf9dce,2025,7,0.028180123911535536
5ecc19fefa39630b967d96cb9290f5a667cd21bf49f4c9e454c7f6190fdf9dce,2025,8,0.03327747780981232
5ecc19fefa39630b967d96cb9290f5a667cd21bf49f4c9e454c7f6190fdf9dce,2025,9,0.02846076249313424
5ecc19fefa39630b967d96cb9290f5a667cd21bf49f4c9e454c7f6190fdf9dce,2025,10,0.06454449143913416
5f9825a2690b37cce56f4a82d25a4030786fe903f495f5100d943c2b8cc6a1d9,2025,5,0.0758389566100715
5f9825a2690b37cce56f4a82d25a4030786fe903f495f5100d943c2b8cc6a1d9,2025,6,0.058296694816362814
5f9825a2690b37cce56f4a82d25a4030786fe903f495f5100d943c2b8cc6a1d9,2025,7,0.0630292732437585
5f9825a2690b37cce56f4a82d25a4030786fe903f495f5100d943c2b8cc6a1d9,2025,8,0.06259873747870817
5f9825a2690b37cce56f4a82d25a4030786fe903f495f5100d943c2b8cc6a1d9,2025,9,0.06274531323281252
5f9825a2690b37cce56f4a82d25a4030786fe903f495f5100d943c2b8cc6a1d9,2025,10,0.08180195103968
5fc8fe40f253c5522657a9fd70bb37c6a7ff4643c59cd64018ed5d576cf1be63,2025,5,0.06896653801212965
5fc8fe40f253c5522657a9fd70bb37c6a7ff4643c59cd64018ed5d576cf1be63,2025,6,0.06967059210156827
5fc8fe40f253c5522657a9fd70bb37c6a7ff4643c59cd64018ed5d576cf1be63,2025,7,0.06153004780797108
5fc8fe40f253c5522657a9fd70bb37c6a7ff4643c59cd64018ed5d576cf1be63,2025,8,0.061147687030931874
5fc8fe40f253c5522657a9fd70bb37c6a7ff4643c59cd64018ed5d576cf1be63,2025,9,0.06463858677021996
5fc8fe40f253c5522657a9fd70bb37c6a7ff4643c59cd64018ed5d576cf1be63,2025,10,0.11492873844256929
60bcd9b88089f8b9ac9dbf85fe94fd5c3225b55bdb214f46e8a40d08e096d51f,2025,5,0.32451720884244173
60bcd9b88089f8b9ac9dbf85fe94fd5c3225b55bdb214f46e8a40d08e096d51f,2025,6,0.3014869264718196
60bcd9b88089f8b9ac9dbf85fe94fd5c3225b55bdb214f46e8a40d08e096d51f,2025,7,0.3122920888410131
60bcd9b88089f8b9ac9dbf85fe94fd5c3225b55bdb214f46e8a40d08e096d51f,2025,8,0.3145438541296812
60bcd9b88089f8b9ac9dbf85fe94fd5c3225b55bdb214f46e8a40d08e096d51f,2025,9,0.316754569392361
60bcd9b88089f8b9ac9dbf85fe94fd5c3225b55bdb214f46e8a40d08e096d51f,2025,10,0.3488836830087407
60c5b163f2f9c8555febf4fda3ecf8dffa45120e1cfbcd05dd25721bc262a995,2025,5,0.0407554580476962
60c5b163f2f9c8555febf4fda3ecf8dffa45120e1cfbcd05dd25721bc262a995,2025,6,0.02802796671408781
60c5b163f2f9c8555febf4fda3ecf8dffa45120e1cfbcd05dd25721bc262a995,2025,7,0.029629045863108473
60c5b163f2f9c8555febf4fda3ecf8dffa45120e1cfbcd05dd25721bc262a995,2025,8,0.03169594245313885
60c5b163f2f9c8555febf4fda3ecf8dffa45120e1cfbcd05dd25721bc262a995,2025,9,0.029082340823768617
60c5b163f2f9c8555febf4fda3ecf8dffa45120e1cfbcd05dd25721bc262a995,2025,10,0.05556505346005865
60e7edb5d6edb57d84945a6e346c6f4e0f7917f57a13fb9ac38b70434199f822,2025,5,0.06297778497967671
60e7edb5d6edb57d84945a6e346c6f4e0f7917f57a13fb9ac38b70434199f822,2025,6,0.04868082777822256
60e7edb5d6edb57d84945a6e346c6f4e0f7917f57a13fb9ac38b70434199f822,2025,7,0.05110363535917831
60e7edb5d6edb57d84945a6e346c6f4e0f7917f57a13fb9ac38b70434199f822,2025,8,0.0483201762275826
60e7edb5d6edb57d84945a6e346c6f4e0f7917f57a13fb9ac38b70434199f822,2025,9,0.0513675931018788
60e7edb5d6edb57d84945a6e346c6f4e0f7917f57a13fb9ac38b70434199f822,2025,10,0.09282966531308652
615bf3d6f36d251cb9e14425615f8e2e365542fe9dc9ecd5dd2e98fa5a5d35e5,2025,5,0.03967126040642123
615bf3d6f36d251cb9e14425615f8e2e365542fe9dc9ecd5dd2e98fa5a5d35e5,2025,6,0.025347720835388467
615bf3d6f36d251cb9e14425615f8e2e365542fe9dc9ecd5dd2e98fa5a5d35e5,2025,7,0.03264759322468602
615bf3d6f36d251cb9e14425615f8e2e365542fe9dc9ecd5dd2e98fa5a5d35e5,2025,8,0.02766264479058466
615bf3d6f36d251cb9e14425615f8e2e365542fe9dc9ecd5dd2e98fa5a5d35e5,2025,9,0.0283309402859302
615bf3d6f36d251cb9e14425615f8e2e365542fe9dc9ecd5dd2e98fa5a5d35e5,2025,10,0.0528261619135149
61898ee235e5962a9291a7a1b991269e79d37401af402bcc21c0ba708e5ef86a,2025,5,0.040273017816757725
61898ee235e5962a9291a7a1b991269e79d37401af402bcc21c0ba708e5ef86a,2025,6,0.03759380399361017
61898ee235e5962a9291a7a1b991269e79d37401af402bcc21c0ba708e5ef86a,2025,7,0.045571526649106395
61898ee235e5962a9291a7a1b991269e79d37401af402bcc21c0ba708e5ef86a,2025,8,0.04212542521659156
61898ee235e5962a9291a7a1b991269e79d37401af402bcc21c0ba708e5ef86a,2025,9,0.03841306277539168
61898ee235e5962a9291a7a1b991269e79d37401af402bcc21c0ba708e5ef86a,2025,10,0.06366739502801726
61e4cc7d07e2597a412b5a4d76b6abf624b45d0658ebaa8554f9f10e83fae126,2025,5,0.06593582226785494
61e4cc7d07e2597a412b5a4d76b6abf624b45d0658ebaa8554f9f10e83fae126,2025,6,0.050239025411949134
61e4cc7d07e2597a412b5a4d76b6abf624b45d0658ebaa8554f9f10e83fae126,2025,7,0.046344274104846456
61e4cc7d07e2597a412b5a4d76b6abf624b45d0658ebaa8554f9f10e83fae126,2025,8,0.05130549837657062
61e4cc7d07e2597a412b5a4d76b6abf624b45d0658ebaa8554f9f10e83fae126,2025,9,0.04549541128863039
61e4cc7d07e2597a412b5a4d76b6abf624b45d0658ebaa8554f9f10e83fae126,2025,10,0.08849297962985896
61eb8b7e6725b2ecd5b694c37e61194886c4258db398459aed173d9e4083ca02,2025,5,0.03425731678124338
61eb8b7e6725b2ecd5b694c37e61194886c4258db398459aed173d9e4083ca02,2025,6,0.0337859247387705
61eb8b7e6725b2ecd5b694c37e61194886c4258db398459aed173d9e4083ca02,2025,7,0.03913856591106899
61eb8b7e6725b2ecd5b694c37e61194886c4258db398459aed173d9e4083ca02,2025,8,0.032776636454932694
61eb8b7e6725b2ecd5b694c37e61194886c4258db398459aed173d9e4083ca02,2025,9,0.03472159541653626
61eb8b7e6725b2ecd5b694c37e61194886c4258db398459aed173d9e4083ca02,2025,10,0.05756193924868115
620db3de55dd5ad5a4c84aa60649c93b1ce72290172e7e8af9e22116544bfbaf,2025,5,0.04385660818373645
620db3de55dd5ad5a4c84aa60649c93b1ce72290172e7e8af9e22116544bfbaf,2025,6,0.04504635012901667
620db3de55dd5ad5a4c84aa60649c93b1ce72290172e7e8af9e22116544bfbaf,2025,7,0.044459689207421646
620db3de55dd5ad5a4c84aa60649c93b1ce72290172e7e8af9e22116544bfbaf,2025,8,0.04327339014770906
620db3de55dd5ad5a4c84aa60649c93b1ce72290172e7e8af9e22116544bfbaf,2025,9,0.03891520204664052
620db3de55dd5ad5a4c84aa60649c93b1ce72290172e7e8af9e22116544bfbaf,2025,10,0.04601007644271484
6307f0a62336512f6d63464c85eb14bac28566846dfcde80440c49734b4fc7bf,2025,5,0.04860531552739871
6307f0a62336512f6d63464c85eb14bac28566846dfcde80440c49734b4fc7bf,2025,6,0.02228353987090332
6307f0a62336512f6d63464c85eb14bac28566846dfcde80440c49734b4fc7bf,2025,7,0.024975429517875583
6307f0a62336512f6d63464c85eb14bac28566846dfcde80440c49734b4fc7bf,2025,8,0.025387143631697952
6307f0a62336512f6d63464c85eb14bac28566846dfcde80440c49734b4fc7bf,2025,9,0.028823809548248078
6307f0a62336512f6d63464c85eb14bac28566846dfcde80440c49734b4fc7bf,2025,10,0.07550188952732911
63084611d343a86e43ca476a23410f4f82cd22651f479a700f525766235558df,2025,5,0.04138365865979698
63084611d343a86e43ca476a23410f4f82cd22651f479a700f525766235558df,2025,6,0.03212823865695794
63084611d343a86e43ca476a23410f4f82cd22651f479a700f525766235558df,2025,7,0.03641809146855086
63084611d343a86e43ca476a23410f4f82cd22651f479a700f525766235558df,2025,8,0.03397792736388175
63084611d343a86e43ca476a23410f4f82cd22651f479a700f525766235558df,2025,9,0.035066006224310435
63084611d343a86e43ca476a23410f4f82cd22651f479a700f525766235558df,2025,10,0.052560986913012996
633d3575fa7767edfb0a71626b48acb0761ccb8c8639e6231554cdd95745d85d,2025,5,0.2187497607723321
633d3575fa7767edfb0a71626b48acb0761ccb8c8639e6231554cdd95745d85d,2025,6,0.1592547959794341
633d3575fa7767edfb0a71626b48acb0761ccb8c8639e6231554cdd95745d85d,2025,7,0.16122841045795644
633d3575fa7767edfb0a71626b48acb0761ccb8c8639e6231554cdd95745d85d,2025,8,0.1698253935417363
633d3575fa7767edfb0a71626b48acb0761ccb8c8639e6231554cdd95745d85d,2025,9,0.18807970595208853
633d3575fa7767edfb0a71626b48acb0761ccb8c8639e6231554cdd95745d85d,2025,10,0.266393239372697
633ea077a4f502548f8fc9ec02da5360d6f4647862878e539130f2e2d7444164,2025,5,0.02715069426252902
633ea077a4f502548f8fc9ec02da5360d6f4647862878e539130f2e2d7444164,2025,6,0.03260121060461733
633ea077a4f502548f8fc9ec02da5360d6f4647862878e539130f2e2d7444164,2025,7,0.030740686816874183
633ea077a4f502548f8fc9ec02da5360d6f4647862878e539130f2e2d7444164,2025,8,0.03069951790454537
633ea077a4f502548f8fc9ec02da5360d6f4647862878e539130f2e2d7444164,2025,9,0.027010077200839377
633ea077a4f502548f8fc9ec02da5360d6f4647862878e539130f2e2d7444164,2025,10,0.04068530862444755
63dd53d33b345b620673bf853e517ddc2c91235e8e15c0ccec551d34b8ecc210,2025,5,0.13040156643817652
63dd53d33b345b620673bf853e517ddc2c91235e8e15c0ccec551d34b8ecc210,2025,6,0.10980893259143758
63dd53d33b345b620673bf853e517ddc2c91235e8e15c0ccec551d34b8ecc210,2025,7,0.10761907119993505
63dd53d33b345b620673bf853e517ddc2c91235e8e15c0ccec551d34b8ecc210,2025,8,0.10523121257038302
63dd53d33b345b620673bf853e517ddc2c91235e8e15c0ccec551d34b8ecc210,2025,9,0.11083906203408622
63dd53d33b345b620673bf853e517ddc2c91235e8e15c0ccec551d34b8ecc210,2025,10,0.25319738843730144
63f34050039b27e299e62b4eacfc6482e44bc6a130446efec848a548d21aedf3,2025,5,0.13127626718321436
63f34050039b27e299e62b4eacfc6482e44bc6a130446efec848a548d21aedf3,2025,6,0.11229741704108016
63f34050039b27e299e62b4eacfc6482e44bc6a130446efec848a548d21aedf3,2025,7,0.13277772858557396
63f34050039b27e299e62b4eacfc6482e44bc6a130446efec848a548d21aedf3,2025,8,0.1661932352712716
63f34050039b27e299e62b4eacfc6482e44bc6a130446efec848a548d21aedf3,2025,9,0.13030704554653516
63f34050039b27e299e62b4eacfc6482e44bc6a130446efec848a548d21aedf3,2025,10,0.18269329851531924
63fda78c4fbd335f7c85c0dab6926090b02ccdc24eeb5fef6d7c2330d449f8d3,2025,5,0.037337496556495264
63fda78c4fbd335f7c85c0dab6926090b02ccdc24eeb5fef6d7c2330d449f8d3,2025,6,0.02904644159546197
63fda78c4fbd335f7c85c0dab6926090b02ccdc24eeb5fef6d7c2330d449f8d3,2025,7,0.031547853311194904
63fda78c4fbd335f7c85c0dab6926090b02ccdc24eeb5fef6d7c2330d449f8d3,2025,8,0.02996259089129296
63fda78c4fbd335f7c85c0dab6926090b02ccdc24eeb5fef6d7c2330d449f8d3,2025,9,0.025123154818319105
63fda78c4fbd335f7c85c0dab6926090b02ccdc24eeb5fef6d7c2330d449f8d3,2025,10,0.04533792898856359
6401974d764381f21fee84cbab820123e2fbb908730abc77e591ae326f046e58,2025,5,0.043733971618960796
6401974d764381f21fee84cbab820123e2fbb908730abc77e591ae326f046e58,2025,6,0.037551196210173464
6401974d764381f21fee84cbab820123e2fbb908730abc77e591ae326f046e58,2025,7,0.037538065384888505
6401974d764381f21fee84cbab820123e2fbb908730abc77e591ae326f046e58,2025,8,0.03824081849193706
6401974d764381f21fee84cbab820123e2fbb908730abc77e591ae326f046e58,2025,9,0.037203295464884614
6401974d764381f21fee84cbab820123e2fbb908730abc77e591ae326f046e58,2025,10,0.06695149063704593
653ffec4ec62bb9e892b954580d5a75f50cdc2a7bc1bc109f616ccc4a16d136c,2025,5,0.05566029933069267
653ffec4ec62bb9e892b954580d5a75f50cdc2a7bc1bc109f616ccc4a16d136c,2025,6,0.04062918928276815
653ffec4ec62bb9e892b954580d5a75f50cdc2a7bc1bc109f616ccc4a16d136c,2025,7,0.041254371146212325
653ffec4ec62bb9e892b954580d5a75f50cdc2a7bc1bc109f616ccc4a16d136c,2025,8,0.032185053617018
653ffec4ec62bb9e892b954580d5a75f50cdc2a7bc1bc109f616ccc4a16d136c,2025,9,0.04456622660994689
653ffec4ec62bb9e892b954580d5a75f50cdc2a7bc1bc109f616ccc4a16d136c,2025,10,0.08199889358011762
6569ec289bfff6260f75287e8507b1b8a23bb3b4e996c079b2ee399c08144033,2025,5,0.03844042658898948
6569ec289bfff6260f75287e8507b1b8a23bb3b4e996c079b2ee399c08144033,2025,6,0.03473576993339623
6569ec289bfff6260f75287e8507b1b8a23bb3b4e996c079b2ee399c08144033,2025,7,0.03671323233334534
6569ec289bfff6260f75287e8507b1b8a23bb3b4e996c079b2ee399c08144033,2025,8,0.03479705544798414
6569ec289bfff6260f75287e8507b1b8a23bb3b4e996c079b2ee399c08144033,2025,9,0.04055375413313233
6569ec289bfff6260f75287e8507b1b8a23bb3b4e996c079b2ee399c08144033,2025,10,0.10520473915277273
669ad444bf902b0518da32fe225456e46a89593fcb35621838d7c1508dbdc491,2025,5,0.08326896538836039
669ad444bf902b0518da32fe225456e46a89593fcb35621838d7c1508dbdc491,2025,6,0.05328022799798714
669ad444bf902b0518da32fe225456e46a89593fcb35621838d7c1508dbdc491,2025,7,0.05515274249099647
669ad444bf902b0518da32fe225456e46a89593fcb35621838d7c1508dbdc491,2025,8,0.05466084475449634
669ad444bf902b0518da32fe225456e46a89593fcb35621838d7c1508dbdc491,2025,9,0.06508396659369366
669ad444bf902b0518da32fe225456e46a89593fcb35621838d7c1508dbdc491,2025,10,0.1141841956971469
66e4d6f3af1f9c8f3f2ed5f1143c4358bb53ca3df4f64189dec51276ff03712a,2025,5,0.03600182066999974
66e4d6f3af1f9c8f3f2ed5f1143c4358bb53ca3df4f64189dec51276ff03712a,2025,6,0.013036711635096144
66e4d6f3af1f9c8f3f2ed5f1143c4358bb53ca3df4f64189dec51276ff03712a,2025,7,0.013910867651957858
66e4d6f3af1f9c8f3f2ed5f1143c4358bb53ca3df4f64189dec51276ff03712a,2025,8,0.012227380165734098
66e4d6f3af1f9c8f3f2ed5f1143c4358bb53ca3df4f64189dec51276ff03712a,2025,9,0.016369333930495358
66e4d6f3af1f9c8f3f2ed5f1143c4358bb53ca3df4f64189dec51276ff03712a,2025,10,0.03765185514219927
6730c0d7b2f79408d56eedefa827ded1388ed88efc60562e50ba2193cd890b5d,2025,5,0.20319098986011222
6730c0d7b2f79408d56eedefa827ded1388ed88efc60562e50ba2193cd890b5d,2025,6,0.19457955384050182
6730c0d7b2f79408d56eedefa827ded1388ed88efc60562e50ba2193cd890b5d,2025,7,0.16045270744432477
6730c0d7b2f79408d56eedefa827ded1388ed88efc60562e50ba2193cd890b5d,2025,8,0.1784857233636388
6730c0d7b2f79408d56eedefa827ded1388ed88efc60562e50ba2193cd890b5d,2025,9,0.4233557665567383
6730c0d7b2f79408d56eedefa827ded1388ed88efc60562e50ba2193cd890b5d,2025,10,0.31157117227486697
6780433405283f4759d260e09daa877085ad32cdedfe860a8a2248529267b67b,2025,5,0.04843723279484533
6780433405283f4759d260e09daa877085ad32cdedfe860a8a2248529267b67b,2025,6,0.029831003776783466
6780433405283f4759d260e09daa877085ad32cdedfe860a8a2248529267b67b,2025,7,0.024911735080152625
6780433405283f4759d260e09daa877085ad32cdedfe860a8a2248529267b67b,2025,8,0.029694727415414398
6780433405283f4759d260e09daa877085ad32cdedfe860a8a2248529267b67b,2025,9,0.03044514012394798
6780433405283f4759d260e09daa877085ad32cdedfe860a8a2248529267b67b,2025,10,0.06390128921023899
6887e4e49a02c50159170e203487f2c9fcef838ccbd6b1a7d33d52b4301a60f5,2025,5,0.026452880980639523
6887e4e49a02c50159170e203487f2c9fcef838ccbd6b1a7d33d52b4301a60f5,2025,6,0.01968779491411516
6887e4e49a02c50159170e203487f2c9fcef838ccbd6b1a7d33d52b4301a60f5,2025,7,0.022197581048393162
6887e4e49a02c50159170e203487f2c9fcef838ccbd6b1a7d33d52b4301a60f5,2025,8,0.021716729404108213
6887e4e49a02c50159170e203487f2c9fcef838ccbd6b1a7d33d52b4301a60f5,2025,9,0.021058766485717674
6887e4e49a02c50159170e203487f2c9fcef838ccbd6b1a7d33d52b4301a60f5,2025,10,0.03236782271755274
68f47e7f7e22a510cce68978eaa4c4234dd9a420465b7beeb1587ef04a7723b2,2025,5,0.010645728954858035
68f47e7f7e22a510cce68978eaa4c4234dd9a420465b7beeb1587ef04a7723b2,2025,6,0.014487654717685325
68f47e7f7e22a510cce68978eaa4c4234dd9a420465b7beeb1587ef04a7723b2,2025,7,0.014831228285298963
68f47e7f7e22a510cce68978eaa4c4234dd9a420465b7beeb1587ef04a7723b2,2025,8,0.011417986284095526
68f47e7f7e22a510cce68978eaa4c4234dd9a420465b7beeb1587ef04a7723b2,2025,9,0.009332102569177625
68f47e7f7e22a510cce68978eaa4c4234dd9a420465b7beeb1587ef04a7723b2,2025,10,0.009907441035349195
696f6f188b1c6491b90746200a08ed319ee13e0253df72e0190948f493f3a78f,2025,5,0.05638438104754804
696f6f188b1c6491b90746200a08ed319ee13e0253df72e0190948f493f3a78f,2025,6,0.03748604366444853
696f6f188b1c6491b90746200a08ed319ee13e0253df72e0190948f493f3a78f,2025,7,0.03645359514551095
696f6f188b1c6491b90746200a08ed319ee13e0253df72e0190948f493f3a78f,2025,8,0.037595973444448275
696f6f188b1c6491b90746200a08ed319ee13e0253df72e0190948f493f3a78f,2025,9,0.037923205436903015
696f6f188b1c6491b90746200a08ed319ee13e0253df72e0190948f493f3a78f,2025,10,0.07428785385139886
69820f08bacb31021869ea9c31c22f8f98de5e767e98837861978c89cd4c1a92,2025,5,0.08337173166145942
69820f08bacb31021869ea9c31c22f8f98de5e767e98837861978c89cd4c1a92,2025,6,0.10237054868763065
69820f08bacb31021869ea9c31c22f8f98de5e767e98837861978c89cd4c1a92,2025,7,0.10608161922547465
69820f08bacb31021869ea9c31c22f8f98de5e767e98837861978c89cd4c1a92,2025,8,0.10588380880607676
69820f08bacb31021869ea9c31c22f8f98de5e767e98837861978c89cd4c1a92,2025,9,0.08572296911673065
69820f08bacb31021869ea9c31c22f8f98de5e767e98837861978c89cd4c1a92,2025,10,0.16878207414519308
698eb5a34e46d7f48992e83ec6d320b1cfbe8bc915d8ce633eadf82e19b14a2e,2025,5,0.12038307956188156
698eb5a34e46d7f48992e83ec6d320b1cfbe8bc915d8ce633eadf82e19b14a2e,2025,6,0.12698202300213174
698eb5a34e46d7f48992e83ec6d320b1cfbe8bc915d8ce633eadf82e19b14a2e,2025,7,0.1220511326370722
698eb5a34e46d7f48992e83ec6d320b1cfbe8bc915d8ce633eadf82e19b14a2e,2025,8,0.12374940457202911
698eb5a34e46d7f48992e83ec6d320b1cfbe8bc915d8ce633eadf82e19b14a2e,2025,9,0.12408212583311648
698eb5a34e46d7f48992e83ec6d320b1cfbe8bc915d8ce633eadf82e19b14a2e,2025,10,0.19031153228866066
69c05e7476797b80bfeab38bc04f236394c64f2bf5040e18055d5388fe5bc848,2025,5,0.07405833340711329
69c05e7476797b80bfeab38bc04f236394c64f2bf5040e18055d5388fe5bc848,2025,6,0.056961535252841596
69c05e7476797b80bfeab38bc04f236394c64f2bf5040e18055d5388fe5bc848,2025,7,0.06330679236399255
69c05e7476797b80bfeab38bc04f236394c64f2bf5040e18055d5388fe5bc848,2025,8,0.06366039338979441
69c05e7476797b80bfeab38bc04f236394c64f2bf5040e18055d5388fe5bc848,2025,9,0.06297191446545736
69c05e7476797b80bfeab38bc04f236394c64f2bf5040e18055d5388fe5bc848,2025,10,0.12352170410222547
69d14ebd254eb604199310ab58f11e27c82144bb6d67f2fc26630ab3b6b971f8,2025,5,0.0362938495884114
69d14ebd254eb604199310ab58f11e27c82144bb6d67f2fc26630ab3b6b971f8,2025,6,0.02071929346179107
69d14ebd254eb604199310ab58f11e27c82144bb6d67f2fc26630ab3b6b971f8,2025,7,0.020419670873321624
69d14ebd254eb604199310ab58f11e27c82144bb6d67f2fc26630ab3b6b971f8,2025,8,0.012321564522927701
69d14ebd254eb604199310ab58f11e27c82144bb6d67f2fc26630ab3b6b971f8,2025,9,0.012024968940567647
69d14ebd254eb604199310ab58f11e27c82144bb6d67f2fc26630ab3b6b971f8,2025,10,0.04730087371051445
69e0fc024e792126e0dbf9e0daef25a3c0ec8fe2bf933675f39045e5b5431fb1,2025,5,0.04026616721888706
69e0fc024e792126e0dbf9e0daef25a3c0ec8fe2bf933675f39045e5b5431fb1,2025,6,0.03664757848865077
69e0fc024e792126e0dbf9e0daef25a3c0ec8fe2bf933675f39045e5b5431fb1,2025,7,0.04004002278369044
69e0fc024e792126e0dbf9e0daef25a3c0ec8fe2bf933675f39045e5b5431fb1,2025,8,0.038149985163828636
69e0fc024e792126e0dbf9e0daef25a3c0ec8fe2bf933675f39045e5b5431fb1,2025,9,0.037058497241386115
69e0fc024e792126e0dbf9e0daef25a3c0ec8fe2bf933675f39045e5b5431fb1,2025,10,0.055237100402666287
69f8cef692bb7826f36be0150d6f9e7e62619fbc3b3f3b829d0665b7b083bd17,2025,5,0.02186719766334433
69f8cef692bb7826f36be0150d6f9e7e62619fbc3b3f3b829d0665b7b083bd17,2025,6,0.020488333469007858
69f8cef692bb7826f36be0150d6f9e7e62619fbc3b3f3b829d0665b7b083bd17,2025,7,0.02034087704393768
69f8cef692bb7826f36be0150d6f9e7e62619fbc3b3f3b829d0665b7b083bd17,2025,8,0.020415429379429167
69f8cef692bb7826f36be0150d6f9e7e62619fbc3b3f3b829d0665b7b083bd17,2025,9,0.018291624384009313
69f8cef692bb7826f36be0150d6f9e7e62619fbc3b3f3b829d0665b7b083bd17,2025,10,0.02495126287268187
6a5fc8fee54d17b65fb2592cb25248a06fe15486c85737c8ce7634622df88744,2025,5,0.04892399912371255
6a5fc8fee54d17b65fb2592cb25248a06fe15486c85737c8ce7634622df88744,2025,6,0.046876390515769
6a5fc8fee54d17b65fb2592cb25248a06fe15486c85737c8ce7634622df88744,2025,7,0.043439071834482194
6a5fc8fee54d17b65fb2592cb25248a06fe15486c85737c8ce7634622df88744,2025,8,0.043511988468137495
6a5fc8fee54d17b65fb2592cb25248a06fe15486c85737c8ce7634622df88744,2025,9,0.03686487873499931
6a5fc8fee54d17b65fb2592cb25248a06fe15486c85737c8ce7634622df88744,2025,10,0.060549650677799945
6a630abe7015118cb015b444dec0edc6405c595a5660fc0a51a18ee6d202937a,2025,5,0.21760645010407592
6a630abe7015118cb015b444dec0edc6405c595a5660fc0a51a18ee6d202937a,2025,6,0.18377236093823254
6a630abe7015118cb015b444dec0edc6405c595a5660fc0a51a18ee6d202937a,2025,7,0.183794044113215
6a630abe7015118cb015b444dec0edc6405c595a5660fc0a51a18ee6d202937a,2025,8,0.17491738098118517
6a630abe7015118cb015b444dec0edc6405c595a5660fc0a51a18ee6d202937a,2025,9,0.1889317627672846
6a630abe7015118cb015b444dec0edc6405c595a5660fc0a51a18ee6d202937a,2025,10,0.2655095431978834
6a6e86387c8a642bc619f7227f760010ede1266fa4d721a6b872a0104fe31630,2025,5,0.052746423442921714
6a6e86387c8a642bc619f7227f760010ede1266fa4d721a6b872a0104fe31630,2025,6,0.03743333187732404
6a6e86387c8a642bc619f7227f760010ede1266fa4d721a6b872a0104fe31630,2025,7,0.03526839495278611
6a6e86387c8a642bc619f7227f760010ede1266fa4d721a6b872a0104fe31630,2025,8,0.03533827861398871
6a6e86387c8a642bc619f7227f760010ede1266fa4d721a6b872a0104fe31630,2025,9,0.02827828643367253
6a6e86387c8a642bc619f7227f760010ede1266fa4d721a6b872a0104fe31630,2025,10,0.05819900251710749
6afe380c6f7c55daf6d36269c987e1634e13920efead12f642e609eff4ff3d33,2025,5,0.1608745480418579
6afe380c6f7c55daf6d36269c987e1634e13920efead12f642e609eff4ff3d33,2025,6,0.13393513799451032
6afe380c6f7c55daf6d36269c987e1634e13920efead12f642e609eff4ff3d33,2025,7,0.11542931643162686
6afe380c6f7c55daf6d36269c987e1634e13920efead12f642e609eff4ff3d33,2025,8,0.1284511645371798
6afe380c6f7c55daf6d36269c987e1634e13920efead12f642e609eff4ff3d33,2025,9,0.11885753714326262
6afe380c6f7c55daf6d36269c987e1634e13920efead12f642e609eff4ff3d33,2025,10,0.18777587399621706
6b1e4898c2e5c156efca8bc21afadd3d3af3ea5bad72e4b1c2da70bf0a9959f7,2025,5,0.08713204263260056
6b1e4898c2e5c156efca8bc21afadd3d3af3ea5bad72e4b1c2da70bf0a9959f7,2025,6,0.07739668570474689
6b1e4898c2e5c156efca8bc21afadd3d3af3ea5bad72e4b1c2da70bf0a9959f7,2025,7,0.07237079383601888
6b1e4898c2e5c156efca8bc21afadd3d3af3ea5bad72e4b1c2da70bf0a9959f7,2025,8,0.07522061420765426
6b1e4898c2e5c156efca8bc21afadd3d3af3ea5bad72e4b1c2da70bf0a9959f7,2025,9,0.07050718802345439
6b1e4898c2e5c156efca8bc21afadd3d3af3ea5bad72e4b1c2da70bf0a9959f7,2025,10,0.15161338918057068
6b689913c5234101564398be4d41bd18fc5f4bd3ceccfd64b34bfd966384d8bd,2025,5,0.042808397406462306
6b689913c5234101564398be4d41bd18fc5f4bd3ceccfd64b34bfd966384d8bd,2025,6,0.029297439316948726
6b689913c5234101564398be4d41bd18fc5f4bd3ceccfd64b34bfd966384d8bd,2025,7,0.021854104310642206
6b689913c5234101564398be4d41bd18fc5f4bd3ceccfd64b34bfd966384d8bd,2025,8,0.02556789726793967
6b689913c5234101564398be4d41bd18fc5f4bd3ceccfd64b34bfd966384d8bd,2025,9,0.03690677085439034
6b689913c5234101564398be4d41bd18fc5f4bd3ceccfd64b34bfd966384d8bd,2025,10,0.05392642215330177
6c2918253e6eb0fd6297a3b3ddc6928ba7b308a26e98114755a59af7ed75ad12,2025,5,0.013893829516039369
6c2918253e6eb0fd6297a3b3ddc6928ba7b308a26e98114755a59af7ed75ad12,2025,6,0.017725477221469388
6c2918253e6eb0fd6297a3b3ddc6928ba7b308a26e98114755a59af7ed75ad12,2025,7,0.017816780366929102
6c2918253e6eb0fd6297a3b3ddc6928ba7b308a26e98114755a59af7ed75ad12,2025,8,0.01672161896160304
6c2918253e6eb0fd6297a3b3ddc6928ba7b308a26e98114755a59af7ed75ad12,2025,9,0.013620268992611092
6c2918253e6eb0fd6297a3b3ddc6928ba7b308a26e98114755a59af7ed75ad12,2025,10,0.021137990141067223
6c6ee3bc1a5e0fa54a5e47686db0c97758ecad7da150f75888b4b8ab7113ae2d,2025,5,0.030514752904396283
6c6ee3bc1a5e0fa54a5e47686db0c97758ecad7da150f75888b4b8ab7113ae2d,2025,6,0.025333045043846952
6c6ee3bc1a5e0fa54a5e47686db0c97758ecad7da150f75888b4b8ab7113ae2d,2025,7,0.032401835095388555
6c6ee3bc1a5e0fa54a5e47686db0c97758ecad7da150f75888b4b8ab7113ae2d,2025,8,0.030115077100150173
6c6ee3bc1a5e0fa54a5e47686db0c97758ecad7da150f75888b4b8ab7113ae2d,2025,9,0.028084031867907415
6c6ee3bc1a5e0fa54a5e47686db0c97758ecad7da150f75888b4b8ab7113ae2d,2025,10,0.06258594009118841
6e15d4b316aa7e4348fe16853a5f0e1e4b24fd1594b26618669a2e6920c74e71,2025,5,0.009083204152155334
6e15d4b316aa7e4348fe16853a5f0e1e4b24fd1594b26618669a2e6920c74e71,2025,6,0.01039520550868346
6e15d4b316aa7e4348fe16853a5f0e1e4b24fd1594b26618669a2e6920c74e71,2025,7,0.015448123079394919
6e15d4b316aa7e4348fe16853a5f0e1e4b24fd1594b26618669a2e6920c74e71,2025,8,0.017055388724682746
6e15d4b316aa7e4348fe16853a5f0e1e4b24fd1594b26618669a2e6920c74e71,2025,9,0.01189518264258465
6e15d4b316aa7e4348fe16853a5f0e1e4b24fd1594b26618669a2e6920c74e71,2025,10,0.030813796720436402
6e78aeef54d8b0985defdc754c6405863d767ca8995f5c09cf1d40846323ec34,2025,5,0.011872128407748208
6e78aeef54d8b0985defdc754c6405863d767ca8995f5c09cf1d40846323ec34,2025,6,0.016095631263716575
6e78aeef54d8b0985defdc754c6405863d767ca8995f5c09cf1d40846323ec34,2025,7,0.01543168148998965
6e78aeef54d8b0985defdc754c6405863d767ca8995f5c09cf1d40846323ec34,2025,8,0.01541383499908971
6e78aeef54d8b0985defdc754c6405863d767ca8995f5c09cf1d40846323ec34,2025,9,0.01422592533579313
6e78aeef54d8b0985defdc754c6405863d767ca8995f5c09cf1d40846323ec34,2025,10,0.02484836294713767
6ef609f0a0697323e251bebd617c8db832f19418ff215ce8f9a4ce9823a2b0eb,2025,5,0.07605098252874395
6ef609f0a0697323e251bebd617c8db832f19418ff215ce8f9a4ce9823a2b0eb,2025,6,0.03424212486468763
6ef609f0a0697323e251bebd617c8db832f19418ff215ce8f9a4ce9823a2b0eb,2025,7,0.022895419708784948
6ef609f0a0697323e251bebd617c8db832f19418ff215ce8f9a4ce9823a2b0eb,2025,8,0.06214724596906513
6ef609f0a0697323e251bebd617c8db832f19418ff215ce8f9a4ce9823a2b0eb,2025,9,0.0654815028114895
6ef609f0a0697323e251bebd617c8db832f19418ff215ce8f9a4ce9823a2b0eb,2025,10,0.035344825433767255
6f318e7f114646acb0f736ee2da72f0cef5cc74801eed18bb041692b9a5c468e,2025,5,0.0069912063159068855
6f318e7f114646acb0f736ee2da72f0cef5cc74801eed18bb041692b9a5c468e,2025,6,0.00633515050948254
6f318e7f114646acb0f736ee2da72f0cef5cc74801eed18bb041692b9a5c468e,2025,7,0.015205038158659272
6f318e7f114646acb0f736ee2da72f0cef5cc74801eed18bb041692b9a5c468e,2025,8,0.010141843275462241
6f318e7f114646acb0f736ee2da72f0cef5cc74801eed18bb041692b9a5c468e,2025,9,0.008826770880293334
6f318e7f114646acb0f736ee2da72f0cef5cc74801eed18bb041692b9a5c468e,2025,10,0.018030357156339286
6f3e46a47c3f459d1b3faa837f3eab34ce4332cd19fda99d0cc0a48f84e65dbf,2025,5,0.036198144429868455
6f3e46a47c3f459d1b3faa837f3eab34ce4332cd19fda99d0cc0a48f84e65dbf,2025,6,0.028984585319192964
6f3e46a47c3f459d1b3faa837f3eab34ce4332cd19fda99d0cc0a48f84e65dbf,2025,7,0.032197805749053454
6f3e46a47c3f459d1b3faa837f3eab34ce4332cd19fda99d0cc0a48f84e65dbf,2025,8,0.0378962225948424
6f3e46a47c3f459d1b3faa837f3eab34ce4332cd19fda99d0cc0a48f84e65dbf,2025,9,0.031080212402737926
6f3e46a47c3f459d1b3faa837f3eab34ce4332cd19fda99d0cc0a48f84e65dbf,2025,10,0.04078691300344667
6fa817294f5b18334e9e73c5452cf2a6cbc144215fcd05dd284650588a3e21e2,2025,5,0.011336477456428342
6fa817294f5b18334e9e73c5452cf2a6cbc144215fcd05dd284650588a3e21e2,2025,6,0.0197506459246178
6fa817294f5b18334e9e73c5452cf2a6cbc144215fcd05dd284650588a3e21e2,2025,7,0.02279488239986815
6fa817294f5b18334e9e73c5452cf2a6cbc144215fcd05dd284650588a3e21e2,2025,8,0.01992468134848339
6fa817294f5b18334e9e73c5452cf2a6cbc144215fcd05dd284650588a3e21e2,2025,9,0.012868204673712393
6fa817294f5b18334e9e73c5452cf2a6cbc144215fcd05dd284650588a3e21e2,2025,10,0.01324428548947285
6fb2cfe238cb14c3c30b8f4b1935e46a9dd6085361712eb76e0e7a5695b7d12e,2025,5,0.08169798794804985
6fb2cfe238cb14c3c30b8f4b1935e46a9dd6085361712eb76e0e7a5695b7d12e,2025,6,0.05175392412125748
6fb2cfe238cb14c3c30b8f4b1935e46a9dd6085361712eb76e0e7a5695b7d12e,2025,7,0.05595681100153172
6fb2cfe238cb14c3c30b8f4b1935e46a9dd6085361712eb76e0e7a5695b7d12e,2025,8,0.05515281794436351
6fb2cfe238cb14c3c30b8f4b1935e46a9dd6085361712eb76e0e7a5695b7d12e,2025,9,0.06372213403532476
6fb2cfe238cb14c3c30b8f4b1935e46a9dd6085361712eb76e0e7a5695b7d12e,2025,10,0.12054608790098223
70469e7c314d85ff3c18d1185610ee825859863576a244093dded63efa5202df,2025,5,0.024107323895772737
70469e7c314d85ff3c18d1185610ee825859863576a244093dded63efa5202df,2025,6,0.029825563418687424
70469e7c314d85ff3c18d1185610ee825859863576a244093dded63efa5202df,2025,7,0.03321893239131889
70469e7c314d85ff3c18d1185610ee825859863576a244093dded63efa5202df,2025,8,0.030199708264495057
70469e7c314d85ff3c18d1185610ee825859863576a244093dded63efa5202df,2025,9,0.02371025696121985
70469e7c314d85ff3c18d1185610ee825859863576a244093dded63efa5202df,2025,10,0.056409564703207085
70dcbe6d52d4efb68e6bc3477634c7a0712ce37a92f287791e5540fcde97700d,2025,5,0.3114335195912468
70dcbe6d52d4efb68e6bc3477634c7a0712ce37a92f287791e5540fcde97700d,2025,6,0.2211107273746921
70dcbe6d52d4efb68e6bc3477634c7a0712ce37a92f287791e5540fcde97700d,2025,7,0.17954999571420321
70dcbe6d52d4efb68e6bc3477634c7a0712ce37a92f287791e5540fcde97700d,2025,8,0.1810125628462785
70dcbe6d52d4efb68e6bc3477634c7a0712ce37a92f287791e5540fcde97700d,2025,9,0.21708040540943527
70dcbe6d52d4efb68e6bc3477634c7a0712ce37a92f287791e5540fcde97700d,2025,10,0.42900412088172485
70ed61338cfd87ed0f6c261febffb4b0f87f45d4928a63a08caa1ec5744587c5,2025,5,0.06764300116192198
70ed61338cfd87ed0f6c261febffb4b0f87f45d4928a63a08caa1ec5744587c5,2025,6,0.05926060480289648
70ed61338cfd87ed0f6c261febffb4b0f87f45d4928a63a08caa1ec5744587c5,2025,7,0.06283833408663075
70ed61338cfd87ed0f6c261febffb4b0f87f45d4928a63a08caa1ec5744587c5,2025,8,0.06485813935891921
70ed61338cfd87ed0f6c261febffb4b0f87f45d4928a63a08caa1ec5744587c5,2025,9,0.05783936444234591
70ed61338cfd87ed0f6c261febffb4b0f87f45d4928a63a08caa1ec5744587c5,2025,10,0.07429119048119315
70f65d2ba52879b28289e8af67b8c5d15f9e75d95d96d492f7d09b4af67c40fb,2025,5,0.036181523812170574
70f65d2ba52879b28289e8af67b8c5d15f9e75d95d96d492f7d09b4af67c40fb,2025,6,0.028217997708401475
70f65d2ba52879b28289e8af67b8c5d15f9e75d95d96d492f7d09b4af67c40fb,2025,7,0.02646057841241434
70f65d2ba52879b28289e8af67b8c5d15f9e75d95d96d492f7d09b4af67c40fb,2025,8,0.031360484834870354
70f65d2ba52879b28289e8af67b8c5d15f9e75d95d96d492f7d09b4af67c40fb,2025,9,0.026557770979805138
70f65d2ba52879b28289e8af67b8c5d15f9e75d95d96d492f7d09b4af67c40fb,2025,10,0.054384286263810526
710e2dde55e73655d78c59da8baf74111571f361fef2cb8971d4ab4b8ed7385d,2025,5,0.09607378264461176
710e2dde55e73655d78c59da8baf74111571f361fef2cb8971d4ab4b8ed7385d,2025,6,0.061589537572570685
710e2dde55e73655d78c59da8baf74111571f361fef2cb8971d4ab4b8ed7385d,2025,7,0.06494527383424224
710e2dde55e73655d78c59da8baf74111571f361fef2cb8971d4ab4b8ed7385d,2025,8,0.06725847752295898
710e2dde55e73655d78c59da8baf74111571f361fef2cb8971d4ab4b8ed7385d,2025,9,0.08335233609575599
710e2dde55e73655d78c59da8baf74111571f361fef2cb8971d4ab4b8ed7385d,2025,10,0.11582749143056915
71263d72e305efb1233636376f875eff5329861430eaa3412da846040cd3110a,2025,5,0.247879093262475
71263d72e305efb1233636376f875eff5329861430eaa3412da846040cd3110a,2025,6,0.23014737485078918
71263d72e305efb1233636376f875eff5329861430eaa3412da846040cd3110a,2025,7,0.2313866967602766
71263d72e305efb1233636376f875eff5329861430eaa3412da846040cd3110a,2025,8,0.22423427911296628
71263d72e305efb1233636376f875eff5329861430eaa3412da846040cd3110a,2025,9,0.23362480916487724
71263d72e305efb1233636376f875eff5329861430eaa3412da846040cd3110a,2025,10,0.2933232646745599
7160aa2f29f80e2da9373427f4108fadc007f46d3097c4ec2ff5417d383747f1,2025,5,0.07576573912981038
7160aa2f29f80e2da9373427f4108fadc007f46d3097c4ec2ff5417d383747f1,2025,6,0.0635476434941352
7160aa2f29f80e2da9373427f4108fadc007f46d3097c4ec2ff5417d383747f1,2025,7,0.062402821965863164
7160aa2f29f80e2da9373427f4108fadc007f46d3097c4ec2ff5417d383747f1,2025,8,0.06462488787422653
7160aa2f29f80e2da9373427f4108fadc007f46d3097c4ec2ff5417d383747f1,2025,9,0.06812613316589453
7160aa2f29f80e2da9373427f4108fadc007f46d3097c4ec2ff5417d383747f1,2025,10,0.08975431245029095
71b156919b185254d3948e61264937954b65e556e35cb7c14f0cd61ca254aa0d,2025,5,0.1276520131826159
71b156919b185254d3948e61264937954b65e556e35cb7c14f0cd61ca254aa0d,2025,6,0.10879637533919276
71b156919b185254d3948e61264937954b65e556e35cb7c14f0cd61ca254aa0d,2025,7,0.10016046350204877
71b156919b185254d3948e61264937954b65e556e35cb7c14f0cd61ca254aa0d,2025,8,0.10991499723528309
71b156919b185254d3948e61264937954b65e556e35cb7c14f0cd61ca254aa0d,2025,9,0.11552465998688312
71b156919b185254d3948e61264937954b65e556e35cb7c14f0cd61ca254aa0d,2025,10,0.20352888539090586
71c29af71f9e87db5395b943b6a0c6be1ac6adc1380a2d751248515b5e45e725,2025,5,0.018687515787396563
71c29af71f9e87db5395b943b6a0c6be1ac6adc1380a2d751248515b5e45e725,2025,6,0.019177665307705656
71c29af71f9e87db5395b943b6a0c6be1ac6adc1380a2d751248515b5e45e725,2025,7,0.01883560065904471
71c29af71f9e87db5395b943b6a0c6be1ac6adc1380a2d751248515b5e45e725,2025,8,0.019575019674332048
71c29af71f9e87db5395b943b6a0c6be1ac6adc1380a2d751248515b5e45e725,2025,9,0.018063140713241985
71c29af71f9e87db5395b943b6a0c6be1ac6adc1380a2d751248515b5e45e725,2025,10,0.029767307067032338
71e933de062f206b3c75ab7e2f85d8cbcad40c0e2be9c9f6f041d73f0e8349e1,2025,5,0.4182634368053435
71e933de062f206b3c75ab7e2f85d8cbcad40c0e2be9c9f6f041d73f0e8349e1,2025,9,0.44744075350146173
71e933de062f206b3c75ab7e2f85d8cbcad40c0e2be9c9f6f041d73f0e8349e1,2025,10,0.468671580277291
72405c0889bc08c89d6d69113c6f63e65732cad88b75a6977cd2f6082ee33985,2025,5,0.05100060700797575
72405c0889bc08c89d6d69113c6f63e65732cad88b75a6977cd2f6082ee33985,2025,6,0.025522949628403117
72405c0889bc08c89d6d69113c6f63e65732cad88b75a6977cd2f6082ee33985,2025,7,0.01976746751672143
72405c0889bc08c89d6d69113c6f63e65732cad88b75a6977cd2f6082ee33985,2025,8,0.025876788477984053
72405c0889bc08c89d6d69113c6f63e65732cad88b75a6977cd2f6082ee33985,2025,9,0.01871959212215784
72405c0889bc08c89d6d69113c6f63e65732cad88b75a6977cd2f6082ee33985,2025,10,0.08327860628201195
73144ae467ce94f9c8520c90777099ffc84121445df3c5e80e3bc5a503faf4cb,2025,5,0.07355261616043003
73144ae467ce94f9c8520c90777099ffc84121445df3c5e80e3bc5a503faf4cb,2025,6,0.04289725169149818
73144ae467ce94f9c8520c90777099ffc84121445df3c5e80e3bc5a503faf4cb,2025,7,0.03551909712777444
73144ae467ce94f9c8520c90777099ffc84121445df3c5e80e3bc5a503faf4cb,2025,8,0.04001394599587066
73144ae467ce94f9c8520c90777099ffc84121445df3c5e80e3bc5a503faf4cb,2025,9,0.036381399077539796
73144ae467ce94f9c8520c90777099ffc84121445df3c5e80e3bc5a503faf4cb,2025,10,0.07495973635350948
74c4c9731fb6623ddfd21d43eae848b41a7a2726f0eaf8c8ca77a6760b53f7e0,2025,5,0.04980856525734599
74c4c9731fb6623ddfd21d43eae848b41a7a2726f0eaf8c8ca77a6760b53f7e0,2025,6,0.0509336051298225
74c4c9731fb6623ddfd21d43eae848b41a7a2726f0eaf8c8ca77a6760b53f7e0,2025,7,0.05190255270847861
74c4c9731fb6623ddfd21d43eae848b41a7a2726f0eaf8c8ca77a6760b53f7e0,2025,8,0.05204375144835432
74c4c9731fb6623ddfd21d43eae848b41a7a2726f0eaf8c8ca77a6760b53f7e0,2025,9,0.05264568834087498
74c4c9731fb6623ddfd21d43eae848b41a7a2726f0eaf8c8ca77a6760b53f7e0,2025,10,0.07261996783457805
74c808200b3dca1c5a41ab4253d38db83a58ad8919b2af77c1067286eb46c05a,2025,5,0.028517853978593435
74c808200b3dca1c5a41ab4253d38db83a58ad8919b2af77c1067286eb46c05a,2025,6,0.027617967704583066
74c808200b3dca1c5a41ab4253d38db83a58ad8919b2af77c1067286eb46c05a,2025,7,0.028320067408158987
74c808200b3dca1c5a41ab4253d38db83a58ad8919b2af77c1067286eb46c05a,2025,8,0.028828245265563636
74c808200b3dca1c5a41ab4253d38db83a58ad8919b2af77c1067286eb46c05a,2025,9,0.023944998523792036
74c808200b3dca1c5a41ab4253d38db83a58ad8919b2af77c1067286eb46c05a,2025,10,0.033832650549740904
74e55ff2c60ee88175a5f91249c06e4c427b01c4f98d882bca16de659d884db9,2025,5,0.033042051392956885
74e55ff2c60ee88175a5f91249c06e4c427b01c4f98d882bca16de659d884db9,2025,6,0.023944691475322445
74e55ff2c60ee88175a5f91249c06e4c427b01c4f98d882bca16de659d884db9,2025,7,0.02631392334488593
74e55ff2c60ee88175a5f91249c06e4c427b01c4f98d882bca16de659d884db9,2025,8,0.027329564357341907
74e55ff2c60ee88175a5f91249c06e4c427b01c4f98d882bca16de659d884db9,2025,9,0.028060068881673013
74e55ff2c60ee88175a5f91249c06e4c427b01c4f98d882bca16de659d884db9,2025,10,0.03581598413738786
74e98c12be3c126527211e699149b6dcde1262a402bfede71c6de4fdf82821df,2025,5,0.023520961942588157
74e98c12be3c126527211e699149b6dcde1262a402bfede71c6de4fdf82821df,2025,6,0.016956787120569757
74e98c12be3c126527211e699149b6dcde1262a402bfede71c6de4fdf82821df,2025,7,0.01682431243466622
74e98c12be3c126527211e699149b6dcde1262a402bfede71c6de4fdf82821df,2025,8,0.018183250322659456
74e98c12be3c126527211e699149b6dcde1262a402bfede71c6de4fdf82821df,2025,9,0.017197558444327146
74e98c12be3c126527211e699149b6dcde1262a402bfede71c6de4fdf82821df,2025,10,0.040564517021865365
7527d67e80c036d9aa28cd5d772268ed4334ccfd41641b489a8e6f84b80fda9c,2025,5,0.17812700104164397
7527d67e80c036d9aa28cd5d772268ed4334ccfd41641b489a8e6f84b80fda9c,2025,6,0.17681180529501947
7527d67e80c036d9aa28cd5d772268ed4334ccfd41641b489a8e6f84b80fda9c,2025,8,0.13779109537480308
7527d67e80c036d9aa28cd5d772268ed4334ccfd41641b489a8e6f84b80fda9c,2025,9,0.13195670281836355
7527d67e80c036d9aa28cd5d772268ed4334ccfd41641b489a8e6f84b80fda9c,2025,10,0.30125969447357565
75b0cf86a6aa154310ce9d05bc92be21e08d2a000bffa3c428398017a462a9c4,2025,5,0.12108346543083195
75b0cf86a6aa154310ce9d05bc92be21e08d2a000bffa3c428398017a462a9c4,2025,6,0.11984717107314546
75b0cf86a6aa154310ce9d05bc92be21e08d2a000bffa3c428398017a462a9c4,2025,7,0.12964819875489464
75b0cf86a6aa154310ce9d05bc92be21e08d2a000bffa3c428398017a462a9c4,2025,8,0.12204361989639162
75b0cf86a6aa154310ce9d05bc92be21e08d2a000bffa3c428398017a462a9c4,2025,9,0.10997590787450888
75b0cf86a6aa154310ce9d05bc92be21e08d2a000bffa3c428398017a462a9c4,2025,10,0.18016044676477716
76326c158c33a93160207835b621299a9ad72efb7c97fddd42912b13c8e634a1,2025,5,0.05827981885034011
76326c158c33a93160207835b621299a9ad72efb7c97fddd42912b13c8e634a1,2025,6,0.04771247540840535
76326c158c33a93160207835b621299a9ad72efb7c97fddd42912b13c8e634a1,2025,7,0.04228007380146473
76326c158c33a93160207835b621299a9ad72efb7c97fddd42912b13c8e634a1,2025,8,0.04571671099264525
76326c158c33a93160207835b621299a9ad72efb7c97fddd42912b13c8e634a1,2025,9,0.04454411531892108
76326c158c33a93160207835b621299a9ad72efb7c97fddd42912b13c8e634a1,2025,10,0.07874660110055764
76727470e47156895ef493f602b1ad673cba245e483a74edaba1455f61acad7d,2025,5,0.0613357953755743
76727470e47156895ef493f602b1ad673cba245e483a74edaba1455f61acad7d,2025,6,0.04482065352169455
76727470e47156895ef493f602b1ad673cba245e483a74edaba1455f61acad7d,2025,7,0.052657147774935166
76727470e47156895ef493f602b1ad673cba245e483a74edaba1455f61acad7d,2025,8,0.05240409192791596
76727470e47156895ef493f602b1ad673cba245e483a74edaba1455f61acad7d,2025,9,0.05917683414744582
76727470e47156895ef493f602b1ad673cba245e483a74edaba1455f61acad7d,2025,10,0.08288726843976824
77132faa98c1a4b2bd1cc58d88cfc4a3204d2669a26c0fd547d7135a633273ef,2025,5,0.05818016396440303
77132faa98c1a4b2bd1cc58d88cfc4a3204d2669a26c0fd547d7135a633273ef,2025,6,0.040800304180228425
77132faa98c1a4b2bd1cc58d88cfc4a3204d2669a26c0fd547d7135a633273ef,2025,7,0.03285677151392774
77132faa98c1a4b2bd1cc58d88cfc4a3204d2669a26c0fd547d7135a633273ef,2025,8,0.03947199368953964
77132faa98c1a4b2bd1cc58d88cfc4a3204d2669a26c0fd547d7135a633273ef,2025,9,0.038856821410667444
77132faa98c1a4b2bd1cc58d88cfc4a3204d2669a26c0fd547d7135a633273ef,2025,10,0.07430906644369328
77463e0dcdf0b3652f57698ef8200ec1d0f3749b526d8d846f09b53cac08bbd3,2025,5,0.05922519929808562
77463e0dcdf0b3652f57698ef8200ec1d0f3749b526d8d846f09b53cac08bbd3,2025,6,0.047916895741047745
77463e0dcdf0b3652f57698ef8200ec1d0f3749b526d8d846f09b53cac08bbd3,2025,7,0.04843220634367199
77463e0dcdf0b3652f57698ef8200ec1d0f3749b526d8d846f09b53cac08bbd3,2025,8,0.05040255589558127
77463e0dcdf0b3652f57698ef8200ec1d0f3749b526d8d846f09b53cac08bbd3,2025,9,0.05193960128527051
77463e0dcdf0b3652f57698ef8200ec1d0f3749b526d8d846f09b53cac08bbd3,2025,10,0.07202339363794012
778843daebfb8b05af553da99db7801fac6e67639e2de5f268278334082deb69,2025,5,0.037774697705418005
778843daebfb8b05af553da99db7801fac6e67639e2de5f268278334082deb69,2025,6,0.023493130226827575
778843daebfb8b05af553da99db7801fac6e67639e2de5f268278334082deb69,2025,7,0.026431030271890546
778843daebfb8b05af553da99db7801fac6e67639e2de5f268278334082deb69,2025,8,0.025433949038847457
778843daebfb8b05af553da99db7801fac6e67639e2de5f268278334082deb69,2025,9,0.019069173112526233
778843daebfb8b05af553da99db7801fac6e67639e2de5f268278334082deb69,2025,10,0.04753358253489139
783742b60984c6acfc4e39a54232b05ae629d44cca7aeea1cb68d1d3303a5a1d,2025,5,0.04571992719746041
783742b60984c6acfc4e39a54232b05ae629d44cca7aeea1cb68d1d3303a5a1d,2025,6,0.02936336958529014
783742b60984c6acfc4e39a54232b05ae629d44cca7aeea1cb68d1d3303a5a1d,2025,7,0.03039978450949134
783742b60984c6acfc4e39a54232b05ae629d44cca7aeea1cb68d1d3303a5a1d,2025,8,0.032316273268355226
783742b60984c6acfc4e39a54232b05ae629d44cca7aeea1cb68d1d3303a5a1d,2025,9,0.031170347307767684
783742b60984c6acfc4e39a54232b05ae629d44cca7aeea1cb68d1d3303a5a1d,2025,10,0.09030908944970703
7926fe030fb4a9c8772d2b9627671d76c51bfc6037a643fab829d720c54bc4cf,2025,5,0.10967082165337337
7926fe030fb4a9c8772d2b9627671d76c51bfc6037a643fab829d720c54bc4cf,2025,6,0.08430060847072678
7926fe030fb4a9c8772d2b9627671d76c51bfc6037a643fab829d720c54bc4cf,2025,7,0.08273181569956188
7926fe030fb4a9c8772d2b9627671d76c51bfc6037a643fab829d720c54bc4cf,2025,8,0.09431349097000756
7926fe030fb4a9c8772d2b9627671d76c51bfc6037a643fab829d720c54bc4cf,2025,9,0.10234369956540698
7926fe030fb4a9c8772d2b9627671d76c51bfc6037a643fab829d720c54bc4cf,2025,10,0.12967145639339311
798754d7dfb241c31f5e6b0e6ccd08ce0239f6f642db5cf13dd21242cedbaae6,2025,5,0.12410109388385586
798754d7dfb241c31f5e6b0e6ccd08ce0239f6f642db5cf13dd21242cedbaae6,2025,6,0.11810164040877642
798754d7dfb241c31f5e6b0e6ccd08ce0239f6f642db5cf13dd21242cedbaae6,2025,7,0.11914204059811109
798754d7dfb241c31f5e6b0e6ccd08ce0239f6f642db5cf13dd21242cedbaae6,2025,8,0.12163111869414732
798754d7dfb241c31f5e6b0e6ccd08ce0239f6f642db5cf13dd21242cedbaae6,2025,9,0.12198101490827308
798754d7dfb241c31f5e6b0e6ccd08ce0239f6f642db5cf13dd21242cedbaae6,2025,10,0.19044744009382003
799352e4a8d866c56181661e2bc421fb2b0488a1f2ad851bd8c5cd63e4577b96,2025,5,0.01346230906616455
799352e4a8d866c56181661e2bc421fb2b0488a1f2ad851bd8c5cd63e4577b96,2025,6,0.02133514659383062
799352e4a8d866c56181661e2bc421fb2b0488a1f2ad851bd8c5cd63e4577b96,2025,7,0.019796089085169246
799352e4a8d866c56181661e2bc421fb2b0488a1f2ad851bd8c5cd63e4577b96,2025,8,0.018018373767690842
799352e4a8d866c56181661e2bc421fb2b0488a1f2ad851bd8c5cd63e4577b96,2025,9,0.010765446607363645
799352e4a8d866c56181661e2bc421fb2b0488a1f2ad851bd8c5cd63e4577b96,2025,10,0.01541770342827055
7a28f140111e10487016375f2680453048e722e6801ee8f7b67bc1853272cc40,2025,5,0.03316103396719856
7a28f140111e10487016375f2680453048e722e6801ee8f7b67bc1853272cc40,2025,6,0.03786443779449454
7a28f140111e10487016375f2680453048e722e6801ee8f7b67bc1853272cc40,2025,7,0.04075281011381876
7a28f140111e10487016375f2680453048e722e6801ee8f7b67bc1853272cc40,2025,8,0.041568936093891624
7a28f140111e10487016375f2680453048e722e6801ee8f7b67bc1853272cc40,2025,9,0.03456032479476685
7a28f140111e10487016375f2680453048e722e6801ee8f7b67bc1853272cc40,2025,10,0.04701405409961171
7a8e8d84b96b97dbe98b4b98be67614cee0619f74d00f80aa5590481be1cc73f,2025,5,0.0721578200230043
7a8e8d84b96b97dbe98b4b98be67614cee0619f74d00f80aa5590481be1cc73f,2025,6,0.024610549456570104
7a8e8d84b96b97dbe98b4b98be67614cee0619f74d00f80aa5590481be1cc73f,2025,7,0.037223028133184115
7a8e8d84b96b97dbe98b4b98be67614cee0619f74d00f80aa5590481be1cc73f,2025,8,0.03182174271455259
7a8e8d84b96b97dbe98b4b98be67614cee0619f74d00f80aa5590481be1cc73f,2025,9,0.03312643427443079
7a8e8d84b96b97dbe98b4b98be67614cee0619f74d00f80aa5590481be1cc73f,2025,10,0.0736559787830848
7ab3ecb4748facf74ff376eba5a42870e796da85593e79b733a6bda8fe1c222c,2025,5,0.029473049939990316
7ab3ecb4748facf74ff376eba5a42870e796da85593e79b733a6bda8fe1c222c,2025,6,0.036117643109725
7ab3ecb4748facf74ff376eba5a42870e796da85593e79b733a6bda8fe1c222c,2025,7,0.03804592691885423
7ab3ecb4748facf74ff376eba5a42870e796da85593e79b733a6bda8fe1c222c,2025,8,0.037684685724167825
7ab3ecb4748facf74ff376eba5a42870e796da85593e79b733a6bda8fe1c222c,2025,9,0.029143340624173075
7ab3ecb4748facf74ff376eba5a42870e796da85593e79b733a6bda8fe1c222c,2025,10,0.0560031684049178
7b7114f4a20dccaa21ff15b69110d7b3910b5246e14491420402079ef91a28b1,2025,5,0.04984664058879647
7b7114f4a20dccaa21ff15b69110d7b3910b5246e14491420402079ef91a28b1,2025,6,0.05281754134225473
7b7114f4a20dccaa21ff15b69110d7b3910b5246e14491420402079ef91a28b1,2025,7,0.07697163135420788
7b7114f4a20dccaa21ff15b69110d7b3910b5246e14491420402079ef91a28b1,2025,8,0.08823652174304278
7b7114f4a20dccaa21ff15b69110d7b3910b5246e14491420402079ef91a28b1,2025,9,0.10976889716352542
7b7114f4a20dccaa21ff15b69110d7b3910b5246e14491420402079ef91a28b1,2025,10,0.1779792083996677
7c4e789fc31408835cddd6a194bc4ff2e1e02bad1b356b0c32b42ac8f5629c26,2025,5,0.09292985861991822
7c4e789fc31408835cddd6a194bc4ff2e1e02bad1b356b0c32b42ac8f5629c26,2025,6,0.08468303708588622
7c4e789fc31408835cddd6a194bc4ff2e1e02bad1b356b0c32b42ac8f5629c26,2025,7,0.08433905851510624
7c4e789fc31408835cddd6a194bc4ff2e1e02bad1b356b0c32b42ac8f5629c26,2025,8,0.09303460448983374
7c4e789fc31408835cddd6a194bc4ff2e1e02bad1b356b0c32b42ac8f5629c26,2025,9,0.08788328895010765
7c4e789fc31408835cddd6a194bc4ff2e1e02bad1b356b0c32b42ac8f5629c26,2025,10,0.1032937444051551
7c7d3d311a4ad9a7d9b2484f3814b18a9ce7b24891abe0c3e1b44f3549e04a3d,2025,5,0.044483006764930486
7c7d3d311a4ad9a7d9b2484f3814b18a9ce7b24891abe0c3e1b44f3549e04a3d,2025,6,0.03236833080092186
7c7d3d311a4ad9a7d9b2484f3814b18a9ce7b24891abe0c3e1b44f3549e04a3d,2025,7,0.02700721745667909
7c7d3d311a4ad9a7d9b2484f3814b18a9ce7b24891abe0c3e1b44f3549e04a3d,2025,8,0.03508867501145125
7c7d3d311a4ad9a7d9b2484f3814b18a9ce7b24891abe0c3e1b44f3549e04a3d,2025,9,0.035734781053676896
7c7d3d311a4ad9a7d9b2484f3814b18a9ce7b24891abe0c3e1b44f3549e04a3d,2025,10,0.05525856529092851
7d333bba6e72fe40b6c2f160b1ff9077f95645ff17712434189e96dcefb0294c,2025,5,0.03404481162476794
7d333bba6e72fe40b6c2f160b1ff9077f95645ff17712434189e96dcefb0294c,2025,6,0.031019500315634753
7d333bba6e72fe40b6c2f160b1ff9077f95645ff17712434189e96dcefb0294c,2025,7,0.03208542078116961
7d333bba6e72fe40b6c2f160b1ff9077f95645ff17712434189e96dcefb0294c,2025,8,0.03098311166937216
7d333bba6e72fe40b6c2f160b1ff9077f95645ff17712434189e96dcefb0294c,2025,9,0.026901723034231818
7d333bba6e72fe40b6c2f160b1ff9077f95645ff17712434189e96dcefb0294c,2025,10,0.05289434254999393
7d4d5dacfe6113d7b214710e1c6bb6abee4614b755e3c2a30f0d7bce4c14974a,2025,5,0.06626853856785261
7d4d5dacfe6113d7b214710e1c6bb6abee4614b755e3c2a30f0d7bce4c14974a,2025,6,0.05685022102316449
7d4d5dacfe6113d7b214710e1c6bb6abee4614b755e3c2a30f0d7bce4c14974a,2025,7,0.05771903092328328
7d4d5dacfe6113d7b214710e1c6bb6abee4614b755e3c2a30f0d7bce4c14974a,2025,8,0.059374092025511284
7d4d5dacfe6113d7b214710e1c6bb6abee4614b755e3c2a30f0d7bce4c14974a,2025,9,0.05966255506399677
7d4d5dacfe6113d7b214710e1c6bb6abee4614b755e3c2a30f0d7bce4c14974a,2025,10,0.07591314853822599
7d557fb0dc303b20765be8f5f6401b4dd439e617f895f1277009db211cd7aa46,2025,5,0.027088073894585046
7d557fb0dc303b20765be8f5f6401b4dd439e617f895f1277009db211cd7aa46,2025,6,0.019396999490335572
7d557fb0dc303b20765be8f5f6401b4dd439e617f895f1277009db211cd7aa46,2025,7,0.019803068361746053
7d557fb0dc303b20765be8f5f6401b4dd439e617f895f1277009db211cd7aa46,2025,8,0.018623440160418493
7d557fb0dc303b20765be8f5f6401b4dd439e617f895f1277009db211cd7aa46,2025,9,0.019055562704803655
7d557fb0dc303b20765be8f5f6401b4dd439e617f895f1277009db211cd7aa46,2025,10,0.04743197393250902
7d8a27dfcfd65ced529ba5a27bc6f0030841dc589a00e37d09de069bfa3f57b0,2025,5,0.07651764883608993
7d8a27dfcfd65ced529ba5a27bc6f0030841dc589a00e37d09de069bfa3f57b0,2025,6,0.07016627823329537
7d8a27dfcfd65ced529ba5a27bc6f0030841dc589a00e37d09de069bfa3f57b0,2025,7,0.06817618817346696
7d8a27dfcfd65ced529ba5a27bc6f0030841dc589a00e37d09de069bfa3f57b0,2025,8,0.06576771438690718
7d8a27dfcfd65ced529ba5a27bc6f0030841dc589a00e37d09de069bfa3f57b0,2025,9,0.06685393248425855
7d8a27dfcfd65ced529ba5a27bc6f0030841dc589a00e37d09de069bfa3f57b0,2025,10,0.10274952407323523
7dbf1f9d109b8c4b211083d05adc023271a157f6ab1342e58c5ac9835cb84c06,2025,5,0.05048374846588268
7dbf1f9d109b8c4b211083d05adc023271a157f6ab1342e58c5ac9835cb84c06,2025,6,0.029533893591294682
7dbf1f9d109b8c4b211083d05adc023271a157f6ab1342e58c5ac9835cb84c06,2025,7,0.029785634631996256
7dbf1f9d109b8c4b211083d05adc023271a157f6ab1342e58c5ac9835cb84c06,2025,8,0.02885139840685225
7dbf1f9d109b8c4b211083d05adc023271a157f6ab1342e58c5ac9835cb84c06,2025,9,0.03141880673189959
7dbf1f9d109b8c4b211083d05adc023271a157f6ab1342e58c5ac9835cb84c06,2025,10,0.06704800491536861
7e28613b2925f829d27ac3eb9ce8acbafcfe8d0d1b8773289266e40e6738cbd7,2025,5,0.07274275290078322
7e28613b2925f829d27ac3eb9ce8acbafcfe8d0d1b8773289266e40e6738cbd7,2025,6,0.03764067714176522
7e28613b2925f829d27ac3eb9ce8acbafcfe8d0d1b8773289266e40e6738cbd7,2025,7,0.03708668707961636
7e28613b2925f829d27ac3eb9ce8acbafcfe8d0d1b8773289266e40e6738cbd7,2025,8,0.04170525512126997
7e28613b2925f829d27ac3eb9ce8acbafcfe8d0d1b8773289266e40e6738cbd7,2025,9,0.05507531170095915
7e28613b2925f829d27ac3eb9ce8acbafcfe8d0d1b8773289266e40e6738cbd7,2025,10,0.09406263869330904
7e89f8a4a897a02fc8e21d76309a3a1bc43e488e053f17421376eb8765103579,2025,5,0.0672110760729403
7e89f8a4a897a02fc8e21d76309a3a1bc43e488e053f17421376eb8765103579,2025,6,0.056645792812872485
7e89f8a4a897a02fc8e21d76309a3a1bc43e488e053f17421376eb8765103579,2025,7,0.05867457996313586
7e89f8a4a897a02fc8e21d76309a3a1bc43e488e053f17421376eb8765103579,2025,8,0.05867066237919409
7e89f8a4a897a02fc8e21d76309a3a1bc43e488e053f17421376eb8765103579,2025,9,0.05901340611738659
7e89f8a4a897a02fc8e21d76309a3a1bc43e488e053f17421376eb8765103579,2025,10,0.060691596715193606
7f52cbc6657a81dd0e04c9b907dcef84a48f54f195b2c9b367e5bcd5e2fc06b9,2025,5,0.015436260210172291
7f52cbc6657a81dd0e04c9b907dcef84a48f54f195b2c9b367e5bcd5e2fc06b9,2025,6,0.029071904276266814
7f52cbc6657a81dd0e04c9b907dcef84a48f54f195b2c9b367e5bcd5e2fc06b9,2025,7,0.029115175545156958
7f52cbc6657a81dd0e04c9b907dcef84a48f54f195b2c9b367e5bcd5e2fc06b9,2025,8,0.024188760960885066
7f52cbc6657a81dd0e04c9b907dcef84a48f54f195b2c9b367e5bcd5e2fc06b9,2025,9,0.021361841659462137
7f52cbc6657a81dd0e04c9b907dcef84a48f54f195b2c9b367e5bcd5e2fc06b9,2025,10,0.04920843657167609
8085fa2b1728040014e39862db4a4653804460b021aa8f3db01cb6abcba3d908,2025,5,0.03712654211651274
8085fa2b1728040014e39862db4a4653804460b021aa8f3db01cb6abcba3d908,2025,6,0.03141611078480833
8085fa2b1728040014e39862db4a4653804460b021aa8f3db01cb6abcba3d908,2025,7,0.025993591284681716
8085fa2b1728040014e39862db4a4653804460b021aa8f3db01cb6abcba3d908,2025,8,0.027488291673450724
8085fa2b1728040014e39862db4a4653804460b021aa8f3db01cb6abcba3d908,2025,9,0.029275852807623487
8085fa2b1728040014e39862db4a4653804460b021aa8f3db01cb6abcba3d908,2025,10,0.04028142490900813
80ee5b30b70748dc1f5f04e11bbd78507012ab29acb18384596f6a5f1c0039a2,2025,5,0.03815725887265768
80ee5b30b70748dc1f5f04e11bbd78507012ab29acb18384596f6a5f1c0039a2,2025,6,0.03878681538116652
80ee5b30b70748dc1f5f04e11bbd78507012ab29acb18384596f6a5f1c0039a2,2025,7,0.03728416310741566
80ee5b30b70748dc1f5f04e11bbd78507012ab29acb18384596f6a5f1c0039a2,2025,8,0.03612569060538615
80ee5b30b70748dc1f5f04e11bbd78507012ab29acb18384596f6a5f1c0039a2,2025,9,0.03707357158259459
80ee5b30b70748dc1f5f04e11bbd78507012ab29acb18384596f6a5f1c0039a2,2025,10,0.056123977732344524
80fcd0b666af54fda2ce5c8b811f92276aad2e749cf27a3453f4a50a0a71d0a4,2025,5,0.0696285392431903
80fcd0b666af54fda2ce5c8b811f92276aad2e749cf27a3453f4a50a0a71d0a4,2025,6,0.06417836359744343
80fcd0b666af54fda2ce5c8b811f92276aad2e749cf27a3453f4a50a0a71d0a4,2025,7,0.0727655451403413
80fcd0b666af54fda2ce5c8b811f92276aad2e749cf27a3453f4a50a0a71d0a4,2025,8,0.06538962125524131
80fcd0b666af54fda2ce5c8b811f92276aad2e749cf27a3453f4a50a0a71d0a4,2025,9,0.057995466482439
80fcd0b666af54fda2ce5c8b811f92276aad2e749cf27a3453f4a50a0a71d0a4,2025,10,0.09356155840186435
81329600569bf120917a69e054527cc7c73f37ca433ffd39bed6e6b54fbed4c2,2025,5,0.12660203829407948
81329600569bf120917a69e054527cc7c73f37ca433ffd39bed6e6b54fbed4c2,2025,6,0.1317918266244634
81329600569bf120917a69e054527cc7c73f37ca433ffd39bed6e6b54fbed4c2,2025,7,0.1366344548273891
81329600569bf120917a69e054527cc7c73f37ca433ffd39bed6e6b54fbed4c2,2025,8,0.138795981698093
81329600569bf120917a69e054527cc7c73f37ca433ffd39bed6e6b54fbed4c2,2025,9,0.14376127330830255
81329600569bf120917a69e054527cc7c73f37ca433ffd39bed6e6b54fbed4c2,2025,10,0.19646478200635664
81a635b7fd0cf0ba59169e6237be4dd28cf778f0710a5e1dba3cbdc051d02687,2025,5,0.03250646857761785
81a635b7fd0cf0ba59169e6237be4dd28cf778f0710a5e1dba3cbdc051d02687,2025,6,0.03839124336610238
81a635b7fd0cf0ba59169e6237be4dd28cf778f0710a5e1dba3cbdc051d02687,2025,7,0.036034601096687116
81a635b7fd0cf0ba59169e6237be4dd28cf778f0710a5e1dba3cbdc051d02687,2025,8,0.039507381460289474
81a635b7fd0cf0ba59169e6237be4dd28cf778f0710a5e1dba3cbdc051d02687,2025,9,0.040744868631847043
81a635b7fd0cf0ba59169e6237be4dd28cf778f0710a5e1dba3cbdc051d02687,2025,10,0.03822362720181794
81f94661a92ac53370bce5a144cbc6c46135c14b877f23cb9d9cd0907be1c9ad,2025,5,0.015866826723296243
81f94661a92ac53370bce5a144cbc6c46135c14b877f23cb9d9cd0907be1c9ad,2025,6,0.01618780188366545
81f94661a92ac53370bce5a144cbc6c46135c14b877f23cb9d9cd0907be1c9ad,2025,7,0.02120418057430754
81f94661a92ac53370bce5a144cbc6c46135c14b877f23cb9d9cd0907be1c9ad,2025,8,0.023054051100998233
81f94661a92ac53370bce5a144cbc6c46135c14b877f23cb9d9cd0907be1c9ad,2025,9,0.017236990350628853
81f94661a92ac53370bce5a144cbc6c46135c14b877f23cb9d9cd0907be1c9ad,2025,10,0.025259054213133052
82155ec5ad0940f39252ebe778ea5d867af2d67e4c6f56404e6ec6ff11e4e4b4,2025,5,0.03787854186702765
82155ec5ad0940f39252ebe778ea5d867af2d67e4c6f56404e6ec6ff11e4e4b4,2025,6,0.02929145021059527
82155ec5ad0940f39252ebe778ea5d867af2d67e4c6f56404e6ec6ff11e4e4b4,2025,7,0.029426329379203097
82155ec5ad0940f39252ebe778ea5d867af2d67e4c6f56404e6ec6ff11e4e4b4,2025,8,0.027627687071961175
82155ec5ad0940f39252ebe778ea5d867af2d67e4c6f56404e6ec6ff11e4e4b4,2025,9,0.02353960101149336
82155ec5ad0940f39252ebe778ea5d867af2d67e4c6f56404e6ec6ff11e4e4b4,2025,10,0.0611967046415009
82891cccfcd3e537164bdb544456e3f535def6f5c4dd2cb73a58c6c0ef11c406,2025,5,0.11523028908463286
82891cccfcd3e537164bdb544456e3f535def6f5c4dd2cb73a58c6c0ef11c406,2025,6,0.07663359478198163
82891cccfcd3e537164bdb544456e3f535def6f5c4dd2cb73a58c6c0ef11c406,2025,7,0.06859455170570695
82891cccfcd3e537164bdb544456e3f535def6f5c4dd2cb73a58c6c0ef11c406,2025,8,0.07487154720169813
82891cccfcd3e537164bdb544456e3f535def6f5c4dd2cb73a58c6c0ef11c406,2025,9,0.0714341989887458
82891cccfcd3e537164bdb544456e3f535def6f5c4dd2cb73a58c6c0ef11c406,2025,10,0.15572807918017986
82ef0388ee68b8d4b4f94d722988b171998496146a56f0bcbab0e11a94f7c751,2025,5,0.0459207152764224
82ef0388ee68b8d4b4f94d722988b171998496146a56f0bcbab0e11a94f7c751,2025,6,0.04654182385611522
82ef0388ee68b8d4b4f94d722988b171998496146a56f0bcbab0e11a94f7c751,2025,7,0.045867344962217046
82ef0388ee68b8d4b4f94d722988b171998496146a56f0bcbab0e11a94f7c751,2025,8,0.045105437511526805
82ef0388ee68b8d4b4f94d722988b171998496146a56f0bcbab0e11a94f7c751,2025,9,0.038371466945032386
82ef0388ee68b8d4b4f94d722988b171998496146a56f0bcbab0e11a94f7c751,2025,10,0.0578180485228152
830deb718671ae706d4ad5965316b59c9447ab6158a59c0e22b21465c3465169,2025,5,0.20468991418685747
830deb718671ae706d4ad5965316b59c9447ab6158a59c0e22b21465c3465169,2025,6,0.11059565381808924
830deb718671ae706d4ad5965316b59c9447ab6158a59c0e22b21465c3465169,2025,7,0.10890994839744131
830deb718671ae706d4ad5965316b59c9447ab6158a59c0e22b21465c3465169,2025,8,0.11550037160533436
830deb718671ae706d4ad5965316b59c9447ab6158a59c0e22b21465c3465169,2025,9,0.1355378121624512
830deb718671ae706d4ad5965316b59c9447ab6158a59c0e22b21465c3465169,2025,10,0.2224004539044709
836f073d005018cab5dba8c34b11866446648fc96304bd2c51b3a10daa25c69a,2025,5,0.07250476413959811
836f073d005018cab5dba8c34b11866446648fc96304bd2c51b3a10daa25c69a,2025,6,0.04591049208843624
836f073d005018cab5dba8c34b11866446648fc96304bd2c51b3a10daa25c69a,2025,7,0.047191211109328175
836f073d005018cab5dba8c34b11866446648fc96304bd2c51b3a10daa25c69a,2025,8,0.047713904764269156
836f073d005018cab5dba8c34b11866446648fc96304bd2c51b3a10daa25c69a,2025,9,0.062428353853702226
836f073d005018cab5dba8c34b11866446648fc96304bd2c51b3a10daa25c69a,2025,10,0.08214918060483072
84088011a5445196a0d121760f03c4b58b7f357eb2342604f34b471efde637a6,2025,5,0.0007427110934055359
84088011a5445196a0d121760f03c4b58b7f357eb2342604f34b471efde637a6,2025,6,0.033321073579033376
84088011a5445196a0d121760f03c4b58b7f357eb2342604f34b471efde637a6,2025,7,0.03764816411866479
84088011a5445196a0d121760f03c4b58b7f357eb2342604f34b471efde637a6,2025,8,0.03729577140441381
84088011a5445196a0d121760f03c4b58b7f357eb2342604f34b471efde637a6,2025,9,0.02491295817279074
84088011a5445196a0d121760f03c4b58b7f357eb2342604f34b471efde637a6,2025,10,0.0025087832686709398
8433bdbeb21722fba87b9d2ab2b572c87c5a8c2672243d92cf9ad5db29fb27af,2025,5,0.06055416750922977
8433bdbeb21722fba87b9d2ab2b572c87c5a8c2672243d92cf9ad5db29fb27af,2025,6,0.0503631165567474
8433bdbeb21722fba87b9d2ab2b572c87c5a8c2672243d92cf9ad5db29fb27af,2025,7,0.046709096797342226
8433bdbeb21722fba87b9d2ab2b572c87c5a8c2672243d92cf9ad5db29fb27af,2025,8,0.049428654912881495
8433bdbeb21722fba87b9d2ab2b572c87c5a8c2672243d92cf9ad5db29fb27af,2025,9,0.05201225988209322
8433bdbeb21722fba87b9d2ab2b572c87c5a8c2672243d92cf9ad5db29fb27af,2025,10,0.0689951190854468
8485db42c24af4edc81c722e9f9d22fe8be5cc77da4ec80a1f3260bf87e436c5,2025,5,0.036752244134007184
8485db42c24af4edc81c722e9f9d22fe8be5cc77da4ec80a1f3260bf87e436c5,2025,6,0.021698469012222433
8485db42c24af4edc81c722e9f9d22fe8be5cc77da4ec80a1f3260bf87e436c5,2025,7,0.020847625901927434
8485db42c24af4edc81c722e9f9d22fe8be5cc77da4ec80a1f3260bf87e436c5,2025,8,0.022111910020118326
8485db42c24af4edc81c722e9f9d22fe8be5cc77da4ec80a1f3260bf87e436c5,2025,9,0.021385063778004323
8485db42c24af4edc81c722e9f9d22fe8be5cc77da4ec80a1f3260bf87e436c5,2025,10,0.04184044059447496
848d46cbf1fa6046f2be1ef3df5455b4edea2e1aace909f1e9f2013035e06afa,2025,5,0.03153185266583025
848d46cbf1fa6046f2be1ef3df5455b4edea2e1aace909f1e9f2013035e06afa,2025,6,0.02276617450495003
848d46cbf1fa6046f2be1ef3df5455b4edea2e1aace909f1e9f2013035e06afa,2025,7,0.02729757859705569
848d46cbf1fa6046f2be1ef3df5455b4edea2e1aace909f1e9f2013035e06afa,2025,8,0.024489787619906552
848d46cbf1fa6046f2be1ef3df5455b4edea2e1aace909f1e9f2013035e06afa,2025,9,0.030801052771426474
848d46cbf1fa6046f2be1ef3df5455b4edea2e1aace909f1e9f2013035e06afa,2025,10,0.045309477095966805
851c4764aec28bb45c6926f142f52221643b44c40e40db7369b33e471c1ce911,2025,5,0.10661040175321633
851c4764aec28bb45c6926f142f52221643b44c40e40db7369b33e471c1ce911,2025,6,0.11089656570739043
851c4764aec28bb45c6926f142f52221643b44c40e40db7369b33e471c1ce911,2025,7,0.11748622927908405
851c4764aec28bb45c6926f142f52221643b44c40e40db7369b33e471c1ce911,2025,8,0.1185978407681554
851c4764aec28bb45c6926f142f52221643b44c40e40db7369b33e471c1ce911,2025,9,0.11030361469566725
851c4764aec28bb45c6926f142f52221643b44c40e40db7369b33e471c1ce911,2025,10,0.15444823936682792
85d1c5bb5d78773fe8cf3dd25df08cfd0dae749349879b570a3ea6fc638dfcd8,2025,5,0.03974292566134365
85d1c5bb5d78773fe8cf3dd25df08cfd0dae749349879b570a3ea6fc638dfcd8,2025,6,0.03224169711083347
85d1c5bb5d78773fe8cf3dd25df08cfd0dae749349879b570a3ea6fc638dfcd8,2025,7,0.03249774367558187
85d1c5bb5d78773fe8cf3dd25df08cfd0dae749349879b570a3ea6fc638dfcd8,2025,8,0.03655871829481805
85d1c5bb5d78773fe8cf3dd25df08cfd0dae749349879b570a3ea6fc638dfcd8,2025,9,0.033862682699534075
85d1c5bb5d78773fe8cf3dd25df08cfd0dae749349879b570a3ea6fc638dfcd8,2025,10,0.0491853833131153
8610c3c6f79a7ee379a6021d5e1cbd5c8da63dfbbd641ed874bf020ee2bd222a,2025,5,0.13720889264531697
8610c3c6f79a7ee379a6021d5e1cbd5c8da63dfbbd641ed874bf020ee2bd222a,2025,6,0.13132446220615837
8610c3c6f79a7ee379a6021d5e1cbd5c8da63dfbbd641ed874bf020ee2bd222a,2025,7,0.13719417546850435
8610c3c6f79a7ee379a6021d5e1cbd5c8da63dfbbd641ed874bf020ee2bd222a,2025,8,0.13767465705985998
8610c3c6f79a7ee379a6021d5e1cbd5c8da63dfbbd641ed874bf020ee2bd222a,2025,9,0.13331603409736578
8610c3c6f79a7ee379a6021d5e1cbd5c8da63dfbbd641ed874bf020ee2bd222a,2025,10,0.19131935549102966
86df9ecd74bcea02a3a00e713e391bd45d11a32281de57652442df2d3052548c,2025,5,0.060634048043147384
86df9ecd74bcea02a3a00e713e391bd45d11a32281de57652442df2d3052548c,2025,6,0.05116438723017713
86df9ecd74bcea02a3a00e713e391bd45d11a32281de57652442df2d3052548c,2025,7,0.06351816522383052
86df9ecd74bcea02a3a00e713e391bd45d11a32281de57652442df2d3052548c,2025,8,0.06346370069404583
86df9ecd74bcea02a3a00e713e391bd45d11a32281de57652442df2d3052548c,2025,9,0.04105896770552736
86df9ecd74bcea02a3a00e713e391bd45d11a32281de57652442df2d3052548c,2025,10,0.08986595700914041
87077566d8c7a23eefc015de590d0f4459ed54fede583d0fa4a72fc94ba0610d,2025,5,0.06951056964886904
87077566d8c7a23eefc015de590d0f4459ed54fede583d0fa4a72fc94ba0610d,2025,6,0.027260827382691196
87077566d8c7a23eefc015de590d0f4459ed54fede583d0fa4a72fc94ba0610d,2025,7,0.029756505788995455
87077566d8c7a23eefc015de590d0f4459ed54fede583d0fa4a72fc94ba0610d,2025,8,0.031101492270229503
87077566d8c7a23eefc015de590d0f4459ed54fede583d0fa4a72fc94ba0610d,2025,9,0.030490826735434687
87077566d8c7a23eefc015de590d0f4459ed54fede583d0fa4a72fc94ba0610d,2025,10,0.07367287414349802
8721996c036dcca5223d33295e214836d1e575d0ea332abffd811a5a7dcc1a59,2025,5,0.06302094452234383
8721996c036dcca5223d33295e214836d1e575d0ea332abffd811a5a7dcc1a59,2025,6,0.07554350552375814
8721996c036dcca5223d33295e214836d1e575d0ea332abffd811a5a7dcc1a59,2025,7,0.0760037374258133
8721996c036dcca5223d33295e214836d1e575d0ea332abffd811a5a7dcc1a59,2025,8,0.07632309985891023
8721996c036dcca5223d33295e214836d1e575d0ea332abffd811a5a7dcc1a59,2025,9,0.06175896541092353
8721996c036dcca5223d33295e214836d1e575d0ea332abffd811a5a7dcc1a59,2025,10,0.06517132278806995
87d4f48b07ca4cf08972b5568c4455137ff1f367a0b22369540d06f971ec0912,2025,5,0.018340477301852447
87d4f48b07ca4cf08972b5568c4455137ff1f367a0b22369540d06f971ec0912,2025,6,0.01750680411749978
87d4f48b07ca4cf08972b5568c4455137ff1f367a0b22369540d06f971ec0912,2025,7,0.022482416479498443
87d4f48b07ca4cf08972b5568c4455137ff1f367a0b22369540d06f971ec0912,2025,8,0.019329449913413097
87d4f48b07ca4cf08972b5568c4455137ff1f367a0b22369540d06f971ec0912,2025,9,0.01855535051071866
87d4f48b07ca4cf08972b5568c4455137ff1f367a0b22369540d06f971ec0912,2025,10,0.024276985986804146
87fe31c01844105e2f6b7c62517825ed7f721465b2bfc5c38aec38ef274f1961,2025,5,0.021527417954714884
87fe31c01844105e2f6b7c62517825ed7f721465b2bfc5c38aec38ef274f1961,2025,6,0.023335461901761993
87fe31c01844105e2f6b7c62517825ed7f721465b2bfc5c38aec38ef274f1961,2025,7,0.022348358374615403
87fe31c01844105e2f6b7c62517825ed7f721465b2bfc5c38aec38ef274f1961,2025,8,0.02265027465432509
87fe31c01844105e2f6b7c62517825ed7f721465b2bfc5c38aec38ef274f1961,2025,9,0.023030454443470717
87fe31c01844105e2f6b7c62517825ed7f721465b2bfc5c38aec38ef274f1961,2025,10,0.034528693549105885
882f119ffc7fae6dbf06488b196a1b2d438bb0374177536a677fb8e14e2778fb,2025,5,0.026169457455804016
882f119ffc7fae6dbf06488b196a1b2d438bb0374177536a677fb8e14e2778fb,2025,6,0.026690567803592444
882f119ffc7fae6dbf06488b196a1b2d438bb0374177536a677fb8e14e2778fb,2025,7,0.0309542967424397
882f119ffc7fae6dbf06488b196a1b2d438bb0374177536a677fb8e14e2778fb,2025,8,0.02936571392872671
882f119ffc7fae6dbf06488b196a1b2d438bb0374177536a677fb8e14e2778fb,2025,9,0.03265705646618939
882f119ffc7fae6dbf06488b196a1b2d438bb0374177536a677fb8e14e2778fb,2025,10,0.06414354607643635
884a4ba105c92c2022cf8e35ce5be843fbed06bbaf12e65e07ccdeeb2841bf64,2025,5,0.051777452633714784
884a4ba105c92c2022cf8e35ce5be843fbed06bbaf12e65e07ccdeeb2841bf64,2025,6,0.03921553908343178
884a4ba105c92c2022cf8e35ce5be843fbed06bbaf12e65e07ccdeeb2841bf64,2025,7,0.03882917611592782
884a4ba105c92c2022cf8e35ce5be843fbed06bbaf12e65e07ccdeeb2841bf64,2025,8,0.03971817663724149
884a4ba105c92c2022cf8e35ce5be843fbed06bbaf12e65e07ccdeeb2841bf64,2025,9,0.03545107590467012
884a4ba105c92c2022cf8e35ce5be843fbed06bbaf12e65e07ccdeeb2841bf64,2025,10,0.05670004496515596
89fa9f3445cbe7e97d5bdfaf70b0b47b15dcd123fbbe4bbf7668755eb124fce7,2025,5,0.02873312479927529
89fa9f3445cbe7e97d5bdfaf70b0b47b15dcd123fbbe4bbf7668755eb124fce7,2025,6,0.029350823912046485
89fa9f3445cbe7e97d5bdfaf70b0b47b15dcd123fbbe4bbf7668755eb124fce7,2025,7,0.030961071347510652
89fa9f3445cbe7e97d5bdfaf70b0b47b15dcd123fbbe4bbf7668755eb124fce7,2025,8,0.03166505512484431
89fa9f3445cbe7e97d5bdfaf70b0b47b15dcd123fbbe4bbf7668755eb124fce7,2025,9,0.029881612576193047
89fa9f3445cbe7e97d5bdfaf70b0b47b15dcd123fbbe4bbf7668755eb124fce7,2025,10,0.025389959489675713
8a5e4d375f7dc1f526f9ab58d8abbd0c94aa10114cc32052ea100eb2b0b3110f,2025,5,0.07625230663760195
8a5e4d375f7dc1f526f9ab58d8abbd0c94aa10114cc32052ea100eb2b0b3110f,2025,6,0.05659144606814371
8a5e4d375f7dc1f526f9ab58d8abbd0c94aa10114cc32052ea100eb2b0b3110f,2025,7,0.05927983302533318
8a5e4d375f7dc1f526f9ab58d8abbd0c94aa10114cc32052ea100eb2b0b3110f,2025,8,0.06001274065326661
8a5e4d375f7dc1f526f9ab58d8abbd0c94aa10114cc32052ea100eb2b0b3110f,2025,9,0.05975639553676912
8a5e4d375f7dc1f526f9ab58d8abbd0c94aa10114cc32052ea100eb2b0b3110f,2025,10,0.13580693728889898
8a7075007898e838b4d60378b99a0494076e0235eef8d74ffb67ac9eaa37c632,2025,5,0.04503346510676525
8a7075007898e838b4d60378b99a0494076e0235eef8d74ffb67ac9eaa37c632,2025,6,0.01823858549973716
8a7075007898e838b4d60378b99a0494076e0235eef8d74ffb67ac9eaa37c632,2025,7,0.018458299019819605
8a7075007898e838b4d60378b99a0494076e0235eef8d74ffb67ac9eaa37c632,2025,8,0.01658426110653122
8a7075007898e838b4d60378b99a0494076e0235eef8d74ffb67ac9eaa37c632,2025,9,0.015527875010653957
8a7075007898e838b4d60378b99a0494076e0235eef8d74ffb67ac9eaa37c632,2025,10,0.022181144380335045
8afcdbb643a722b76be0c76297cef9df2642c5d0c6c29513475996f2add953aa,2025,5,0.03704497162819141
8afcdbb643a722b76be0c76297cef9df2642c5d0c6c29513475996f2add953aa,2025,6,0.02419303386766795
8afcdbb643a722b76be0c76297cef9df2642c5d0c6c29513475996f2add953aa,2025,7,0.024470782175288582
8afcdbb643a722b76be0c76297cef9df2642c5d0c6c29513475996f2add953aa,2025,8,0.027829348657819043
8afcdbb643a722b76be0c76297cef9df2642c5d0c6c29513475996f2add953aa,2025,9,0.028467462931936287
8afcdbb643a722b76be0c76297cef9df2642c5d0c6c29513475996f2add953aa,2025,10,0.04927081707186158
8b2de4ed5a0c1a537f2ac9b0f3088ec3a0bef64805f4a6be4f823cc53c3a0750,2025,5,0.020518560003666236
8b2de4ed5a0c1a537f2ac9b0f3088ec3a0bef64805f4a6be4f823cc53c3a0750,2025,6,0.02103414723924673
8b2de4ed5a0c1a537f2ac9b0f3088ec3a0bef64805f4a6be4f823cc53c3a0750,2025,7,0.021187775660677984
8b2de4ed5a0c1a537f2ac9b0f3088ec3a0bef64805f4a6be4f823cc53c3a0750,2025,8,0.02041670968630109
8b2de4ed5a0c1a537f2ac9b0f3088ec3a0bef64805f4a6be4f823cc53c3a0750,2025,9,0.02040374815764982
8b2de4ed5a0c1a537f2ac9b0f3088ec3a0bef64805f4a6be4f823cc53c3a0750,2025,10,0.026771876440756855
8b940fb8b78eddf960dbd5026201f431b7e6c998444858d42b9d16c118849bcc,2025,5,0.06101372992979534
8b940fb8b78eddf960dbd5026201f431b7e6c998444858d42b9d16c118849bcc,2025,6,0.03650062546540349
8b940fb8b78eddf960dbd5026201f431b7e6c998444858d42b9d16c118849bcc,2025,7,0.04603429345533052
8b940fb8b78eddf960dbd5026201f431b7e6c998444858d42b9d16c118849bcc,2025,8,0.035267914060391516
8b940fb8b78eddf960dbd5026201f431b7e6c998444858d42b9d16c118849bcc,2025,9,0.03545818020862667
8b940fb8b78eddf960dbd5026201f431b7e6c998444858d42b9d16c118849bcc,2025,10,0.11019638643207764
8bb04c45bab48601fb733cc5e2796657096fc30c9d8d651c59bd7fbf3f6fbf8d,2025,5,0.035563365160688566
8bb04c45bab48601fb733cc5e2796657096fc30c9d8d651c59bd7fbf3f6fbf8d,2025,6,0.02897375296854104
8bb04c45bab48601fb733cc5e2796657096fc30c9d8d651c59bd7fbf3f6fbf8d,2025,7,0.027873124837400755
8bb04c45bab48601fb733cc5e2796657096fc30c9d8d651c59bd7fbf3f6fbf8d,2025,8,0.029878375014497253
8bb04c45bab48601fb733cc5e2796657096fc30c9d8d651c59bd7fbf3f6fbf8d,2025,9,0.030359654769132948
8bb04c45bab48601fb733cc5e2796657096fc30c9d8d651c59bd7fbf3f6fbf8d,2025,10,0.05663741833762629
8c24ffa8d5f665711287280168acf9e8c2a971d118ca50e3da5b638d33f867dc,2025,5,0.04598083649719812
8c24ffa8d5f665711287280168acf9e8c2a971d118ca50e3da5b638d33f867dc,2025,6,0.039701836312123887
8c24ffa8d5f665711287280168acf9e8c2a971d118ca50e3da5b638d33f867dc,2025,7,0.04107489123010727
8c24ffa8d5f665711287280168acf9e8c2a971d118ca50e3da5b638d33f867dc,2025,8,0.03826408690185111
8c24ffa8d5f665711287280168acf9e8c2a971d118ca50e3da5b638d33f867dc,2025,9,0.04266816946669512
8c24ffa8d5f665711287280168acf9e8c2a971d118ca50e3da5b638d33f867dc,2025,10,0.06876336287369013
8c42ab318fdbd97583a88225adea8f69ef9158f054213498924cf7d79b714757,2025,5,0.05638142190647848
8c42ab318fdbd97583a88225adea8f69ef9158f054213498924cf7d79b714757,2025,6,0.04134820096185475
8c42ab318fdbd97583a88225adea8f69ef9158f054213498924cf7d79b714757,2025,7,0.036667946099397664
8c42ab318fdbd97583a88225adea8f69ef9158f054213498924cf7d79b714757,2025,8,0.04238538872852685
8c42ab318fdbd97583a88225adea8f69ef9158f054213498924cf7d79b714757,2025,9,0.04567785698677648
8c42ab318fdbd97583a88225adea8f69ef9158f054213498924cf7d79b714757,2025,10,0.07855002516790595
8c872721bc8525814ad8ec0ae7bbcd09be4da55b1c93c33e360eaa4b82ac608f,2025,5,0.035826015893745115
8c872721bc8525814ad8ec0ae7bbcd09be4da55b1c93c33e360eaa4b82ac608f,2025,6,0.028452735354106685
8c872721bc8525814ad8ec0ae7bbcd09be4da55b1c93c33e360eaa4b82ac608f,2025,7,0.028181699244520932
8c872721bc8525814ad8ec0ae7bbcd09be4da55b1c93c33e360eaa4b82ac608f,2025,8,0.028118057252093907
8c872721bc8525814ad8ec0ae7bbcd09be4da55b1c93c33e360eaa4b82ac608f,2025,9,0.030854336811223883
8c872721bc8525814ad8ec0ae7bbcd09be4da55b1c93c33e360eaa4b82ac608f,2025,10,0.064752908724945
8d0e8fca04595dc54b813d58afe65358b0706f2cf2a4baf52cb9eee8579d5f68,2025,5,0.2416071835165702
8d0e8fca04595dc54b813d58afe65358b0706f2cf2a4baf52cb9eee8579d5f68,2025,7,0.16671873720822705
8d0e8fca04595dc54b813d58afe65358b0706f2cf2a4baf52cb9eee8579d5f68,2025,8,0.17008246873704816
8d0e8fca04595dc54b813d58afe65358b0706f2cf2a4baf52cb9eee8579d5f68,2025,9,0.1878002435983188
8d0e8fca04595dc54b813d58afe65358b0706f2cf2a4baf52cb9eee8579d5f68,2025,10,0.2625853938576209
8da8db61492f10a095483cb461b60d9a99358045b6a1996230b469015f08c93c,2025,5,0.07863221532906575
8da8db61492f10a095483cb461b60d9a99358045b6a1996230b469015f08c93c,2025,6,0.033525165576013996
8da8db61492f10a095483cb461b60d9a99358045b6a1996230b469015f08c93c,2025,7,0.05062191590594696
8da8db61492f10a095483cb461b60d9a99358045b6a1996230b469015f08c93c,2025,8,0.05561705022401298
8da8db61492f10a095483cb461b60d9a99358045b6a1996230b469015f08c93c,2025,9,0.08131580556787321
8da8db61492f10a095483cb461b60d9a99358045b6a1996230b469015f08c93c,2025,10,0.11520740759300936
8dbcf79959941f46205681e840149b92d81e0d2772768cef86ec12f81e985dcb,2025,5,0.04355033680514367
8dbcf79959941f46205681e840149b92d81e0d2772768cef86ec12f81e985dcb,2025,6,0.027417556289934242
8dbcf79959941f46205681e840149b92d81e0d2772768cef86ec12f81e985dcb,2025,8,0.02190934953260917
8dbcf79959941f46205681e840149b92d81e0d2772768cef86ec12f81e985dcb,2025,9,0.047288560154014746
8dbcf79959941f46205681e840149b92d81e0d2772768cef86ec12f81e985dcb,2025,10,0.07769135197326045
8e8927635d8b096b01db328425a04ca07f9a9f82a1226ca581b493ce7ee97b7a,2025,5,0.013444222924725932
8e8927635d8b096b01db328425a04ca07f9a9f82a1226ca581b493ce7ee97b7a,2025,6,0.01739811954648479
8e8927635d8b096b01db328425a04ca07f9a9f82a1226ca581b493ce7ee97b7a,2025,7,0.018665401283521534
8e8927635d8b096b01db328425a04ca07f9a9f82a1226ca581b493ce7ee97b7a,2025,8,0.01770524368163939
8e8927635d8b096b01db328425a04ca07f9a9f82a1226ca581b493ce7ee97b7a,2025,9,0.017647751132862516
8e8927635d8b096b01db328425a04ca07f9a9f82a1226ca581b493ce7ee97b7a,2025,10,0.01615092656321172
8eb20ad555ad9b4a7b20dfa68a27966efc9aa7a2acdb588c9855a1bb02251428,2025,5,0.1285021930576214
8eb20ad555ad9b4a7b20dfa68a27966efc9aa7a2acdb588c9855a1bb02251428,2025,6,0.08111705826978637
8eb20ad555ad9b4a7b20dfa68a27966efc9aa7a2acdb588c9855a1bb02251428,2025,7,0.08801656118819547
8eb20ad555ad9b4a7b20dfa68a27966efc9aa7a2acdb588c9855a1bb02251428,2025,8,0.08091615252892581
8eb20ad555ad9b4a7b20dfa68a27966efc9aa7a2acdb588c9855a1bb02251428,2025,9,0.1071973126724867
8eb20ad555ad9b4a7b20dfa68a27966efc9aa7a2acdb588c9855a1bb02251428,2025,10,0.156557155683947
8ec51680758c9b98c7e1d0cfbf59a889ccc92a781c1bbe5ed14d19d01161745e,2025,5,0.04043812586196605
8ec51680758c9b98c7e1d0cfbf59a889ccc92a781c1bbe5ed14d19d01161745e,2025,6,0.02614914151849027
8ec51680758c9b98c7e1d0cfbf59a889ccc92a781c1bbe5ed14d19d01161745e,2025,7,0.026435517731673155
8ec51680758c9b98c7e1d0cfbf59a889ccc92a781c1bbe5ed14d19d01161745e,2025,8,0.026885548558877637
8ec51680758c9b98c7e1d0cfbf59a889ccc92a781c1bbe5ed14d19d01161745e,2025,9,0.027891661891715627
8ec51680758c9b98c7e1d0cfbf59a889ccc92a781c1bbe5ed14d19d01161745e,2025,10,0.04630521563158236
8eec8250480b57138ce52d2502b2e704ab55a67e966ef4d8483490f65ce2e185,2025,5,0.04566006647143948
8eec8250480b57138ce52d2502b2e704ab55a67e966ef4d8483490f65ce2e185,2025,6,0.015125343233983504
8eec8250480b57138ce52d2502b2e704ab55a67e966ef4d8483490f65ce2e185,2025,7,0.04200628831572678
8eec8250480b57138ce52d2502b2e704ab55a67e966ef4d8483490f65ce2e185,2025,10,0.013233712282305425
8f5fc10e102027696d808c845ecfdbd79a5197a6372a5e6ab5a4688a33064001,2025,5,0.051921506024445375
8f5fc10e102027696d808c845ecfdbd79a5197a6372a5e6ab5a4688a33064001,2025,6,0.05306727274762409
8f5fc10e102027696d808c845ecfdbd79a5197a6372a5e6ab5a4688a33064001,2025,7,0.06558050979143251
8f5fc10e102027696d808c845ecfdbd79a5197a6372a5e6ab5a4688a33064001,2025,8,0.0555806018692353
8f5fc10e102027696d808c845ecfdbd79a5197a6372a5e6ab5a4688a33064001,2025,9,0.05302642092924495
8f5fc10e102027696d808c845ecfdbd79a5197a6372a5e6ab5a4688a33064001,2025,10,0.09917844546993075
8f7425a2facbce1dd6c1d1d3cbcbf2c7056c12566e0974307ac878536498d196,2025,5,0.038223115239436535
8f7425a2facbce1dd6c1d1d3cbcbf2c7056c12566e0974307ac878536498d196,2025,6,0.027595069334060585
8f7425a2facbce1dd6c1d1d3cbcbf2c7056c12566e0974307ac878536498d196,2025,7,0.030104637473531957
8f7425a2facbce1dd6c1d1d3cbcbf2c7056c12566e0974307ac878536498d196,2025,8,0.029557146110874646
8f7425a2facbce1dd6c1d1d3cbcbf2c7056c12566e0974307ac878536498d196,2025,9,0.029459892618319796
8f7425a2facbce1dd6c1d1d3cbcbf2c7056c12566e0974307ac878536498d196,2025,10,0.059493148855340565
8fa8da384822ef47da21f2ce985c6dd81b4298fa982b4e7bf1873adfde8d554a,2025,5,0.06383531756346308
8fa8da384822ef47da21f2ce985c6dd81b4298fa982b4e7bf1873adfde8d554a,2025,6,0.055367451450129015
8fa8da384822ef47da21f2ce985c6dd81b4298fa982b4e7bf1873adfde8d554a,2025,7,0.039437321428641224
8fa8da384822ef47da21f2ce985c6dd81b4298fa982b4e7bf1873adfde8d554a,2025,8,0.0439004110636601
8fa8da384822ef47da21f2ce985c6dd81b4298fa982b4e7bf1873adfde8d554a,2025,9,0.05385004054326237
8fa8da384822ef47da21f2ce985c6dd81b4298fa982b4e7bf1873adfde8d554a,2025,10,0.07292129418817865
8fc50b80a0f13aff7fa6bfdfd70155df2c050872fe6f640ba6db379bfec2f67b,2025,5,0.053805642609007574
8fc50b80a0f13aff7fa6bfdfd70155df2c050872fe6f640ba6db379bfec2f67b,2025,6,0.052354152384711666
8fc50b80a0f13aff7fa6bfdfd70155df2c050872fe6f640ba6db379bfec2f67b,2025,7,0.047817965797012
8fc50b80a0f13aff7fa6bfdfd70155df2c050872fe6f640ba6db379bfec2f67b,2025,8,0.05169593154291909
8fc50b80a0f13aff7fa6bfdfd70155df2c050872fe6f640ba6db379bfec2f67b,2025,9,0.04658359510189302
8fc50b80a0f13aff7fa6bfdfd70155df2c050872fe6f640ba6db379bfec2f67b,2025,10,0.06569997856508894
9020d74cfc53a2caed885b6d6c8f95474aa7a5ad02569e4bfc778ec75e7559c4,2025,5,0.010714040324250546
9020d74cfc53a2caed885b6d6c8f95474aa7a5ad02569e4bfc778ec75e7559c4,2025,6,0.012528379403775793
9020d74cfc53a2caed885b6d6c8f95474aa7a5ad02569e4bfc778ec75e7559c4,2025,7,0.013236175065956732
9020d74cfc53a2caed885b6d6c8f95474aa7a5ad02569e4bfc778ec75e7559c4,2025,8,0.012378024119257633
9020d74cfc53a2caed885b6d6c8f95474aa7a5ad02569e4bfc778ec75e7559c4,2025,9,0.012127708675894158
9020d74cfc53a2caed885b6d6c8f95474aa7a5ad02569e4bfc778ec75e7559c4,2025,10,0.013664450405190268
90618b8c15ff47d173421da1a64eae95dc1584bb86c7289d4a210b2cb7d7cbbe,2025,5,0.16160265715444166
90618b8c15ff47d173421da1a64eae95dc1584bb86c7289d4a210b2cb7d7cbbe,2025,6,0.11316423238722263
90618b8c15ff47d173421da1a64eae95dc1584bb86c7289d4a210b2cb7d7cbbe,2025,7,0.10980689460676654
90618b8c15ff47d173421da1a64eae95dc1584bb86c7289d4a210b2cb7d7cbbe,2025,8,0.11150486246515424
90618b8c15ff47d173421da1a64eae95dc1584bb86c7289d4a210b2cb7d7cbbe,2025,9,0.12396950454556964
90618b8c15ff47d173421da1a64eae95dc1584bb86c7289d4a210b2cb7d7cbbe,2025,10,0.19593898087474113
91271dfcff8505336f8e98b848e6adb02695c88aeeb5ee8a8efe6ed11332cd09,2025,5,0.005490120503770607
91271dfcff8505336f8e98b848e6adb02695c88aeeb5ee8a8efe6ed11332cd09,2025,6,0.0020159268531878363
91271dfcff8505336f8e98b848e6adb02695c88aeeb5ee8a8efe6ed11332cd09,2025,7,0.012076063392185822
91271dfcff8505336f8e98b848e6adb02695c88aeeb5ee8a8efe6ed11332cd09,2025,8,0.005745178940810827
91271dfcff8505336f8e98b848e6adb02695c88aeeb5ee8a8efe6ed11332cd09,2025,9,0.005825611249584716
91271dfcff8505336f8e98b848e6adb02695c88aeeb5ee8a8efe6ed11332cd09,2025,10,0.012854227479192647
91359fa9a66735679d86a3f28ec7a12916988ab4e980c1c64f0cda446065b198,2025,5,0.04982432571930349
91359fa9a66735679d86a3f28ec7a12916988ab4e980c1c64f0cda446065b198,2025,6,0.03884484787665083
91359fa9a66735679d86a3f28ec7a12916988ab4e980c1c64f0cda446065b198,2025,7,0.038995259721574346
91359fa9a66735679d86a3f28ec7a12916988ab4e980c1c64f0cda446065b198,2025,8,0.03576697289433242
91359fa9a66735679d86a3f28ec7a12916988ab4e980c1c64f0cda446065b198,2025,9,0.03216904940161699
91359fa9a66735679d86a3f28ec7a12916988ab4e980c1c64f0cda446065b198,2025,10,0.059077101362668145
914a2c3929dedb0fa04fa84d3eb443540fe3820dcf86cb3ef8bbb47fb0006101,2025,5,0.06573499998598423
914a2c3929dedb0fa04fa84d3eb443540fe3820dcf86cb3ef8bbb47fb0006101,2025,6,0.03838570847907359
914a2c3929dedb0fa04fa84d3eb443540fe3820dcf86cb3ef8bbb47fb0006101,2025,7,0.03544076363802438
914a2c3929dedb0fa04fa84d3eb443540fe3820dcf86cb3ef8bbb47fb0006101,2025,8,0.03571130316238164
914a2c3929dedb0fa04fa84d3eb443540fe3820dcf86cb3ef8bbb47fb0006101,2025,9,0.04487781394510768
914a2c3929dedb0fa04fa84d3eb443540fe3820dcf86cb3ef8bbb47fb0006101,2025,10,0.09261855916156123
915b66859b83ebf269117b1f1164dd621dd97899bdde69dbd90dee3b4958adb4,2025,5,0.04503091891801545
915b66859b83ebf269117b1f1164dd621dd97899bdde69dbd90dee3b4958adb4,2025,6,0.022891986398266177
915b66859b83ebf269117b1f1164dd621dd97899bdde69dbd90dee3b4958adb4,2025,7,0.02376675494281436
915b66859b83ebf269117b1f1164dd621dd97899bdde69dbd90dee3b4958adb4,2025,8,0.018904095644995508
915b66859b83ebf269117b1f1164dd621dd97899bdde69dbd90dee3b4958adb4,2025,9,0.02759051223822834
915b66859b83ebf269117b1f1164dd621dd97899bdde69dbd90dee3b4958adb4,2025,10,0.05131940350518526
92edd7dda3afab5147e1e42e46b7f4c3baf3aaef7c92a9085ac6df384bf06d35,2025,5,0.022946396470262365
92edd7dda3afab5147e1e42e46b7f4c3baf3aaef7c92a9085ac6df384bf06d35,2025,6,0.018329292527904845
92edd7dda3afab5147e1e42e46b7f4c3baf3aaef7c92a9085ac6df384bf06d35,2025,7,0.023210416544528753
92edd7dda3afab5147e1e42e46b7f4c3baf3aaef7c92a9085ac6df384bf06d35,2025,8,0.022702886668695896
92edd7dda3afab5147e1e42e46b7f4c3baf3aaef7c92a9085ac6df384bf06d35,2025,9,0.02106537366907519
92edd7dda3afab5147e1e42e46b7f4c3baf3aaef7c92a9085ac6df384bf06d35,2025,10,0.026681443408094502
93994583a213359d175a517cecd0a77ce5d37e9d4d91b5a1965f037bb218cafc,2025,5,0.009334188268559043
93994583a213359d175a517cecd0a77ce5d37e9d4d91b5a1965f037bb218cafc,2025,6,0.010097826878797025
93994583a213359d175a517cecd0a77ce5d37e9d4d91b5a1965f037bb218cafc,2025,7,0.009892270544569957
93994583a213359d175a517cecd0a77ce5d37e9d4d91b5a1965f037bb218cafc,2025,8,0.010529053730934363
93994583a213359d175a517cecd0a77ce5d37e9d4d91b5a1965f037bb218cafc,2025,9,0.005837803363637308
93994583a213359d175a517cecd0a77ce5d37e9d4d91b5a1965f037bb218cafc,2025,10,0.00929100291857925
93ad1e23564ab23c59364911c75955fcb23050e4a32d99b2062b1bd994354db0,2025,5,0.057744766717673215
93ad1e23564ab23c59364911c75955fcb23050e4a32d99b2062b1bd994354db0,2025,6,0.03668512647725352
93ad1e23564ab23c59364911c75955fcb23050e4a32d99b2062b1bd994354db0,2025,7,0.03699663207338644
93ad1e23564ab23c59364911c75955fcb23050e4a32d99b2062b1bd994354db0,2025,8,0.03484157133399965
93ad1e23564ab23c59364911c75955fcb23050e4a32d99b2062b1bd994354db0,2025,9,0.03809257632416118
93ad1e23564ab23c59364911c75955fcb23050e4a32d99b2062b1bd994354db0,2025,10,0.07652831884410756
9479dd76e74cbfbfad11a3900be9799061405347e158a1d91f9400b0793b3695,2025,5,0.054819661803934515
9479dd76e74cbfbfad11a3900be9799061405347e158a1d91f9400b0793b3695,2025,6,0.041692349656847594
9479dd76e74cbfbfad11a3900be9799061405347e158a1d91f9400b0793b3695,2025,7,0.03501920073080779
9479dd76e74cbfbfad11a3900be9799061405347e158a1d91f9400b0793b3695,2025,8,0.03819961304909133
9479dd76e74cbfbfad11a3900be9799061405347e158a1d91f9400b0793b3695,2025,9,0.033903378865949844
9479dd76e74cbfbfad11a3900be9799061405347e158a1d91f9400b0793b3695,2025,10,0.057140254340625335
948af1e02703a676e3cec85891e700667e47ad4eaa716ec02200d78f61f9ae2d,2025,5,0.03981819856814811
948af1e02703a676e3cec85891e700667e47ad4eaa716ec02200d78f61f9ae2d,2025,6,0.029849410901436505
948af1e02703a676e3cec85891e700667e47ad4eaa716ec02200d78f61f9ae2d,2025,7,0.03954118202566557
948af1e02703a676e3cec85891e700667e47ad4eaa716ec02200d78f61f9ae2d,2025,8,0.03094768604184716
948af1e02703a676e3cec85891e700667e47ad4eaa716ec02200d78f61f9ae2d,2025,9,0.03372594697208148
948af1e02703a676e3cec85891e700667e47ad4eaa716ec02200d78f61f9ae2d,2025,10,0.048095196499356896
94beb94fa6b41b953653c02fa14e63f04ca9ca33fafc3dc33cf6dcb97563c2eb,2025,5,0.037186476796547345
94beb94fa6b41b953653c02fa14e63f04ca9ca33fafc3dc33cf6dcb97563c2eb,2025,6,0.029996954125494763
94beb94fa6b41b953653c02fa14e63f04ca9ca33fafc3dc33cf6dcb97563c2eb,2025,7,0.028158602043529418
94beb94fa6b41b953653c02fa14e63f04ca9ca33fafc3dc33cf6dcb97563c2eb,2025,8,0.028540678320165783
94beb94fa6b41b953653c02fa14e63f04ca9ca33fafc3dc33cf6dcb97563c2eb,2025,9,0.029726988454137324
94beb94fa6b41b953653c02fa14e63f04ca9ca33fafc3dc33cf6dcb97563c2eb,2025,10,0.05196826046672744
9711fe8bb9113e897738d66c4dfd3c35e36ffe8fbdd76469305503a0980b48b4,2025,5,0.06219864989864015
9711fe8bb9113e897738d66c4dfd3c35e36ffe8fbdd76469305503a0980b48b4,2025,6,0.03488564831872122
9711fe8bb9113e897738d66c4dfd3c35e36ffe8fbdd76469305503a0980b48b4,2025,7,0.03622393960763388
9711fe8bb9113e897738d66c4dfd3c35e36ffe8fbdd76469305503a0980b48b4,2025,8,0.034391824320332186
9711fe8bb9113e897738d66c4dfd3c35e36ffe8fbdd76469305503a0980b48b4,2025,9,0.036740200960012785
9711fe8bb9113e897738d66c4dfd3c35e36ffe8fbdd76469305503a0980b48b4,2025,10,0.07408776775201024
97502d2649bf0c80a7f2f2f33824491349da81e3bd57d048f32e9b4a8c455a02,2025,5,0.06080297139841508
97502d2649bf0c80a7f2f2f33824491349da81e3bd57d048f32e9b4a8c455a02,2025,6,0.05759614462331258
97502d2649bf0c80a7f2f2f33824491349da81e3bd57d048f32e9b4a8c455a02,2025,7,0.05683375059142723
97502d2649bf0c80a7f2f2f33824491349da81e3bd57d048f32e9b4a8c455a02,2025,8,0.0581510739308902
97502d2649bf0c80a7f2f2f33824491349da81e3bd57d048f32e9b4a8c455a02,2025,9,0.05409284012082402
97502d2649bf0c80a7f2f2f33824491349da81e3bd57d048f32e9b4a8c455a02,2025,10,0.07358325787048987
97caf03b948cfdc0559e4d0698fcca0f5613b4358213d13f7d6a959896ef183d,2025,5,0.0410733041249509
97caf03b948cfdc0559e4d0698fcca0f5613b4358213d13f7d6a959896ef183d,2025,6,0.04170231474763565
97caf03b948cfdc0559e4d0698fcca0f5613b4358213d13f7d6a959896ef183d,2025,7,0.03542510447460702
97caf03b948cfdc0559e4d0698fcca0f5613b4358213d13f7d6a959896ef183d,2025,8,0.03520293880713548
97caf03b948cfdc0559e4d0698fcca0f5613b4358213d13f7d6a959896ef183d,2025,9,0.03683560527137836
97caf03b948cfdc0559e4d0698fcca0f5613b4358213d13f7d6a959896ef183d,2025,10,0.0729896444274246
9836b6354391c6892c17b1d7e36230d122fb5f5c5b741044e00bbed4335a1596,2025,6,0.03203220750554841
9836b6354391c6892c17b1d7e36230d122fb5f5c5b741044e00bbed4335a1596,2025,7,0.03794421509296758
9836b6354391c6892c17b1d7e36230d122fb5f5c5b741044e00bbed4335a1596,2025,8,0.029247565951338598
98805955713adb3f453ca0546fda4c7cb09fc02631cb02ee7985931b9ab239b5,2025,5,0.1370394374995369
98805955713adb3f453ca0546fda4c7cb09fc02631cb02ee7985931b9ab239b5,2025,6,0.10930049089065497
98805955713adb3f453ca0546fda4c7cb09fc02631cb02ee7985931b9ab239b5,2025,7,0.11191248812858365
98805955713adb3f453ca0546fda4c7cb09fc02631cb02ee7985931b9ab239b5,2025,8,0.10863673291084547
98805955713adb3f453ca0546fda4c7cb09fc02631cb02ee7985931b9ab239b5,2025,9,0.11988218030096758
98805955713adb3f453ca0546fda4c7cb09fc02631cb02ee7985931b9ab239b5,2025,10,0.1855371470039574
98a57b57501e851063684121ee8f1a59eb75739202b75d4fdb94e5f9b2f94142,2025,5,0.05635570935335988
98a57b57501e851063684121ee8f1a59eb75739202b75d4fdb94e5f9b2f94142,2025,6,0.04465856255835146
98a57b57501e851063684121ee8f1a59eb75739202b75d4fdb94e5f9b2f94142,2025,7,0.043233454060271514
98a57b57501e851063684121ee8f1a59eb75739202b75d4fdb94e5f9b2f94142,2025,8,0.0425529431524526
98a57b57501e851063684121ee8f1a59eb75739202b75d4fdb94e5f9b2f94142,2025,9,0.04793830223605391
98a57b57501e851063684121ee8f1a59eb75739202b75d4fdb94e5f9b2f94142,2025,10,0.09237068947330544
98cca12d1d7fefe024a10b867c0612443fb3e6e8b92c1a2aead45e8e4222c2f1,2025,5,0.020505602990424067
98cca12d1d7fefe024a10b867c0612443fb3e6e8b92c1a2aead45e8e4222c2f1,2025,6,0.019841689048938477
98cca12d1d7fefe024a10b867c0612443fb3e6e8b92c1a2aead45e8e4222c2f1,2025,7,0.01383055985051194
98cca12d1d7fefe024a10b867c0612443fb3e6e8b92c1a2aead45e8e4222c2f1,2025,8,0.016427831048358373
98cca12d1d7fefe024a10b867c0612443fb3e6e8b92c1a2aead45e8e4222c2f1,2025,9,0.021951489684454765
98cca12d1d7fefe024a10b867c0612443fb3e6e8b92c1a2aead45e8e4222c2f1,2025,10,0.05226706082925997
99227597e9f2a5fb40af23fc56c90593f1f2fe408eb2b6d9922d40be079e8af4,2025,5,0.03797384423834364
99227597e9f2a5fb40af23fc56c90593f1f2fe408eb2b6d9922d40be079e8af4,2025,6,0.06101822762777584
99227597e9f2a5fb40af23fc56c90593f1f2fe408eb2b6d9922d40be079e8af4,2025,7,0.03637330900202365
99227597e9f2a5fb40af23fc56c90593f1f2fe408eb2b6d9922d40be079e8af4,2025,8,0.04268115777401224
99227597e9f2a5fb40af23fc56c90593f1f2fe408eb2b6d9922d40be079e8af4,2025,9,0.04225108788575625
99227597e9f2a5fb40af23fc56c90593f1f2fe408eb2b6d9922d40be079e8af4,2025,10,0.09288654373064488
999ce16b08d81fba880b792aa98dd9f086d4d9cf375705dec8c0a6a37caf7aa3,2025,5,0.0244511226317237
999ce16b08d81fba880b792aa98dd9f086d4d9cf375705dec8c0a6a37caf7aa3,2025,6,0.021133904854166913
999ce16b08d81fba880b792aa98dd9f086d4d9cf375705dec8c0a6a37caf7aa3,2025,7,0.0233483443234506
999ce16b08d81fba880b792aa98dd9f086d4d9cf375705dec8c0a6a37caf7aa3,2025,8,0.01868610944077916
999ce16b08d81fba880b792aa98dd9f086d4d9cf375705dec8c0a6a37caf7aa3,2025,9,0.019870862734368153
999ce16b08d81fba880b792aa98dd9f086d4d9cf375705dec8c0a6a37caf7aa3,2025,10,0.041100762525157236
9a013014140296eb6520905ce306b97e604c67e54bbad500e7811dd3ecb56a1e,2025,5,0.052804707734519556
9a013014140296eb6520905ce306b97e604c67e54bbad500e7811dd3ecb56a1e,2025,6,0.07997055067696532
9a013014140296eb6520905ce306b97e604c67e54bbad500e7811dd3ecb56a1e,2025,7,0.06928975167794135
9a013014140296eb6520905ce306b97e604c67e54bbad500e7811dd3ecb56a1e,2025,8,0.06220932560695296
9a013014140296eb6520905ce306b97e604c67e54bbad500e7811dd3ecb56a1e,2025,9,0.023625163941684464
9a013014140296eb6520905ce306b97e604c67e54bbad500e7811dd3ecb56a1e,2025,10,0.06332640376603066
9a39cc47e02ee2772a76e56c404337212ff31bcfbc3f612c1dd361ef2417eb53,2025,5,0.06725104025736425
9a39cc47e02ee2772a76e56c404337212ff31bcfbc3f612c1dd361ef2417eb53,2025,6,0.0498482366998491
9a39cc47e02ee2772a76e56c404337212ff31bcfbc3f612c1dd361ef2417eb53,2025,7,0.04947364847483601
9a39cc47e02ee2772a76e56c404337212ff31bcfbc3f612c1dd361ef2417eb53,2025,8,0.05602034660400928
9a39cc47e02ee2772a76e56c404337212ff31bcfbc3f612c1dd361ef2417eb53,2025,9,0.05219765942273109
9a39cc47e02ee2772a76e56c404337212ff31bcfbc3f612c1dd361ef2417eb53,2025,10,0.08029697256556079
9a6821caed7fda542fdb93818acb59edd88e30cdaf1dc16217ef84ffc9496381,2025,5,0.12198316919086934
9a6821caed7fda542fdb93818acb59edd88e30cdaf1dc16217ef84ffc9496381,2025,6,0.10440209791980787
9a6821caed7fda542fdb93818acb59edd88e30cdaf1dc16217ef84ffc9496381,2025,8,0.09466010957646205
9a6821caed7fda542fdb93818acb59edd88e30cdaf1dc16217ef84ffc9496381,2025,9,0.10826929565982343
9a6821caed7fda542fdb93818acb59edd88e30cdaf1dc16217ef84ffc9496381,2025,10,0.1783974420158692
9a766b77fac8848b645484a60f7b0290c7c8d26f946e39f71cf470c705c07d1c,2025,5,0.03507276293867851
9a766b77fac8848b645484a60f7b0290c7c8d26f946e39f71cf470c705c07d1c,2025,6,0.0299472048810949
9a766b77fac8848b645484a60f7b0290c7c8d26f946e39f71cf470c705c07d1c,2025,7,0.03356285921137468
9a766b77fac8848b645484a60f7b0290c7c8d26f946e39f71cf470c705c07d1c,2025,8,0.027281581017946158
9a766b77fac8848b645484a60f7b0290c7c8d26f946e39f71cf470c705c07d1c,2025,9,0.027190735708210186
9a766b77fac8848b645484a60f7b0290c7c8d26f946e39f71cf470c705c07d1c,2025,10,0.06167178540259382
9a9d8b929854a20cc457efd93e900c19a96465ec56ea24a73d0618cb53ed122a,2025,5,0.034772678487917125
9a9d8b929854a20cc457efd93e900c19a96465ec56ea24a73d0618cb53ed122a,2025,6,0.032334266558570766
9a9d8b929854a20cc457efd93e900c19a96465ec56ea24a73d0618cb53ed122a,2025,7,0.03277892584468477
9a9d8b929854a20cc457efd93e900c19a96465ec56ea24a73d0618cb53ed122a,2025,8,0.02898707176554036
9a9d8b929854a20cc457efd93e900c19a96465ec56ea24a73d0618cb53ed122a,2025,9,0.03159432853867345
9a9d8b929854a20cc457efd93e900c19a96465ec56ea24a73d0618cb53ed122a,2025,10,0.045857727640877324
9adeeb22f7320abe9d5f6ec40a1bf25a8c86bfc50392ced546f8ac21ba70defa,2025,5,0.053422456659451424
9adeeb22f7320abe9d5f6ec40a1bf25a8c86bfc50392ced546f8ac21ba70defa,2025,6,0.043525890283161284
9adeeb22f7320abe9d5f6ec40a1bf25a8c86bfc50392ced546f8ac21ba70defa,2025,7,0.04511475696920037
9adeeb22f7320abe9d5f6ec40a1bf25a8c86bfc50392ced546f8ac21ba70defa,2025,8,0.04308458398610104
9adeeb22f7320abe9d5f6ec40a1bf25a8c86bfc50392ced546f8ac21ba70defa,2025,9,0.044961740762923606
9adeeb22f7320abe9d5f6ec40a1bf25a8c86bfc50392ced546f8ac21ba70defa,2025,10,0.0619767191672276
9bc96449d98bff1f0aeb76be90dbb3c7b1b0482c4a1af1db6f9600f2c22cee25,2025,5,0.03934145849074972
9bc96449d98bff1f0aeb76be90dbb3c7b1b0482c4a1af1db6f9600f2c22cee25,2025,6,0.02795457847035291
9bc96449d98bff1f0aeb76be90dbb3c7b1b0482c4a1af1db6f9600f2c22cee25,2025,7,0.02785908077888028
9bc96449d98bff1f0aeb76be90dbb3c7b1b0482c4a1af1db6f9600f2c22cee25,2025,8,0.026888642311946702
9bc96449d98bff1f0aeb76be90dbb3c7b1b0482c4a1af1db6f9600f2c22cee25,2025,9,0.0242029460120847
9bc96449d98bff1f0aeb76be90dbb3c7b1b0482c4a1af1db6f9600f2c22cee25,2025,10,0.06834149521148829
9c0f33d6df35167d7237d9a4e6f3a0b1a62b99cf32dbc366653d252371978c93,2025,5,0.06840761663799641
9c0f33d6df35167d7237d9a4e6f3a0b1a62b99cf32dbc366653d252371978c93,2025,6,0.054351034951595795
9c0f33d6df35167d7237d9a4e6f3a0b1a62b99cf32dbc366653d252371978c93,2025,7,0.04846490479146231
9c0f33d6df35167d7237d9a4e6f3a0b1a62b99cf32dbc366653d252371978c93,2025,8,0.047808733814085
9c0f33d6df35167d7237d9a4e6f3a0b1a62b99cf32dbc366653d252371978c93,2025,9,0.05272695703476388
9c0f33d6df35167d7237d9a4e6f3a0b1a62b99cf32dbc366653d252371978c93,2025,10,0.08720387852325803
9e34b5ddb5d8e086ab0aa6ed8bc837f24f4c2770cd6b5abd5be49916b79e1aef,2025,5,0.04452019915424194
9e34b5ddb5d8e086ab0aa6ed8bc837f24f4c2770cd6b5abd5be49916b79e1aef,2025,6,0.06634590092550334
9e34b5ddb5d8e086ab0aa6ed8bc837f24f4c2770cd6b5abd5be49916b79e1aef,2025,7,0.06661384146586906
9e34b5ddb5d8e086ab0aa6ed8bc837f24f4c2770cd6b5abd5be49916b79e1aef,2025,8,0.07410028680257956
9e34b5ddb5d8e086ab0aa6ed8bc837f24f4c2770cd6b5abd5be49916b79e1aef,2025,9,0.07628010598578402
9e34b5ddb5d8e086ab0aa6ed8bc837f24f4c2770cd6b5abd5be49916b79e1aef,2025,10,0.17367513424488273
9f08acd9d1bb66b0264fb426b34be99596958e1aef903117595321ece7fd21f9,2025,5,0.06534247523472184
9f08acd9d1bb66b0264fb426b34be99596958e1aef903117595321ece7fd21f9,2025,6,0.04113691139622374
9f08acd9d1bb66b0264fb426b34be99596958e1aef903117595321ece7fd21f9,2025,7,0.036429747028729864
9f08acd9d1bb66b0264fb426b34be99596958e1aef903117595321ece7fd21f9,2025,8,0.029824558676422277
9f08acd9d1bb66b0264fb426b34be99596958e1aef903117595321ece7fd21f9,2025,9,0.04135567641656742
9f08acd9d1bb66b0264fb426b34be99596958e1aef903117595321ece7fd21f9,2025,10,0.0719506534400525
9f2d671f91899fa075c3cd2040aa44c030ea57df2737f34bbdaab20272fc6ccf,2025,5,0.03956143021598956
9f2d671f91899fa075c3cd2040aa44c030ea57df2737f34bbdaab20272fc6ccf,2025,6,0.030521164222555807
9f2d671f91899fa075c3cd2040aa44c030ea57df2737f34bbdaab20272fc6ccf,2025,7,0.03361837089468374
9f2d671f91899fa075c3cd2040aa44c030ea57df2737f34bbdaab20272fc6ccf,2025,8,0.028418270723590117
9f2d671f91899fa075c3cd2040aa44c030ea57df2737f34bbdaab20272fc6ccf,2025,9,0.028434018214693383
9f2d671f91899fa075c3cd2040aa44c030ea57df2737f34bbdaab20272fc6ccf,2025,10,0.032057185320957575
9f4c138a71268068ed9cf9721562173fc68296ce9efe7c164c9a3d772fceda53,2025,5,0.08352310065231318
9f4c138a71268068ed9cf9721562173fc68296ce9efe7c164c9a3d772fceda53,2025,6,0.06964012303324724
9f4c138a71268068ed9cf9721562173fc68296ce9efe7c164c9a3d772fceda53,2025,7,0.05820543765889857
9f4c138a71268068ed9cf9721562173fc68296ce9efe7c164c9a3d772fceda53,2025,8,0.06329991413229526
9f4c138a71268068ed9cf9721562173fc68296ce9efe7c164c9a3d772fceda53,2025,9,0.0633066532474138
9f4c138a71268068ed9cf9721562173fc68296ce9efe7c164c9a3d772fceda53,2025,10,0.1250262213763495
9f77b260b4457d56ded9d2f88ec35acd38b554e8b6ca619b17afa751c3fca312,2025,5,0.025706210239207713
9f77b260b4457d56ded9d2f88ec35acd38b554e8b6ca619b17afa751c3fca312,2025,6,0.025600153283281305
9f77b260b4457d56ded9d2f88ec35acd38b554e8b6ca619b17afa751c3fca312,2025,7,0.026954388316037557
9f77b260b4457d56ded9d2f88ec35acd38b554e8b6ca619b17afa751c3fca312,2025,8,0.026765643132440602
9f77b260b4457d56ded9d2f88ec35acd38b554e8b6ca619b17afa751c3fca312,2025,9,0.023458405225826724
9f77b260b4457d56ded9d2f88ec35acd38b554e8b6ca619b17afa751c3fca312,2025,10,0.041874248558539905
9ff46a473bd014e712a0a72eaaf94c3058520c3fe82448228258a78380423644,2025,5,0.030982037338787
9ff46a473bd014e712a0a72eaaf94c3058520c3fe82448228258a78380423644,2025,6,0.027948565421232308
9ff46a473bd014e712a0a72eaaf94c3058520c3fe82448228258a78380423644,2025,7,0.03186547534267878
9ff46a473bd014e712a0a72eaaf94c3058520c3fe82448228258a78380423644,2025,8,0.029752992185634878
9ff46a473bd014e712a0a72eaaf94c3058520c3fe82448228258a78380423644,2025,9,0.028804786179722368
9ff46a473bd014e712a0a72eaaf94c3058520c3fe82448228258a78380423644,2025,10,0.05208860192620587
a00b23f6f0a68ef1be19ad616ee2e4e9cccb4087bd9235a8fb4eac1cd84f9b08,2025,5,0.07222583674550621
a00b23f6f0a68ef1be19ad616ee2e4e9cccb4087bd9235a8fb4eac1cd84f9b08,2025,6,0.05303132076636315
a00b23f6f0a68ef1be19ad616ee2e4e9cccb4087bd9235a8fb4eac1cd84f9b08,2025,7,0.06077248150605163
a00b23f6f0a68ef1be19ad616ee2e4e9cccb4087bd9235a8fb4eac1cd84f9b08,2025,8,0.05683643690046442
a00b23f6f0a68ef1be19ad616ee2e4e9cccb4087bd9235a8fb4eac1cd84f9b08,2025,9,0.06373755994671153
a00b23f6f0a68ef1be19ad616ee2e4e9cccb4087bd9235a8fb4eac1cd84f9b08,2025,10,0.10655244929966402
a0bb066db36b3bb377be1823909fd7351a1d5a5b8dcd54ff32eb2399cdb97a05,2025,5,0.01840030538435992
a0bb066db36b3bb377be1823909fd7351a1d5a5b8dcd54ff32eb2399cdb97a05,2025,6,0.020267459396640444
a0bb066db36b3bb377be1823909fd7351a1d5a5b8dcd54ff32eb2399cdb97a05,2025,7,0.01994026637616085
a0bb066db36b3bb377be1823909fd7351a1d5a5b8dcd54ff32eb2399cdb97a05,2025,8,0.0200853493011313
a0bb066db36b3bb377be1823909fd7351a1d5a5b8dcd54ff32eb2399cdb97a05,2025,9,0.016241118171949332
a0bb066db36b3bb377be1823909fd7351a1d5a5b8dcd54ff32eb2399cdb97a05,2025,10,0.024636079117932946
a1a182aafaa302988f9783884b9d998f845e4d2cd85a6c4d60b33443516ed907,2025,5,0.02947373632304855
a1a182aafaa302988f9783884b9d998f845e4d2cd85a6c4d60b33443516ed907,2025,6,0.03468704614888041
a1a182aafaa302988f9783884b9d998f845e4d2cd85a6c4d60b33443516ed907,2025,7,0.008325551999748415
a1a182aafaa302988f9783884b9d998f845e4d2cd85a6c4d60b33443516ed907,2025,8,0.007286972891529941
a1a182aafaa302988f9783884b9d998f845e4d2cd85a6c4d60b33443516ed907,2025,9,0.02938732203984572
a1a182aafaa302988f9783884b9d998f845e4d2cd85a6c4d60b33443516ed907,2025,10,0.031784069797467875
a1e748d39eacbd986d1bb521cdeebe465be79332ce21bb0c26cca8f32c52f4ae,2025,5,0.03871659168598836
a1e748d39eacbd986d1bb521cdeebe465be79332ce21bb0c26cca8f32c52f4ae,2025,6,0.03576626072162029
a1e748d39eacbd986d1bb521cdeebe465be79332ce21bb0c26cca8f32c52f4ae,2025,7,0.03573217978432255
a1e748d39eacbd986d1bb521cdeebe465be79332ce21bb0c26cca8f32c52f4ae,2025,8,0.03690259622918235
a1e748d39eacbd986d1bb521cdeebe465be79332ce21bb0c26cca8f32c52f4ae,2025,9,0.02425490487987255
a1e748d39eacbd986d1bb521cdeebe465be79332ce21bb0c26cca8f32c52f4ae,2025,10,0.04944602564546545
a20a069ea8f0aa2b0fbd36090a6a813b90b895f3b9c65f7d32f88738d27df51b,2025,5,0.09527866806948254
a20a069ea8f0aa2b0fbd36090a6a813b90b895f3b9c65f7d32f88738d27df51b,2025,6,0.08002885086501316
a20a069ea8f0aa2b0fbd36090a6a813b90b895f3b9c65f7d32f88738d27df51b,2025,7,0.07894584876733468
a20a069ea8f0aa2b0fbd36090a6a813b90b895f3b9c65f7d32f88738d27df51b,2025,8,0.07951909378767245
a20a069ea8f0aa2b0fbd36090a6a813b90b895f3b9c65f7d32f88738d27df51b,2025,9,0.08061264712553443
a20a069ea8f0aa2b0fbd36090a6a813b90b895f3b9c65f7d32f88738d27df51b,2025,10,0.12052958586923551
a399f49014087d241794be9a0778ffa2d3906f67570176aadadb910475472866,2025,5,0.08845740372684321
a399f49014087d241794be9a0778ffa2d3906f67570176aadadb910475472866,2025,6,0.05066688458142222
a399f49014087d241794be9a0778ffa2d3906f67570176aadadb910475472866,2025,7,0.03964342264105491
a399f49014087d241794be9a0778ffa2d3906f67570176aadadb910475472866,2025,8,0.05370684760747578
a399f49014087d241794be9a0778ffa2d3906f67570176aadadb910475472866,2025,9,0.06471380429384128
a399f49014087d241794be9a0778ffa2d3906f67570176aadadb910475472866,2025,10,0.12051583759144037
a45ef1c38356658825cdcf72e0dd11014fc89effbd9f9f1fcdf3141fb3698867,2025,5,0.01748684377034735
a45ef1c38356658825cdcf72e0dd11014fc89effbd9f9f1fcdf3141fb3698867,2025,6,0.020000529371361705
a45ef1c38356658825cdcf72e0dd11014fc89effbd9f9f1fcdf3141fb3698867,2025,7,0.02270097860305383
a45ef1c38356658825cdcf72e0dd11014fc89effbd9f9f1fcdf3141fb3698867,2025,8,0.019846494213257296
a45ef1c38356658825cdcf72e0dd11014fc89effbd9f9f1fcdf3141fb3698867,2025,9,0.015388355935593855
a45ef1c38356658825cdcf72e0dd11014fc89effbd9f9f1fcdf3141fb3698867,2025,10,0.0218873326875865
a481b282a16774eb1dd66a75ae49921226bd9e9758bb3cb0bc06be3582cc4ab9,2025,5,0.03495299547580671
a481b282a16774eb1dd66a75ae49921226bd9e9758bb3cb0bc06be3582cc4ab9,2025,6,0.02781935084214299
a481b282a16774eb1dd66a75ae49921226bd9e9758bb3cb0bc06be3582cc4ab9,2025,7,0.03549273646670972
a481b282a16774eb1dd66a75ae49921226bd9e9758bb3cb0bc06be3582cc4ab9,2025,8,0.02961349318932477
a481b282a16774eb1dd66a75ae49921226bd9e9758bb3cb0bc06be3582cc4ab9,2025,9,0.029543356017417734
a481b282a16774eb1dd66a75ae49921226bd9e9758bb3cb0bc06be3582cc4ab9,2025,10,0.04947801740289331
a4a44e2949a7db0f951ac94a601a1db2f5d993bcebb465efff7b810475161e17,2025,5,0.0
a4a44e2949a7db0f951ac94a601a1db2f5d993bcebb465efff7b810475161e17,2025,6,0.059359601215182314
a4a44e2949a7db0f951ac94a601a1db2f5d993bcebb465efff7b810475161e17,2025,7,0.03313525446084718
a4a44e2949a7db0f951ac94a601a1db2f5d993bcebb465efff7b810475161e17,2025,8,0.084564063692856
a4a44e2949a7db0f951ac94a601a1db2f5d993bcebb465efff7b810475161e17,2025,9,0.09312507758529893
a4a44e2949a7db0f951ac94a601a1db2f5d993bcebb465efff7b810475161e17,2025,10,0.1298418664395739
a4e950b804c5a47471d822d16912d0a0c1b4c58e0bfab62eee60c4131b1fcf37,2025,5,0.03180800547503719
a4e950b804c5a47471d822d16912d0a0c1b4c58e0bfab62eee60c4131b1fcf37,2025,6,0.029468088227399818
a4e950b804c5a47471d822d16912d0a0c1b4c58e0bfab62eee60c4131b1fcf37,2025,7,0.030997110365621305
a4e950b804c5a47471d822d16912d0a0c1b4c58e0bfab62eee60c4131b1fcf37,2025,8,0.03175116045649274
a4e950b804c5a47471d822d16912d0a0c1b4c58e0bfab62eee60c4131b1fcf37,2025,9,0.03333044623834184
a4e950b804c5a47471d822d16912d0a0c1b4c58e0bfab62eee60c4131b1fcf37,2025,10,0.0504324919098635
a4eb8c61c7bf9dbf75351a1de02ab2a318280471ec4b6002a9e7029c8944060b,2025,5,0.027039218368934137
a4eb8c61c7bf9dbf75351a1de02ab2a318280471ec4b6002a9e7029c8944060b,2025,6,0.017523105727399044
a4eb8c61c7bf9dbf75351a1de02ab2a318280471ec4b6002a9e7029c8944060b,2025,7,0.01789106827763751
a4eb8c61c7bf9dbf75351a1de02ab2a318280471ec4b6002a9e7029c8944060b,2025,8,0.015497622856842279
a4eb8c61c7bf9dbf75351a1de02ab2a318280471ec4b6002a9e7029c8944060b,2025,9,0.01798549154284704
a4eb8c61c7bf9dbf75351a1de02ab2a318280471ec4b6002a9e7029c8944060b,2025,10,0.023848901653558637
a510e573a95b5a4c5e6c0f9d34320a0354431dbc28fa4bf72ce1c4d32df582b4,2025,5,0.06942349379592505
a510e573a95b5a4c5e6c0f9d34320a0354431dbc28fa4bf72ce1c4d32df582b4,2025,6,0.03895286685930058
a510e573a95b5a4c5e6c0f9d34320a0354431dbc28fa4bf72ce1c4d32df582b4,2025,7,0.03739087750081634
a510e573a95b5a4c5e6c0f9d34320a0354431dbc28fa4bf72ce1c4d32df582b4,2025,8,0.03336949776819123
a510e573a95b5a4c5e6c0f9d34320a0354431dbc28fa4bf72ce1c4d32df582b4,2025,9,0.040924061963891756
a510e573a95b5a4c5e6c0f9d34320a0354431dbc28fa4bf72ce1c4d32df582b4,2025,10,0.09527165059239102
a589f5aa2e5bc12a9d6bc033396484da47eaad8f5fcea21a08ab0a69391cc61b,2025,5,0.01829313087127021
a589f5aa2e5bc12a9d6bc033396484da47eaad8f5fcea21a08ab0a69391cc61b,2025,6,0.015153627233395363
a589f5aa2e5bc12a9d6bc033396484da47eaad8f5fcea21a08ab0a69391cc61b,2025,7,0.015289473387441592
a589f5aa2e5bc12a9d6bc033396484da47eaad8f5fcea21a08ab0a69391cc61b,2025,8,0.015630674090754786
a589f5aa2e5bc12a9d6bc033396484da47eaad8f5fcea21a08ab0a69391cc61b,2025,9,0.012734939814387987
a589f5aa2e5bc12a9d6bc033396484da47eaad8f5fcea21a08ab0a69391cc61b,2025,10,0.014603051485753119
a5ab80309570519e79efbd6608dfce861115a862960fc0c8508142ebb6f771b3,2025,5,0.019559556745108526
a5ab80309570519e79efbd6608dfce861115a862960fc0c8508142ebb6f771b3,2025,6,0.019823927270860044
a5ab80309570519e79efbd6608dfce861115a862960fc0c8508142ebb6f771b3,2025,7,0.01871375509298556
a5ab80309570519e79efbd6608dfce861115a862960fc0c8508142ebb6f771b3,2025,8,0.012040773687722224
a5ab80309570519e79efbd6608dfce861115a862960fc0c8508142ebb6f771b3,2025,9,0.013733550547731939
a5ab80309570519e79efbd6608dfce861115a862960fc0c8508142ebb6f771b3,2025,10,0.01961955912874994
a5b6c0b21e6bf9815a1cb88c152ac473bc8f9e9d291a9d0c0beffe49c68c9f5a,2025,5,0.0197084572878272
a5b6c0b21e6bf9815a1cb88c152ac473bc8f9e9d291a9d0c0beffe49c68c9f5a,2025,6,0.0160618770492095
a5b6c0b21e6bf9815a1cb88c152ac473bc8f9e9d291a9d0c0beffe49c68c9f5a,2025,7,0.017457637425836746
a5b6c0b21e6bf9815a1cb88c152ac473bc8f9e9d291a9d0c0beffe49c68c9f5a,2025,8,0.01667814553121949
a5b6c0b21e6bf9815a1cb88c152ac473bc8f9e9d291a9d0c0beffe49c68c9f5a,2025,9,0.016150603355700663
a5b6c0b21e6bf9815a1cb88c152ac473bc8f9e9d291a9d0c0beffe49c68c9f5a,2025,10,0.04416189607804791
a757302ce5c2df2d89c2b25398004a14bc8d8d39157cd76399fc488338857cae,2025,5,0.04912167484675591
a757302ce5c2df2d89c2b25398004a14bc8d8d39157cd76399fc488338857cae,2025,6,0.030988728559025656
a757302ce5c2df2d89c2b25398004a14bc8d8d39157cd76399fc488338857cae,2025,7,0.03077100677768591
a757302ce5c2df2d89c2b25398004a14bc8d8d39157cd76399fc488338857cae,2025,8,0.0297495577939931
a757302ce5c2df2d89c2b25398004a14bc8d8d39157cd76399fc488338857cae,2025,9,0.02537453818478726
a757302ce5c2df2d89c2b25398004a14bc8d8d39157cd76399fc488338857cae,2025,10,0.04459822507558928
a768ca572d95180820356d8a509ff055bd1c2544bc0c48d2414eb46a0e4e5e5e,2025,5,0.019446216228092315
a768ca572d95180820356d8a509ff055bd1c2544bc0c48d2414eb46a0e4e5e5e,2025,6,0.02031692354533947
a768ca572d95180820356d8a509ff055bd1c2544bc0c48d2414eb46a0e4e5e5e,2025,7,0.019397264826697815
a768ca572d95180820356d8a509ff055bd1c2544bc0c48d2414eb46a0e4e5e5e,2025,8,0.01331095148990447
a768ca572d95180820356d8a509ff055bd1c2544bc0c48d2414eb46a0e4e5e5e,2025,10,0.027192020676786426
a7a4d156fea9611c195a04db854b962172075b2ad54e35b0feb9ea5b7b34a10f,2025,5,0.0582832112546528
a7a4d156fea9611c195a04db854b962172075b2ad54e35b0feb9ea5b7b34a10f,2025,6,0.025433998874815827
a7a4d156fea9611c195a04db854b962172075b2ad54e35b0feb9ea5b7b34a10f,2025,7,0.02564152833261329
a7a4d156fea9611c195a04db854b962172075b2ad54e35b0feb9ea5b7b34a10f,2025,8,0.051254219036402746
a7a4d156fea9611c195a04db854b962172075b2ad54e35b0feb9ea5b7b34a10f,2025,9,0.05708446317518568
a7a4d156fea9611c195a04db854b962172075b2ad54e35b0feb9ea5b7b34a10f,2025,10,0.06740297749954392
a7c6b26faf3eec610f35111b1c22a6244866331977ec341c717e33d178dfd050,2025,5,0.07134867910191367
a7c6b26faf3eec610f35111b1c22a6244866331977ec341c717e33d178dfd050,2025,6,0.05459395459120442
a7c6b26faf3eec610f35111b1c22a6244866331977ec341c717e33d178dfd050,2025,7,0.05230905572007842
a7c6b26faf3eec610f35111b1c22a6244866331977ec341c717e33d178dfd050,2025,8,0.05274929034085496
a7c6b26faf3eec610f35111b1c22a6244866331977ec341c717e33d178dfd050,2025,9,0.05423469426207797
a7c6b26faf3eec610f35111b1c22a6244866331977ec341c717e33d178dfd050,2025,10,0.10648784451353575
ac393f6fdda5fd008b3f408680b4893cfdf0c136a5d753035f05715c3d656098,2025,5,0.048693431778543475
ac393f6fdda5fd008b3f408680b4893cfdf0c136a5d753035f05715c3d656098,2025,6,0.033867818692100274
ac393f6fdda5fd008b3f408680b4893cfdf0c136a5d753035f05715c3d656098,2025,7,0.03554958680386959
ac393f6fdda5fd008b3f408680b4893cfdf0c136a5d753035f05715c3d656098,2025,8,0.032880591858554395
ac393f6fdda5fd008b3f408680b4893cfdf0c136a5d753035f05715c3d656098,2025,9,0.03668624656251185
ac393f6fdda5fd008b3f408680b4893cfdf0c136a5d753035f05715c3d656098,2025,10,0.05291313371507836
ac463a709f16be59f019a1e578ef57e44a4c534991a93437a440f8deb5c80386,2025,5,0.08603750224234498
ac463a709f16be59f019a1e578ef57e44a4c534991a93437a440f8deb5c80386,2025,6,0.05084444142574429
ac463a709f16be59f019a1e578ef57e44a4c534991a93437a440f8deb5c80386,2025,7,0.052687051077036494
ac463a709f16be59f019a1e578ef57e44a4c534991a93437a440f8deb5c80386,2025,8,0.05116200852913588
ac463a709f16be59f019a1e578ef57e44a4c534991a93437a440f8deb5c80386,2025,10,0.10947502847461398
acc55352fdcc51ad52b3063634197e51bf85aa733d6d386cb11bf130b2288641,2025,5,0.0238172268004887
acc55352fdcc51ad52b3063634197e51bf85aa733d6d386cb11bf130b2288641,2025,6,0.01778511699607407
acc55352fdcc51ad52b3063634197e51bf85aa733d6d386cb11bf130b2288641,2025,7,0.018071004591578326
acc55352fdcc51ad52b3063634197e51bf85aa733d6d386cb11bf130b2288641,2025,8,0.02299427887690621
acc55352fdcc51ad52b3063634197e51bf85aa733d6d386cb11bf130b2288641,2025,9,0.02198466379668317
acc55352fdcc51ad52b3063634197e51bf85aa733d6d386cb11bf130b2288641,2025,10,0.042102367880371125
ace601564dc43918f552a5098354769c900e7d31b25b6558479546211b743a8b,2025,5,0.05791955871863697
ace601564dc43918f552a5098354769c900e7d31b25b6558479546211b743a8b,2025,6,0.05043164179642123
ace601564dc43918f552a5098354769c900e7d31b25b6558479546211b743a8b,2025,7,0.055817704159381934
ace601564dc43918f552a5098354769c900e7d31b25b6558479546211b743a8b,2025,8,0.055654911781035425
ace601564dc43918f552a5098354769c900e7d31b25b6558479546211b743a8b,2025,9,0.059673453729503986
ace601564dc43918f552a5098354769c900e7d31b25b6558479546211b743a8b,2025,10,0.0949828556016694
ad5ebf9565d51c8c2d5df5dbf381ce63f9602848490390eefb0c74b2f12a94e7,2025,5,0.09137270848961836
ad5ebf9565d51c8c2d5df5dbf381ce63f9602848490390eefb0c74b2f12a94e7,2025,6,0.08233279540506003
ad5ebf9565d51c8c2d5df5dbf381ce63f9602848490390eefb0c74b2f12a94e7,2025,7,0.08464617759321055
ad5ebf9565d51c8c2d5df5dbf381ce63f9602848490390eefb0c74b2f12a94e7,2025,8,0.06797235800660091
ad5ebf9565d51c8c2d5df5dbf381ce63f9602848490390eefb0c74b2f12a94e7,2025,9,0.07653549730129021
ad5ebf9565d51c8c2d5df5dbf381ce63f9602848490390eefb0c74b2f12a94e7,2025,10,0.12184611962435946
ae7d8e8527cacda264b67e364ed9dd081c6631f7466e490394611754e06e5173,2025,5,0.041899705991492786
ae7d8e8527cacda264b67e364ed9dd081c6631f7466e490394611754e06e5173,2025,6,0.03075429094150129
ae7d8e8527cacda264b67e364ed9dd081c6631f7466e490394611754e06e5173,2025,7,0.03326795575604627
ae7d8e8527cacda264b67e364ed9dd081c6631f7466e490394611754e06e5173,2025,8,0.029829720255847025
ae7d8e8527cacda264b67e364ed9dd081c6631f7466e490394611754e06e5173,2025,9,0.03126764587556927
ae7d8e8527cacda264b67e364ed9dd081c6631f7466e490394611754e06e5173,2025,10,0.05259642039757094
ae8abfd04d058d484de0f29965b378682071a8d25b931825d07f1b610b80f775,2025,5,0.08771653432216739
ae8abfd04d058d484de0f29965b378682071a8d25b931825d07f1b610b80f775,2025,6,0.08119965950537414
ae8abfd04d058d484de0f29965b378682071a8d25b931825d07f1b610b80f775,2025,7,0.08151758640277977
ae8abfd04d058d484de0f29965b378682071a8d25b931825d07f1b610b80f775,2025,8,0.08343823011313407
ae8abfd04d058d484de0f29965b378682071a8d25b931825d07f1b610b80f775,2025,9,0.10180548056547611
ae8abfd04d058d484de0f29965b378682071a8d25b931825d07f1b610b80f775,2025,10,0.12904528795430745
af05187341a019eee3445a79f465bc483549ea4d7b02e786e36df134965c4954,2025,5,0.08881743225673029
af05187341a019eee3445a79f465bc483549ea4d7b02e786e36df134965c4954,2025,6,0.009986054826977035
af05187341a019eee3445a79f465bc483549ea4d7b02e786e36df134965c4954,2025,7,0.011881253804819423
af05187341a019eee3445a79f465bc483549ea4d7b02e786e36df134965c4954,2025,8,0.010725306218104693
af05187341a019eee3445a79f465bc483549ea4d7b02e786e36df134965c4954,2025,9,0.025285290538579235
af05187341a019eee3445a79f465bc483549ea4d7b02e786e36df134965c4954,2025,10,0.12561143717092701
afb3962e12a1787faa234dce31379934f6ade556b7a55c3708dbf68f2a9d92b4,2025,5,0.012978804022661999
afb3962e12a1787faa234dce31379934f6ade556b7a55c3708dbf68f2a9d92b4,2025,6,0.012950555465327125
afb3962e12a1787faa234dce31379934f6ade556b7a55c3708dbf68f2a9d92b4,2025,7,0.013773936693532635
afb3962e12a1787faa234dce31379934f6ade556b7a55c3708dbf68f2a9d92b4,2025,8,0.013791212652792753
afb3962e12a1787faa234dce31379934f6ade556b7a55c3708dbf68f2a9d92b4,2025,9,0.01296772550137424
afb3962e12a1787faa234dce31379934f6ade556b7a55c3708dbf68f2a9d92b4,2025,10,0.017464570211012165
afbc475c0ad940f37c1c5fcab8c077fd6ad25367060c47817c87b922192d5758,2025,5,0.05856937738540418
afbc475c0ad940f37c1c5fcab8c077fd6ad25367060c47817c87b922192d5758,2025,6,0.04517002686804442
afbc475c0ad940f37c1c5fcab8c077fd6ad25367060c47817c87b922192d5758,2025,7,0.04654379515054251
afbc475c0ad940f37c1c5fcab8c077fd6ad25367060c47817c87b922192d5758,2025,8,0.04681299670257552
afbc475c0ad940f37c1c5fcab8c077fd6ad25367060c47817c87b922192d5758,2025,9,0.04132220144353697
afbc475c0ad940f37c1c5fcab8c077fd6ad25367060c47817c87b922192d5758,2025,10,0.05349062794938276
afc04210b979867cd9619ebea0ce6b535772b8fdbe60e3a2eab75b67014d87ce,2025,5,0.036520364397254576
afc04210b979867cd9619ebea0ce6b535772b8fdbe60e3a2eab75b67014d87ce,2025,6,0.021713119969005976
afc04210b979867cd9619ebea0ce6b535772b8fdbe60e3a2eab75b67014d87ce,2025,8,0.028259462592705297
afc04210b979867cd9619ebea0ce6b535772b8fdbe60e3a2eab75b67014d87ce,2025,9,0.02135275171183424
afc04210b979867cd9619ebea0ce6b535772b8fdbe60e3a2eab75b67014d87ce,2025,10,0.022935152741779465
affd305d297546533f9dfeb962870466f5c3086a9ae2e548e785f6597aef69cc,2025,5,0.01663069541037983
affd305d297546533f9dfeb962870466f5c3086a9ae2e548e785f6597aef69cc,2025,6,0.021557762695801102
affd305d297546533f9dfeb962870466f5c3086a9ae2e548e785f6597aef69cc,2025,7,0.018810387402401037
affd305d297546533f9dfeb962870466f5c3086a9ae2e548e785f6597aef69cc,2025,8,0.018440275927723654
affd305d297546533f9dfeb962870466f5c3086a9ae2e548e785f6597aef69cc,2025,9,0.014481273790538688
affd305d297546533f9dfeb962870466f5c3086a9ae2e548e785f6597aef69cc,2025,10,0.028787258610130335
b097fadf1169c39654071b15699257e9d12ac5d92dd8640e52f71e0cd99f8e1d,2025,5,0.039050828346895
b097fadf1169c39654071b15699257e9d12ac5d92dd8640e52f71e0cd99f8e1d,2025,6,0.015328688249863182
b097fadf1169c39654071b15699257e9d12ac5d92dd8640e52f71e0cd99f8e1d,2025,7,0.01764740073170361
b097fadf1169c39654071b15699257e9d12ac5d92dd8640e52f71e0cd99f8e1d,2025,8,0.01964139257148977
b097fadf1169c39654071b15699257e9d12ac5d92dd8640e52f71e0cd99f8e1d,2025,9,0.02354798449735819
b097fadf1169c39654071b15699257e9d12ac5d92dd8640e52f71e0cd99f8e1d,2025,10,0.06389088005445456
b0e95b1ca8a226927f56fe217fd04a8695ce3a1cb27b2ee786ee6867a2fb72c2,2025,5,0.03171493175726872
b0e95b1ca8a226927f56fe217fd04a8695ce3a1cb27b2ee786ee6867a2fb72c2,2025,6,0.02083987123671193
b0e95b1ca8a226927f56fe217fd04a8695ce3a1cb27b2ee786ee6867a2fb72c2,2025,7,0.024823452302942226
b0e95b1ca8a226927f56fe217fd04a8695ce3a1cb27b2ee786ee6867a2fb72c2,2025,8,0.02351256154138796
b0e95b1ca8a226927f56fe217fd04a8695ce3a1cb27b2ee786ee6867a2fb72c2,2025,9,0.02244226296431256
b0e95b1ca8a226927f56fe217fd04a8695ce3a1cb27b2ee786ee6867a2fb72c2,2025,10,0.05623337179229482
b128e72cfa88a396700dd149910bf0d237d3f5386bfb030fd1e1e3dc5553a449,2025,5,0.09274933535398196
b128e72cfa88a396700dd149910bf0d237d3f5386bfb030fd1e1e3dc5553a449,2025,6,0.05625393175229203
b128e72cfa88a396700dd149910bf0d237d3f5386bfb030fd1e1e3dc5553a449,2025,7,0.057287531068523
b128e72cfa88a396700dd149910bf0d237d3f5386bfb030fd1e1e3dc5553a449,2025,8,0.057064700262358534
b128e72cfa88a396700dd149910bf0d237d3f5386bfb030fd1e1e3dc5553a449,2025,9,0.07327320648905658
b128e72cfa88a396700dd149910bf0d237d3f5386bfb030fd1e1e3dc5553a449,2025,10,0.12390791957605028
b17da0ecb969ade91c5f3a60130a9d81f1edad9912a922537db0f2c35e4d2200,2025,5,0.01721385492468264
b17da0ecb969ade91c5f3a60130a9d81f1edad9912a922537db0f2c35e4d2200,2025,6,0.02181239866638032
b17da0ecb969ade91c5f3a60130a9d81f1edad9912a922537db0f2c35e4d2200,2025,7,0.025542839327238734
b17da0ecb969ade91c5f3a60130a9d81f1edad9912a922537db0f2c35e4d2200,2025,8,0.026256318044240577
b17da0ecb969ade91c5f3a60130a9d81f1edad9912a922537db0f2c35e4d2200,2025,9,0.019763165199780625
b17da0ecb969ade91c5f3a60130a9d81f1edad9912a922537db0f2c35e4d2200,2025,10,0.028847340779610608
b252cc55ff668c6f06a040323f80f7d5b03cd11ec34e7efe84e747283690c903,2025,5,0.017119407921916182
b252cc55ff668c6f06a040323f80f7d5b03cd11ec34e7efe84e747283690c903,2025,6,0.025244368883223078
b252cc55ff668c6f06a040323f80f7d5b03cd11ec34e7efe84e747283690c903,2025,7,0.025430725402674968
b252cc55ff668c6f06a040323f80f7d5b03cd11ec34e7efe84e747283690c903,2025,8,0.024651657508247483
b252cc55ff668c6f06a040323f80f7d5b03cd11ec34e7efe84e747283690c903,2025,9,0.018073860720593995
b252cc55ff668c6f06a040323f80f7d5b03cd11ec34e7efe84e747283690c903,2025,10,0.04025101828098985
b3b2a99704bd254d7aadf1a5ce10f093e87389ed910ce2b3195f0d39ea324558,2025,5,0.033726784163088594
b3b2a99704bd254d7aadf1a5ce10f093e87389ed910ce2b3195f0d39ea324558,2025,6,0.013171199701697896
b3b2a99704bd254d7aadf1a5ce10f093e87389ed910ce2b3195f0d39ea324558,2025,7,0.01665740538807938
b3b2a99704bd254d7aadf1a5ce10f093e87389ed910ce2b3195f0d39ea324558,2025,8,0.013700679073323584
b3b2a99704bd254d7aadf1a5ce10f093e87389ed910ce2b3195f0d39ea324558,2025,9,0.010958048523201338
b3b2a99704bd254d7aadf1a5ce10f093e87389ed910ce2b3195f0d39ea324558,2025,10,0.020195112017297075
b3bc9f855285b0a8b07a3fd14ca75c81a31335bf7108969fc7e44532aa24f50f,2025,5,0.02758330851970057
b3bc9f855285b0a8b07a3fd14ca75c81a31335bf7108969fc7e44532aa24f50f,2025,6,0.015406831280834735
b3bc9f855285b0a8b07a3fd14ca75c81a31335bf7108969fc7e44532aa24f50f,2025,7,0.021608852920173297
b3bc9f855285b0a8b07a3fd14ca75c81a31335bf7108969fc7e44532aa24f50f,2025,8,0.016631350934414493
b3bc9f855285b0a8b07a3fd14ca75c81a31335bf7108969fc7e44532aa24f50f,2025,9,0.01759995578273962
b3bc9f855285b0a8b07a3fd14ca75c81a31335bf7108969fc7e44532aa24f50f,2025,10,0.023471548218190565
b3d6c532cf41ea137f82789690a7b75068a4213f32dd32114ba124f70a5a71cc,2025,5,0.03949545536119301
b3d6c532cf41ea137f82789690a7b75068a4213f32dd32114ba124f70a5a71cc,2025,6,0.021548265008957145
b3d6c532cf41ea137f82789690a7b75068a4213f32dd32114ba124f70a5a71cc,2025,7,0.02624059589377483
b3d6c532cf41ea137f82789690a7b75068a4213f32dd32114ba124f70a5a71cc,2025,8,0.02049723564018896
b3d6c532cf41ea137f82789690a7b75068a4213f32dd32114ba124f70a5a71cc,2025,9,0.02436881060081319
b3d6c532cf41ea137f82789690a7b75068a4213f32dd32114ba124f70a5a71cc,2025,10,0.06063555935317855
b426bc99abaad863998e8ffa7c12c1297a08087ccb45b45fb2938dc6d1de9c0c,2025,5,0.0417093487801337
b426bc99abaad863998e8ffa7c12c1297a08087ccb45b45fb2938dc6d1de9c0c,2025,6,0.012710652129981249
b426bc99abaad863998e8ffa7c12c1297a08087ccb45b45fb2938dc6d1de9c0c,2025,7,0.02805670067620841
b426bc99abaad863998e8ffa7c12c1297a08087ccb45b45fb2938dc6d1de9c0c,2025,8,0.03211985563662615
b426bc99abaad863998e8ffa7c12c1297a08087ccb45b45fb2938dc6d1de9c0c,2025,9,0.03238082492752211
b426bc99abaad863998e8ffa7c12c1297a08087ccb45b45fb2938dc6d1de9c0c,2025,10,0.05635607546158429
b43329c4bf64454cf35a531ce4f904ca99540eba9f4a3f07b0e95e45c55e863a,2025,5,0.08870811250888098
b43329c4bf64454cf35a531ce4f904ca99540eba9f4a3f07b0e95e45c55e863a,2025,6,0.06905848508532832
b43329c4bf64454cf35a531ce4f904ca99540eba9f4a3f07b0e95e45c55e863a,2025,7,0.042377205341581646
b43329c4bf64454cf35a531ce4f904ca99540eba9f4a3f07b0e95e45c55e863a,2025,8,0.06087682138680552
b43329c4bf64454cf35a531ce4f904ca99540eba9f4a3f07b0e95e45c55e863a,2025,9,0.07933942825412772
b43329c4bf64454cf35a531ce4f904ca99540eba9f4a3f07b0e95e45c55e863a,2025,10,0.11837277128432004
b497aed52529d4a9e2d85855125e128766cc54e81449b49e7d51b859e68398ba,2025,5,0.04160124872300578
b497aed52529d4a9e2d85855125e128766cc54e81449b49e7d51b859e68398ba,2025,6,0.04060143768032579
b497aed52529d4a9e2d85855125e128766cc54e81449b49e7d51b859e68398ba,2025,7,0.041384197249185795
b497aed52529d4a9e2d85855125e128766cc54e81449b49e7d51b859e68398ba,2025,8,0.041351979836636174
b497aed52529d4a9e2d85855125e128766cc54e81449b49e7d51b859e68398ba,2025,9,0.03959709343955837
b497aed52529d4a9e2d85855125e128766cc54e81449b49e7d51b859e68398ba,2025,10,0.03676489508722087
b4cf2f30ddfb74ee95a1c4b65eca3d6cee67b1277940a2161e74e2689aaf0ea2,2025,5,0.03569091657843192
b4cf2f30ddfb74ee95a1c4b65eca3d6cee67b1277940a2161e74e2689aaf0ea2,2025,6,0.027091044760912647
b4cf2f30ddfb74ee95a1c4b65eca3d6cee67b1277940a2161e74e2689aaf0ea2,2025,7,0.031417170796229715
b4cf2f30ddfb74ee95a1c4b65eca3d6cee67b1277940a2161e74e2689aaf0ea2,2025,8,0.030064813655945304
b4cf2f30ddfb74ee95a1c4b65eca3d6cee67b1277940a2161e74e2689aaf0ea2,2025,9,0.022104946228292992
b4cf2f30ddfb74ee95a1c4b65eca3d6cee67b1277940a2161e74e2689aaf0ea2,2025,10,0.029429166552129273
b4e4dd2b048f23482c0c24faab06af90edc68f1815afca69227735da8b822981,2025,5,0.031315079713108526
b4e4dd2b048f23482c0c24faab06af90edc68f1815afca69227735da8b822981,2025,6,0.03311695278538518
b4e4dd2b048f23482c0c24faab06af90edc68f1815afca69227735da8b822981,2025,7,0.03176780620943944
b4e4dd2b048f23482c0c24faab06af90edc68f1815afca69227735da8b822981,2025,8,0.03105437051973734
b4e4dd2b048f23482c0c24faab06af90edc68f1815afca69227735da8b822981,2025,9,0.02624787942553363
b4e4dd2b048f23482c0c24faab06af90edc68f1815afca69227735da8b822981,2025,10,0.049021612314800476
b6b5f765ecb2db140065fca2e86999f822b7c7b2cbd4df0e558d2eac3090fb5b,2025,5,0.0
b6b5f765ecb2db140065fca2e86999f822b7c7b2cbd4df0e558d2eac3090fb5b,2025,6,0.0013826499977596235
b6b5f765ecb2db140065fca2e86999f822b7c7b2cbd4df0e558d2eac3090fb5b,2025,7,0.0034574338653788578
b6b5f765ecb2db140065fca2e86999f822b7c7b2cbd4df0e558d2eac3090fb5b,2025,8,0.0004759445704695407
b6b5f765ecb2db140065fca2e86999f822b7c7b2cbd4df0e558d2eac3090fb5b,2025,9,0.0
b6b5f765ecb2db140065fca2e86999f822b7c7b2cbd4df0e558d2eac3090fb5b,2025,10,0.0
b71a1a11d206212b3dd1f9c983938d58f0e5eddf8407a38e7c6893c22bb5dda3,2025,5,0.08840174767693852
b71a1a11d206212b3dd1f9c983938d58f0e5eddf8407a38e7c6893c22bb5dda3,2025,6,0.055351476069120456
b71a1a11d206212b3dd1f9c983938d58f0e5eddf8407a38e7c6893c22bb5dda3,2025,7,0.0619557027699995
b71a1a11d206212b3dd1f9c983938d58f0e5eddf8407a38e7c6893c22bb5dda3,2025,8,0.06249329134323618
b71a1a11d206212b3dd1f9c983938d58f0e5eddf8407a38e7c6893c22bb5dda3,2025,9,0.06408444793114768
b71a1a11d206212b3dd1f9c983938d58f0e5eddf8407a38e7c6893c22bb5dda3,2025,10,0.11570009876425512
b71ce712d9e5a68a24a8babad55855cd6eb5d2ef282ca956532066de744dc216,2025,5,0.042772536203086076
b71ce712d9e5a68a24a8babad55855cd6eb5d2ef282ca956532066de744dc216,2025,6,0.031485188547155124
b71ce712d9e5a68a24a8babad55855cd6eb5d2ef282ca956532066de744dc216,2025,7,0.0329784914712229
b71ce712d9e5a68a24a8babad55855cd6eb5d2ef282ca956532066de744dc216,2025,8,0.03612487045321192
b71ce712d9e5a68a24a8babad55855cd6eb5d2ef282ca956532066de744dc216,2025,9,0.039106236985963515
b71ce712d9e5a68a24a8babad55855cd6eb5d2ef282ca956532066de744dc216,2025,10,0.06496798269925529
b87c8e1e69a3dd2d020e5084c1994279f9bd610383cd1405ce8efa4d2635a4ee,2025,5,0.08817870370291775
b87c8e1e69a3dd2d020e5084c1994279f9bd610383cd1405ce8efa4d2635a4ee,2025,6,0.07489563465538694
b87c8e1e69a3dd2d020e5084c1994279f9bd610383cd1405ce8efa4d2635a4ee,2025,7,0.06877903824119681
b87c8e1e69a3dd2d020e5084c1994279f9bd610383cd1405ce8efa4d2635a4ee,2025,8,0.06775789341766136
b87c8e1e69a3dd2d020e5084c1994279f9bd610383cd1405ce8efa4d2635a4ee,2025,9,0.06840691215738891
b87c8e1e69a3dd2d020e5084c1994279f9bd610383cd1405ce8efa4d2635a4ee,2025,10,0.08406723787581871
b8e7297ac2a0ce4bb520d8cfb64f27da6e1ddc397e6595d6f164da6721d8e7e1,2025,5,0.018761160286832126
b8e7297ac2a0ce4bb520d8cfb64f27da6e1ddc397e6595d6f164da6721d8e7e1,2025,6,0.013269851850437659
b8e7297ac2a0ce4bb520d8cfb64f27da6e1ddc397e6595d6f164da6721d8e7e1,2025,7,0.014258728531013667
b8e7297ac2a0ce4bb520d8cfb64f27da6e1ddc397e6595d6f164da6721d8e7e1,2025,8,0.014619732809157885
b8e7297ac2a0ce4bb520d8cfb64f27da6e1ddc397e6595d6f164da6721d8e7e1,2025,9,0.01423761203363599
b8e7297ac2a0ce4bb520d8cfb64f27da6e1ddc397e6595d6f164da6721d8e7e1,2025,10,0.030823126363974683
b91d4be15138003ce3a6715e046555f6e56bbfc124107f8d83153c29c2b9c6bf,2025,5,0.03459245488383444
b91d4be15138003ce3a6715e046555f6e56bbfc124107f8d83153c29c2b9c6bf,2025,6,0.021239994714921034
b91d4be15138003ce3a6715e046555f6e56bbfc124107f8d83153c29c2b9c6bf,2025,7,0.025228884220434244
b91d4be15138003ce3a6715e046555f6e56bbfc124107f8d83153c29c2b9c6bf,2025,8,0.02435596564084196
b91d4be15138003ce3a6715e046555f6e56bbfc124107f8d83153c29c2b9c6bf,2025,9,0.04206149232160714
b91d4be15138003ce3a6715e046555f6e56bbfc124107f8d83153c29c2b9c6bf,2025,10,0.07889455953226539
b9245f7fd5df062f7851a5457409a16720201f78131a927a99209b84fd2db597,2025,5,0.03855421622069781
b9245f7fd5df062f7851a5457409a16720201f78131a927a99209b84fd2db597,2025,6,0.04215777765509603
b9245f7fd5df062f7851a5457409a16720201f78131a927a99209b84fd2db597,2025,7,0.04286174815322555
b9245f7fd5df062f7851a5457409a16720201f78131a927a99209b84fd2db597,2025,8,0.03985155354558295
b9245f7fd5df062f7851a5457409a16720201f78131a927a99209b84fd2db597,2025,9,0.04561844177711349
b9245f7fd5df062f7851a5457409a16720201f78131a927a99209b84fd2db597,2025,10,0.07949341252135353
b993b5e3b8989d420c645eeea30718c4559898a2d034ee0c678162492c895daa,2025,5,0.14964147554791535
b993b5e3b8989d420c645eeea30718c4559898a2d034ee0c678162492c895daa,2025,6,0.11947233258081448
b993b5e3b8989d420c645eeea30718c4559898a2d034ee0c678162492c895daa,2025,7,0.12165325257771997
b993b5e3b8989d420c645eeea30718c4559898a2d034ee0c678162492c895daa,2025,8,0.11920246109943892
b993b5e3b8989d420c645eeea30718c4559898a2d034ee0c678162492c895daa,2025,9,0.11345554512529459
b993b5e3b8989d420c645eeea30718c4559898a2d034ee0c678162492c895daa,2025,10,0.1840931720176604
ba30b5fef6b7085e419c416d74e999df3ee83d563501424bdc0b5b1fe79ba11f,2025,5,0.2917470987226564
ba30b5fef6b7085e419c416d74e999df3ee83d563501424bdc0b5b1fe79ba11f,2025,6,0.19661511138927368
ba30b5fef6b7085e419c416d74e999df3ee83d563501424bdc0b5b1fe79ba11f,2025,7,0.19902457106903682
ba30b5fef6b7085e419c416d74e999df3ee83d563501424bdc0b5b1fe79ba11f,2025,8,0.20211842759437118
ba30b5fef6b7085e419c416d74e999df3ee83d563501424bdc0b5b1fe79ba11f,2025,9,0.19824670751628373
ba30b5fef6b7085e419c416d74e999df3ee83d563501424bdc0b5b1fe79ba11f,2025,10,0.39473598957616346
bd0e442d9f5c7523ef5b5ae9b7468e2b7ecf2837fa0f246eee62eadcb6470319,2025,5,0.04250842573396248
bd0e442d9f5c7523ef5b5ae9b7468e2b7ecf2837fa0f246eee62eadcb6470319,2025,6,0.03768658669566047
bd0e442d9f5c7523ef5b5ae9b7468e2b7ecf2837fa0f246eee62eadcb6470319,2025,7,0.03665539111387209
bd0e442d9f5c7523ef5b5ae9b7468e2b7ecf2837fa0f246eee62eadcb6470319,2025,8,0.03716560379851505
bd0e442d9f5c7523ef5b5ae9b7468e2b7ecf2837fa0f246eee62eadcb6470319,2025,9,0.03291584854116134
bd0e442d9f5c7523ef5b5ae9b7468e2b7ecf2837fa0f246eee62eadcb6470319,2025,10,0.04971609759359008
bf1009709bd89aeb038602100bec12302f1794764a5b7a528c319433dd2f8e3a,2025,5,0.029502477951838944
bf1009709bd89aeb038602100bec12302f1794764a5b7a528c319433dd2f8e3a,2025,6,0.029796126988113264
bf1009709bd89aeb038602100bec12302f1794764a5b7a528c319433dd2f8e3a,2025,7,0.028953152918119257
bf1009709bd89aeb038602100bec12302f1794764a5b7a528c319433dd2f8e3a,2025,8,0.025260969558730757
bf1009709bd89aeb038602100bec12302f1794764a5b7a528c319433dd2f8e3a,2025,9,0.020307452576524727
bf1009709bd89aeb038602100bec12302f1794764a5b7a528c319433dd2f8e3a,2025,10,0.04544663635202464
bfbec004c35034c070942c19f59f2b8ddd6a1d33a8e1ebce325801fdb28926bd,2025,5,0.11310206384840966
bfbec004c35034c070942c19f59f2b8ddd6a1d33a8e1ebce325801fdb28926bd,2025,6,0.08722846881036596
bfbec004c35034c070942c19f59f2b8ddd6a1d33a8e1ebce325801fdb28926bd,2025,7,0.07925350455892384
bfbec004c35034c070942c19f59f2b8ddd6a1d33a8e1ebce325801fdb28926bd,2025,8,0.07988200718953403
bfbec004c35034c070942c19f59f2b8ddd6a1d33a8e1ebce325801fdb28926bd,2025,9,0.09838182999486954
bfbec004c35034c070942c19f59f2b8ddd6a1d33a8e1ebce325801fdb28926bd,2025,10,0.1844282177154972
bfd5346507a6244af0fe6f7f7b7c35f52015ae83207dde158cbbe03ae12784f6,2025,5,0.04796364354653124
bfd5346507a6244af0fe6f7f7b7c35f52015ae83207dde158cbbe03ae12784f6,2025,6,0.04490532784005595
bfd5346507a6244af0fe6f7f7b7c35f52015ae83207dde158cbbe03ae12784f6,2025,7,0.04942876944673113
bfd5346507a6244af0fe6f7f7b7c35f52015ae83207dde158cbbe03ae12784f6,2025,8,0.05115839776769005
bfd5346507a6244af0fe6f7f7b7c35f52015ae83207dde158cbbe03ae12784f6,2025,9,0.05062485877386384
bfd5346507a6244af0fe6f7f7b7c35f52015ae83207dde158cbbe03ae12784f6,2025,10,0.05050001317972565
c077912f52227e7c99a51b47afeff14e6cefff26dcc1068a98ee9b4fc868f867,2025,5,0.04273400395671102
c077912f52227e7c99a51b47afeff14e6cefff26dcc1068a98ee9b4fc868f867,2025,6,0.024673787651569908
c077912f52227e7c99a51b47afeff14e6cefff26dcc1068a98ee9b4fc868f867,2025,7,0.027435440272946147
c077912f52227e7c99a51b47afeff14e6cefff26dcc1068a98ee9b4fc868f867,2025,8,0.025490487840739335
c077912f52227e7c99a51b47afeff14e6cefff26dcc1068a98ee9b4fc868f867,2025,9,0.026003286243239977
c077912f52227e7c99a51b47afeff14e6cefff26dcc1068a98ee9b4fc868f867,2025,10,0.05873501799460297
c1116094717585e830377908e382139abe75243d01bc15382b8cbe685a1e2dbb,2025,5,0.045826287686391555
c1116094717585e830377908e382139abe75243d01bc15382b8cbe685a1e2dbb,2025,6,0.03636449933914986
c1116094717585e830377908e382139abe75243d01bc15382b8cbe685a1e2dbb,2025,7,0.03758208651170977
c1116094717585e830377908e382139abe75243d01bc15382b8cbe685a1e2dbb,2025,8,0.03774842709208613
c1116094717585e830377908e382139abe75243d01bc15382b8cbe685a1e2dbb,2025,9,0.03852944742456508
c1116094717585e830377908e382139abe75243d01bc15382b8cbe685a1e2dbb,2025,10,0.059512842105176315
c198026d7a1ee9951f995ba0c47d429dba715a74dbdf3d99e3c89e5498406cf8,2025,5,0.06186917588177742
c198026d7a1ee9951f995ba0c47d429dba715a74dbdf3d99e3c89e5498406cf8,2025,6,0.045182661103227384
c198026d7a1ee9951f995ba0c47d429dba715a74dbdf3d99e3c89e5498406cf8,2025,7,0.04168716517049409
c198026d7a1ee9951f995ba0c47d429dba715a74dbdf3d99e3c89e5498406cf8,2025,8,0.04310360274071708
c198026d7a1ee9951f995ba0c47d429dba715a74dbdf3d99e3c89e5498406cf8,2025,9,0.04753829148785077
c198026d7a1ee9951f995ba0c47d429dba715a74dbdf3d99e3c89e5498406cf8,2025,10,0.0933599815599319
c1aeb16f56d61beda029610ddca160e7d878d5d4f0f7c8e92aeacfa0abe500b9,2025,5,0.10565487289953593
c1aeb16f56d61beda029610ddca160e7d878d5d4f0f7c8e92aeacfa0abe500b9,2025,6,0.10727265773743483
c1aeb16f56d61beda029610ddca160e7d878d5d4f0f7c8e92aeacfa0abe500b9,2025,7,0.10920502430189837
c1aeb16f56d61beda029610ddca160e7d878d5d4f0f7c8e92aeacfa0abe500b9,2025,8,0.10946850220690628
c1aeb16f56d61beda029610ddca160e7d878d5d4f0f7c8e92aeacfa0abe500b9,2025,9,0.1109116206911017
c1aeb16f56d61beda029610ddca160e7d878d5d4f0f7c8e92aeacfa0abe500b9,2025,10,0.1658333500226987
c319a8aee14c01c3a152d6d0ee04bbd512417ffc3f35f2154e813aec955ee22d,2025,5,0.02680695089776971
c319a8aee14c01c3a152d6d0ee04bbd512417ffc3f35f2154e813aec955ee22d,2025,6,0.021485075266876104
c319a8aee14c01c3a152d6d0ee04bbd512417ffc3f35f2154e813aec955ee22d,2025,7,0.02196274963255295
c319a8aee14c01c3a152d6d0ee04bbd512417ffc3f35f2154e813aec955ee22d,2025,8,0.022419906590705283
c319a8aee14c01c3a152d6d0ee04bbd512417ffc3f35f2154e813aec955ee22d,2025,9,0.023577685995578294
c319a8aee14c01c3a152d6d0ee04bbd512417ffc3f35f2154e813aec955ee22d,2025,10,0.046230340370389915
c33bb14440e5f9604d08955c83c8f9f9831d17f94f6438913f2714729ed671e6,2025,5,0.05614886557513001
c33bb14440e5f9604d08955c83c8f9f9831d17f94f6438913f2714729ed671e6,2025,6,0.05034792870273951
c33bb14440e5f9604d08955c83c8f9f9831d17f94f6438913f2714729ed671e6,2025,7,0.06432061356828375
c33bb14440e5f9604d08955c83c8f9f9831d17f94f6438913f2714729ed671e6,2025,8,0.06140646566781199
c33bb14440e5f9604d08955c83c8f9f9831d17f94f6438913f2714729ed671e6,2025,9,0.04807274904077516
c33bb14440e5f9604d08955c83c8f9f9831d17f94f6438913f2714729ed671e6,2025,10,0.08250280474543967
c3531c4cd18d5442063a186efeb2402442de9d731f4e98a25b3a10f044b34a4c,2025,5,0.04357116526370681
c3531c4cd18d5442063a186efeb2402442de9d731f4e98a25b3a10f044b34a4c,2025,6,0.03189833245191746
c3531c4cd18d5442063a186efeb2402442de9d731f4e98a25b3a10f044b34a4c,2025,7,0.030701928038818077
c3531c4cd18d5442063a186efeb2402442de9d731f4e98a25b3a10f044b34a4c,2025,8,0.03280389829906162
c3531c4cd18d5442063a186efeb2402442de9d731f4e98a25b3a10f044b34a4c,2025,9,0.03402536020586918
c3531c4cd18d5442063a186efeb2402442de9d731f4e98a25b3a10f044b34a4c,2025,10,0.0586171740627764
c38adeb26eb6683864917b7538be5ea7ab7914f162f1f404d164d36e333a598b,2025,5,0.07690283944245749
c38adeb26eb6683864917b7538be5ea7ab7914f162f1f404d164d36e333a598b,2025,6,0.043599608462629474
c38adeb26eb6683864917b7538be5ea7ab7914f162f1f404d164d36e333a598b,2025,7,0.04273951388520967
c38adeb26eb6683864917b7538be5ea7ab7914f162f1f404d164d36e333a598b,2025,8,0.04426107737520835
c38adeb26eb6683864917b7538be5ea7ab7914f162f1f404d164d36e333a598b,2025,9,0.05099221437952516
c38adeb26eb6683864917b7538be5ea7ab7914f162f1f404d164d36e333a598b,2025,10,0.08862773322842393
c400c8685db6e684b92dff5c0aeae1d0162338576947151849112a8a6ed7f4b2,2025,5,0.05363477476178556
c400c8685db6e684b92dff5c0aeae1d0162338576947151849112a8a6ed7f4b2,2025,6,0.04135227309089499
c400c8685db6e684b92dff5c0aeae1d0162338576947151849112a8a6ed7f4b2,2025,7,0.03997808047925232
c400c8685db6e684b92dff5c0aeae1d0162338576947151849112a8a6ed7f4b2,2025,8,0.04404393570155863
c400c8685db6e684b92dff5c0aeae1d0162338576947151849112a8a6ed7f4b2,2025,9,0.04142334131179137
c400c8685db6e684b92dff5c0aeae1d0162338576947151849112a8a6ed7f4b2,2025,10,0.0819351990112429
c45311bfe9c13e8706a9a099ce81762b69566b6dfda93f6d521105fbed54ee4a,2025,5,0.0016443707626814887
c45311bfe9c13e8706a9a099ce81762b69566b6dfda93f6d521105fbed54ee4a,2025,6,0.005822234229598343
c45311bfe9c13e8706a9a099ce81762b69566b6dfda93f6d521105fbed54ee4a,2025,7,0.00697839114680059
c45311bfe9c13e8706a9a099ce81762b69566b6dfda93f6d521105fbed54ee4a,2025,8,0.006856539578325105
c45311bfe9c13e8706a9a099ce81762b69566b6dfda93f6d521105fbed54ee4a,2025,9,0.003855254879091641
c45311bfe9c13e8706a9a099ce81762b69566b6dfda93f6d521105fbed54ee4a,2025,10,0.04413880083163405
c4e15179aca2e2b69a0d152931f47f9a2146da0567142b6168772bbb0ac92249,2025,5,0.030941885976037867
c4e15179aca2e2b69a0d152931f47f9a2146da0567142b6168772bbb0ac92249,2025,6,0.02789722218333979
c4e15179aca2e2b69a0d152931f47f9a2146da0567142b6168772bbb0ac92249,2025,7,0.028642316322015835
c4e15179aca2e2b69a0d152931f47f9a2146da0567142b6168772bbb0ac92249,2025,8,0.02640157130224734
c4e15179aca2e2b69a0d152931f47f9a2146da0567142b6168772bbb0ac92249,2025,9,0.025918317989121635
c4e15179aca2e2b69a0d152931f47f9a2146da0567142b6168772bbb0ac92249,2025,10,0.04455081747424856
c5761e3bb51a4736bafd9ef9cba827f52b34291ae62760174293078803186264,2025,5,0.10434382539622065
c5761e3bb51a4736bafd9ef9cba827f52b34291ae62760174293078803186264,2025,6,0.09071363800402896
c5761e3bb51a4736bafd9ef9cba827f52b34291ae62760174293078803186264,2025,7,0.08970377602878186
c580467faf49c6d3f7db098bd8da8f58421b3c4cdf32a7f27cae71677a3594b5,2025,5,0.03762553889712043
c580467faf49c6d3f7db098bd8da8f58421b3c4cdf32a7f27cae71677a3594b5,2025,6,0.019443498257752833
c580467faf49c6d3f7db098bd8da8f58421b3c4cdf32a7f27cae71677a3594b5,2025,7,0.017896761809775338
c580467faf49c6d3f7db098bd8da8f58421b3c4cdf32a7f27cae71677a3594b5,2025,8,0.017283637468113528
c580467faf49c6d3f7db098bd8da8f58421b3c4cdf32a7f27cae71677a3594b5,2025,9,0.02520719134350768
c580467faf49c6d3f7db098bd8da8f58421b3c4cdf32a7f27cae71677a3594b5,2025,10,0.050861916091025354
c5f41d8d5cb0ae4531368b587e5ca8e5d69524db1da24f9f273cd68a32d4f0d6,2025,5,0.04585248671018684
c5f41d8d5cb0ae4531368b587e5ca8e5d69524db1da24f9f273cd68a32d4f0d6,2025,6,0.03669890528972639
c5f41d8d5cb0ae4531368b587e5ca8e5d69524db1da24f9f273cd68a32d4f0d6,2025,7,0.038833238148352794
c5f41d8d5cb0ae4531368b587e5ca8e5d69524db1da24f9f273cd68a32d4f0d6,2025,8,0.03792994685840428
c5f41d8d5cb0ae4531368b587e5ca8e5d69524db1da24f9f273cd68a32d4f0d6,2025,9,0.03332757075672052
c5f41d8d5cb0ae4531368b587e5ca8e5d69524db1da24f9f273cd68a32d4f0d6,2025,10,0.05785119950562398
c67b28c6b2df355ede53fb631fcf666ef446860f2be2fab277c6f26dec3f5199,2025,5,0.05881585662424489
c67b28c6b2df355ede53fb631fcf666ef446860f2be2fab277c6f26dec3f5199,2025,6,0.037882088436151214
c67b28c6b2df355ede53fb631fcf666ef446860f2be2fab277c6f26dec3f5199,2025,7,0.04052730251040884
c67b28c6b2df355ede53fb631fcf666ef446860f2be2fab277c6f26dec3f5199,2025,8,0.0365365203244304
c67b28c6b2df355ede53fb631fcf666ef446860f2be2fab277c6f26dec3f5199,2025,9,0.04136615433762271
c67b28c6b2df355ede53fb631fcf666ef446860f2be2fab277c6f26dec3f5199,2025,10,0.07054708320136392
c71612d59a2aec77f7c636999f151e9a4869b4f0a9ecd7dd562ad76b39f18e07,2025,5,0.03695259475270486
c71612d59a2aec77f7c636999f151e9a4869b4f0a9ecd7dd562ad76b39f18e07,2025,6,0.026749237214902858
c71612d59a2aec77f7c636999f151e9a4869b4f0a9ecd7dd562ad76b39f18e07,2025,7,0.027741185650101377
c71612d59a2aec77f7c636999f151e9a4869b4f0a9ecd7dd562ad76b39f18e07,2025,8,0.026100683766916422
c71612d59a2aec77f7c636999f151e9a4869b4f0a9ecd7dd562ad76b39f18e07,2025,9,0.02554688995130433
c71612d59a2aec77f7c636999f151e9a4869b4f0a9ecd7dd562ad76b39f18e07,2025,10,0.04447306673968571
c71d8c1f69ed01f105998e1330ed2674e71994e3eee6c132932695249ade611c,2025,5,0.05341588191835722
c71d8c1f69ed01f105998e1330ed2674e71994e3eee6c132932695249ade611c,2025,6,0.039095498746724446
c71d8c1f69ed01f105998e1330ed2674e71994e3eee6c132932695249ade611c,2025,7,0.041356251262783396
c71d8c1f69ed01f105998e1330ed2674e71994e3eee6c132932695249ade611c,2025,8,0.040042308129461815
c71d8c1f69ed01f105998e1330ed2674e71994e3eee6c132932695249ade611c,2025,9,0.04814230087376201
c71d8c1f69ed01f105998e1330ed2674e71994e3eee6c132932695249ade611c,2025,10,0.06540566834894529
c74e8a4d88ce3e4efe23bef8e0b2d90ddea798741169f6a07c3f29ad2d8154ec,2025,5,0.05561709219908378
c74e8a4d88ce3e4efe23bef8e0b2d90ddea798741169f6a07c3f29ad2d8154ec,2025,6,0.024895850237380293
c74e8a4d88ce3e4efe23bef8e0b2d90ddea798741169f6a07c3f29ad2d8154ec,2025,7,0.02465071062684142
c74e8a4d88ce3e4efe23bef8e0b2d90ddea798741169f6a07c3f29ad2d8154ec,2025,8,0.023770795249623493
c74e8a4d88ce3e4efe23bef8e0b2d90ddea798741169f6a07c3f29ad2d8154ec,2025,9,0.032393054628369604
c74e8a4d88ce3e4efe23bef8e0b2d90ddea798741169f6a07c3f29ad2d8154ec,2025,10,0.07072392354826536
c7b346f7fff0cb4ddcf2244db727bf6e46687293204a50c0c0cce750840f1ecf,2025,5,0.034863375654683997
c7b346f7fff0cb4ddcf2244db727bf6e46687293204a50c0c0cce750840f1ecf,2025,6,0.029996218283594805
c7b346f7fff0cb4ddcf2244db727bf6e46687293204a50c0c0cce750840f1ecf,2025,7,0.029805691398420806
c7b346f7fff0cb4ddcf2244db727bf6e46687293204a50c0c0cce750840f1ecf,2025,8,0.02968602413914375
c7b346f7fff0cb4ddcf2244db727bf6e46687293204a50c0c0cce750840f1ecf,2025,9,0.02737022287007735
c7b346f7fff0cb4ddcf2244db727bf6e46687293204a50c0c0cce750840f1ecf,2025,10,0.06061113095349245
c873be5b837beb036a8f546a9cca83bc4205e0fb678ed6afefa06d2fec722d16,2025,5,0.1667103826021521
c873be5b837beb036a8f546a9cca83bc4205e0fb678ed6afefa06d2fec722d16,2025,6,0.09054010758035898
c873be5b837beb036a8f546a9cca83bc4205e0fb678ed6afefa06d2fec722d16,2025,7,0.09500248347404566
c873be5b837beb036a8f546a9cca83bc4205e0fb678ed6afefa06d2fec722d16,2025,8,0.08468537846754559
c873be5b837beb036a8f546a9cca83bc4205e0fb678ed6afefa06d2fec722d16,2025,9,0.11383999022958621
c873be5b837beb036a8f546a9cca83bc4205e0fb678ed6afefa06d2fec722d16,2025,10,0.16363531099956427
c8f29f685d8168838d67e4cdd9bfba22e414593434d5f13c883419e568018714,2025,5,0.06120201558696261
c8f29f685d8168838d67e4cdd9bfba22e414593434d5f13c883419e568018714,2025,6,0.04444969672413038
c8f29f685d8168838d67e4cdd9bfba22e414593434d5f13c883419e568018714,2025,7,0.04358395100208403
c8f29f685d8168838d67e4cdd9bfba22e414593434d5f13c883419e568018714,2025,8,0.04230147601961275
c8f29f685d8168838d67e4cdd9bfba22e414593434d5f13c883419e568018714,2025,9,0.044254497372291375
c8f29f685d8168838d67e4cdd9bfba22e414593434d5f13c883419e568018714,2025,10,0.06183654276529807
c8fe989de7825846ce61e3f272a3c89884dab798ab48bfed52c0b7c9445ca2b4,2025,5,0.04752127615242677
c8fe989de7825846ce61e3f272a3c89884dab798ab48bfed52c0b7c9445ca2b4,2025,6,0.026735646415563242
c8fe989de7825846ce61e3f272a3c89884dab798ab48bfed52c0b7c9445ca2b4,2025,7,0.012401714112658125
c8fe989de7825846ce61e3f272a3c89884dab798ab48bfed52c0b7c9445ca2b4,2025,8,0.023407732963832403
c8fe989de7825846ce61e3f272a3c89884dab798ab48bfed52c0b7c9445ca2b4,2025,9,0.027671905838010623
c8fe989de7825846ce61e3f272a3c89884dab798ab48bfed52c0b7c9445ca2b4,2025,10,0.013509508001449563
c940390d9d628a02f959cbda65b42f71cd10e83454665ada7b3ac7b8fbf9a76c,2025,5,0.03377756887890107
c940390d9d628a02f959cbda65b42f71cd10e83454665ada7b3ac7b8fbf9a76c,2025,6,0.030905332165657485
c940390d9d628a02f959cbda65b42f71cd10e83454665ada7b3ac7b8fbf9a76c,2025,7,0.0313190844437884
c940390d9d628a02f959cbda65b42f71cd10e83454665ada7b3ac7b8fbf9a76c,2025,8,0.02891348063132315
c940390d9d628a02f959cbda65b42f71cd10e83454665ada7b3ac7b8fbf9a76c,2025,9,0.028461910923528504
c940390d9d628a02f959cbda65b42f71cd10e83454665ada7b3ac7b8fbf9a76c,2025,10,0.04514131524356334
c977a8756553ed7106802ea3cd5b7124922140bc8bd91e698bbe145a53b67e74,2025,5,0.016402248632604796
c977a8756553ed7106802ea3cd5b7124922140bc8bd91e698bbe145a53b67e74,2025,6,0.026702677005863776
c977a8756553ed7106802ea3cd5b7124922140bc8bd91e698bbe145a53b67e74,2025,7,0.02778310035533417
c977a8756553ed7106802ea3cd5b7124922140bc8bd91e698bbe145a53b67e74,2025,8,0.02824850219791375
c977a8756553ed7106802ea3cd5b7124922140bc8bd91e698bbe145a53b67e74,2025,9,0.02298013715985861
c977a8756553ed7106802ea3cd5b7124922140bc8bd91e698bbe145a53b67e74,2025,10,0.03546335647776324
c97ea589792b651817d528ecec2b5e07fa336a6a72e6959516beb249486331a7,2025,5,0.06105953700962996
c97ea589792b651817d528ecec2b5e07fa336a6a72e6959516beb249486331a7,2025,6,0.0473395743641221
c97ea589792b651817d528ecec2b5e07fa336a6a72e6959516beb249486331a7,2025,7,0.04638510309954262
c97ea589792b651817d528ecec2b5e07fa336a6a72e6959516beb249486331a7,2025,8,0.04661552663115401
c97ea589792b651817d528ecec2b5e07fa336a6a72e6959516beb249486331a7,2025,9,0.04875009563787707
c97ea589792b651817d528ecec2b5e07fa336a6a72e6959516beb249486331a7,2025,10,0.06506089668184147
c9b377c6bffc53edca8e3628c037b949e9aec7b4576c7de0da99bb8775017a6b,2025,5,0.26299963096000184
c9b377c6bffc53edca8e3628c037b949e9aec7b4576c7de0da99bb8775017a6b,2025,6,0.22587889752877902
c9b377c6bffc53edca8e3628c037b949e9aec7b4576c7de0da99bb8775017a6b,2025,7,0.23976251497963094
c9b377c6bffc53edca8e3628c037b949e9aec7b4576c7de0da99bb8775017a6b,2025,8,0.2387811920292264
c9b377c6bffc53edca8e3628c037b949e9aec7b4576c7de0da99bb8775017a6b,2025,9,0.2350782497007258
c9b377c6bffc53edca8e3628c037b949e9aec7b4576c7de0da99bb8775017a6b,2025,10,0.37569943349471596
cb69e8c917727998df38cb4bd2984eca00252f5364accc19c02e360384e37232,2025,5,0.06190459246783547
cb69e8c917727998df38cb4bd2984eca00252f5364accc19c02e360384e37232,2025,6,0.052030075808828895
cb69e8c917727998df38cb4bd2984eca00252f5364accc19c02e360384e37232,2025,7,0.05078923628652231
cb69e8c917727998df38cb4bd2984eca00252f5364accc19c02e360384e37232,2025,8,0.050688617826819445
cb69e8c917727998df38cb4bd2984eca00252f5364accc19c02e360384e37232,2025,9,0.04993866773198345
cb69e8c917727998df38cb4bd2984eca00252f5364accc19c02e360384e37232,2025,10,0.07968839690661937
cb9de0c5541ffcd73a9847755f543960505f3ea68afb009f5c373c77271df7e5,2025,5,0.016359015112116362
cb9de0c5541ffcd73a9847755f543960505f3ea68afb009f5c373c77271df7e5,2025,6,0.015144648633754995
cb9de0c5541ffcd73a9847755f543960505f3ea68afb009f5c373c77271df7e5,2025,7,0.01420698642942634
cb9de0c5541ffcd73a9847755f543960505f3ea68afb009f5c373c77271df7e5,2025,8,0.012886267516887451
cb9de0c5541ffcd73a9847755f543960505f3ea68afb009f5c373c77271df7e5,2025,10,0.046163677518892936
ccd2c7d0e78433f9ad562cad91735888bdd6a6aa71683f9a3b21d12b74f1487d,2025,5,0.023774655796104275
ccd2c7d0e78433f9ad562cad91735888bdd6a6aa71683f9a3b21d12b74f1487d,2025,6,0.021785767347683553
ccd2c7d0e78433f9ad562cad91735888bdd6a6aa71683f9a3b21d12b74f1487d,2025,7,0.026745115608124637
ccd2c7d0e78433f9ad562cad91735888bdd6a6aa71683f9a3b21d12b74f1487d,2025,8,0.022630919964935776
ccd2c7d0e78433f9ad562cad91735888bdd6a6aa71683f9a3b21d12b74f1487d,2025,9,0.01807901360456516
ccd2c7d0e78433f9ad562cad91735888bdd6a6aa71683f9a3b21d12b74f1487d,2025,10,0.03729990701971216
ce082bfe21f31a738f307de299fa2559e5166d46e3e2d87e81be02de5a3ed437,2025,5,0.042435477414862074
ce082bfe21f31a738f307de299fa2559e5166d46e3e2d87e81be02de5a3ed437,2025,6,0.03712091601934808
ce082bfe21f31a738f307de299fa2559e5166d46e3e2d87e81be02de5a3ed437,2025,7,0.0378107598713021
ce082bfe21f31a738f307de299fa2559e5166d46e3e2d87e81be02de5a3ed437,2025,8,0.03861348492604257
ce082bfe21f31a738f307de299fa2559e5166d46e3e2d87e81be02de5a3ed437,2025,9,0.03373488887010361
ce082bfe21f31a738f307de299fa2559e5166d46e3e2d87e81be02de5a3ed437,2025,10,0.06211916441214578
ce2ae276c1e20eb9b26c54cefba25fabd785dcafbaa1ece3a31567f2a664c38c,2025,5,0.05233104644228476
ce2ae276c1e20eb9b26c54cefba25fabd785dcafbaa1ece3a31567f2a664c38c,2025,6,0.0395346426567257
ce2ae276c1e20eb9b26c54cefba25fabd785dcafbaa1ece3a31567f2a664c38c,2025,7,0.0421495049559964
ce2ae276c1e20eb9b26c54cefba25fabd785dcafbaa1ece3a31567f2a664c38c,2025,8,0.033207208311351
ce416498c18f0930741983f9f0f0542273db918156e74b215908155cc6ab0957,2025,5,0.0253196536221577
ce416498c18f0930741983f9f0f0542273db918156e74b215908155cc6ab0957,2025,6,0.017644005689343174
ce416498c18f0930741983f9f0f0542273db918156e74b215908155cc6ab0957,2025,7,0.020149921354295018
ce416498c18f0930741983f9f0f0542273db918156e74b215908155cc6ab0957,2025,8,0.01780446908821504
ce416498c18f0930741983f9f0f0542273db918156e74b215908155cc6ab0957,2025,9,0.024159970676867298
ce416498c18f0930741983f9f0f0542273db918156e74b215908155cc6ab0957,2025,10,0.05391889007864905
ce5247f5d662ed4f8b3512bae0947770cc4f59ec5414ab51c0caf8ce145cfcdb,2025,5,0.026276321321768107
ce5247f5d662ed4f8b3512bae0947770cc4f59ec5414ab51c0caf8ce145cfcdb,2025,6,0.03119808323840226
ce5247f5d662ed4f8b3512bae0947770cc4f59ec5414ab51c0caf8ce145cfcdb,2025,7,0.031619906729473034
ce5247f5d662ed4f8b3512bae0947770cc4f59ec5414ab51c0caf8ce145cfcdb,2025,8,0.032378994595634585
ce5247f5d662ed4f8b3512bae0947770cc4f59ec5414ab51c0caf8ce145cfcdb,2025,9,0.030077685837897186
ce5247f5d662ed4f8b3512bae0947770cc4f59ec5414ab51c0caf8ce145cfcdb,2025,10,0.045641537622405706
cf0116021413b609ee663f3d2d27fa05b4e02f99de913f0b284356dab4f362e7,2025,5,0.06300138682520157
cf0116021413b609ee663f3d2d27fa05b4e02f99de913f0b284356dab4f362e7,2025,6,0.04707009326377759
cf0116021413b609ee663f3d2d27fa05b4e02f99de913f0b284356dab4f362e7,2025,7,0.04692746208888473
cf0116021413b609ee663f3d2d27fa05b4e02f99de913f0b284356dab4f362e7,2025,8,0.047464190020509646
cf0116021413b609ee663f3d2d27fa05b4e02f99de913f0b284356dab4f362e7,2025,9,0.05075235653101105
cf0116021413b609ee663f3d2d27fa05b4e02f99de913f0b284356dab4f362e7,2025,10,0.09580248953306938
cf052f1c689934287d5a53e5c0ca51619c89cfa97c4e1aa832feda9fba26a8bf,2025,5,0.14669250590237576
cf052f1c689934287d5a53e5c0ca51619c89cfa97c4e1aa832feda9fba26a8bf,2025,6,0.11648133087617185
cf052f1c689934287d5a53e5c0ca51619c89cfa97c4e1aa832feda9fba26a8bf,2025,7,0.12670639338740902
cf052f1c689934287d5a53e5c0ca51619c89cfa97c4e1aa832feda9fba26a8bf,2025,8,0.12147223281412511
cf052f1c689934287d5a53e5c0ca51619c89cfa97c4e1aa832feda9fba26a8bf,2025,9,0.1266436594155617
cf052f1c689934287d5a53e5c0ca51619c89cfa97c4e1aa832feda9fba26a8bf,2025,10,0.21571588253551408
cf9b680d533205300963c2abda40219554f3a4b6ec8ec3835b520cf08ff7fe48,2025,5,0.06761351053870783
cf9b680d533205300963c2abda40219554f3a4b6ec8ec3835b520cf08ff7fe48,2025,6,0.04734466051613316
cf9b680d533205300963c2abda40219554f3a4b6ec8ec3835b520cf08ff7fe48,2025,7,0.04994027826995153
cf9b680d533205300963c2abda40219554f3a4b6ec8ec3835b520cf08ff7fe48,2025,8,0.04984677747389291
cf9b680d533205300963c2abda40219554f3a4b6ec8ec3835b520cf08ff7fe48,2025,9,0.05101402797315737
cf9b680d533205300963c2abda40219554f3a4b6ec8ec3835b520cf08ff7fe48,2025,10,0.0838335460598022
d0e2a6ab28f544e994e9255a1c8bf3551b3f188417424a7b5bd97175028973f8,2025,5,0.02362666761761012
d0e2a6ab28f544e994e9255a1c8bf3551b3f188417424a7b5bd97175028973f8,2025,6,0.026198693865923484
d0e2a6ab28f544e994e9255a1c8bf3551b3f188417424a7b5bd97175028973f8,2025,7,0.029734152055678496
d0e2a6ab28f544e994e9255a1c8bf3551b3f188417424a7b5bd97175028973f8,2025,8,0.02747217516479527
d0e2a6ab28f544e994e9255a1c8bf3551b3f188417424a7b5bd97175028973f8,2025,9,0.02503058368221217
d0e2a6ab28f544e994e9255a1c8bf3551b3f188417424a7b5bd97175028973f8,2025,10,0.050420150293935345
d123e5672e62a689510b2e0557eaa291d53d42a92de62564be8752a981569996,2025,5,0.09073275826715864
d123e5672e62a689510b2e0557eaa291d53d42a92de62564be8752a981569996,2025,6,0.09561081472516468
d123e5672e62a689510b2e0557eaa291d53d42a92de62564be8752a981569996,2025,7,0.09449388709834516
d123e5672e62a689510b2e0557eaa291d53d42a92de62564be8752a981569996,2025,8,0.09024623577854868
d123e5672e62a689510b2e0557eaa291d53d42a92de62564be8752a981569996,2025,9,0.07710469995447633
d123e5672e62a689510b2e0557eaa291d53d42a92de62564be8752a981569996,2025,10,0.12498687284695484
d1805ac591a5d12b795551ba179e943ed04f1a69a6c1a5535bcbd955449db802,2025,5,0.09224257989436246
d1805ac591a5d12b795551ba179e943ed04f1a69a6c1a5535bcbd955449db802,2025,6,0.06858086688417424
d1805ac591a5d12b795551ba179e943ed04f1a69a6c1a5535bcbd955449db802,2025,7,0.0773707035286353
d1805ac591a5d12b795551ba179e943ed04f1a69a6c1a5535bcbd955449db802,2025,8,0.08852628881432724
d1805ac591a5d12b795551ba179e943ed04f1a69a6c1a5535bcbd955449db802,2025,9,0.09282657443472578
d1805ac591a5d12b795551ba179e943ed04f1a69a6c1a5535bcbd955449db802,2025,10,0.1569936828924819
d1a816f1be317befb5b1d91b658abe83e2c740dcad41d4db00be4589ad1119e9,2025,5,0.020065861330212195
d1a816f1be317befb5b1d91b658abe83e2c740dcad41d4db00be4589ad1119e9,2025,6,0.018829395316202067
d1a816f1be317befb5b1d91b658abe83e2c740dcad41d4db00be4589ad1119e9,2025,7,0.019396889858221012
d1a816f1be317befb5b1d91b658abe83e2c740dcad41d4db00be4589ad1119e9,2025,8,0.019218931432697362
d1a816f1be317befb5b1d91b658abe83e2c740dcad41d4db00be4589ad1119e9,2025,9,0.019502161618439633
d1a816f1be317befb5b1d91b658abe83e2c740dcad41d4db00be4589ad1119e9,2025,10,0.024929446013225533
d1b5aff5b13c1ced12b049b8771f378838c9085395bedc1629c558ed104924ed,2025,5,0.03796491990299725
d1b5aff5b13c1ced12b049b8771f378838c9085395bedc1629c558ed104924ed,2025,6,0.03188913617123587
d1b5aff5b13c1ced12b049b8771f378838c9085395bedc1629c558ed104924ed,2025,7,0.031207684800613433
d1b5aff5b13c1ced12b049b8771f378838c9085395bedc1629c558ed104924ed,2025,8,0.03185761480004762
d1b5aff5b13c1ced12b049b8771f378838c9085395bedc1629c558ed104924ed,2025,9,0.038807513192784665
d1b5aff5b13c1ced12b049b8771f378838c9085395bedc1629c558ed104924ed,2025,10,0.05550720769601794
d1d2f9414bb8f6580ac6fb962c487c50c81533441363a914623834bd7a03ddd2,2025,5,0.04377669500161398
d1d2f9414bb8f6580ac6fb962c487c50c81533441363a914623834bd7a03ddd2,2025,6,0.04564652571644752
d1d2f9414bb8f6580ac6fb962c487c50c81533441363a914623834bd7a03ddd2,2025,7,0.04852856422584644
d1d2f9414bb8f6580ac6fb962c487c50c81533441363a914623834bd7a03ddd2,2025,8,0.04870347013843522
d1d2f9414bb8f6580ac6fb962c487c50c81533441363a914623834bd7a03ddd2,2025,9,0.042627245924161804
d1d2f9414bb8f6580ac6fb962c487c50c81533441363a914623834bd7a03ddd2,2025,10,0.06523923938809717
d1f26cd6c191c09d8513279b6869e83111722f741a59f2c069deb46c89b85a6d,2025,5,0.03641336876850991
d1f26cd6c191c09d8513279b6869e83111722f741a59f2c069deb46c89b85a6d,2025,6,0.03224445033528894
d1f26cd6c191c09d8513279b6869e83111722f741a59f2c069deb46c89b85a6d,2025,7,0.02828537322484899
d1f26cd6c191c09d8513279b6869e83111722f741a59f2c069deb46c89b85a6d,2025,8,0.028739572306368408
d1f26cd6c191c09d8513279b6869e83111722f741a59f2c069deb46c89b85a6d,2025,9,0.029495628207783134
d1f26cd6c191c09d8513279b6869e83111722f741a59f2c069deb46c89b85a6d,2025,10,0.047991755208970845
d218ab185a3bb1aa697dfd670cb0218f7f944e35a162bb3d188ed64792be83a6,2025,5,0.04230854188367858
d218ab185a3bb1aa697dfd670cb0218f7f944e35a162bb3d188ed64792be83a6,2025,6,0.0297051669347299
d218ab185a3bb1aa697dfd670cb0218f7f944e35a162bb3d188ed64792be83a6,2025,7,0.03373099109031184
d218ab185a3bb1aa697dfd670cb0218f7f944e35a162bb3d188ed64792be83a6,2025,8,0.03480685311171548
d218ab185a3bb1aa697dfd670cb0218f7f944e35a162bb3d188ed64792be83a6,2025,9,0.035159546943785355
d218ab185a3bb1aa697dfd670cb0218f7f944e35a162bb3d188ed64792be83a6,2025,10,0.050937006370119296
d2d04cc7758224311fda82943245daafb43f11000dfca228e5fa83eaaa94cb0c,2025,5,0.030953546099917482
d2d04cc7758224311fda82943245daafb43f11000dfca228e5fa83eaaa94cb0c,2025,6,0.018472555887501147
d2d04cc7758224311fda82943245daafb43f11000dfca228e5fa83eaaa94cb0c,2025,7,0.019954091528438512
d2d04cc7758224311fda82943245daafb43f11000dfca228e5fa83eaaa94cb0c,2025,8,0.02149390521033161
d2d04cc7758224311fda82943245daafb43f11000dfca228e5fa83eaaa94cb0c,2025,9,0.01806941787122125
d2d04cc7758224311fda82943245daafb43f11000dfca228e5fa83eaaa94cb0c,2025,10,0.04179453889169533
d2f48ed028606407a55754c6b0e7a7a5407e8134ea82f908516180fd669bb93b,2025,5,0.02901635480187708
d2f48ed028606407a55754c6b0e7a7a5407e8134ea82f908516180fd669bb93b,2025,6,0.017026913365302758
d2f48ed028606407a55754c6b0e7a7a5407e8134ea82f908516180fd669bb93b,2025,7,0.019559342609397533
d2f48ed028606407a55754c6b0e7a7a5407e8134ea82f908516180fd669bb93b,2025,8,0.019246960069692967
d2f48ed028606407a55754c6b0e7a7a5407e8134ea82f908516180fd669bb93b,2025,9,0.014932763033356309
d2f48ed028606407a55754c6b0e7a7a5407e8134ea82f908516180fd669bb93b,2025,10,0.041467611264756586
d3288df081a58981101a8c062ba42c9b2bd0b981c04f68634716fffb00a78a10,2025,5,0.09930587998050532
d3288df081a58981101a8c062ba42c9b2bd0b981c04f68634716fffb00a78a10,2025,6,0.10543312987922318
d3288df081a58981101a8c062ba42c9b2bd0b981c04f68634716fffb00a78a10,2025,7,0.10917545833259322
d3288df081a58981101a8c062ba42c9b2bd0b981c04f68634716fffb00a78a10,2025,8,0.10724826191244863
d3288df081a58981101a8c062ba42c9b2bd0b981c04f68634716fffb00a78a10,2025,9,0.10155203666373308
d3288df081a58981101a8c062ba42c9b2bd0b981c04f68634716fffb00a78a10,2025,10,0.1757947241130244
d34987728389993b11dcf109da7b76196860877d6c362816805b517342259e4c,2025,5,0.07769868737305417
d34987728389993b11dcf109da7b76196860877d6c362816805b517342259e4c,2025,6,0.0579401883147493
d34987728389993b11dcf109da7b76196860877d6c362816805b517342259e4c,2025,7,0.03838146869380081
d34987728389993b11dcf109da7b76196860877d6c362816805b517342259e4c,2025,8,0.04017842355260997
d34987728389993b11dcf109da7b76196860877d6c362816805b517342259e4c,2025,9,0.04019852483769924
d34987728389993b11dcf109da7b76196860877d6c362816805b517342259e4c,2025,10,0.10514792221103031
d3b2c314fb99dea50f2097328448a379fe84011e73b574c647c18b9f92692493,2025,5,0.03254622327411108
d3b2c314fb99dea50f2097328448a379fe84011e73b574c647c18b9f92692493,2025,6,0.01931208990805587
d3b2c314fb99dea50f2097328448a379fe84011e73b574c647c18b9f92692493,2025,7,0.013614318223139278
d3b2c314fb99dea50f2097328448a379fe84011e73b574c647c18b9f92692493,2025,8,0.0037035391738712534
d3b2c314fb99dea50f2097328448a379fe84011e73b574c647c18b9f92692493,2025,9,0.007061424974317217
d3b2c314fb99dea50f2097328448a379fe84011e73b574c647c18b9f92692493,2025,10,0.021247889046053056
d3c5218356041476932f6aaf3981c11ef7e52c0deca9b67cd00d1e3d652419c4,2025,5,0.058976512241714525
d3c5218356041476932f6aaf3981c11ef7e52c0deca9b67cd00d1e3d652419c4,2025,6,0.03942368301360867
d3c5218356041476932f6aaf3981c11ef7e52c0deca9b67cd00d1e3d652419c4,2025,7,0.035065974356036964
d3c5218356041476932f6aaf3981c11ef7e52c0deca9b67cd00d1e3d652419c4,2025,8,0.039021816376717915
d3c5218356041476932f6aaf3981c11ef7e52c0deca9b67cd00d1e3d652419c4,2025,9,0.040416447371220014
d3c5218356041476932f6aaf3981c11ef7e52c0deca9b67cd00d1e3d652419c4,2025,10,0.06754917610958805
d3cf6613f44fc448205923f517c9247dc6cedfab0b6f2c169cbde33bb79e862a,2025,5,0.039582273224354335
d3cf6613f44fc448205923f517c9247dc6cedfab0b6f2c169cbde33bb79e862a,2025,6,0.044311245077741576
d3cf6613f44fc448205923f517c9247dc6cedfab0b6f2c169cbde33bb79e862a,2025,7,0.0458302331618433
d3cf6613f44fc448205923f517c9247dc6cedfab0b6f2c169cbde33bb79e862a,2025,8,0.06317578694272453
d3cf6613f44fc448205923f517c9247dc6cedfab0b6f2c169cbde33bb79e862a,2025,9,0.06641426915127226
d3cf6613f44fc448205923f517c9247dc6cedfab0b6f2c169cbde33bb79e862a,2025,10,0.05078039093746802
d3e47bad6b0a55070ad9ef260031086498bdf593426023277378b74e00e6c75f,2025,5,0.09043848750802408
d3e47bad6b0a55070ad9ef260031086498bdf593426023277378b74e00e6c75f,2025,6,0.0788609088512781
d3e47bad6b0a55070ad9ef260031086498bdf593426023277378b74e00e6c75f,2025,7,0.07686853826068317
d3e47bad6b0a55070ad9ef260031086498bdf593426023277378b74e00e6c75f,2025,8,0.07430715677467518
d3e47bad6b0a55070ad9ef260031086498bdf593426023277378b74e00e6c75f,2025,9,0.07471728508340321
d3e47bad6b0a55070ad9ef260031086498bdf593426023277378b74e00e6c75f,2025,10,0.12335864196641423
d3f7b37d249f9f8badd0dbe523103ee252c410de214d3aae287a5ab1bc1680b6,2025,5,0.016543636632204796
d3f7b37d249f9f8badd0dbe523103ee252c410de214d3aae287a5ab1bc1680b6,2025,6,0.02401886140047465
d3f7b37d249f9f8badd0dbe523103ee252c410de214d3aae287a5ab1bc1680b6,2025,7,0.025784159478475385
d3f7b37d249f9f8badd0dbe523103ee252c410de214d3aae287a5ab1bc1680b6,2025,8,0.02557166978214402
d3f7b37d249f9f8badd0dbe523103ee252c410de214d3aae287a5ab1bc1680b6,2025,9,0.023255645147254173
d3f7b37d249f9f8badd0dbe523103ee252c410de214d3aae287a5ab1bc1680b6,2025,10,0.044795617294820525
d4390444ab3cddba55c0641a7769aff5d9b8dfb0fe5902b4853ffc85c7f16d2a,2025,5,0.03508040817695145
d4390444ab3cddba55c0641a7769aff5d9b8dfb0fe5902b4853ffc85c7f16d2a,2025,6,0.016825331561238974
d4390444ab3cddba55c0641a7769aff5d9b8dfb0fe5902b4853ffc85c7f16d2a,2025,7,0.017736836643976555
d4390444ab3cddba55c0641a7769aff5d9b8dfb0fe5902b4853ffc85c7f16d2a,2025,8,0.019100511507604747
d4390444ab3cddba55c0641a7769aff5d9b8dfb0fe5902b4853ffc85c7f16d2a,2025,9,0.02061931773755795
d4390444ab3cddba55c0641a7769aff5d9b8dfb0fe5902b4853ffc85c7f16d2a,2025,10,0.04660986576580207
d52e4f00f9857aab994eed9d9a7a32891a4bb1477e4e8898df78f0f983da1928,2025,5,0.048862337092777874
d52e4f00f9857aab994eed9d9a7a32891a4bb1477e4e8898df78f0f983da1928,2025,6,0.03261926827170654
d52e4f00f9857aab994eed9d9a7a32891a4bb1477e4e8898df78f0f983da1928,2025,7,0.033515164351600624
d52e4f00f9857aab994eed9d9a7a32891a4bb1477e4e8898df78f0f983da1928,2025,8,0.03259804568564014
d52e4f00f9857aab994eed9d9a7a32891a4bb1477e4e8898df78f0f983da1928,2025,9,0.03768819117138946
d52e4f00f9857aab994eed9d9a7a32891a4bb1477e4e8898df78f0f983da1928,2025,10,0.0725651680365337
d6e3c3d5e9d19d7cedfdd7e976554174327048371e7ac1d177505bd69496a071,2025,5,0.13137220441672734
d6e3c3d5e9d19d7cedfdd7e976554174327048371e7ac1d177505bd69496a071,2025,6,0.10100648218889466
d6e3c3d5e9d19d7cedfdd7e976554174327048371e7ac1d177505bd69496a071,2025,7,0.10213262499721057
d6e3c3d5e9d19d7cedfdd7e976554174327048371e7ac1d177505bd69496a071,2025,8,0.10098212022726477
d6e3c3d5e9d19d7cedfdd7e976554174327048371e7ac1d177505bd69496a071,2025,9,0.09869925269855663
d6e3c3d5e9d19d7cedfdd7e976554174327048371e7ac1d177505bd69496a071,2025,10,0.17940302227669502
d6f75f9b6f70333f19a7f40630261af3e35b0405ff2d660c7bd1651171577f0e,2025,5,0.028875676620988697
d6f75f9b6f70333f19a7f40630261af3e35b0405ff2d660c7bd1651171577f0e,2025,6,0.022580153435706858
d6f75f9b6f70333f19a7f40630261af3e35b0405ff2d660c7bd1651171577f0e,2025,7,0.022762671154612824
d6f75f9b6f70333f19a7f40630261af3e35b0405ff2d660c7bd1651171577f0e,2025,8,0.02318024392321854
d6f75f9b6f70333f19a7f40630261af3e35b0405ff2d660c7bd1651171577f0e,2025,9,0.023131295043544067
d6f75f9b6f70333f19a7f40630261af3e35b0405ff2d660c7bd1651171577f0e,2025,10,0.039931985925381774
d6febc6ef1c6c39ee13099398a2f44f52e2bc756593df88fd36d2c4e4f7c5c91,2025,5,0.05241438728852666
d6febc6ef1c6c39ee13099398a2f44f52e2bc756593df88fd36d2c4e4f7c5c91,2025,6,0.04822177034064754
d6febc6ef1c6c39ee13099398a2f44f52e2bc756593df88fd36d2c4e4f7c5c91,2025,7,0.0411171024458582
d6febc6ef1c6c39ee13099398a2f44f52e2bc756593df88fd36d2c4e4f7c5c91,2025,8,0.04218036071693728
d6febc6ef1c6c39ee13099398a2f44f52e2bc756593df88fd36d2c4e4f7c5c91,2025,9,0.04587849854132749
d6febc6ef1c6c39ee13099398a2f44f52e2bc756593df88fd36d2c4e4f7c5c91,2025,10,0.06126761430068031
d70a6168499f0ecec49bb714b51e6a7df9e7e53d400f106fa9a47e93e9abc23b,2025,5,0.09345307496922987
d70a6168499f0ecec49bb714b51e6a7df9e7e53d400f106fa9a47e93e9abc23b,2025,6,0.08773226002395859
d70a6168499f0ecec49bb714b51e6a7df9e7e53d400f106fa9a47e93e9abc23b,2025,7,0.08446965526025862
d70a6168499f0ecec49bb714b51e6a7df9e7e53d400f106fa9a47e93e9abc23b,2025,8,0.10189428655652064
d70a6168499f0ecec49bb714b51e6a7df9e7e53d400f106fa9a47e93e9abc23b,2025,9,0.0944850170021038
d70a6168499f0ecec49bb714b51e6a7df9e7e53d400f106fa9a47e93e9abc23b,2025,10,0.15531631894413972
d724f92ef100886405215ff121432d15457bd40e0f51765882486e307a0ee3cf,2025,5,0.04769986592757031
d724f92ef100886405215ff121432d15457bd40e0f51765882486e307a0ee3cf,2025,6,0.04047765729591867
d724f92ef100886405215ff121432d15457bd40e0f51765882486e307a0ee3cf,2025,7,0.042133618710380974
d724f92ef100886405215ff121432d15457bd40e0f51765882486e307a0ee3cf,2025,8,0.038028153834071675
d724f92ef100886405215ff121432d15457bd40e0f51765882486e307a0ee3cf,2025,9,0.041204478901023814
d724f92ef100886405215ff121432d15457bd40e0f51765882486e307a0ee3cf,2025,10,0.0987454960732884
d762023a4cb6a430e357f68eaba8cc394948bd028911e463c3584286d2addcca,2025,5,0.0822634862150802
d762023a4cb6a430e357f68eaba8cc394948bd028911e463c3584286d2addcca,2025,6,0.060668097555906
d762023a4cb6a430e357f68eaba8cc394948bd028911e463c3584286d2addcca,2025,7,0.052215722957583775
d762023a4cb6a430e357f68eaba8cc394948bd028911e463c3584286d2addcca,2025,8,0.0506324533304133
d762023a4cb6a430e357f68eaba8cc394948bd028911e463c3584286d2addcca,2025,9,0.060411988679246215
d762023a4cb6a430e357f68eaba8cc394948bd028911e463c3584286d2addcca,2025,10,0.10056578599572945
d7d81af73de4eec768a34104a81b6c6218b9d6e7ee88639839bb1bb52e0da241,2025,5,0.05417905445825846
d7d81af73de4eec768a34104a81b6c6218b9d6e7ee88639839bb1bb52e0da241,2025,6,0.03875835301880939
d7d81af73de4eec768a34104a81b6c6218b9d6e7ee88639839bb1bb52e0da241,2025,7,0.03886890843737014
d7d81af73de4eec768a34104a81b6c6218b9d6e7ee88639839bb1bb52e0da241,2025,8,0.04066666916990209
d7d81af73de4eec768a34104a81b6c6218b9d6e7ee88639839bb1bb52e0da241,2025,9,0.04673323537310078
d7d81af73de4eec768a34104a81b6c6218b9d6e7ee88639839bb1bb52e0da241,2025,10,0.056686099037444926
d8a47d0eec5e005c2048ab7861bc0347c93feccfd9cbafbe6ce826777dc6e2ba,2025,5,0.04975399297389087
d8a47d0eec5e005c2048ab7861bc0347c93feccfd9cbafbe6ce826777dc6e2ba,2025,6,0.025032122698520575
d8a47d0eec5e005c2048ab7861bc0347c93feccfd9cbafbe6ce826777dc6e2ba,2025,7,0.02223197599452973
d8a47d0eec5e005c2048ab7861bc0347c93feccfd9cbafbe6ce826777dc6e2ba,2025,8,0.027832756516331134
d8a47d0eec5e005c2048ab7861bc0347c93feccfd9cbafbe6ce826777dc6e2ba,2025,9,0.02459655132174752
d8a47d0eec5e005c2048ab7861bc0347c93feccfd9cbafbe6ce826777dc6e2ba,2025,10,0.061767422491023745
d8a7cab220b0e8cc0c345b0e5b8b58910b3adf63d81982c28ae5bfe047d6e443,2025,5,0.08918795370175985
d8a7cab220b0e8cc0c345b0e5b8b58910b3adf63d81982c28ae5bfe047d6e443,2025,6,0.06860612874538545
d8a7cab220b0e8cc0c345b0e5b8b58910b3adf63d81982c28ae5bfe047d6e443,2025,7,0.06380519954797868
d8a7cab220b0e8cc0c345b0e5b8b58910b3adf63d81982c28ae5bfe047d6e443,2025,8,0.07101644310302431
d8a7cab220b0e8cc0c345b0e5b8b58910b3adf63d81982c28ae5bfe047d6e443,2025,9,0.07629806866740504
d8a7cab220b0e8cc0c345b0e5b8b58910b3adf63d81982c28ae5bfe047d6e443,2025,10,0.12257254161053194
d924d2981c3dcb2b0f5ea3fed278fcacee25e9b13c49c19d301db2ca9423720d,2025,5,0.045370810408384456
d924d2981c3dcb2b0f5ea3fed278fcacee25e9b13c49c19d301db2ca9423720d,2025,6,0.03169954093054839
d924d2981c3dcb2b0f5ea3fed278fcacee25e9b13c49c19d301db2ca9423720d,2025,7,0.03122565636886022
d924d2981c3dcb2b0f5ea3fed278fcacee25e9b13c49c19d301db2ca9423720d,2025,8,0.03080574918211545
d924d2981c3dcb2b0f5ea3fed278fcacee25e9b13c49c19d301db2ca9423720d,2025,9,0.02486365039883369
d924d2981c3dcb2b0f5ea3fed278fcacee25e9b13c49c19d301db2ca9423720d,2025,10,0.05613750241435892
db2eb9b8fa619543ab6a1bd28aa37806f81fddb02dde88d9fd803db75e84b211,2025,5,0.10509949572412124
db2eb9b8fa619543ab6a1bd28aa37806f81fddb02dde88d9fd803db75e84b211,2025,6,0.09087134329693838
db2eb9b8fa619543ab6a1bd28aa37806f81fddb02dde88d9fd803db75e84b211,2025,7,0.08292793813514458
db2eb9b8fa619543ab6a1bd28aa37806f81fddb02dde88d9fd803db75e84b211,2025,8,0.08626608493391612
db2eb9b8fa619543ab6a1bd28aa37806f81fddb02dde88d9fd803db75e84b211,2025,9,0.10542843843394079
db2eb9b8fa619543ab6a1bd28aa37806f81fddb02dde88d9fd803db75e84b211,2025,10,0.08250588688097629
db82816104068c379078b75b27d962cfb04a8a496b5e40b41e8fe49a01dab694,2025,5,0.08370697618624313
db82816104068c379078b75b27d962cfb04a8a496b5e40b41e8fe49a01dab694,2025,6,0.057415963719718
db82816104068c379078b75b27d962cfb04a8a496b5e40b41e8fe49a01dab694,2025,7,0.0492259566271664
db82816104068c379078b75b27d962cfb04a8a496b5e40b41e8fe49a01dab694,2025,8,0.050176648091177396
db82816104068c379078b75b27d962cfb04a8a496b5e40b41e8fe49a01dab694,2025,9,0.066453214290363
db82816104068c379078b75b27d962cfb04a8a496b5e40b41e8fe49a01dab694,2025,10,0.10576039943841843
db8af9f2d22db36aa255d7d48d8bfb89d3c763b4fe76c9824ddbe2bc502338bc,2025,5,0.062314008122732543
db8af9f2d22db36aa255d7d48d8bfb89d3c763b4fe76c9824ddbe2bc502338bc,2025,6,0.04442038979098974
db8af9f2d22db36aa255d7d48d8bfb89d3c763b4fe76c9824ddbe2bc502338bc,2025,7,0.04660615672333901
db8af9f2d22db36aa255d7d48d8bfb89d3c763b4fe76c9824ddbe2bc502338bc,2025,8,0.04767958363138944
db8af9f2d22db36aa255d7d48d8bfb89d3c763b4fe76c9824ddbe2bc502338bc,2025,9,0.05551366703444424
db8af9f2d22db36aa255d7d48d8bfb89d3c763b4fe76c9824ddbe2bc502338bc,2025,10,0.09763845591497435
dba1677fddc05c4a9f8608485bda835b0c1f5d257bea750403cb425c207373ac,2025,5,0.05705223868205398
dba1677fddc05c4a9f8608485bda835b0c1f5d257bea750403cb425c207373ac,2025,6,0.04292121237223045
dba1677fddc05c4a9f8608485bda835b0c1f5d257bea750403cb425c207373ac,2025,7,0.04564204353642521
dba1677fddc05c4a9f8608485bda835b0c1f5d257bea750403cb425c207373ac,2025,8,0.04381433958651628
dba1677fddc05c4a9f8608485bda835b0c1f5d257bea750403cb425c207373ac,2025,9,0.04680949966545571
dba1677fddc05c4a9f8608485bda835b0c1f5d257bea750403cb425c207373ac,2025,10,0.08417341103877965
dbca0e4d602ae5bc72d0e754f00db9cb65586891cccb1e2e3434a9e87d2fec59,2025,5,0.013270253005702882
dbca0e4d602ae5bc72d0e754f00db9cb65586891cccb1e2e3434a9e87d2fec59,2025,6,0.010584843652556486
dbca0e4d602ae5bc72d0e754f00db9cb65586891cccb1e2e3434a9e87d2fec59,2025,7,0.011913280838863421
dbca0e4d602ae5bc72d0e754f00db9cb65586891cccb1e2e3434a9e87d2fec59,2025,8,0.011993726178980924
dbca0e4d602ae5bc72d0e754f00db9cb65586891cccb1e2e3434a9e87d2fec59,2025,9,0.01257495763141401
dbca0e4d602ae5bc72d0e754f00db9cb65586891cccb1e2e3434a9e87d2fec59,2025,10,0.020861159123197543
dbd8594674342417912fdbc93e8a57a1cd479cb011aae26e74515cccb42f313f,2025,5,0.054282623876905176
dbd8594674342417912fdbc93e8a57a1cd479cb011aae26e74515cccb42f313f,2025,6,0.0468447902201615
dbd8594674342417912fdbc93e8a57a1cd479cb011aae26e74515cccb42f313f,2025,7,0.04550689674409685
dbd8594674342417912fdbc93e8a57a1cd479cb011aae26e74515cccb42f313f,2025,8,0.046461735142036005
dbd8594674342417912fdbc93e8a57a1cd479cb011aae26e74515cccb42f313f,2025,9,0.04757149953576238
dbd8594674342417912fdbc93e8a57a1cd479cb011aae26e74515cccb42f313f,2025,10,0.10752836540072314
dc9a56ba28581b1f90dc445eaa8307bdc7dd889db6d5032dbe4102b216207845,2025,5,0.03039956578005034
dc9a56ba28581b1f90dc445eaa8307bdc7dd889db6d5032dbe4102b216207845,2025,6,0.02834670695299173
dc9a56ba28581b1f90dc445eaa8307bdc7dd889db6d5032dbe4102b216207845,2025,7,0.0325713688541552
dc9a56ba28581b1f90dc445eaa8307bdc7dd889db6d5032dbe4102b216207845,2025,8,0.026327285445524044
dc9a56ba28581b1f90dc445eaa8307bdc7dd889db6d5032dbe4102b216207845,2025,9,0.025793367146144646
dc9a56ba28581b1f90dc445eaa8307bdc7dd889db6d5032dbe4102b216207845,2025,10,0.05220259923724957
dd9925b02e28cf9fe5d363a35eca7dbca4515111b96579844b5d2204e830ed24,2025,5,0.023326495351990155
dd9925b02e28cf9fe5d363a35eca7dbca4515111b96579844b5d2204e830ed24,2025,6,0.03366249491694665
dd9925b02e28cf9fe5d363a35eca7dbca4515111b96579844b5d2204e830ed24,2025,7,0.03458973451552456
dd9925b02e28cf9fe5d363a35eca7dbca4515111b96579844b5d2204e830ed24,2025,8,0.03275078062643117
dd9925b02e28cf9fe5d363a35eca7dbca4515111b96579844b5d2204e830ed24,2025,9,0.04039999094767766
dd9925b02e28cf9fe5d363a35eca7dbca4515111b96579844b5d2204e830ed24,2025,10,0.027563762462150608
ddf9abe7997e0972314afbcaa3f8673b1e0c4c5b1d278548ad3e14f3e308493c,2025,5,0.11281350510743933
ddf9abe7997e0972314afbcaa3f8673b1e0c4c5b1d278548ad3e14f3e308493c,2025,6,0.08430111930475469
ddf9abe7997e0972314afbcaa3f8673b1e0c4c5b1d278548ad3e14f3e308493c,2025,7,0.08186462161725237
ddf9abe7997e0972314afbcaa3f8673b1e0c4c5b1d278548ad3e14f3e308493c,2025,8,0.09110199479097424
ddf9abe7997e0972314afbcaa3f8673b1e0c4c5b1d278548ad3e14f3e308493c,2025,9,0.09200347336861445
ddf9abe7997e0972314afbcaa3f8673b1e0c4c5b1d278548ad3e14f3e308493c,2025,10,0.11840418435137894
de6b9e6e658bd793b9f0b6c9fd74d245c2d1dd6b80d016c9faee1749d1b48e58,2025,5,0.06285489989377976
de6b9e6e658bd793b9f0b6c9fd74d245c2d1dd6b80d016c9faee1749d1b48e58,2025,6,0.04248842231309304
de6b9e6e658bd793b9f0b6c9fd74d245c2d1dd6b80d016c9faee1749d1b48e58,2025,7,0.03895869859746033
de6b9e6e658bd793b9f0b6c9fd74d245c2d1dd6b80d016c9faee1749d1b48e58,2025,8,0.03692850440510304
de6b9e6e658bd793b9f0b6c9fd74d245c2d1dd6b80d016c9faee1749d1b48e58,2025,9,0.04346831095274965
de6b9e6e658bd793b9f0b6c9fd74d245c2d1dd6b80d016c9faee1749d1b48e58,2025,10,0.07430376025873565
de93102deb0293a3a8f8b0d0d2aabd781dd5aa299ed9cca04f633ab3ec474d13,2025,5,0.09667838944620344
de93102deb0293a3a8f8b0d0d2aabd781dd5aa299ed9cca04f633ab3ec474d13,2025,6,0.09052735727543082
de93102deb0293a3a8f8b0d0d2aabd781dd5aa299ed9cca04f633ab3ec474d13,2025,7,0.07616674014112843
de93102deb0293a3a8f8b0d0d2aabd781dd5aa299ed9cca04f633ab3ec474d13,2025,8,0.07480762328938181
de93102deb0293a3a8f8b0d0d2aabd781dd5aa299ed9cca04f633ab3ec474d13,2025,9,0.09085925040003714
de93102deb0293a3a8f8b0d0d2aabd781dd5aa299ed9cca04f633ab3ec474d13,2025,10,0.1048700532039187
dea81be4286e401c3b02527aa17c9e21c4ce7053359a55abed11ec15cf2948cb,2025,5,0.03840220319809504
dea81be4286e401c3b02527aa17c9e21c4ce7053359a55abed11ec15cf2948cb,2025,6,0.02161668859198156
dea81be4286e401c3b02527aa17c9e21c4ce7053359a55abed11ec15cf2948cb,2025,7,0.022465041537128767
dea81be4286e401c3b02527aa17c9e21c4ce7053359a55abed11ec15cf2948cb,2025,8,0.021456012048419546
dea81be4286e401c3b02527aa17c9e21c4ce7053359a55abed11ec15cf2948cb,2025,9,0.026752990274249638
dea81be4286e401c3b02527aa17c9e21c4ce7053359a55abed11ec15cf2948cb,2025,10,0.04885645374976474
dfa0cb88e5448a4cc181066c719d5b5b012487fe0f314d1a087fdfe37c6e4a41,2025,5,0.12402114198560386
dfa0cb88e5448a4cc181066c719d5b5b012487fe0f314d1a087fdfe37c6e4a41,2025,6,0.12500916453799632
dfa0cb88e5448a4cc181066c719d5b5b012487fe0f314d1a087fdfe37c6e4a41,2025,7,0.13775880873834845
dfa0cb88e5448a4cc181066c719d5b5b012487fe0f314d1a087fdfe37c6e4a41,2025,8,0.13503391146569427
dfa0cb88e5448a4cc181066c719d5b5b012487fe0f314d1a087fdfe37c6e4a41,2025,9,0.14855800389072157
dfa0cb88e5448a4cc181066c719d5b5b012487fe0f314d1a087fdfe37c6e4a41,2025,10,0.26775690255250884
e01244c4e5f6b17cc6d9cf215ad1af0702a9e573ff503cada3f303f93f2ca3e5,2025,5,0.08912171637480543
e01244c4e5f6b17cc6d9cf215ad1af0702a9e573ff503cada3f303f93f2ca3e5,2025,6,0.05898797510363164
e01244c4e5f6b17cc6d9cf215ad1af0702a9e573ff503cada3f303f93f2ca3e5,2025,7,0.062198948197709866
e01244c4e5f6b17cc6d9cf215ad1af0702a9e573ff503cada3f303f93f2ca3e5,2025,8,0.06065137229334322
e01244c4e5f6b17cc6d9cf215ad1af0702a9e573ff503cada3f303f93f2ca3e5,2025,9,0.0733279929819518
e01244c4e5f6b17cc6d9cf215ad1af0702a9e573ff503cada3f303f93f2ca3e5,2025,10,0.17998694897093873
e0cfa686db481ed6f3608891c355c08e9eb6dbca32dd06929c978e70dd896af8,2025,5,0.05263609435591042
e0cfa686db481ed6f3608891c355c08e9eb6dbca32dd06929c978e70dd896af8,2025,6,0.05194120864154915
e0cfa686db481ed6f3608891c355c08e9eb6dbca32dd06929c978e70dd896af8,2025,7,0.05250727667377734
e0cfa686db481ed6f3608891c355c08e9eb6dbca32dd06929c978e70dd896af8,2025,8,0.05106447877282825
e0cfa686db481ed6f3608891c355c08e9eb6dbca32dd06929c978e70dd896af8,2025,9,0.053801433918183025
e0cfa686db481ed6f3608891c355c08e9eb6dbca32dd06929c978e70dd896af8,2025,10,0.061046757116023795
e0e630edcec4e2ddb67d0c162b79b303c1e45cdf03e48ff38d86a00e1c4f5e29,2025,5,0.1272437799720309
e0e630edcec4e2ddb67d0c162b79b303c1e45cdf03e48ff38d86a00e1c4f5e29,2025,6,0.08917359883556149
e0e630edcec4e2ddb67d0c162b79b303c1e45cdf03e48ff38d86a00e1c4f5e29,2025,7,0.07407424155903443
e0e630edcec4e2ddb67d0c162b79b303c1e45cdf03e48ff38d86a00e1c4f5e29,2025,8,0.07946333796878129
e0e630edcec4e2ddb67d0c162b79b303c1e45cdf03e48ff38d86a00e1c4f5e29,2025,9,0.1124334649298991
e0e630edcec4e2ddb67d0c162b79b303c1e45cdf03e48ff38d86a00e1c4f5e29,2025,10,0.13820749773345722
e155cb7467976976f41293ee12cae7be83e8d2c6094dbef7e38ea3ef8248a7a4,2025,5,0.044361128446325754
e155cb7467976976f41293ee12cae7be83e8d2c6094dbef7e38ea3ef8248a7a4,2025,6,0.028862809265602227
e155cb7467976976f41293ee12cae7be83e8d2c6094dbef7e38ea3ef8248a7a4,2025,7,0.028252965074051818
e155cb7467976976f41293ee12cae7be83e8d2c6094dbef7e38ea3ef8248a7a4,2025,8,0.025370792612342714
e155cb7467976976f41293ee12cae7be83e8d2c6094dbef7e38ea3ef8248a7a4,2025,9,0.028514954214071492
e155cb7467976976f41293ee12cae7be83e8d2c6094dbef7e38ea3ef8248a7a4,2025,10,0.057464199807971725
e256b0b5fbefe3e3120fbe8a7355aa7756fb759a48a370345acf720b9b1f4a44,2025,5,0.07155962025645554
e256b0b5fbefe3e3120fbe8a7355aa7756fb759a48a370345acf720b9b1f4a44,2025,6,0.05909847740052035
e256b0b5fbefe3e3120fbe8a7355aa7756fb759a48a370345acf720b9b1f4a44,2025,7,0.05644231656011611
e256b0b5fbefe3e3120fbe8a7355aa7756fb759a48a370345acf720b9b1f4a44,2025,8,0.05672507296169179
e256b0b5fbefe3e3120fbe8a7355aa7756fb759a48a370345acf720b9b1f4a44,2025,9,0.058312058474859596
e256b0b5fbefe3e3120fbe8a7355aa7756fb759a48a370345acf720b9b1f4a44,2025,10,0.08389737009817241
e2f0be6ef4e3fbc1607c9836f74f0a77f8243ddb8813a8106b7afaa70dae579b,2025,5,0.0489163008096116
e2f0be6ef4e3fbc1607c9836f74f0a77f8243ddb8813a8106b7afaa70dae579b,2025,6,0.04232987340096366
e2f0be6ef4e3fbc1607c9836f74f0a77f8243ddb8813a8106b7afaa70dae579b,2025,7,0.041084763551849306
e2f0be6ef4e3fbc1607c9836f74f0a77f8243ddb8813a8106b7afaa70dae579b,2025,8,0.04298888390087424
e2f0be6ef4e3fbc1607c9836f74f0a77f8243ddb8813a8106b7afaa70dae579b,2025,9,0.04367468084136131
e2f0be6ef4e3fbc1607c9836f74f0a77f8243ddb8813a8106b7afaa70dae579b,2025,10,0.07282810741154998
e2f675398c08b517a040148699911691f69e93cd2040a41e4cdb53b86f09f43b,2025,5,0.07801226784701129
e2f675398c08b517a040148699911691f69e93cd2040a41e4cdb53b86f09f43b,2025,6,0.0798989319251187
e2f675398c08b517a040148699911691f69e93cd2040a41e4cdb53b86f09f43b,2025,7,0.08097875021236281
e2f675398c08b517a040148699911691f69e93cd2040a41e4cdb53b86f09f43b,2025,8,0.0822806046516228
e2f675398c08b517a040148699911691f69e93cd2040a41e4cdb53b86f09f43b,2025,9,0.08109267479280022
e2f675398c08b517a040148699911691f69e93cd2040a41e4cdb53b86f09f43b,2025,10,0.09502441663379481
e2f98e12f734ab5b8b4e79a16685517d9db8843feb84f5d729f872cd6074b8d1,2025,5,0.03883702645540134
e2f98e12f734ab5b8b4e79a16685517d9db8843feb84f5d729f872cd6074b8d1,2025,6,0.02565540810149253
e2f98e12f734ab5b8b4e79a16685517d9db8843feb84f5d729f872cd6074b8d1,2025,7,0.026484456798179387
e2f98e12f734ab5b8b4e79a16685517d9db8843feb84f5d729f872cd6074b8d1,2025,8,0.026114769524329857
e2f98e12f734ab5b8b4e79a16685517d9db8843feb84f5d729f872cd6074b8d1,2025,9,0.023124524449303612
e2f98e12f734ab5b8b4e79a16685517d9db8843feb84f5d729f872cd6074b8d1,2025,10,0.04160537692686933
e34670113bc0594b960557f79bf9dee8805f3657589dfe3a1b07e08dc3d833de,2025,5,0.2838102953678742
e34670113bc0594b960557f79bf9dee8805f3657589dfe3a1b07e08dc3d833de,2025,6,0.25435835354629166
e34670113bc0594b960557f79bf9dee8805f3657589dfe3a1b07e08dc3d833de,2025,7,0.23033849395686387
e34670113bc0594b960557f79bf9dee8805f3657589dfe3a1b07e08dc3d833de,2025,8,0.2542701529642002
e34670113bc0594b960557f79bf9dee8805f3657589dfe3a1b07e08dc3d833de,2025,9,0.25572622830091357
e34670113bc0594b960557f79bf9dee8805f3657589dfe3a1b07e08dc3d833de,2025,10,0.4408201317091033
e3c5a6f4ef2d3135804a1f1a3b5987e8a124c30406500dc98417bdc96c7ad6eb,2025,5,0.023608658254813352
e3c5a6f4ef2d3135804a1f1a3b5987e8a124c30406500dc98417bdc96c7ad6eb,2025,6,0.024800719287640268
e3c5a6f4ef2d3135804a1f1a3b5987e8a124c30406500dc98417bdc96c7ad6eb,2025,7,0.028692458222578664
e3c5a6f4ef2d3135804a1f1a3b5987e8a124c30406500dc98417bdc96c7ad6eb,2025,8,0.02745661796408148
e3c5a6f4ef2d3135804a1f1a3b5987e8a124c30406500dc98417bdc96c7ad6eb,2025,9,0.024330641275728003
e3c5a6f4ef2d3135804a1f1a3b5987e8a124c30406500dc98417bdc96c7ad6eb,2025,10,0.03911569995322222
e4780418013275cfefde2bc6ed748b420d1ba051badb966a32ee6eb0ca2cb940,2025,5,0.06048358548102936
e4780418013275cfefde2bc6ed748b420d1ba051badb966a32ee6eb0ca2cb940,2025,6,0.040603170542188094
e4780418013275cfefde2bc6ed748b420d1ba051badb966a32ee6eb0ca2cb940,2025,7,0.03486897029923603
e4780418013275cfefde2bc6ed748b420d1ba051badb966a32ee6eb0ca2cb940,2025,8,0.03310452232067653
e4780418013275cfefde2bc6ed748b420d1ba051badb966a32ee6eb0ca2cb940,2025,9,0.04074102318934424
e4780418013275cfefde2bc6ed748b420d1ba051badb966a32ee6eb0ca2cb940,2025,10,0.06081079312245173
e4c14966610d1d5b79beb56e6900fd8e3b4149a182f77ed6550eae15afa1e657,2025,5,0.17200048565741885
e4c14966610d1d5b79beb56e6900fd8e3b4149a182f77ed6550eae15afa1e657,2025,6,0.15119314822272684
e4c14966610d1d5b79beb56e6900fd8e3b4149a182f77ed6550eae15afa1e657,2025,7,0.1548639435017718
e4c14966610d1d5b79beb56e6900fd8e3b4149a182f77ed6550eae15afa1e657,2025,8,0.1600747550679967
e4c14966610d1d5b79beb56e6900fd8e3b4149a182f77ed6550eae15afa1e657,2025,9,0.15811588195317658
e4c14966610d1d5b79beb56e6900fd8e3b4149a182f77ed6550eae15afa1e657,2025,10,0.2814592082167996
e4ec784c17356dca37cd5b61642cc4c25cdacf174ec67fde738a9ef6d394210b,2025,5,0.04969600821105088
e4ec784c17356dca37cd5b61642cc4c25cdacf174ec67fde738a9ef6d394210b,2025,6,0.03318207716549352
e4ec784c17356dca37cd5b61642cc4c25cdacf174ec67fde738a9ef6d394210b,2025,7,0.027878991572062885
e4ec784c17356dca37cd5b61642cc4c25cdacf174ec67fde738a9ef6d394210b,2025,8,0.02717937403271801
e4ec784c17356dca37cd5b61642cc4c25cdacf174ec67fde738a9ef6d394210b,2025,9,0.026256055363751505
e4ec784c17356dca37cd5b61642cc4c25cdacf174ec67fde738a9ef6d394210b,2025,10,0.05631447914706995
e5942fdc8cf73bf1c19c718f88b774aa87c1712215f19ff837d7f505aa27183d,2025,5,0.028212286194429215
e5942fdc8cf73bf1c19c718f88b774aa87c1712215f19ff837d7f505aa27183d,2025,6,0.03611480423527618
e5942fdc8cf73bf1c19c718f88b774aa87c1712215f19ff837d7f505aa27183d,2025,7,0.035891081854266045
e5942fdc8cf73bf1c19c718f88b774aa87c1712215f19ff837d7f505aa27183d,2025,8,0.036570558317810975
e5942fdc8cf73bf1c19c718f88b774aa87c1712215f19ff837d7f505aa27183d,2025,9,0.033574518634632976
e5942fdc8cf73bf1c19c718f88b774aa87c1712215f19ff837d7f505aa27183d,2025,10,0.03066605109088277
e5d0949a59a0e5a2f854d1da2e668bd9926cb00e55c9abf8660bdcf75bec29d5,2025,5,0.0
e5d0949a59a0e5a2f854d1da2e668bd9926cb00e55c9abf8660bdcf75bec29d5,2025,6,0.008702175886756121
e5d0949a59a0e5a2f854d1da2e668bd9926cb00e55c9abf8660bdcf75bec29d5,2025,7,0.0002039070572709633
e5d0949a59a0e5a2f854d1da2e668bd9926cb00e55c9abf8660bdcf75bec29d5,2025,8,0.00237014296606495
e5d0949a59a0e5a2f854d1da2e668bd9926cb00e55c9abf8660bdcf75bec29d5,2025,9,0.0033235264050800566
e5d0949a59a0e5a2f854d1da2e668bd9926cb00e55c9abf8660bdcf75bec29d5,2025,10,0.007122501530917458
e6316ce766014f9e2b591dbc85ecd0b4299a46c8906ccefd355bb57a2cfe52cb,2025,5,0.05395279527345849
e6316ce766014f9e2b591dbc85ecd0b4299a46c8906ccefd355bb57a2cfe52cb,2025,6,0.039643327737010944
e6316ce766014f9e2b591dbc85ecd0b4299a46c8906ccefd355bb57a2cfe52cb,2025,7,0.03780393436658414
e6316ce766014f9e2b591dbc85ecd0b4299a46c8906ccefd355bb57a2cfe52cb,2025,8,0.0370511109531955
e6316ce766014f9e2b591dbc85ecd0b4299a46c8906ccefd355bb57a2cfe52cb,2025,9,0.04002565534860308
e6316ce766014f9e2b591dbc85ecd0b4299a46c8906ccefd355bb57a2cfe52cb,2025,10,0.08499001714264665
e720c74dd56160f5abe50fd29241ea453db4dc43eb200458700571e4fb2472db,2025,5,0.03967273312197063
e720c74dd56160f5abe50fd29241ea453db4dc43eb200458700571e4fb2472db,2025,6,0.011685442067843754
e720c74dd56160f5abe50fd29241ea453db4dc43eb200458700571e4fb2472db,2025,7,0.013114269079457952
e720c74dd56160f5abe50fd29241ea453db4dc43eb200458700571e4fb2472db,2025,8,0.011862874636663705
e720c74dd56160f5abe50fd29241ea453db4dc43eb200458700571e4fb2472db,2025,9,0.01755384099038377
e720c74dd56160f5abe50fd29241ea453db4dc43eb200458700571e4fb2472db,2025,10,0.06003705981811802
e76ca8d3b97e5e69364c51fb5d1176d3f78696b2809b37283e7b65434cf95209,2025,5,0.04020775610145891
e76ca8d3b97e5e69364c51fb5d1176d3f78696b2809b37283e7b65434cf95209,2025,6,0.021527861863015224
e76ca8d3b97e5e69364c51fb5d1176d3f78696b2809b37283e7b65434cf95209,2025,7,0.02664795227549787
e76ca8d3b97e5e69364c51fb5d1176d3f78696b2809b37283e7b65434cf95209,2025,8,0.0249252535192031
e76ca8d3b97e5e69364c51fb5d1176d3f78696b2809b37283e7b65434cf95209,2025,9,0.022455918030739527
e76ca8d3b97e5e69364c51fb5d1176d3f78696b2809b37283e7b65434cf95209,2025,10,0.043077592503630045
e7d3ac8a608540cb79f4827a0be6d1fb512f8d81c8d14aacdc761fccedbeafca,2025,5,0.10337237791094034
e7d3ac8a608540cb79f4827a0be6d1fb512f8d81c8d14aacdc761fccedbeafca,2025,6,0.09784172696645674
e7d3ac8a608540cb79f4827a0be6d1fb512f8d81c8d14aacdc761fccedbeafca,2025,7,0.1037156626113915
e7d3ac8a608540cb79f4827a0be6d1fb512f8d81c8d14aacdc761fccedbeafca,2025,8,0.10434270977304834
e7d3ac8a608540cb79f4827a0be6d1fb512f8d81c8d14aacdc761fccedbeafca,2025,9,0.08588845125472949
e7d3ac8a608540cb79f4827a0be6d1fb512f8d81c8d14aacdc761fccedbeafca,2025,10,0.1306416661034911
e8154be96ce4dfa7305e4d5eeba29bab1f4b51a13969ac76add95f504a7623b2,2025,5,0.03988338122776747
e8154be96ce4dfa7305e4d5eeba29bab1f4b51a13969ac76add95f504a7623b2,2025,6,0.029969974109737434
e8154be96ce4dfa7305e4d5eeba29bab1f4b51a13969ac76add95f504a7623b2,2025,7,0.033160951644625285
e8154be96ce4dfa7305e4d5eeba29bab1f4b51a13969ac76add95f504a7623b2,2025,8,0.03175506740181248
e8154be96ce4dfa7305e4d5eeba29bab1f4b51a13969ac76add95f504a7623b2,2025,9,0.031023041520515732
e8154be96ce4dfa7305e4d5eeba29bab1f4b51a13969ac76add95f504a7623b2,2025,10,0.053748629177159474
e8924d772cfb5f7b55d54546a54ac4a68bdb0543a72a4fb8f81a72618b9d8f87,2025,5,0.09582200050875747
e8924d772cfb5f7b55d54546a54ac4a68bdb0543a72a4fb8f81a72618b9d8f87,2025,6,0.05221376493311249
e8924d772cfb5f7b55d54546a54ac4a68bdb0543a72a4fb8f81a72618b9d8f87,2025,7,0.05230186497622619
e8924d772cfb5f7b55d54546a54ac4a68bdb0543a72a4fb8f81a72618b9d8f87,2025,8,0.05439748064593249
e8924d772cfb5f7b55d54546a54ac4a68bdb0543a72a4fb8f81a72618b9d8f87,2025,9,0.07317477342975674
e8924d772cfb5f7b55d54546a54ac4a68bdb0543a72a4fb8f81a72618b9d8f87,2025,10,0.1169549987128394
e8a6cf30b0d02503cfcb570680aa86ecb26f617511712a6dd5ce46367063f140,2025,5,0.020414768100522722
e8a6cf30b0d02503cfcb570680aa86ecb26f617511712a6dd5ce46367063f140,2025,6,0.01847100913476246
e8a6cf30b0d02503cfcb570680aa86ecb26f617511712a6dd5ce46367063f140,2025,7,0.019071787942824776
e8a6cf30b0d02503cfcb570680aa86ecb26f617511712a6dd5ce46367063f140,2025,8,0.015577441899855186
e8a6cf30b0d02503cfcb570680aa86ecb26f617511712a6dd5ce46367063f140,2025,9,0.014455186027346243
e8a6cf30b0d02503cfcb570680aa86ecb26f617511712a6dd5ce46367063f140,2025,10,0.025585748193708676
e8bf549f3deff2660c44940e6ca53bfa2a4d03a8556097e577963800e1a7d73f,2025,5,0.07080981472658263
e8bf549f3deff2660c44940e6ca53bfa2a4d03a8556097e577963800e1a7d73f,2025,6,0.04685650628283735
e8bf549f3deff2660c44940e6ca53bfa2a4d03a8556097e577963800e1a7d73f,2025,7,0.060082630804380616
e8bf549f3deff2660c44940e6ca53bfa2a4d03a8556097e577963800e1a7d73f,2025,8,0.04855433829104797
e8bf549f3deff2660c44940e6ca53bfa2a4d03a8556097e577963800e1a7d73f,2025,9,0.060118977510299744
e8bf549f3deff2660c44940e6ca53bfa2a4d03a8556097e577963800e1a7d73f,2025,10,0.09526249770371659
e90de723ca4f08742a675e2347ea9d3dc6bc2355234cf8ee786151ea54c1de4a,2025,5,0.04847866368360941
e90de723ca4f08742a675e2347ea9d3dc6bc2355234cf8ee786151ea54c1de4a,2025,6,0.04194819744004554
e90de723ca4f08742a675e2347ea9d3dc6bc2355234cf8ee786151ea54c1de4a,2025,7,0.04572945148420117
e90de723ca4f08742a675e2347ea9d3dc6bc2355234cf8ee786151ea54c1de4a,2025,8,0.04467131442108732
e90de723ca4f08742a675e2347ea9d3dc6bc2355234cf8ee786151ea54c1de4a,2025,9,0.045338706625916485
e90de723ca4f08742a675e2347ea9d3dc6bc2355234cf8ee786151ea54c1de4a,2025,10,0.06414553869256377
e93f6a2d534faba4b2dbfedb9da5988707a84b939774a795532345695544215f,2025,5,0.041248492619210056
e93f6a2d534faba4b2dbfedb9da5988707a84b939774a795532345695544215f,2025,6,0.030891568848125876
e93f6a2d534faba4b2dbfedb9da5988707a84b939774a795532345695544215f,2025,7,0.03025584513574285
e93f6a2d534faba4b2dbfedb9da5988707a84b939774a795532345695544215f,2025,8,0.03221750356149972
e93f6a2d534faba4b2dbfedb9da5988707a84b939774a795532345695544215f,2025,9,0.03205385180559914
e93f6a2d534faba4b2dbfedb9da5988707a84b939774a795532345695544215f,2025,10,0.06529025865719017
e9af15eeb7da0051bcbdc938933d3c58a9a357d82b45942ce9ce325956ac91d2,2025,6,0.10617259883276169
e9af15eeb7da0051bcbdc938933d3c58a9a357d82b45942ce9ce325956ac91d2,2025,8,0.10767668626041073
e9af15eeb7da0051bcbdc938933d3c58a9a357d82b45942ce9ce325956ac91d2,2025,9,0.11249611801238535
e9af15eeb7da0051bcbdc938933d3c58a9a357d82b45942ce9ce325956ac91d2,2025,10,0.17642191277382668
e9b45cfd9ed5c86f70d27ceb9f9af779e805c3331f91175a48f5884614126e67,2025,5,0.0
e9b45cfd9ed5c86f70d27ceb9f9af779e805c3331f91175a48f5884614126e67,2025,6,0.004616873589479055
e9b45cfd9ed5c86f70d27ceb9f9af779e805c3331f91175a48f5884614126e67,2025,7,0.006537757260636672
e9b45cfd9ed5c86f70d27ceb9f9af779e805c3331f91175a48f5884614126e67,2025,8,0.006757797341773265
e9b45cfd9ed5c86f70d27ceb9f9af779e805c3331f91175a48f5884614126e67,2025,9,0.0029218959859750922
e9b45cfd9ed5c86f70d27ceb9f9af779e805c3331f91175a48f5884614126e67,2025,10,0.0063371867485409634
ea09f618445bf6751842cb8c36891c72a9f4ee2fd663e742175e9ddcffcc3857,2025,5,0.05941181453790148
ea09f618445bf6751842cb8c36891c72a9f4ee2fd663e742175e9ddcffcc3857,2025,6,0.04742769689254566
ea09f618445bf6751842cb8c36891c72a9f4ee2fd663e742175e9ddcffcc3857,2025,7,0.04778165955689378
ea09f618445bf6751842cb8c36891c72a9f4ee2fd663e742175e9ddcffcc3857,2025,8,0.04432239078185238
ea09f618445bf6751842cb8c36891c72a9f4ee2fd663e742175e9ddcffcc3857,2025,9,0.04757677333941902
ea09f618445bf6751842cb8c36891c72a9f4ee2fd663e742175e9ddcffcc3857,2025,10,0.07422101058276348
ea5e42098f8e5ec1e5d57cc8bb08c3af05d0d6e562eb3a59618306849987bd3f,2025,5,0.03078602022841073
ea5e42098f8e5ec1e5d57cc8bb08c3af05d0d6e562eb3a59618306849987bd3f,2025,6,0.034189655158841106
ea5e42098f8e5ec1e5d57cc8bb08c3af05d0d6e562eb3a59618306849987bd3f,2025,7,0.03417671109766555
ea5e42098f8e5ec1e5d57cc8bb08c3af05d0d6e562eb3a59618306849987bd3f,2025,8,0.0316359350017604
ea5e42098f8e5ec1e5d57cc8bb08c3af05d0d6e562eb3a59618306849987bd3f,2025,9,0.04942366738211394
ea5e42098f8e5ec1e5d57cc8bb08c3af05d0d6e562eb3a59618306849987bd3f,2025,10,0.056068703066310094
ea76b8fd42acdb0f3dc8109478034b9ff4fc734503aaecdfefac28389c23a91a,2025,5,0.12008328219238468
ea76b8fd42acdb0f3dc8109478034b9ff4fc734503aaecdfefac28389c23a91a,2025,6,0.10285544341823391
ea76b8fd42acdb0f3dc8109478034b9ff4fc734503aaecdfefac28389c23a91a,2025,7,0.10525640541404749
ea76b8fd42acdb0f3dc8109478034b9ff4fc734503aaecdfefac28389c23a91a,2025,8,0.10701269451923226
ea76b8fd42acdb0f3dc8109478034b9ff4fc734503aaecdfefac28389c23a91a,2025,9,0.11398201043911184
ea76b8fd42acdb0f3dc8109478034b9ff4fc734503aaecdfefac28389c23a91a,2025,10,0.2088233382375797
eabf1e41cc755185465074c53de88b22a8d1534c674d3d6a0b60938b363c0574,2025,5,0.1851020670034133
eabf1e41cc755185465074c53de88b22a8d1534c674d3d6a0b60938b363c0574,2025,6,0.1803449979255473
eabf1e41cc755185465074c53de88b22a8d1534c674d3d6a0b60938b363c0574,2025,7,0.18121030679900854
eabf1e41cc755185465074c53de88b22a8d1534c674d3d6a0b60938b363c0574,2025,8,0.18221308840007103
eabf1e41cc755185465074c53de88b22a8d1534c674d3d6a0b60938b363c0574,2025,9,0.17330073584610906
eabf1e41cc755185465074c53de88b22a8d1534c674d3d6a0b60938b363c0574,2025,10,0.3776125367961338
eac48f67ad81b96ac182fbe0a2e130b96c3fc3515f45a772179754a1b1f2709a,2025,5,0.05104182034279337
eac48f67ad81b96ac182fbe0a2e130b96c3fc3515f45a772179754a1b1f2709a,2025,6,0.04234957060534843
eac48f67ad81b96ac182fbe0a2e130b96c3fc3515f45a772179754a1b1f2709a,2025,7,0.04190740996340795
eac48f67ad81b96ac182fbe0a2e130b96c3fc3515f45a772179754a1b1f2709a,2025,8,0.04310268793441103
eac48f67ad81b96ac182fbe0a2e130b96c3fc3515f45a772179754a1b1f2709a,2025,9,0.04276100804962714
eac48f67ad81b96ac182fbe0a2e130b96c3fc3515f45a772179754a1b1f2709a,2025,10,0.06469861000374902
eb1e3003aa02a1e14fcb8615970e05c0e8a3f7bd502e936b27d6afaaa7ac75f4,2025,5,0.02779873260300196
eb1e3003aa02a1e14fcb8615970e05c0e8a3f7bd502e936b27d6afaaa7ac75f4,2025,6,0.023614440707628224
eb1e3003aa02a1e14fcb8615970e05c0e8a3f7bd502e936b27d6afaaa7ac75f4,2025,7,0.0240082933208143
eb1e3003aa02a1e14fcb8615970e05c0e8a3f7bd502e936b27d6afaaa7ac75f4,2025,8,0.022071046593696703
eb1e3003aa02a1e14fcb8615970e05c0e8a3f7bd502e936b27d6afaaa7ac75f4,2025,9,0.02824044642459607
eb1e3003aa02a1e14fcb8615970e05c0e8a3f7bd502e936b27d6afaaa7ac75f4,2025,10,0.0362675540873969
eb8ce3d46c5b4dfe341fa976c778f7ef497a8993d9b28a1f1c9fc959f8c06100,2025,5,0.06118552417301656
eb8ce3d46c5b4dfe341fa976c778f7ef497a8993d9b28a1f1c9fc959f8c06100,2025,6,0.04622669296495521
eb8ce3d46c5b4dfe341fa976c778f7ef497a8993d9b28a1f1c9fc959f8c06100,2025,7,0.041901016042985954
eb8ce3d46c5b4dfe341fa976c778f7ef497a8993d9b28a1f1c9fc959f8c06100,2025,8,0.04127219411102791
eb8ce3d46c5b4dfe341fa976c778f7ef497a8993d9b28a1f1c9fc959f8c06100,2025,9,0.04499049730974169
eb8ce3d46c5b4dfe341fa976c778f7ef497a8993d9b28a1f1c9fc959f8c06100,2025,10,0.06552560987114764
ec7026b778531a3a135ceb191f395ed1704811a287b4cddae125ab13c2d5f1eb,2025,5,0.20251757924202168
ec7026b778531a3a135ceb191f395ed1704811a287b4cddae125ab13c2d5f1eb,2025,6,0.16928334691636657
ec7026b778531a3a135ceb191f395ed1704811a287b4cddae125ab13c2d5f1eb,2025,7,0.1593262616390642
ec7026b778531a3a135ceb191f395ed1704811a287b4cddae125ab13c2d5f1eb,2025,8,0.16702460480959558
ec7026b778531a3a135ceb191f395ed1704811a287b4cddae125ab13c2d5f1eb,2025,9,0.16670829300730808
ec7026b778531a3a135ceb191f395ed1704811a287b4cddae125ab13c2d5f1eb,2025,10,0.22906123872911424
ed1e641ad2db3df782aa2fe9da7017d3636a9d69d691d9a768dd8bdba0e60f6e,2025,5,0.020400606753229723
ed1e641ad2db3df782aa2fe9da7017d3636a9d69d691d9a768dd8bdba0e60f6e,2025,6,0.021480277079123918
ed1e641ad2db3df782aa2fe9da7017d3636a9d69d691d9a768dd8bdba0e60f6e,2025,7,0.021472739081989746
ed1e641ad2db3df782aa2fe9da7017d3636a9d69d691d9a768dd8bdba0e60f6e,2025,8,0.021597781351654494
ed1e641ad2db3df782aa2fe9da7017d3636a9d69d691d9a768dd8bdba0e60f6e,2025,9,0.01913224347674047
ed1e641ad2db3df782aa2fe9da7017d3636a9d69d691d9a768dd8bdba0e60f6e,2025,10,0.031720359713472805
ed262db88dc7bcb276bf4f16b9465dcc9e2f035419e706f1caf4b301990345b6,2025,5,0.23640434571911867
ed262db88dc7bcb276bf4f16b9465dcc9e2f035419e706f1caf4b301990345b6,2025,6,0.18528261672055352
ed262db88dc7bcb276bf4f16b9465dcc9e2f035419e706f1caf4b301990345b6,2025,7,0.17120755699208268
ed262db88dc7bcb276bf4f16b9465dcc9e2f035419e706f1caf4b301990345b6,2025,8,0.18353583678498406
ed262db88dc7bcb276bf4f16b9465dcc9e2f035419e706f1caf4b301990345b6,2025,9,0.20393000423792987
ed262db88dc7bcb276bf4f16b9465dcc9e2f035419e706f1caf4b301990345b6,2025,10,0.2521118654121521
ed3356c0d7df2f83f08e4aac10108e52892eda64484c26bc7fa01f01a17797ad,2025,5,0.029465496249757733
ed3356c0d7df2f83f08e4aac10108e52892eda64484c26bc7fa01f01a17797ad,2025,6,0.023446502923786323
ed3356c0d7df2f83f08e4aac10108e52892eda64484c26bc7fa01f01a17797ad,2025,7,0.025622685434252022
ed3356c0d7df2f83f08e4aac10108e52892eda64484c26bc7fa01f01a17797ad,2025,8,0.025653025453657552
ed3356c0d7df2f83f08e4aac10108e52892eda64484c26bc7fa01f01a17797ad,2025,9,0.02353360657116346
ed3356c0d7df2f83f08e4aac10108e52892eda64484c26bc7fa01f01a17797ad,2025,10,0.041864348828227683
ed4624ec23b0e859369e29136fdf6bc599678036404a8be10a7c8afe457e8d83,2025,5,0.10323574373467402
ed4624ec23b0e859369e29136fdf6bc599678036404a8be10a7c8afe457e8d83,2025,6,0.05745089485186555
ed4624ec23b0e859369e29136fdf6bc599678036404a8be10a7c8afe457e8d83,2025,7,0.05871720232930549
ed4624ec23b0e859369e29136fdf6bc599678036404a8be10a7c8afe457e8d83,2025,8,0.05577931088276233
ed4624ec23b0e859369e29136fdf6bc599678036404a8be10a7c8afe457e8d83,2025,9,0.045459398256326965
ed4624ec23b0e859369e29136fdf6bc599678036404a8be10a7c8afe457e8d83,2025,10,0.038579742129486595
ed8bf94d964eedade9408e666c659690a016b4a0c22032ee202f3773cf8ce4da,2025,5,0.05135742139952077
ed8bf94d964eedade9408e666c659690a016b4a0c22032ee202f3773cf8ce4da,2025,6,0.03741685058807424
ed8bf94d964eedade9408e666c659690a016b4a0c22032ee202f3773cf8ce4da,2025,7,0.040747359423075086
ed8bf94d964eedade9408e666c659690a016b4a0c22032ee202f3773cf8ce4da,2025,8,0.03852011608404357
ed8bf94d964eedade9408e666c659690a016b4a0c22032ee202f3773cf8ce4da,2025,9,0.03906674528190751
ed8bf94d964eedade9408e666c659690a016b4a0c22032ee202f3773cf8ce4da,2025,10,0.0827545386712119
eda34df72c4c9069bc49bbaeaf18c9bbf1b3fd8b1267e9d65fe11731add05cd5,2025,5,0.11042955673687754
eda34df72c4c9069bc49bbaeaf18c9bbf1b3fd8b1267e9d65fe11731add05cd5,2025,6,0.10044213051428603
eda34df72c4c9069bc49bbaeaf18c9bbf1b3fd8b1267e9d65fe11731add05cd5,2025,7,0.10200621765338652
eda34df72c4c9069bc49bbaeaf18c9bbf1b3fd8b1267e9d65fe11731add05cd5,2025,8,0.1030475229254814
eda34df72c4c9069bc49bbaeaf18c9bbf1b3fd8b1267e9d65fe11731add05cd5,2025,9,0.09994316701968226
eda34df72c4c9069bc49bbaeaf18c9bbf1b3fd8b1267e9d65fe11731add05cd5,2025,10,0.08411391119137983
ee8253627511136e790034b2a853aa6d3b0d62eda41abf1bdd5fbd162a00a309,2025,5,0.04639230363822036
ee8253627511136e790034b2a853aa6d3b0d62eda41abf1bdd5fbd162a00a309,2025,6,0.03163259311592273
ee8253627511136e790034b2a853aa6d3b0d62eda41abf1bdd5fbd162a00a309,2025,7,0.028141412084699512
ee8253627511136e790034b2a853aa6d3b0d62eda41abf1bdd5fbd162a00a309,2025,9,0.02154308612476596
ee8253627511136e790034b2a853aa6d3b0d62eda41abf1bdd5fbd162a00a309,2025,10,0.029127643258037888
eead1e44092013764cd087dba330ef6110f2f552e4f18c0e6ecdc012ee5e4f2d,2025,5,0.059033460689141726
eead1e44092013764cd087dba330ef6110f2f552e4f18c0e6ecdc012ee5e4f2d,2025,6,0.05580713094630226
eead1e44092013764cd087dba330ef6110f2f552e4f18c0e6ecdc012ee5e4f2d,2025,7,0.05747702417849262
eead1e44092013764cd087dba330ef6110f2f552e4f18c0e6ecdc012ee5e4f2d,2025,8,0.057562611990035754
eead1e44092013764cd087dba330ef6110f2f552e4f18c0e6ecdc012ee5e4f2d,2025,9,0.0602710621001093
eead1e44092013764cd087dba330ef6110f2f552e4f18c0e6ecdc012ee5e4f2d,2025,10,0.07710709060600414
ef28dea33ab170c611b031b44a05112e8f47f0f6101705840cd5914ce09c39a4,2025,5,0.04380898198976783
ef28dea33ab170c611b031b44a05112e8f47f0f6101705840cd5914ce09c39a4,2025,6,0.04619177131042431
ef28dea33ab170c611b031b44a05112e8f47f0f6101705840cd5914ce09c39a4,2025,7,0.04771036734067746
ef28dea33ab170c611b031b44a05112e8f47f0f6101705840cd5914ce09c39a4,2025,8,0.04294633100990023
ef28dea33ab170c611b031b44a05112e8f47f0f6101705840cd5914ce09c39a4,2025,9,0.04215648912150455
ef28dea33ab170c611b031b44a05112e8f47f0f6101705840cd5914ce09c39a4,2025,10,0.05915879692018207
ef3f42d3223ee78a2ec46b68589a324cad9eee3af88fe655424eafb0f41bcc13,2025,5,0.047272012984038436
ef3f42d3223ee78a2ec46b68589a324cad9eee3af88fe655424eafb0f41bcc13,2025,6,0.02526056220129894
ef3f42d3223ee78a2ec46b68589a324cad9eee3af88fe655424eafb0f41bcc13,2025,7,0.022919992076244188
ef3f42d3223ee78a2ec46b68589a324cad9eee3af88fe655424eafb0f41bcc13,2025,8,0.02780668602725261
ef3f42d3223ee78a2ec46b68589a324cad9eee3af88fe655424eafb0f41bcc13,2025,9,0.02340826549617302
ef3f42d3223ee78a2ec46b68589a324cad9eee3af88fe655424eafb0f41bcc13,2025,10,0.06129270484637414
ef4cf50cab12cef49e71eccdc877c7dc832464d85edaa11c6e9e7bc0e46e5402,2025,5,0.07780853061384387
ef4cf50cab12cef49e71eccdc877c7dc832464d85edaa11c6e9e7bc0e46e5402,2025,6,0.05457423075102875
ef4cf50cab12cef49e71eccdc877c7dc832464d85edaa11c6e9e7bc0e46e5402,2025,7,0.06150260568856347
ef4cf50cab12cef49e71eccdc877c7dc832464d85edaa11c6e9e7bc0e46e5402,2025,8,0.061371847600765674
ef4cf50cab12cef49e71eccdc877c7dc832464d85edaa11c6e9e7bc0e46e5402,2025,9,0.07170078027505422
ef4cf50cab12cef49e71eccdc877c7dc832464d85edaa11c6e9e7bc0e46e5402,2025,10,0.10263356826631079
f0602f126a12e57a6c8dfa27258aa94ca3a0df2b53014722ef21c3190cc951ca,2025,5,0.016696386111484076
f0602f126a12e57a6c8dfa27258aa94ca3a0df2b53014722ef21c3190cc951ca,2025,6,0.01922696872753517
f0602f126a12e57a6c8dfa27258aa94ca3a0df2b53014722ef21c3190cc951ca,2025,7,0.0182726727821411
f0602f126a12e57a6c8dfa27258aa94ca3a0df2b53014722ef21c3190cc951ca,2025,8,0.01854392293239231
f0602f126a12e57a6c8dfa27258aa94ca3a0df2b53014722ef21c3190cc951ca,2025,9,0.016543093772235562
f0602f126a12e57a6c8dfa27258aa94ca3a0df2b53014722ef21c3190cc951ca,2025,10,0.019724866434673197
f07f0649d25c1f4f7ec5d313265122b7cb570822d2688ddd6773f9eff05a81bd,2025,5,0.06706634832392823
f07f0649d25c1f4f7ec5d313265122b7cb570822d2688ddd6773f9eff05a81bd,2025,6,0.05494564743340786
f07f0649d25c1f4f7ec5d313265122b7cb570822d2688ddd6773f9eff05a81bd,2025,7,0.061607590323298045
f07f0649d25c1f4f7ec5d313265122b7cb570822d2688ddd6773f9eff05a81bd,2025,8,0.0608942884164497
f07f0649d25c1f4f7ec5d313265122b7cb570822d2688ddd6773f9eff05a81bd,2025,9,0.06128406293916965
f07f0649d25c1f4f7ec5d313265122b7cb570822d2688ddd6773f9eff05a81bd,2025,10,0.10606323246317273
f0a6ff254c7c41448443ec4a67a9f5557ad30ff34f07a1ca62020a2a5a94545e,2025,5,0.06057863314540341
f0a6ff254c7c41448443ec4a67a9f5557ad30ff34f07a1ca62020a2a5a94545e,2025,6,0.03514254303884099
f0a6ff254c7c41448443ec4a67a9f5557ad30ff34f07a1ca62020a2a5a94545e,2025,9,0.09256279049051505
f0a6ff254c7c41448443ec4a67a9f5557ad30ff34f07a1ca62020a2a5a94545e,2025,10,0.06629366773782232
f11d8cfedee8c5925ef4a1d47a972d2df2f8d7d56a6633a86accd9444d3a0546,2025,5,0.05561006787949361
f11d8cfedee8c5925ef4a1d47a972d2df2f8d7d56a6633a86accd9444d3a0546,2025,6,0.04630767762442638
f11d8cfedee8c5925ef4a1d47a972d2df2f8d7d56a6633a86accd9444d3a0546,2025,7,0.04516655563385529
f11d8cfedee8c5925ef4a1d47a972d2df2f8d7d56a6633a86accd9444d3a0546,2025,8,0.05234636634371312
f11d8cfedee8c5925ef4a1d47a972d2df2f8d7d56a6633a86accd9444d3a0546,2025,9,0.04567882493335534
f11d8cfedee8c5925ef4a1d47a972d2df2f8d7d56a6633a86accd9444d3a0546,2025,10,0.0647903942697771
f13b3500f3c7be94a6347ee826ad91f49edd161b146d076d2c49a57c6b16384a,2025,5,0.04245392286457815
f13b3500f3c7be94a6347ee826ad91f49edd161b146d076d2c49a57c6b16384a,2025,6,0.0341151733199522
f13b3500f3c7be94a6347ee826ad91f49edd161b146d076d2c49a57c6b16384a,2025,7,0.03892628081396119
f13b3500f3c7be94a6347ee826ad91f49edd161b146d076d2c49a57c6b16384a,2025,8,0.039696192200163447
f13b3500f3c7be94a6347ee826ad91f49edd161b146d076d2c49a57c6b16384a,2025,9,0.03265795071886775
f13b3500f3c7be94a6347ee826ad91f49edd161b146d076d2c49a57c6b16384a,2025,10,0.03223927005332909
f23cba44e3343d25a040bc9e063dbc67fc5045961411b0713829887987d426df,2025,5,0.0435370171147851
f23cba44e3343d25a040bc9e063dbc67fc5045961411b0713829887987d426df,2025,6,0.05392650735530906
f23cba44e3343d25a040bc9e063dbc67fc5045961411b0713829887987d426df,2025,7,0.04978183201442879
f23cba44e3343d25a040bc9e063dbc67fc5045961411b0713829887987d426df,2025,8,0.04955302215920015
f23cba44e3343d25a040bc9e063dbc67fc5045961411b0713829887987d426df,2025,9,0.03992722094225133
f23cba44e3343d25a040bc9e063dbc67fc5045961411b0713829887987d426df,2025,10,0.04990979521366708
f2518e0507bbbde6389b855b1fdfb9cf77ca6417e650340dd400f9c79748539b,2025,5,0.03056790656952256
f2518e0507bbbde6389b855b1fdfb9cf77ca6417e650340dd400f9c79748539b,2025,6,0.018480491624447867
f2518e0507bbbde6389b855b1fdfb9cf77ca6417e650340dd400f9c79748539b,2025,7,0.022564932720874082
f2518e0507bbbde6389b855b1fdfb9cf77ca6417e650340dd400f9c79748539b,2025,8,0.024908369423484455
f2518e0507bbbde6389b855b1fdfb9cf77ca6417e650340dd400f9c79748539b,2025,9,0.021099597467673165
f2518e0507bbbde6389b855b1fdfb9cf77ca6417e650340dd400f9c79748539b,2025,10,0.05193806964694239
f2a26575b704c72019f4145839f1ce39b9529b2ff5491ff2afee360a08ee815c,2025,5,0.01434176117375592
f2a26575b704c72019f4145839f1ce39b9529b2ff5491ff2afee360a08ee815c,2025,6,0.0206594541991499
f2a26575b704c72019f4145839f1ce39b9529b2ff5491ff2afee360a08ee815c,2025,7,0.014056442281928821
f2a26575b704c72019f4145839f1ce39b9529b2ff5491ff2afee360a08ee815c,2025,8,0.014533979258758626
f2a26575b704c72019f4145839f1ce39b9529b2ff5491ff2afee360a08ee815c,2025,9,0.010276265028706823
f2a26575b704c72019f4145839f1ce39b9529b2ff5491ff2afee360a08ee815c,2025,10,0.028005231967146035
f2fc3d92b4b032eb63ad18effa30f583ae6ba47e5c661ed96dd30c680a83bb93,2025,5,0.02618353497232079
f2fc3d92b4b032eb63ad18effa30f583ae6ba47e5c661ed96dd30c680a83bb93,2025,6,0.024318794007823774
f2fc3d92b4b032eb63ad18effa30f583ae6ba47e5c661ed96dd30c680a83bb93,2025,7,0.02437907634074658
f2fc3d92b4b032eb63ad18effa30f583ae6ba47e5c661ed96dd30c680a83bb93,2025,8,0.024262415699748706
f2fc3d92b4b032eb63ad18effa30f583ae6ba47e5c661ed96dd30c680a83bb93,2025,9,0.02548127790464887
f2fc3d92b4b032eb63ad18effa30f583ae6ba47e5c661ed96dd30c680a83bb93,2025,10,0.0333344834447878
f33069d307c37f4ca46ce1be23d86bbe444b3b05ace0484eb7ab7b86684f188e,2025,5,0.02568567937014356
f33069d307c37f4ca46ce1be23d86bbe444b3b05ace0484eb7ab7b86684f188e,2025,6,0.01687893342356005
f33069d307c37f4ca46ce1be23d86bbe444b3b05ace0484eb7ab7b86684f188e,2025,7,0.022339286179388407
f33069d307c37f4ca46ce1be23d86bbe444b3b05ace0484eb7ab7b86684f188e,2025,8,0.020587682863291403
f33069d307c37f4ca46ce1be23d86bbe444b3b05ace0484eb7ab7b86684f188e,2025,9,0.02683491662602212
f33069d307c37f4ca46ce1be23d86bbe444b3b05ace0484eb7ab7b86684f188e,2025,10,0.03135291995794764
f3968cb4a6817b89379517944e4947b9bc7f19410a019cd4f0eb12236c2de72c,2025,5,0.03594455940918312
f3968cb4a6817b89379517944e4947b9bc7f19410a019cd4f0eb12236c2de72c,2025,6,0.026973094590733944
f3968cb4a6817b89379517944e4947b9bc7f19410a019cd4f0eb12236c2de72c,2025,7,0.031259012264860164
f3968cb4a6817b89379517944e4947b9bc7f19410a019cd4f0eb12236c2de72c,2025,8,0.031686211775414294
f3968cb4a6817b89379517944e4947b9bc7f19410a019cd4f0eb12236c2de72c,2025,9,0.03661619583900746
f3968cb4a6817b89379517944e4947b9bc7f19410a019cd4f0eb12236c2de72c,2025,10,0.06692864129775186
f39df7ac9df378fff78b705b4f4055b34a1035726ce22ceb6ee3c85a98bd7d06,2025,5,0.02447198798835463
f39df7ac9df378fff78b705b4f4055b34a1035726ce22ceb6ee3c85a98bd7d06,2025,6,0.016722649893658244
f39df7ac9df378fff78b705b4f4055b34a1035726ce22ceb6ee3c85a98bd7d06,2025,7,0.01913414670666062
f39df7ac9df378fff78b705b4f4055b34a1035726ce22ceb6ee3c85a98bd7d06,2025,8,0.017303736164528075
f39df7ac9df378fff78b705b4f4055b34a1035726ce22ceb6ee3c85a98bd7d06,2025,9,0.0199676178527082
f39df7ac9df378fff78b705b4f4055b34a1035726ce22ceb6ee3c85a98bd7d06,2025,10,0.052229230927692626
f56d840a338b79cf5a16081fc0195ba77bf126f1871db4143033d7e8e6206c12,2025,5,0.0985346533441655
f56d840a338b79cf5a16081fc0195ba77bf126f1871db4143033d7e8e6206c12,2025,6,0.0784314084406569
f56d840a338b79cf5a16081fc0195ba77bf126f1871db4143033d7e8e6206c12,2025,7,0.07136126414602835
f56d840a338b79cf5a16081fc0195ba77bf126f1871db4143033d7e8e6206c12,2025,8,0.06727584394373544
f56d840a338b79cf5a16081fc0195ba77bf126f1871db4143033d7e8e6206c12,2025,9,0.06168301385860078
f56d840a338b79cf5a16081fc0195ba77bf126f1871db4143033d7e8e6206c12,2025,10,0.11560344753097088
f5cf627b3797690f652485fea5f176b71aeced0fd8b84da650e97f2ca6426a5c,2025,5,0.028757213192685448
f5cf627b3797690f652485fea5f176b71aeced0fd8b84da650e97f2ca6426a5c,2025,6,0.02860025959353884
f5cf627b3797690f652485fea5f176b71aeced0fd8b84da650e97f2ca6426a5c,2025,7,0.021742866679472728
f5cf627b3797690f652485fea5f176b71aeced0fd8b84da650e97f2ca6426a5c,2025,8,0.018675451815332048
f5cf627b3797690f652485fea5f176b71aeced0fd8b84da650e97f2ca6426a5c,2025,9,0.027488334744371713
f5cf627b3797690f652485fea5f176b71aeced0fd8b84da650e97f2ca6426a5c,2025,10,0.049658740007736665
f604f6b00075b792e7f4772bb87d4bc45427bee86fb807328818f847b10def0d,2025,5,0.0549222505690705
f604f6b00075b792e7f4772bb87d4bc45427bee86fb807328818f847b10def0d,2025,6,0.03670332465197148
f604f6b00075b792e7f4772bb87d4bc45427bee86fb807328818f847b10def0d,2025,7,0.03551501184394284
f604f6b00075b792e7f4772bb87d4bc45427bee86fb807328818f847b10def0d,2025,8,0.037214223118684824
f604f6b00075b792e7f4772bb87d4bc45427bee86fb807328818f847b10def0d,2025,9,0.04030929303615813
f604f6b00075b792e7f4772bb87d4bc45427bee86fb807328818f847b10def0d,2025,10,0.07955907951157822
f68067f98ab55685043aa57a4f7de9efceebcfc6d1121d99820678b0763339c5,2025,5,0.07259866272009259
f68067f98ab55685043aa57a4f7de9efceebcfc6d1121d99820678b0763339c5,2025,6,0.05706245157111222
f68067f98ab55685043aa57a4f7de9efceebcfc6d1121d99820678b0763339c5,2025,7,0.05909046437603175
f68067f98ab55685043aa57a4f7de9efceebcfc6d1121d99820678b0763339c5,2025,8,0.058130966943699756
f68067f98ab55685043aa57a4f7de9efceebcfc6d1121d99820678b0763339c5,2025,9,0.06333103949622049
f68067f98ab55685043aa57a4f7de9efceebcfc6d1121d99820678b0763339c5,2025,10,0.11314405486810143
f6a726a12662b848041c5209b34ee14f4cafd2dd14d77c976a3cc32bd2d6d983,2025,5,0.05060200346073927
f6a726a12662b848041c5209b34ee14f4cafd2dd14d77c976a3cc32bd2d6d983,2025,6,0.043726699825967205
f6a726a12662b848041c5209b34ee14f4cafd2dd14d77c976a3cc32bd2d6d983,2025,7,0.0450481793429535
f6a726a12662b848041c5209b34ee14f4cafd2dd14d77c976a3cc32bd2d6d983,2025,8,0.0457038108174836
f6a726a12662b848041c5209b34ee14f4cafd2dd14d77c976a3cc32bd2d6d983,2025,9,0.045816359456054924
f6a726a12662b848041c5209b34ee14f4cafd2dd14d77c976a3cc32bd2d6d983,2025,10,0.06442527700363682
f789a51cf28de82e2128d5bd935ccf22a04ae0316a1ca7492cbdd81907c70c1c,2025,5,0.02961074163609124
f789a51cf28de82e2128d5bd935ccf22a04ae0316a1ca7492cbdd81907c70c1c,2025,6,0.028485268492615536
f789a51cf28de82e2128d5bd935ccf22a04ae0316a1ca7492cbdd81907c70c1c,2025,7,0.031913110602937875
f789a51cf28de82e2128d5bd935ccf22a04ae0316a1ca7492cbdd81907c70c1c,2025,8,0.029824084529583548
f789a51cf28de82e2128d5bd935ccf22a04ae0316a1ca7492cbdd81907c70c1c,2025,9,0.024137509300368915
f789a51cf28de82e2128d5bd935ccf22a04ae0316a1ca7492cbdd81907c70c1c,2025,10,0.04594425610991379
f80941732300ef76d680f7d02a47966a8e3ece5bb3c837609944cc240547ed05,2025,5,0.0950343061678497
f80941732300ef76d680f7d02a47966a8e3ece5bb3c837609944cc240547ed05,2025,6,0.07061290717951081
f80941732300ef76d680f7d02a47966a8e3ece5bb3c837609944cc240547ed05,2025,7,0.07544162152815546
f80941732300ef76d680f7d02a47966a8e3ece5bb3c837609944cc240547ed05,2025,8,0.07190486128898736
f80941732300ef76d680f7d02a47966a8e3ece5bb3c837609944cc240547ed05,2025,9,0.07846623186839218
f80941732300ef76d680f7d02a47966a8e3ece5bb3c837609944cc240547ed05,2025,10,0.1778584325641249
f8192b32a44d79619ba586e2a4e988563e2bef2d550ca9d7ba008eecf62e57c8,2025,5,0.03190554999499521
f8192b32a44d79619ba586e2a4e988563e2bef2d550ca9d7ba008eecf62e57c8,2025,6,0.027792186151517614
f8192b32a44d79619ba586e2a4e988563e2bef2d550ca9d7ba008eecf62e57c8,2025,7,0.02639191232628826
f8192b32a44d79619ba586e2a4e988563e2bef2d550ca9d7ba008eecf62e57c8,2025,8,0.028029645530750723
f8192b32a44d79619ba586e2a4e988563e2bef2d550ca9d7ba008eecf62e57c8,2025,9,0.02708984033579465
f8192b32a44d79619ba586e2a4e988563e2bef2d550ca9d7ba008eecf62e57c8,2025,10,0.044971341391865
f8688ec2e8d888995c84a89a081c8942e741e0348d5ea2d7bbb9c0aee3fb715f,2025,5,0.08809453208897622
f8688ec2e8d888995c84a89a081c8942e741e0348d5ea2d7bbb9c0aee3fb715f,2025,6,0.06409966485344991
f8688ec2e8d888995c84a89a081c8942e741e0348d5ea2d7bbb9c0aee3fb715f,2025,7,0.06472527082673939
f8688ec2e8d888995c84a89a081c8942e741e0348d5ea2d7bbb9c0aee3fb715f,2025,8,0.05397583958799637
f8688ec2e8d888995c84a89a081c8942e741e0348d5ea2d7bbb9c0aee3fb715f,2025,9,0.06818241703708984
f8688ec2e8d888995c84a89a081c8942e741e0348d5ea2d7bbb9c0aee3fb715f,2025,10,0.11653496259413064
f950b5836c59dbf42931280439ff42893a3e187a12e7d49ffd37292c9bb7d496,2025,5,0.043214838588614135
f950b5836c59dbf42931280439ff42893a3e187a12e7d49ffd37292c9bb7d496,2025,6,0.04871195147985526
f950b5836c59dbf42931280439ff42893a3e187a12e7d49ffd37292c9bb7d496,2025,7,0.04817124266011039
f950b5836c59dbf42931280439ff42893a3e187a12e7d49ffd37292c9bb7d496,2025,8,0.04511497141376582
f950b5836c59dbf42931280439ff42893a3e187a12e7d49ffd37292c9bb7d496,2025,9,0.043982632491658416
f950b5836c59dbf42931280439ff42893a3e187a12e7d49ffd37292c9bb7d496,2025,10,0.05743723028374994
f97d1618b1b36051a92bffc425589855af0463af61bc5f7168b8a147f18c4dca,2025,5,0.07491924102290086
f97d1618b1b36051a92bffc425589855af0463af61bc5f7168b8a147f18c4dca,2025,6,0.06337548321069589
f97d1618b1b36051a92bffc425589855af0463af61bc5f7168b8a147f18c4dca,2025,7,0.08292447624470031
f97d1618b1b36051a92bffc425589855af0463af61bc5f7168b8a147f18c4dca,2025,8,0.07077712188735369
f97d1618b1b36051a92bffc425589855af0463af61bc5f7168b8a147f18c4dca,2025,9,0.07712779159124158
f97d1618b1b36051a92bffc425589855af0463af61bc5f7168b8a147f18c4dca,2025,10,0.0960119128151295
f99b61a31667174a9d7b6dbc01be6929d27a659c277c1ab22fe8b30606bb5a8d,2025,5,0.0256027687714632
f99b61a31667174a9d7b6dbc01be6929d27a659c277c1ab22fe8b30606bb5a8d,2025,6,0.02321489812713443
f99b61a31667174a9d7b6dbc01be6929d27a659c277c1ab22fe8b30606bb5a8d,2025,7,0.024776297574737496
f99b61a31667174a9d7b6dbc01be6929d27a659c277c1ab22fe8b30606bb5a8d,2025,8,0.020628534677320797
f99b61a31667174a9d7b6dbc01be6929d27a659c277c1ab22fe8b30606bb5a8d,2025,9,0.015370446548749517
f99b61a31667174a9d7b6dbc01be6929d27a659c277c1ab22fe8b30606bb5a8d,2025,10,0.04059218265214842
fb584dd7c99400152dfebd6c60fa883f2de3451168cd19b9d2d3a7f992a066bf,2025,5,0.02915162477704891
fb584dd7c99400152dfebd6c60fa883f2de3451168cd19b9d2d3a7f992a066bf,2025,6,0.026260330216901617
fb584dd7c99400152dfebd6c60fa883f2de3451168cd19b9d2d3a7f992a066bf,2025,7,0.028353975390658745
fb584dd7c99400152dfebd6c60fa883f2de3451168cd19b9d2d3a7f992a066bf,2025,8,0.028269615190765287
fb584dd7c99400152dfebd6c60fa883f2de3451168cd19b9d2d3a7f992a066bf,2025,9,0.028892870972494652
fb584dd7c99400152dfebd6c60fa883f2de3451168cd19b9d2d3a7f992a066bf,2025,10,0.05695631429927424
fba0f7b57aefffb146b7f66a98e39dcd76204553382d8a204e8ab418e357a484,2025,5,0.04498113891119424
fba0f7b57aefffb146b7f66a98e39dcd76204553382d8a204e8ab418e357a484,2025,6,0.04060139896141614
fba0f7b57aefffb146b7f66a98e39dcd76204553382d8a204e8ab418e357a484,2025,7,0.04151553586661162
fba0f7b57aefffb146b7f66a98e39dcd76204553382d8a204e8ab418e357a484,2025,8,0.04255155861503806
fba0f7b57aefffb146b7f66a98e39dcd76204553382d8a204e8ab418e357a484,2025,9,0.04581475549316195
fba0f7b57aefffb146b7f66a98e39dcd76204553382d8a204e8ab418e357a484,2025,10,0.05937852936687908
fbdf266dd372334fcd865972f980574608f7fc122ecf6ceda8331dbec250c537,2025,5,0.048958461496575054
fbdf266dd372334fcd865972f980574608f7fc122ecf6ceda8331dbec250c537,2025,6,0.0454178974109549
fbdf266dd372334fcd865972f980574608f7fc122ecf6ceda8331dbec250c537,2025,7,0.0451687559012457
fbdf266dd372334fcd865972f980574608f7fc122ecf6ceda8331dbec250c537,2025,8,0.0449563343577562
fbdf266dd372334fcd865972f980574608f7fc122ecf6ceda8331dbec250c537,2025,9,0.04158738823948821
fbdf266dd372334fcd865972f980574608f7fc122ecf6ceda8331dbec250c537,2025,10,0.053605503416917596
fc376d9b600a622120a38da673f71d121b850055851e26eb2b460450ed483720,2025,5,0.030599016795172535
fc376d9b600a622120a38da673f71d121b850055851e26eb2b460450ed483720,2025,6,0.012639374531686221
fc376d9b600a622120a38da673f71d121b850055851e26eb2b460450ed483720,2025,7,0.003345952893610357
fc376d9b600a622120a38da673f71d121b850055851e26eb2b460450ed483720,2025,8,0.007652390557903313
fc376d9b600a622120a38da673f71d121b850055851e26eb2b460450ed483720,2025,9,0.020540144283246253
fc376d9b600a622120a38da673f71d121b850055851e26eb2b460450ed483720,2025,10,0.040674115000575384
fd2d77f969dd205ffe471e2349d3d2f54dc6e30a7d2ccd74a049a43ad656204c,2025,5,0.09831244644975039
fd2d77f969dd205ffe471e2349d3d2f54dc6e30a7d2ccd74a049a43ad656204c,2025,6,0.06926450045427578
fd2d77f969dd205ffe471e2349d3d2f54dc6e30a7d2ccd74a049a43ad656204c,2025,7,0.06599806049980314
fd2d77f969dd205ffe471e2349d3d2f54dc6e30a7d2ccd74a049a43ad656204c,2025,8,0.06429892038119171
fd2d77f969dd205ffe471e2349d3d2f54dc6e30a7d2ccd74a049a43ad656204c,2025,9,0.07080422129217345
fd2d77f969dd205ffe471e2349d3d2f54dc6e30a7d2ccd74a049a43ad656204c,2025,10,0.11159136699912367
fdd1157e24eae9617881107d653c75ee16234d3bb7d84f163b6da5338a8bd2c6,2025,5,0.062224214206593687
fdd1157e24eae9617881107d653c75ee16234d3bb7d84f163b6da5338a8bd2c6,2025,6,0.031610488358833067
fdd1157e24eae9617881107d653c75ee16234d3bb7d84f163b6da5338a8bd2c6,2025,7,0.030120876851460646
fdd1157e24eae9617881107d653c75ee16234d3bb7d84f163b6da5338a8bd2c6,2025,8,0.030883150287508536
fdd1157e24eae9617881107d653c75ee16234d3bb7d84f163b6da5338a8bd2c6,2025,9,0.027670305336974392
fdd1157e24eae9617881107d653c75ee16234d3bb7d84f163b6da5338a8bd2c6,2025,10,0.06685535235303186
ffd5e815486d2b094a0ff197111e96c998e11fda1626f71f176af4b1c3296d4e,2025,5,0.026012380517305894
ffd5e815486d2b094a0ff197111e96c998e11fda1626f71f176af4b1c3296d4e,2025,6,0.030721985263471502
ffd5e815486d2b094a0ff197111e96c998e11fda1626f71f176af4b1c3296d4e,2025,7,0.03155470508174959
ffd5e815486d2b094a0ff197111e96c998e11fda1626f71f176af4b1c3296d4e,2025,8,0.030568949630303172
ffd5e815486d2b094a0ff197111e96c998e11fda1626f71f176af4b1c3296d4e,2025,9,0.020853209791401237
ffd5e815486d2b094a0ff197111e96c998e11fda1626f71f176af4b1c3296d4e,2025,10,0.040834442655147865
