deviceId,year,month,prediction
000cc3cb7f030c3d0c481bd0e7cf42ee283012c3cb5bfc93ae46eecc5798f0fe,2025,5,0.064343825
000cc3cb7f030c3d0c481bd0e7cf42ee283012c3cb5bfc93ae46eecc5798f0fe,2025,6,0.012112399
000cc3cb7f030c3d0c481bd0e7cf42ee283012c3cb5bfc93ae46eecc5798f0fe,2025,7,0.009019867
000cc3cb7f030c3d0c481bd0e7cf42ee283012c3cb5bfc93ae46eecc5798f0fe,2025,8,0.012964115
000cc3cb7f030c3d0c481bd0e7cf42ee283012c3cb5bfc93ae46eecc5798f0fe,2025,9,0.04316377
000cc3cb7f030c3d0c481bd0e7cf42ee283012c3cb5bfc93ae46eecc5798f0fe,2025,10,0.117420934
005767201ec5d7c3336b3b4d1ffa8a72e7ca1ecdaac30fe5a99d7a76b53f9fc9,2025,5,0.0441993
005767201ec5d7c3336b3b4d1ffa8a72e7ca1ecdaac30fe5a99d7a76b53f9fc9,2025,6,0.01552685
005767201ec5d7c3336b3b4d1ffa8a72e7ca1ecdaac30fe5a99d7a76b53f9fc9,2025,7,0.015318001
005767201ec5d7c3336b3b4d1ffa8a72e7ca1ecdaac30fe5a99d7a76b53f9fc9,2025,8,0.01704555
005767201ec5d7c3336b3b4d1ffa8a72e7ca1ecdaac30fe5a99d7a76b53f9fc9,2025,9,0.028286608
005767201ec5d7c3336b3b4d1ffa8a72e7ca1ecdaac30fe5a99d7a76b53f9fc9,2025,10,0.084635966
01668c64ccc16c506a7c1a5c032e2eb5e2de48ecb284f2e1f6ac48b9de8ad5dd,2025,5,0.02697204
01668c64ccc16c506a7c1a5c032e2eb5e2de48ecb284f2e1f6ac48b9de8ad5dd,2025,6,0.015766965
01668c64ccc16c506a7c1a5c032e2eb5e2de48ecb284f2e1f6ac48b9de8ad5dd,2025,7,0.01391815
01668c64ccc16c506a7c1a5c032e2eb5e2de48ecb284f2e1f6ac48b9de8ad5dd,2025,8,0.014464717
01668c64ccc16c506a7c1a5c032e2eb5e2de48ecb284f2e1f6ac48b9de8ad5dd,2025,9,0.018893942
01668c64ccc16c506a7c1a5c032e2eb5e2de48ecb284f2e1f6ac48b9de8ad5dd,2025,10,0.050150808
01bf745bf2df0312bd5ff2234c0e9dedc39ad0bac9bcfcc89f1f92902934f571,2025,5,0.043400947
01bf745bf2df0312bd5ff2234c0e9dedc39ad0bac9bcfcc89f1f92902934f571,2025,6,0.016959561
01bf745bf2df0312bd5ff2234c0e9dedc39ad0bac9bcfcc89f1f92902934f571,2025,7,0.012922339
01bf745bf2df0312bd5ff2234c0e9dedc39ad0bac9bcfcc89f1f92902934f571,2025,8,0.015276729
01bf745bf2df0312bd5ff2234c0e9dedc39ad0bac9bcfcc89f1f92902934f571,2025,9,0.022977892
01bf745bf2df0312bd5ff2234c0e9dedc39ad0bac9bcfcc89f1f92902934f571,2025,10,0.066091865
02e4ad5d8d0016d35a003ea6df7e10fe27093aba81c64a4ac50c762a15bb1449,2025,5,0.02260774
02e4ad5d8d0016d35a003ea6df7e10fe27093aba81c64a4ac50c762a15bb1449,2025,6,0.012110979
02e4ad5d8d0016d35a003ea6df7e10fe27093aba81c64a4ac50c762a15bb1449,2025,7,0.011984513
02e4ad5d8d0016d35a003ea6df7e10fe27093aba81c64a4ac50c762a15bb1449,2025,8,0.0090027135
02e4ad5d8d0016d35a003ea6df7e10fe27093aba81c64a4ac50c762a15bb1449,2025,9,0.009210186
02e4ad5d8d0016d35a003ea6df7e10fe27093aba81c64a4ac50c762a15bb1449,2025,10,0.06054673
038e22575abaab48161b77e91fc9f635bceb292bfa3e43ecf1eeabce9e48c7d7,2025,5,0.054344345
038e22575abaab48161b77e91fc9f635bceb292bfa3e43ecf1eeabce9e48c7d7,2025,6,0.014138509
038e22575abaab48161b77e91fc9f635bceb292bfa3e43ecf1eeabce9e48c7d7,2025,7,0.01275855
038e22575abaab48161b77e91fc9f635bceb292bfa3e43ecf1eeabce9e48c7d7,2025,8,0.01312189
038e22575abaab48161b77e91fc9f635bceb292bfa3e43ecf1eeabce9e48c7d7,2025,9,0.024157142
038e22575abaab48161b77e91fc9f635bceb292bfa3e43ecf1eeabce9e48c7d7,2025,10,0.08482765
04709b6cb733ccadc6db546d80a63ba064e13f0817781bad0d37c59d83cae480,2025,5,0.08948986
04709b6cb733ccadc6db546d80a63ba064e13f0817781bad0d37c59d83cae480,2025,6,0.040043715
04709b6cb733ccadc6db546d80a63ba064e13f0817781bad0d37c59d83cae480,2025,7,0.035684943
04709b6cb733ccadc6db546d80a63ba064e13f0817781bad0d37c59d83cae480,2025,8,0.036708664
04709b6cb733ccadc6db546d80a63ba064e13f0817781bad0d37c59d83cae480,2025,9,0.073015034
04709b6cb733ccadc6db546d80a63ba064e13f0817781bad0d37c59d83cae480,2025,10,0.28001934
0598231b0a5f5adf5f851bd2b77bc6203802dc009e1dff416fa3fe0001112f92,2025,5,0.016685732
0598231b0a5f5adf5f851bd2b77bc6203802dc009e1dff416fa3fe0001112f92,2025,6,0.014543676
0598231b0a5f5adf5f851bd2b77bc6203802dc009e1dff416fa3fe0001112f92,2025,7,0.013449607
0598231b0a5f5adf5f851bd2b77bc6203802dc009e1dff416fa3fe0001112f92,2025,8,0.0150730405
0598231b0a5f5adf5f851bd2b77bc6203802dc009e1dff416fa3fe0001112f92,2025,9,0.015320272
0598231b0a5f5adf5f851bd2b77bc6203802dc009e1dff416fa3fe0001112f92,2025,10,0.017388932
05defed45c441db90efd2f2b6236c6aefed530c01edd985f1974de7d9cb7c9cb,2025,5,0.04232135
05defed45c441db90efd2f2b6236c6aefed530c01edd985f1974de7d9cb7c9cb,2025,6,0.009559812
05defed45c441db90efd2f2b6236c6aefed530c01edd985f1974de7d9cb7c9cb,2025,7,0.0071046767
05defed45c441db90efd2f2b6236c6aefed530c01edd985f1974de7d9cb7c9cb,2025,8,0.00627145
05defed45c441db90efd2f2b6236c6aefed530c01edd985f1974de7d9cb7c9cb,2025,9,0.013602749
05defed45c441db90efd2f2b6236c6aefed530c01edd985f1974de7d9cb7c9cb,2025,10,0.0638364
06b3fada57ea8ba46e0df50a4f9fddbd6d08ae17b9f833d0cdb7b6ecf625a3b7,2025,5,0.06554562
06b3fada57ea8ba46e0df50a4f9fddbd6d08ae17b9f833d0cdb7b6ecf625a3b7,2025,6,0.010586638
06b3fada57ea8ba46e0df50a4f9fddbd6d08ae17b9f833d0cdb7b6ecf625a3b7,2025,7,0.010523869
06b3fada57ea8ba46e0df50a4f9fddbd6d08ae17b9f833d0cdb7b6ecf625a3b7,2025,8,0.009693085
06b3fada57ea8ba46e0df50a4f9fddbd6d08ae17b9f833d0cdb7b6ecf625a3b7,2025,9,0.029028416
06b3fada57ea8ba46e0df50a4f9fddbd6d08ae17b9f833d0cdb7b6ecf625a3b7,2025,10,0.086071715
06faeae7b722179f1063a5fb71c13525c119948b4fd00dc85cd3bd3cdf63c3c6,2025,5,0.028407117
06faeae7b722179f1063a5fb71c13525c119948b4fd00dc85cd3bd3cdf63c3c6,2025,6,0.0108595
06faeae7b722179f1063a5fb71c13525c119948b4fd00dc85cd3bd3cdf63c3c6,2025,7,0.019246928
06faeae7b722179f1063a5fb71c13525c119948b4fd00dc85cd3bd3cdf63c3c6,2025,8,0.015928648
06faeae7b722179f1063a5fb71c13525c119948b4fd00dc85cd3bd3cdf63c3c6,2025,9,0.03489714
06faeae7b722179f1063a5fb71c13525c119948b4fd00dc85cd3bd3cdf63c3c6,2025,10,0.060312465
072315fe40a4b83ac5693af583ec4735f2f192a7ec5addcf647b133a34b83e8c,2025,5,0.01645834
072315fe40a4b83ac5693af583ec4735f2f192a7ec5addcf647b133a34b83e8c,2025,6,0.005043638
072315fe40a4b83ac5693af583ec4735f2f192a7ec5addcf647b133a34b83e8c,2025,7,0.0046931664
072315fe40a4b83ac5693af583ec4735f2f192a7ec5addcf647b133a34b83e8c,2025,8,0.0052326294
072315fe40a4b83ac5693af583ec4735f2f192a7ec5addcf647b133a34b83e8c,2025,9,0.0071636518
072315fe40a4b83ac5693af583ec4735f2f192a7ec5addcf647b133a34b83e8c,2025,10,0.022215998
0763fb405523c26bb33f06a9ba5c1439f8029bee0c81135f362c8e0371e037e7,2025,5,0.049572818
0763fb405523c26bb33f06a9ba5c1439f8029bee0c81135f362c8e0371e037e7,2025,6,0.027760332
0763fb405523c26bb33f06a9ba5c1439f8029bee0c81135f362c8e0371e037e7,2025,7,0.031652577
0763fb405523c26bb33f06a9ba5c1439f8029bee0c81135f362c8e0371e037e7,2025,8,0.023353878
0763fb405523c26bb33f06a9ba5c1439f8029bee0c81135f362c8e0371e037e7,2025,9,0.037667815
0763fb405523c26bb33f06a9ba5c1439f8029bee0c81135f362c8e0371e037e7,2025,10,0.08071651
07d16d2a3bc4b13439e957b3c44755149177e159aabcc524eec112f7d7ab57cc,2025,5,0.024516733
07d16d2a3bc4b13439e957b3c44755149177e159aabcc524eec112f7d7ab57cc,2025,6,0.009699867
07d16d2a3bc4b13439e957b3c44755149177e159aabcc524eec112f7d7ab57cc,2025,7,0.0073857396
07d16d2a3bc4b13439e957b3c44755149177e159aabcc524eec112f7d7ab57cc,2025,8,0.007186022
07d16d2a3bc4b13439e957b3c44755149177e159aabcc524eec112f7d7ab57cc,2025,9,0.011335611
07d16d2a3bc4b13439e957b3c44755149177e159aabcc524eec112f7d7ab57cc,2025,10,0.036062174
07f52c577626daee77665500a709f6cac0dfcd6ad395a9081670d281d00b5e9d,2025,5,0.09973232
07f52c577626daee77665500a709f6cac0dfcd6ad395a9081670d281d00b5e9d,2025,6,0.029749775
07f52c577626daee77665500a709f6cac0dfcd6ad395a9081670d281d00b5e9d,2025,7,0.02917782
07f52c577626daee77665500a709f6cac0dfcd6ad395a9081670d281d00b5e9d,2025,8,0.029710954
07f52c577626daee77665500a709f6cac0dfcd6ad395a9081670d281d00b5e9d,2025,9,0.052285165
07f52c577626daee77665500a709f6cac0dfcd6ad395a9081670d281d00b5e9d,2025,10,0.2267677
0885a9a12cc676f39135d3d8ca80b2ddfbc6b662d6ae44f16bebd0a7b90a087c,2025,5,0.056108452
0885a9a12cc676f39135d3d8ca80b2ddfbc6b662d6ae44f16bebd0a7b90a087c,2025,6,0.009990196
0885a9a12cc676f39135d3d8ca80b2ddfbc6b662d6ae44f16bebd0a7b90a087c,2025,7,0.008379035
0885a9a12cc676f39135d3d8ca80b2ddfbc6b662d6ae44f16bebd0a7b90a087c,2025,8,0.009280334
0885a9a12cc676f39135d3d8ca80b2ddfbc6b662d6ae44f16bebd0a7b90a087c,2025,9,0.0072447136
0885a9a12cc676f39135d3d8ca80b2ddfbc6b662d6ae44f16bebd0a7b90a087c,2025,10,0.106950246
098344689a0dc9c51d460f142c9e480746dedd3806ca874fae480d27064050d6,2025,5,0.14246958
098344689a0dc9c51d460f142c9e480746dedd3806ca874fae480d27064050d6,2025,6,0.093684904
098344689a0dc9c51d460f142c9e480746dedd3806ca874fae480d27064050d6,2025,7,0.07532326
098344689a0dc9c51d460f142c9e480746dedd3806ca874fae480d27064050d6,2025,8,0.074594475
098344689a0dc9c51d460f142c9e480746dedd3806ca874fae480d27064050d6,2025,9,0.091279194
098344689a0dc9c51d460f142c9e480746dedd3806ca874fae480d27064050d6,2025,10,0.24996403
0a945614f4eeacaca5e3c3a00eefabf932024f140b60b17f2c06e35a34a51130,2025,5,0.03589191
0a945614f4eeacaca5e3c3a00eefabf932024f140b60b17f2c06e35a34a51130,2025,6,0.012546582
0a945614f4eeacaca5e3c3a00eefabf932024f140b60b17f2c06e35a34a51130,2025,7,0.011143017
0a945614f4eeacaca5e3c3a00eefabf932024f140b60b17f2c06e35a34a51130,2025,8,0.013604838
0a945614f4eeacaca5e3c3a00eefabf932024f140b60b17f2c06e35a34a51130,2025,9,0.02319498
0a945614f4eeacaca5e3c3a00eefabf932024f140b60b17f2c06e35a34a51130,2025,10,0.0762934
0aabc0b2d6128734daa5f06e17aa787b13e484c10d613dd8501cc30b5c34903c,2025,5,0.034267765
0aabc0b2d6128734daa5f06e17aa787b13e484c10d613dd8501cc30b5c34903c,2025,6,0.011630266
0aabc0b2d6128734daa5f06e17aa787b13e484c10d613dd8501cc30b5c34903c,2025,7,0.009978205
0aabc0b2d6128734daa5f06e17aa787b13e484c10d613dd8501cc30b5c34903c,2025,8,0.0107131135
0aabc0b2d6128734daa5f06e17aa787b13e484c10d613dd8501cc30b5c34903c,2025,9,0.01545263
0aabc0b2d6128734daa5f06e17aa787b13e484c10d613dd8501cc30b5c34903c,2025,10,0.043993533
0ada54a258cb3354d54252c76b14a6eaa7f7f76b4edd720d017e45c143f41dcf,2025,5,0.046664994
0ada54a258cb3354d54252c76b14a6eaa7f7f76b4edd720d017e45c143f41dcf,2025,6,0.016484998
0ada54a258cb3354d54252c76b14a6eaa7f7f76b4edd720d017e45c143f41dcf,2025,7,0.014827191
0ada54a258cb3354d54252c76b14a6eaa7f7f76b4edd720d017e45c143f41dcf,2025,8,0.015494258
0ada54a258cb3354d54252c76b14a6eaa7f7f76b4edd720d017e45c143f41dcf,2025,9,0.023966257
0ada54a258cb3354d54252c76b14a6eaa7f7f76b4edd720d017e45c143f41dcf,2025,10,0.091413446
0c15b2a8d63edb726b95e6fe2121e7ceddb327ed41dd72a7d1460d3b7c31ba8c,2025,5,0.0634234
0c15b2a8d63edb726b95e6fe2121e7ceddb327ed41dd72a7d1460d3b7c31ba8c,2025,6,0.014671995
0c15b2a8d63edb726b95e6fe2121e7ceddb327ed41dd72a7d1460d3b7c31ba8c,2025,7,0.011926083
0c15b2a8d63edb726b95e6fe2121e7ceddb327ed41dd72a7d1460d3b7c31ba8c,2025,8,0.016782686
0c15b2a8d63edb726b95e6fe2121e7ceddb327ed41dd72a7d1460d3b7c31ba8c,2025,9,0.03893033
0c15b2a8d63edb726b95e6fe2121e7ceddb327ed41dd72a7d1460d3b7c31ba8c,2025,10,0.13189875
0c27d0c347716bded0cb740f3598bb2665317046bb3fe08106f36273f00e091b,2025,5,0.021864349
0c27d0c347716bded0cb740f3598bb2665317046bb3fe08106f36273f00e091b,2025,6,0.013180374
0c27d0c347716bded0cb740f3598bb2665317046bb3fe08106f36273f00e091b,2025,7,0.011240983
0c27d0c347716bded0cb740f3598bb2665317046bb3fe08106f36273f00e091b,2025,8,0.013286638
0c27d0c347716bded0cb740f3598bb2665317046bb3fe08106f36273f00e091b,2025,9,0.01728029
0c27d0c347716bded0cb740f3598bb2665317046bb3fe08106f36273f00e091b,2025,10,0.06873191
0c5b3a6a5f2eeb053d37ea02b1ac102e4d910a2e0278db7b0d191e86b4075c31,2025,5,0.0058246516
0c5b3a6a5f2eeb053d37ea02b1ac102e4d910a2e0278db7b0d191e86b4075c31,2025,6,0.0032505314
0c5b3a6a5f2eeb053d37ea02b1ac102e4d910a2e0278db7b0d191e86b4075c31,2025,7,0.0023374967
0c5b3a6a5f2eeb053d37ea02b1ac102e4d910a2e0278db7b0d191e86b4075c31,2025,8,0.0035477492
0c5b3a6a5f2eeb053d37ea02b1ac102e4d910a2e0278db7b0d191e86b4075c31,2025,9,0.011758211
0c5b3a6a5f2eeb053d37ea02b1ac102e4d910a2e0278db7b0d191e86b4075c31,2025,10,0.063013434
0c9170249a105041d8796f0755653d5bc78f98e10a27fe4e89078aa04dbdacf2,2025,5,0.026647614
0c9170249a105041d8796f0755653d5bc78f98e10a27fe4e89078aa04dbdacf2,2025,6,0.026434103
0c9170249a105041d8796f0755653d5bc78f98e10a27fe4e89078aa04dbdacf2,2025,7,0.026739048
0c9170249a105041d8796f0755653d5bc78f98e10a27fe4e89078aa04dbdacf2,2025,8,0.032437243
0c9170249a105041d8796f0755653d5bc78f98e10a27fe4e89078aa04dbdacf2,2025,9,0.033850957
0c9170249a105041d8796f0755653d5bc78f98e10a27fe4e89078aa04dbdacf2,2025,10,0.041720882
0ce1c71b58b94d46cb4a93a10a11107d5a9a0bd2ca42e2868c70b7c37562429a,2025,5,0.031705044
0ce1c71b58b94d46cb4a93a10a11107d5a9a0bd2ca42e2868c70b7c37562429a,2025,6,0.020229883
0ce1c71b58b94d46cb4a93a10a11107d5a9a0bd2ca42e2868c70b7c37562429a,2025,7,0.018264104
0ce1c71b58b94d46cb4a93a10a11107d5a9a0bd2ca42e2868c70b7c37562429a,2025,8,0.017545165
0ce1c71b58b94d46cb4a93a10a11107d5a9a0bd2ca42e2868c70b7c37562429a,2025,9,0.018731253
0ce1c71b58b94d46cb4a93a10a11107d5a9a0bd2ca42e2868c70b7c37562429a,2025,10,0.0637604
0d2b3ada515d6f4d5d38a4bf607d2ea79b075d95203d90b99950570831757560,2025,5,0.031254765
0d2b3ada515d6f4d5d38a4bf607d2ea79b075d95203d90b99950570831757560,2025,6,0.009937204
0d2b3ada515d6f4d5d38a4bf607d2ea79b075d95203d90b99950570831757560,2025,7,0.007120528
0d2b3ada515d6f4d5d38a4bf607d2ea79b075d95203d90b99950570831757560,2025,8,0.008025847
0d2b3ada515d6f4d5d38a4bf607d2ea79b075d95203d90b99950570831757560,2025,9,0.012998132
0d2b3ada515d6f4d5d38a4bf607d2ea79b075d95203d90b99950570831757560,2025,10,0.052377496
0dda423dd55c0ff884f41d386d60ee9bfe029feb02d436ee3e7edcac759227b7,2025,5,0.21466093
0dda423dd55c0ff884f41d386d60ee9bfe029feb02d436ee3e7edcac759227b7,2025,6,0.040628463
0dda423dd55c0ff884f41d386d60ee9bfe029feb02d436ee3e7edcac759227b7,2025,7,0.040948864
0dda423dd55c0ff884f41d386d60ee9bfe029feb02d436ee3e7edcac759227b7,2025,8,0.04662937
0dda423dd55c0ff884f41d386d60ee9bfe029feb02d436ee3e7edcac759227b7,2025,9,0.094234936
0dda423dd55c0ff884f41d386d60ee9bfe029feb02d436ee3e7edcac759227b7,2025,10,0.3193217
0e3f26c7c5c051b0cd5ea8db0916d24b69415ec5a657bed6e1d1c1725e8777cc,2025,5,0.046103835
0e3f26c7c5c051b0cd5ea8db0916d24b69415ec5a657bed6e1d1c1725e8777cc,2025,6,0.017943455
0e3f26c7c5c051b0cd5ea8db0916d24b69415ec5a657bed6e1d1c1725e8777cc,2025,7,0.009150562
0e3f26c7c5c051b0cd5ea8db0916d24b69415ec5a657bed6e1d1c1725e8777cc,2025,8,0.015659075
0e3f26c7c5c051b0cd5ea8db0916d24b69415ec5a657bed6e1d1c1725e8777cc,2025,9,0.0071893935
0e3f26c7c5c051b0cd5ea8db0916d24b69415ec5a657bed6e1d1c1725e8777cc,2025,10,0.06441663
0e7218204aef3c93ecd8269d5227e54fb7b1ccc42943ace5df76a427a1fbe4fe,2025,5,0.0032834823
0e7218204aef3c93ecd8269d5227e54fb7b1ccc42943ace5df76a427a1fbe4fe,2025,6,0.0031986593
0e7218204aef3c93ecd8269d5227e54fb7b1ccc42943ace5df76a427a1fbe4fe,2025,7,2.4621806e-05
0e7218204aef3c93ecd8269d5227e54fb7b1ccc42943ace5df76a427a1fbe4fe,2025,8,1.1522262e-05
0e7218204aef3c93ecd8269d5227e54fb7b1ccc42943ace5df76a427a1fbe4fe,2025,9,2.222763e-05
0e7218204aef3c93ecd8269d5227e54fb7b1ccc42943ace5df76a427a1fbe4fe,2025,10,0.014269394
0e9cfa33f51cd2c8be835ead10d8e8b74267672d9c134c86e154c470f2851611,2025,5,0.04828741
0e9cfa33f51cd2c8be835ead10d8e8b74267672d9c134c86e154c470f2851611,2025,6,0.009386824
0e9cfa33f51cd2c8be835ead10d8e8b74267672d9c134c86e154c470f2851611,2025,7,0.0072435667
0e9cfa33f51cd2c8be835ead10d8e8b74267672d9c134c86e154c470f2851611,2025,8,0.014745129
0e9cfa33f51cd2c8be835ead10d8e8b74267672d9c134c86e154c470f2851611,2025,9,0.031174207
0e9cfa33f51cd2c8be835ead10d8e8b74267672d9c134c86e154c470f2851611,2025,10,0.0896799
0f4e07f004cb53e0a09f97bdb3505f87ce01bddca9f9725d62bac30f8fc51095,2025,5,0.0672198
0f4e07f004cb53e0a09f97bdb3505f87ce01bddca9f9725d62bac30f8fc51095,2025,6,0.019656481
0f4e07f004cb53e0a09f97bdb3505f87ce01bddca9f9725d62bac30f8fc51095,2025,7,0.015467556
0f4e07f004cb53e0a09f97bdb3505f87ce01bddca9f9725d62bac30f8fc51095,2025,8,0.021378035
0f4e07f004cb53e0a09f97bdb3505f87ce01bddca9f9725d62bac30f8fc51095,2025,9,0.035488967
0f4e07f004cb53e0a09f97bdb3505f87ce01bddca9f9725d62bac30f8fc51095,2025,10,0.13274042
0f642d3ef94b53e0da9c8f88594173e327c47711b04a903124575e0393f569c1,2025,5,0.05504381
0f642d3ef94b53e0da9c8f88594173e327c47711b04a903124575e0393f569c1,2025,6,0.016456062
0f642d3ef94b53e0da9c8f88594173e327c47711b04a903124575e0393f569c1,2025,7,0.012978685
0f642d3ef94b53e0da9c8f88594173e327c47711b04a903124575e0393f569c1,2025,8,0.018896034
0f642d3ef94b53e0da9c8f88594173e327c47711b04a903124575e0393f569c1,2025,9,0.034538947
0f642d3ef94b53e0da9c8f88594173e327c47711b04a903124575e0393f569c1,2025,10,0.10007783
102b41529d89930b1efdc352095d7b0f50464a197c250dc667d3ae631ffee802,2025,5,0.017699528
102b41529d89930b1efdc352095d7b0f50464a197c250dc667d3ae631ffee802,2025,6,0.01103274
102b41529d89930b1efdc352095d7b0f50464a197c250dc667d3ae631ffee802,2025,7,0.009158991
102b41529d89930b1efdc352095d7b0f50464a197c250dc667d3ae631ffee802,2025,8,0.010028173
102b41529d89930b1efdc352095d7b0f50464a197c250dc667d3ae631ffee802,2025,9,0.012277136
102b41529d89930b1efdc352095d7b0f50464a197c250dc667d3ae631ffee802,2025,10,0.021957416
103c88a3e1be420059e43bd34da4fb30890b796a0de2e7d06916da035a6bd335,2025,5,0.088087946
103c88a3e1be420059e43bd34da4fb30890b796a0de2e7d06916da035a6bd335,2025,6,0.030912666
103c88a3e1be420059e43bd34da4fb30890b796a0de2e7d06916da035a6bd335,2025,7,0.033932224
103c88a3e1be420059e43bd34da4fb30890b796a0de2e7d06916da035a6bd335,2025,8,0.03505193
103c88a3e1be420059e43bd34da4fb30890b796a0de2e7d06916da035a6bd335,2025,9,0.06962895
103c88a3e1be420059e43bd34da4fb30890b796a0de2e7d06916da035a6bd335,2025,10,0.10941955
10482655ebdcde8848ee29b151f6c17ea3ff7711da7b5c9ee51e44e84b27fd5f,2025,5,0.020032078
10482655ebdcde8848ee29b151f6c17ea3ff7711da7b5c9ee51e44e84b27fd5f,2025,6,0.003995751
10482655ebdcde8848ee29b151f6c17ea3ff7711da7b5c9ee51e44e84b27fd5f,2025,7,0.0063116504
10482655ebdcde8848ee29b151f6c17ea3ff7711da7b5c9ee51e44e84b27fd5f,2025,8,0.0069850287
10482655ebdcde8848ee29b151f6c17ea3ff7711da7b5c9ee51e44e84b27fd5f,2025,9,0.012533518
10482655ebdcde8848ee29b151f6c17ea3ff7711da7b5c9ee51e44e84b27fd5f,2025,10,0.05254476
11f6fbc0b2f72ccd7f371629d1b9f78f1d10f2ab5cdb1980d6cd3ec38124de8b,2025,5,0.06849929
11f6fbc0b2f72ccd7f371629d1b9f78f1d10f2ab5cdb1980d6cd3ec38124de8b,2025,6,0.026287032
11f6fbc0b2f72ccd7f371629d1b9f78f1d10f2ab5cdb1980d6cd3ec38124de8b,2025,7,0.01699211
11f6fbc0b2f72ccd7f371629d1b9f78f1d10f2ab5cdb1980d6cd3ec38124de8b,2025,8,0.021859933
11f6fbc0b2f72ccd7f371629d1b9f78f1d10f2ab5cdb1980d6cd3ec38124de8b,2025,9,0.03756551
11f6fbc0b2f72ccd7f371629d1b9f78f1d10f2ab5cdb1980d6cd3ec38124de8b,2025,10,0.10437484
12018d8a1808381c6d1c08b5c853ceb374260c9ca6ccfb4e586c5bf9d57170d7,2025,5,0.0438923
12018d8a1808381c6d1c08b5c853ceb374260c9ca6ccfb4e586c5bf9d57170d7,2025,6,0.013298752
12018d8a1808381c6d1c08b5c853ceb374260c9ca6ccfb4e586c5bf9d57170d7,2025,7,0.0049082446
12018d8a1808381c6d1c08b5c853ceb374260c9ca6ccfb4e586c5bf9d57170d7,2025,8,0.009369693
12018d8a1808381c6d1c08b5c853ceb374260c9ca6ccfb4e586c5bf9d57170d7,2025,9,0.020670008
12018d8a1808381c6d1c08b5c853ceb374260c9ca6ccfb4e586c5bf9d57170d7,2025,10,0.061056815
12e748d3536a3e4284a85495f16006975eac0d02fc78c8b9c0ffd3795d48d62e,2025,5,0.10548816
12e748d3536a3e4284a85495f16006975eac0d02fc78c8b9c0ffd3795d48d62e,2025,6,0.09450729
12e748d3536a3e4284a85495f16006975eac0d02fc78c8b9c0ffd3795d48d62e,2025,7,0.09119315
12e748d3536a3e4284a85495f16006975eac0d02fc78c8b9c0ffd3795d48d62e,2025,8,0.09717135
12e748d3536a3e4284a85495f16006975eac0d02fc78c8b9c0ffd3795d48d62e,2025,9,0.10687321
12e748d3536a3e4284a85495f16006975eac0d02fc78c8b9c0ffd3795d48d62e,2025,10,0.30670854
133442486089c95a545fe095fbfbebd659f1d4882e90f3b4281a32acb4313502,2025,5,0.050103426
133442486089c95a545fe095fbfbebd659f1d4882e90f3b4281a32acb4313502,2025,6,0.02437339
133442486089c95a545fe095fbfbebd659f1d4882e90f3b4281a32acb4313502,2025,7,0.022238277
133442486089c95a545fe095fbfbebd659f1d4882e90f3b4281a32acb4313502,2025,8,0.025826424
133442486089c95a545fe095fbfbebd659f1d4882e90f3b4281a32acb4313502,2025,9,0.029921003
133442486089c95a545fe095fbfbebd659f1d4882e90f3b4281a32acb4313502,2025,10,0.073942594
13c2e18398ed70f1f04a3d54ef251093784211619d8f56d4aeeafa428c8c6c37,2025,5,0.025643846
13c2e18398ed70f1f04a3d54ef251093784211619d8f56d4aeeafa428c8c6c37,2025,6,0.0075636855
13c2e18398ed70f1f04a3d54ef251093784211619d8f56d4aeeafa428c8c6c37,2025,7,0.0076799635
13c2e18398ed70f1f04a3d54ef251093784211619d8f56d4aeeafa428c8c6c37,2025,8,0.010543182
13c2e18398ed70f1f04a3d54ef251093784211619d8f56d4aeeafa428c8c6c37,2025,9,0.011609507
13c2e18398ed70f1f04a3d54ef251093784211619d8f56d4aeeafa428c8c6c37,2025,10,0.045309376
14576f8f6451a81dadf5ebd03fd76cefc3622757cc32310d5775812d5eb2bfea,2025,5,0.058074597
14576f8f6451a81dadf5ebd03fd76cefc3622757cc32310d5775812d5eb2bfea,2025,6,0.018161055
14576f8f6451a81dadf5ebd03fd76cefc3622757cc32310d5775812d5eb2bfea,2025,7,0.010071393
14576f8f6451a81dadf5ebd03fd76cefc3622757cc32310d5775812d5eb2bfea,2025,8,0.019216409
14bc5f67e6438932bf6acd89f0531529eb9a1f9aa090048175762f25128af963,2025,5,0.03152631
14bc5f67e6438932bf6acd89f0531529eb9a1f9aa090048175762f25128af963,2025,6,0.0047511454
14bc5f67e6438932bf6acd89f0531529eb9a1f9aa090048175762f25128af963,2025,7,0.005090131
14bc5f67e6438932bf6acd89f0531529eb9a1f9aa090048175762f25128af963,2025,8,0.005651757
14bc5f67e6438932bf6acd89f0531529eb9a1f9aa090048175762f25128af963,2025,9,0.012312607
14bc5f67e6438932bf6acd89f0531529eb9a1f9aa090048175762f25128af963,2025,10,0.06529655
1567d24062afaa9c12e8a33780baf3506210c4632eff2f34afe645b50f41cd8f,2025,5,0.02034323
1567d24062afaa9c12e8a33780baf3506210c4632eff2f34afe645b50f41cd8f,2025,6,0.016393812
1567d24062afaa9c12e8a33780baf3506210c4632eff2f34afe645b50f41cd8f,2025,7,0.014273542
1567d24062afaa9c12e8a33780baf3506210c4632eff2f34afe645b50f41cd8f,2025,8,0.013566598
1567d24062afaa9c12e8a33780baf3506210c4632eff2f34afe645b50f41cd8f,2025,9,0.016558629
1567d24062afaa9c12e8a33780baf3506210c4632eff2f34afe645b50f41cd8f,2025,10,0.04211583
15f8cea0f8f5a0000591564658ef762d6b623105d0b716d8fac3a1ada679fc0d,2025,5,0.046888884
15f8cea0f8f5a0000591564658ef762d6b623105d0b716d8fac3a1ada679fc0d,2025,6,0.035595424
15f8cea0f8f5a0000591564658ef762d6b623105d0b716d8fac3a1ada679fc0d,2025,7,0.033477478
15f8cea0f8f5a0000591564658ef762d6b623105d0b716d8fac3a1ada679fc0d,2025,8,0.02996141
15f8cea0f8f5a0000591564658ef762d6b623105d0b716d8fac3a1ada679fc0d,2025,9,0.035642587
15f8cea0f8f5a0000591564658ef762d6b623105d0b716d8fac3a1ada679fc0d,2025,10,0.05059437
165d0ccedc583e2f61aab2e0c7f2cbdddf987769cb9d744ec53b39fe722c6555,2025,5,0.015397834
165d0ccedc583e2f61aab2e0c7f2cbdddf987769cb9d744ec53b39fe722c6555,2025,6,0.00571978
165d0ccedc583e2f61aab2e0c7f2cbdddf987769cb9d744ec53b39fe722c6555,2025,7,0.0054650297
165d0ccedc583e2f61aab2e0c7f2cbdddf987769cb9d744ec53b39fe722c6555,2025,8,0.0058282297
165d0ccedc583e2f61aab2e0c7f2cbdddf987769cb9d744ec53b39fe722c6555,2025,9,0.0085448325
165d0ccedc583e2f61aab2e0c7f2cbdddf987769cb9d744ec53b39fe722c6555,2025,10,0.027410831
16654eae2d44b2e4d12caa7a530ed6aaa9beebc0998b1e32cc07a3123f4f6a9a,2025,5,0.1365498
16654eae2d44b2e4d12caa7a530ed6aaa9beebc0998b1e32cc07a3123f4f6a9a,2025,6,0.03747443
16654eae2d44b2e4d12caa7a530ed6aaa9beebc0998b1e32cc07a3123f4f6a9a,2025,7,0.023351599
16654eae2d44b2e4d12caa7a530ed6aaa9beebc0998b1e32cc07a3123f4f6a9a,2025,8,0.035351597
16654eae2d44b2e4d12caa7a530ed6aaa9beebc0998b1e32cc07a3123f4f6a9a,2025,9,0.041425217
16654eae2d44b2e4d12caa7a530ed6aaa9beebc0998b1e32cc07a3123f4f6a9a,2025,10,0.19293591
16c474e4e178269258a79e12c41174380457d05fa1dbe06756621cd4d8d56955,2025,5,0.092943445
16c474e4e178269258a79e12c41174380457d05fa1dbe06756621cd4d8d56955,2025,6,0.027417628
16c474e4e178269258a79e12c41174380457d05fa1dbe06756621cd4d8d56955,2025,7,0.028370783
16c474e4e178269258a79e12c41174380457d05fa1dbe06756621cd4d8d56955,2025,8,0.041179292
16c474e4e178269258a79e12c41174380457d05fa1dbe06756621cd4d8d56955,2025,9,0.03753644
16c474e4e178269258a79e12c41174380457d05fa1dbe06756621cd4d8d56955,2025,10,0.10774836
1703c37039d3bcbd02ed0afcdbaed1fb049e60758c3079f57498b7fc3abfef53,2025,5,0.047546234
1703c37039d3bcbd02ed0afcdbaed1fb049e60758c3079f57498b7fc3abfef53,2025,6,0.016710036
1703c37039d3bcbd02ed0afcdbaed1fb049e60758c3079f57498b7fc3abfef53,2025,7,0.016479157
1703c37039d3bcbd02ed0afcdbaed1fb049e60758c3079f57498b7fc3abfef53,2025,8,0.024484115
1703c37039d3bcbd02ed0afcdbaed1fb049e60758c3079f57498b7fc3abfef53,2025,9,0.052445352
1703c37039d3bcbd02ed0afcdbaed1fb049e60758c3079f57498b7fc3abfef53,2025,10,0.20238394
17850655b0581bd2624172a36cf7dea0c58924d84f44a03cb1f2b593743947c7,2025,5,0.08384923
17850655b0581bd2624172a36cf7dea0c58924d84f44a03cb1f2b593743947c7,2025,6,0.083318405
17850655b0581bd2624172a36cf7dea0c58924d84f44a03cb1f2b593743947c7,2025,7,0.079643354
17850655b0581bd2624172a36cf7dea0c58924d84f44a03cb1f2b593743947c7,2025,8,0.078448646
17850655b0581bd2624172a36cf7dea0c58924d84f44a03cb1f2b593743947c7,2025,9,0.09194933
17850655b0581bd2624172a36cf7dea0c58924d84f44a03cb1f2b593743947c7,2025,10,0.0947294
17ca3943eb703954ecd459dde27cadf1b9a091c95f2fad38ebc2c6ca44f84dd6,2025,5,0.016850581
17ca3943eb703954ecd459dde27cadf1b9a091c95f2fad38ebc2c6ca44f84dd6,2025,6,0.008152106
17ca3943eb703954ecd459dde27cadf1b9a091c95f2fad38ebc2c6ca44f84dd6,2025,7,0.0074993335
17ca3943eb703954ecd459dde27cadf1b9a091c95f2fad38ebc2c6ca44f84dd6,2025,8,0.008178527
17ca3943eb703954ecd459dde27cadf1b9a091c95f2fad38ebc2c6ca44f84dd6,2025,9,0.0099864025
17ca3943eb703954ecd459dde27cadf1b9a091c95f2fad38ebc2c6ca44f84dd6,2025,10,0.022744434
17d3019303758e85944ab8dab4647197ba66c2dd377ff4e8e9bcaaa4ddf863be,2025,5,0.13098173
17d3019303758e85944ab8dab4647197ba66c2dd377ff4e8e9bcaaa4ddf863be,2025,6,0.029452141
17d3019303758e85944ab8dab4647197ba66c2dd377ff4e8e9bcaaa4ddf863be,2025,7,0.016477853
17d3019303758e85944ab8dab4647197ba66c2dd377ff4e8e9bcaaa4ddf863be,2025,8,0.022502616
17d3019303758e85944ab8dab4647197ba66c2dd377ff4e8e9bcaaa4ddf863be,2025,9,0.07508383
17d3019303758e85944ab8dab4647197ba66c2dd377ff4e8e9bcaaa4ddf863be,2025,10,0.19428848
185f05182b13c28cbd41f1ddb0699d0b084ca32b877ad45ad4646759a6e91ca1,2025,5,0.15604675
185f05182b13c28cbd41f1ddb0699d0b084ca32b877ad45ad4646759a6e91ca1,2025,6,0.026592486
185f05182b13c28cbd41f1ddb0699d0b084ca32b877ad45ad4646759a6e91ca1,2025,7,0.024290493
185f05182b13c28cbd41f1ddb0699d0b084ca32b877ad45ad4646759a6e91ca1,2025,8,0.021161519
185f05182b13c28cbd41f1ddb0699d0b084ca32b877ad45ad4646759a6e91ca1,2025,9,0.049719818
185f05182b13c28cbd41f1ddb0699d0b084ca32b877ad45ad4646759a6e91ca1,2025,10,0.20616783
18add0f86c38f3c293a0e54676ab9b6310420ee0375a5c25f8447b440edc14d9,2025,5,0.03364798
18add0f86c38f3c293a0e54676ab9b6310420ee0375a5c25f8447b440edc14d9,2025,6,0.0065167276
18add0f86c38f3c293a0e54676ab9b6310420ee0375a5c25f8447b440edc14d9,2025,7,0.004351065
18add0f86c38f3c293a0e54676ab9b6310420ee0375a5c25f8447b440edc14d9,2025,8,0.0054053026
18add0f86c38f3c293a0e54676ab9b6310420ee0375a5c25f8447b440edc14d9,2025,9,0.015498294
18add0f86c38f3c293a0e54676ab9b6310420ee0375a5c25f8447b440edc14d9,2025,10,0.079193234
18fc2668662f38f6de78663698b4c6ce54b4af559b519fdecfbec42b61dd0ec6,2025,5,0.24292587
18fc2668662f38f6de78663698b4c6ce54b4af559b519fdecfbec42b61dd0ec6,2025,6,0.07117338
18fc2668662f38f6de78663698b4c6ce54b4af559b519fdecfbec42b61dd0ec6,2025,7,0.06268755
18fc2668662f38f6de78663698b4c6ce54b4af559b519fdecfbec42b61dd0ec6,2025,8,0.064826705
18fc2668662f38f6de78663698b4c6ce54b4af559b519fdecfbec42b61dd0ec6,2025,9,0.092340276
18fc2668662f38f6de78663698b4c6ce54b4af559b519fdecfbec42b61dd0ec6,2025,10,0.23098159
18ff959e735b2ee6d06d6be523d669294ad47b31dffd98389067ff1077b7788e,2025,5,0.020283414
18ff959e735b2ee6d06d6be523d669294ad47b31dffd98389067ff1077b7788e,2025,6,0.0076029007
18ff959e735b2ee6d06d6be523d669294ad47b31dffd98389067ff1077b7788e,2025,7,0.0076855496
18ff959e735b2ee6d06d6be523d669294ad47b31dffd98389067ff1077b7788e,2025,8,0.008796708
18ff959e735b2ee6d06d6be523d669294ad47b31dffd98389067ff1077b7788e,2025,9,0.008241528
18ff959e735b2ee6d06d6be523d669294ad47b31dffd98389067ff1077b7788e,2025,10,0.056989018
198f7bb9ff2ca4470858cce4f8ba47cbf727c9d4d9220ffd1e692d0d346ada2b,2025,5,0.32550165
198f7bb9ff2ca4470858cce4f8ba47cbf727c9d4d9220ffd1e692d0d346ada2b,2025,6,0.11823943
198f7bb9ff2ca4470858cce4f8ba47cbf727c9d4d9220ffd1e692d0d346ada2b,2025,7,0.100498855
198f7bb9ff2ca4470858cce4f8ba47cbf727c9d4d9220ffd1e692d0d346ada2b,2025,8,0.11487991
198f7bb9ff2ca4470858cce4f8ba47cbf727c9d4d9220ffd1e692d0d346ada2b,2025,9,0.1435689
198f7bb9ff2ca4470858cce4f8ba47cbf727c9d4d9220ffd1e692d0d346ada2b,2025,10,0.41716915
1a12333e3e72289eb9eb8e9372a84f0f3743190de373f4f386244c988a9c9245,2025,5,0.02179201
1a12333e3e72289eb9eb8e9372a84f0f3743190de373f4f386244c988a9c9245,2025,6,0.010917863
1a12333e3e72289eb9eb8e9372a84f0f3743190de373f4f386244c988a9c9245,2025,7,0.00968335
1a12333e3e72289eb9eb8e9372a84f0f3743190de373f4f386244c988a9c9245,2025,8,0.009232512
1a12333e3e72289eb9eb8e9372a84f0f3743190de373f4f386244c988a9c9245,2025,9,0.012213897
1a12333e3e72289eb9eb8e9372a84f0f3743190de373f4f386244c988a9c9245,2025,10,0.03669383
1a95ba3dd8f58ad30387dfa1a04ba5227701a294f08c7e555da9e13bec93c683,2025,5,0.025873648
1a95ba3dd8f58ad30387dfa1a04ba5227701a294f08c7e555da9e13bec93c683,2025,6,0.0076903314
1a95ba3dd8f58ad30387dfa1a04ba5227701a294f08c7e555da9e13bec93c683,2025,7,0.0077579906
1a95ba3dd8f58ad30387dfa1a04ba5227701a294f08c7e555da9e13bec93c683,2025,8,0.0077994964
1a95ba3dd8f58ad30387dfa1a04ba5227701a294f08c7e555da9e13bec93c683,2025,9,0.0106268795
1a95ba3dd8f58ad30387dfa1a04ba5227701a294f08c7e555da9e13bec93c683,2025,10,0.048490863
1ac45a6db45883a73aa94405bccc12ff28f4ee81642df89795c1e9d96b8a2c15,2025,5,0.12887453
1ac45a6db45883a73aa94405bccc12ff28f4ee81642df89795c1e9d96b8a2c15,2025,6,0.026791316
1ac45a6db45883a73aa94405bccc12ff28f4ee81642df89795c1e9d96b8a2c15,2025,7,0.017857915
1ac45a6db45883a73aa94405bccc12ff28f4ee81642df89795c1e9d96b8a2c15,2025,8,0.01657893
1ac45a6db45883a73aa94405bccc12ff28f4ee81642df89795c1e9d96b8a2c15,2025,9,0.048858162
1ac45a6db45883a73aa94405bccc12ff28f4ee81642df89795c1e9d96b8a2c15,2025,10,0.19884975
1b0bdbd3d6b5d6718db963ce8a985d31567b24db9b390e6a0c1dd6a18d8b852e,2025,5,0.02857901
1b0bdbd3d6b5d6718db963ce8a985d31567b24db9b390e6a0c1dd6a18d8b852e,2025,6,0.0100138355
1b0bdbd3d6b5d6718db963ce8a985d31567b24db9b390e6a0c1dd6a18d8b852e,2025,7,0.0075841513
1b0bdbd3d6b5d6718db963ce8a985d31567b24db9b390e6a0c1dd6a18d8b852e,2025,8,0.010728673
1b0bdbd3d6b5d6718db963ce8a985d31567b24db9b390e6a0c1dd6a18d8b852e,2025,9,0.015596455
1b0bdbd3d6b5d6718db963ce8a985d31567b24db9b390e6a0c1dd6a18d8b852e,2025,10,0.03980519
1bab6344197a4f94a48a3880a733607751d155667d4b28b0c5535a43050144c9,2025,5,0.055411857
1bab6344197a4f94a48a3880a733607751d155667d4b28b0c5535a43050144c9,2025,6,0.009594837
1bab6344197a4f94a48a3880a733607751d155667d4b28b0c5535a43050144c9,2025,7,0.0052494016
1bab6344197a4f94a48a3880a733607751d155667d4b28b0c5535a43050144c9,2025,8,0.005724738
1bab6344197a4f94a48a3880a733607751d155667d4b28b0c5535a43050144c9,2025,9,0.0053030048
1bab6344197a4f94a48a3880a733607751d155667d4b28b0c5535a43050144c9,2025,10,0.076093644
1c2daed41137082791639e9b3e5a9b4ebed993363a8c6883669118de397830f1,2025,5,0.039477546
1c2daed41137082791639e9b3e5a9b4ebed993363a8c6883669118de397830f1,2025,6,0.012986101
1c2daed41137082791639e9b3e5a9b4ebed993363a8c6883669118de397830f1,2025,7,0.011838851
1c2daed41137082791639e9b3e5a9b4ebed993363a8c6883669118de397830f1,2025,8,0.012367063
1c2daed41137082791639e9b3e5a9b4ebed993363a8c6883669118de397830f1,2025,9,0.01838165
1c2daed41137082791639e9b3e5a9b4ebed993363a8c6883669118de397830f1,2025,10,0.07256458
1d30563b84b1944f5844c74964a5bdc4af99e8e15115f97ac3c7ec136c65b998,2025,5,0.050587103
1d30563b84b1944f5844c74964a5bdc4af99e8e15115f97ac3c7ec136c65b998,2025,6,0.011768278
1d30563b84b1944f5844c74964a5bdc4af99e8e15115f97ac3c7ec136c65b998,2025,7,0.0080016265
1d30563b84b1944f5844c74964a5bdc4af99e8e15115f97ac3c7ec136c65b998,2025,8,0.012622858
1d30563b84b1944f5844c74964a5bdc4af99e8e15115f97ac3c7ec136c65b998,2025,9,0.023247069
1d30563b84b1944f5844c74964a5bdc4af99e8e15115f97ac3c7ec136c65b998,2025,10,0.072116464
1d604cefd1c2467e1fb1382248e2e4e564cca4c2ea5eb1470727fb7aa80f22ac,2025,5,0.025763037
1d604cefd1c2467e1fb1382248e2e4e564cca4c2ea5eb1470727fb7aa80f22ac,2025,6,0.0077712545
1d604cefd1c2467e1fb1382248e2e4e564cca4c2ea5eb1470727fb7aa80f22ac,2025,7,0.0063475533
1d604cefd1c2467e1fb1382248e2e4e564cca4c2ea5eb1470727fb7aa80f22ac,2025,8,0.009131031
1d604cefd1c2467e1fb1382248e2e4e564cca4c2ea5eb1470727fb7aa80f22ac,2025,9,0.012966197
1d604cefd1c2467e1fb1382248e2e4e564cca4c2ea5eb1470727fb7aa80f22ac,2025,10,0.04299859
1dfcee1ecd30aa0c3d3693b3b9b24a15e5280aa538d1a07992922dce71873dc6,2025,5,0.02956916
1dfcee1ecd30aa0c3d3693b3b9b24a15e5280aa538d1a07992922dce71873dc6,2025,6,0.009418611
1dfcee1ecd30aa0c3d3693b3b9b24a15e5280aa538d1a07992922dce71873dc6,2025,7,0.0016903282
1dfcee1ecd30aa0c3d3693b3b9b24a15e5280aa538d1a07992922dce71873dc6,2025,8,0.003512361
1dfcee1ecd30aa0c3d3693b3b9b24a15e5280aa538d1a07992922dce71873dc6,2025,9,0.018777464
1dfcee1ecd30aa0c3d3693b3b9b24a15e5280aa538d1a07992922dce71873dc6,2025,10,0.074154325
1e119fa0bf78a5fa4b045f53c4a445217f29dc17cc1a7615cac5e932f9ca7ab2,2025,5,0.032937683
1e119fa0bf78a5fa4b045f53c4a445217f29dc17cc1a7615cac5e932f9ca7ab2,2025,6,0.01979237
1e119fa0bf78a5fa4b045f53c4a445217f29dc17cc1a7615cac5e932f9ca7ab2,2025,7,0.013733009
1e119fa0bf78a5fa4b045f53c4a445217f29dc17cc1a7615cac5e932f9ca7ab2,2025,8,0.015330093
1e119fa0bf78a5fa4b045f53c4a445217f29dc17cc1a7615cac5e932f9ca7ab2,2025,9,0.018631995
1e119fa0bf78a5fa4b045f53c4a445217f29dc17cc1a7615cac5e932f9ca7ab2,2025,10,0.041505706
1e88b35a6b5de3e7c7a8b5a6e6f1b99b3f148c641689e86d03bc251b47caff6a,2025,5,0.103287056
1e88b35a6b5de3e7c7a8b5a6e6f1b99b3f148c641689e86d03bc251b47caff6a,2025,6,1.5801756e-05
1e88b35a6b5de3e7c7a8b5a6e6f1b99b3f148c641689e86d03bc251b47caff6a,2025,7,1.4620858e-05
1e88b35a6b5de3e7c7a8b5a6e6f1b99b3f148c641689e86d03bc251b47caff6a,2025,8,1.5355796e-05
1e88b35a6b5de3e7c7a8b5a6e6f1b99b3f148c641689e86d03bc251b47caff6a,2025,9,0.02326079
1e88b35a6b5de3e7c7a8b5a6e6f1b99b3f148c641689e86d03bc251b47caff6a,2025,10,0.29603148
1f28d4344a37b03c1a4cd94b7854d90f8a203cf444b9e314581029d854acef44,2025,5,0.054245047
1f28d4344a37b03c1a4cd94b7854d90f8a203cf444b9e314581029d854acef44,2025,6,0.016117176
1f28d4344a37b03c1a4cd94b7854d90f8a203cf444b9e314581029d854acef44,2025,7,0.014926127
1f28d4344a37b03c1a4cd94b7854d90f8a203cf444b9e314581029d854acef44,2025,8,0.010407552
1f28d4344a37b03c1a4cd94b7854d90f8a203cf444b9e314581029d854acef44,2025,9,0.030749021
1f28d4344a37b03c1a4cd94b7854d90f8a203cf444b9e314581029d854acef44,2025,10,0.11048003
1fb177ca9ac51164d927b31a8e3c6dc9709d7d860f323ac15bf4d3c5743e6a16,2025,5,0.03286194
1fb177ca9ac51164d927b31a8e3c6dc9709d7d860f323ac15bf4d3c5743e6a16,2025,6,0.007418527
1fb177ca9ac51164d927b31a8e3c6dc9709d7d860f323ac15bf4d3c5743e6a16,2025,7,0.0070888093
1fb177ca9ac51164d927b31a8e3c6dc9709d7d860f323ac15bf4d3c5743e6a16,2025,8,0.007037051
1fb177ca9ac51164d927b31a8e3c6dc9709d7d860f323ac15bf4d3c5743e6a16,2025,9,0.015330412
1fb177ca9ac51164d927b31a8e3c6dc9709d7d860f323ac15bf4d3c5743e6a16,2025,10,0.057934877
1fb21182f9b0eabeeb1135494cea38feff3168c55cf6bc2b13f8bec1a53990c7,2025,5,0.042728707
1fb21182f9b0eabeeb1135494cea38feff3168c55cf6bc2b13f8bec1a53990c7,2025,6,0.013403681
1fb21182f9b0eabeeb1135494cea38feff3168c55cf6bc2b13f8bec1a53990c7,2025,7,0.013616545
1fb21182f9b0eabeeb1135494cea38feff3168c55cf6bc2b13f8bec1a53990c7,2025,8,0.013424583
1fb21182f9b0eabeeb1135494cea38feff3168c55cf6bc2b13f8bec1a53990c7,2025,9,0.030387271
1fb21182f9b0eabeeb1135494cea38feff3168c55cf6bc2b13f8bec1a53990c7,2025,10,0.102604695
204b1d05f9aaf0b6f2f942829362033a80a2f888b45327224211b38e688a7490,2025,5,0.026798949
204b1d05f9aaf0b6f2f942829362033a80a2f888b45327224211b38e688a7490,2025,6,0.01820816
204b1d05f9aaf0b6f2f942829362033a80a2f888b45327224211b38e688a7490,2025,7,0.016945405
204b1d05f9aaf0b6f2f942829362033a80a2f888b45327224211b38e688a7490,2025,8,0.01634944
204b1d05f9aaf0b6f2f942829362033a80a2f888b45327224211b38e688a7490,2025,9,0.018088276
204b1d05f9aaf0b6f2f942829362033a80a2f888b45327224211b38e688a7490,2025,10,0.02330562
205b5419584613fbd563122b584157c97778bee6421a23bcbd498361cf710cd5,2025,5,0.22844364
205b5419584613fbd563122b584157c97778bee6421a23bcbd498361cf710cd5,2025,6,0.076293126
205b5419584613fbd563122b584157c97778bee6421a23bcbd498361cf710cd5,2025,8,0.093208544
205b5419584613fbd563122b584157c97778bee6421a23bcbd498361cf710cd5,2025,9,0.12651011
205b5419584613fbd563122b584157c97778bee6421a23bcbd498361cf710cd5,2025,10,0.4541351
206548e7726c160851c278f88d925940a27fc5371b793a5c3bb40bc8510d7563,2025,5,0.013360015
206548e7726c160851c278f88d925940a27fc5371b793a5c3bb40bc8510d7563,2025,6,0.0021266995
206548e7726c160851c278f88d925940a27fc5371b793a5c3bb40bc8510d7563,2025,7,0.0020784223
206548e7726c160851c278f88d925940a27fc5371b793a5c3bb40bc8510d7563,2025,8,0.0076053683
206548e7726c160851c278f88d925940a27fc5371b793a5c3bb40bc8510d7563,2025,9,0.011054494
206548e7726c160851c278f88d925940a27fc5371b793a5c3bb40bc8510d7563,2025,10,0.04070189
208a80472324952234163a51d880179e717cd11858258c7a0c3f0dac02f90813,2025,5,0.068466105
208a80472324952234163a51d880179e717cd11858258c7a0c3f0dac02f90813,2025,6,0.00795675
208a80472324952234163a51d880179e717cd11858258c7a0c3f0dac02f90813,2025,7,0.0067688883
208a80472324952234163a51d880179e717cd11858258c7a0c3f0dac02f90813,2025,8,0.004788248
208a80472324952234163a51d880179e717cd11858258c7a0c3f0dac02f90813,2025,9,0.027669804
208a80472324952234163a51d880179e717cd11858258c7a0c3f0dac02f90813,2025,10,0.155154
20cb03ed08c2c273297f285a46736fe34099f7f574770bc41cf864229629f196,2025,5,0.051525768
20cb03ed08c2c273297f285a46736fe34099f7f574770bc41cf864229629f196,2025,6,0.0096609015
20cb03ed08c2c273297f285a46736fe34099f7f574770bc41cf864229629f196,2025,7,0.007932535
20cb03ed08c2c273297f285a46736fe34099f7f574770bc41cf864229629f196,2025,8,0.009135757
20cb03ed08c2c273297f285a46736fe34099f7f574770bc41cf864229629f196,2025,9,0.016241567
20cb03ed08c2c273297f285a46736fe34099f7f574770bc41cf864229629f196,2025,10,0.083511986
212d47a69a99aef80089b45b095e9e069b306307e3fcdd305226190326872503,2025,5,0.077438064
212d47a69a99aef80089b45b095e9e069b306307e3fcdd305226190326872503,2025,6,0.009069796
212d47a69a99aef80089b45b095e9e069b306307e3fcdd305226190326872503,2025,7,0.0076377084
212d47a69a99aef80089b45b095e9e069b306307e3fcdd305226190326872503,2025,8,0.010132713
212d47a69a99aef80089b45b095e9e069b306307e3fcdd305226190326872503,2025,9,0.033057056
212d47a69a99aef80089b45b095e9e069b306307e3fcdd305226190326872503,2025,10,0.123993516
21924093004faedfa6b705eb9bbbe3aae5b847cebd496afbd0556b566fefc492,2025,5,0.06664917
21924093004faedfa6b705eb9bbbe3aae5b847cebd496afbd0556b566fefc492,2025,6,0.015857924
21924093004faedfa6b705eb9bbbe3aae5b847cebd496afbd0556b566fefc492,2025,7,0.015510644
21924093004faedfa6b705eb9bbbe3aae5b847cebd496afbd0556b566fefc492,2025,8,0.01753106
21924093004faedfa6b705eb9bbbe3aae5b847cebd496afbd0556b566fefc492,2025,9,0.041208006
21924093004faedfa6b705eb9bbbe3aae5b847cebd496afbd0556b566fefc492,2025,10,0.08993095
21fea7d6a7180eb1c89d5a8dd6916ab1e04c8b8e5ef8411e6abb2eb44d8c010f,2025,5,0.02364737
21fea7d6a7180eb1c89d5a8dd6916ab1e04c8b8e5ef8411e6abb2eb44d8c010f,2025,6,0.0076243863
21fea7d6a7180eb1c89d5a8dd6916ab1e04c8b8e5ef8411e6abb2eb44d8c010f,2025,7,0.008419228
21fea7d6a7180eb1c89d5a8dd6916ab1e04c8b8e5ef8411e6abb2eb44d8c010f,2025,8,0.012410166
21fea7d6a7180eb1c89d5a8dd6916ab1e04c8b8e5ef8411e6abb2eb44d8c010f,2025,9,0.009731468
21fea7d6a7180eb1c89d5a8dd6916ab1e04c8b8e5ef8411e6abb2eb44d8c010f,2025,10,0.02649771
22fddca25da25662c314f24182ba3eda9b168b2a9e20634cb6964a8f0aaf3d8d,2025,5,0.016741946
22fddca25da25662c314f24182ba3eda9b168b2a9e20634cb6964a8f0aaf3d8d,2025,6,0.0017075832
22fddca25da25662c314f24182ba3eda9b168b2a9e20634cb6964a8f0aaf3d8d,2025,7,0.002302587
22fddca25da25662c314f24182ba3eda9b168b2a9e20634cb6964a8f0aaf3d8d,2025,8,0.0021531486
22fddca25da25662c314f24182ba3eda9b168b2a9e20634cb6964a8f0aaf3d8d,2025,9,0.0048828353
22fddca25da25662c314f24182ba3eda9b168b2a9e20634cb6964a8f0aaf3d8d,2025,10,0.04828904
22fe4c7ed6b24b49afc5e8a1bc0c9ed5bb81fb546421d428798128d8fcf40cbe,2025,5,0.032361224
22fe4c7ed6b24b49afc5e8a1bc0c9ed5bb81fb546421d428798128d8fcf40cbe,2025,6,0.007069652
22fe4c7ed6b24b49afc5e8a1bc0c9ed5bb81fb546421d428798128d8fcf40cbe,2025,7,0.00608859
22fe4c7ed6b24b49afc5e8a1bc0c9ed5bb81fb546421d428798128d8fcf40cbe,2025,8,0.0066751363
22fe4c7ed6b24b49afc5e8a1bc0c9ed5bb81fb546421d428798128d8fcf40cbe,2025,9,0.006506979
22fe4c7ed6b24b49afc5e8a1bc0c9ed5bb81fb546421d428798128d8fcf40cbe,2025,10,0.067324124
2307fcd4c6efe48f1cb0fb1c479d5bb1c5dd030c24e1ba617377f375ed66ec81,2025,5,0.052433576
2307fcd4c6efe48f1cb0fb1c479d5bb1c5dd030c24e1ba617377f375ed66ec81,2025,6,0.014997042
2307fcd4c6efe48f1cb0fb1c479d5bb1c5dd030c24e1ba617377f375ed66ec81,2025,7,0.010272129
2307fcd4c6efe48f1cb0fb1c479d5bb1c5dd030c24e1ba617377f375ed66ec81,2025,8,0.010717755
2307fcd4c6efe48f1cb0fb1c479d5bb1c5dd030c24e1ba617377f375ed66ec81,2025,9,0.017754503
2307fcd4c6efe48f1cb0fb1c479d5bb1c5dd030c24e1ba617377f375ed66ec81,2025,10,0.08898526
236912683d7434f867b414417bdf2d8ebea293f139bb38b1af1215901f900e99,2025,5,0.05929343
236912683d7434f867b414417bdf2d8ebea293f139bb38b1af1215901f900e99,2025,6,0.017250888
236912683d7434f867b414417bdf2d8ebea293f139bb38b1af1215901f900e99,2025,7,0.016291834
236912683d7434f867b414417bdf2d8ebea293f139bb38b1af1215901f900e99,2025,8,0.023605024
236912683d7434f867b414417bdf2d8ebea293f139bb38b1af1215901f900e99,2025,9,0.029563796
236912683d7434f867b414417bdf2d8ebea293f139bb38b1af1215901f900e99,2025,10,0.07220514
24400872cdc267a4643531322106f2b0b62cd69fdca362c3abe7bea28924e513,2025,5,0.012288277
24400872cdc267a4643531322106f2b0b62cd69fdca362c3abe7bea28924e513,2025,6,0.009664918
24400872cdc267a4643531322106f2b0b62cd69fdca362c3abe7bea28924e513,2025,7,0.010001141
24400872cdc267a4643531322106f2b0b62cd69fdca362c3abe7bea28924e513,2025,8,0.00949198
24400872cdc267a4643531322106f2b0b62cd69fdca362c3abe7bea28924e513,2025,9,0.010244875
24400872cdc267a4643531322106f2b0b62cd69fdca362c3abe7bea28924e513,2025,10,0.023497839
24d73cde386f0ffaa646a301bae62a36b623fbad7867789ca1e78f98ba505cde,2025,5,0.028407246
24d73cde386f0ffaa646a301bae62a36b623fbad7867789ca1e78f98ba505cde,2025,6,0.008278002
24d73cde386f0ffaa646a301bae62a36b623fbad7867789ca1e78f98ba505cde,2025,7,0.0063763876
24d73cde386f0ffaa646a301bae62a36b623fbad7867789ca1e78f98ba505cde,2025,8,0.0076090964
24d73cde386f0ffaa646a301bae62a36b623fbad7867789ca1e78f98ba505cde,2025,9,0.013729104
24d73cde386f0ffaa646a301bae62a36b623fbad7867789ca1e78f98ba505cde,2025,10,0.043607775
25ed3d2359d3509aba1c90d746c800802f5dbd101683b4afba1b568711dbf61b,2025,5,0.04992493
25ed3d2359d3509aba1c90d746c800802f5dbd101683b4afba1b568711dbf61b,2025,6,0.01218097
25ed3d2359d3509aba1c90d746c800802f5dbd101683b4afba1b568711dbf61b,2025,7,0.011159298
25f8c604dad29e6676c854482f1f13362f005cd33b1c4e63198b1f5b9f4bbb08,2025,5,0.02920242
25f8c604dad29e6676c854482f1f13362f005cd33b1c4e63198b1f5b9f4bbb08,2025,6,0.013693546
25f8c604dad29e6676c854482f1f13362f005cd33b1c4e63198b1f5b9f4bbb08,2025,7,0.012164482
25f8c604dad29e6676c854482f1f13362f005cd33b1c4e63198b1f5b9f4bbb08,2025,8,0.0130616985
25f8c604dad29e6676c854482f1f13362f005cd33b1c4e63198b1f5b9f4bbb08,2025,9,0.023091642
25f8c604dad29e6676c854482f1f13362f005cd33b1c4e63198b1f5b9f4bbb08,2025,10,0.0432859
2783c80382125f5fa4b8f085257d7c59ec7e5971a893809d6834627d183e7564,2025,5,0.008281005
2783c80382125f5fa4b8f085257d7c59ec7e5971a893809d6834627d183e7564,2025,6,0.0037526365
2783c80382125f5fa4b8f085257d7c59ec7e5971a893809d6834627d183e7564,2025,7,0.025028305
2783c80382125f5fa4b8f085257d7c59ec7e5971a893809d6834627d183e7564,2025,8,0.025136083
2783c80382125f5fa4b8f085257d7c59ec7e5971a893809d6834627d183e7564,2025,9,0.03420841
2783c80382125f5fa4b8f085257d7c59ec7e5971a893809d6834627d183e7564,2025,10,0.011909868
2834c60ea574db1f5ace19f5f04990969b6f29845768f009fdc3728885f8ad28,2025,5,0.047262643
2834c60ea574db1f5ace19f5f04990969b6f29845768f009fdc3728885f8ad28,2025,6,0.01623327
2834c60ea574db1f5ace19f5f04990969b6f29845768f009fdc3728885f8ad28,2025,7,0.010420683
2834c60ea574db1f5ace19f5f04990969b6f29845768f009fdc3728885f8ad28,2025,8,0.014923762
2834c60ea574db1f5ace19f5f04990969b6f29845768f009fdc3728885f8ad28,2025,9,0.011933008
28cc876c18f6306471872b765b81db4828a734e6aca73c08a56d5b94acb51e41,2025,5,0.05645631
28cc876c18f6306471872b765b81db4828a734e6aca73c08a56d5b94acb51e41,2025,6,0.026625307
28cc876c18f6306471872b765b81db4828a734e6aca73c08a56d5b94acb51e41,2025,7,0.021428406
28cc876c18f6306471872b765b81db4828a734e6aca73c08a56d5b94acb51e41,2025,8,0.021341637
28cc876c18f6306471872b765b81db4828a734e6aca73c08a56d5b94acb51e41,2025,9,0.030503843
28cc876c18f6306471872b765b81db4828a734e6aca73c08a56d5b94acb51e41,2025,10,0.068796925
29111e59f9768cec2feb6f19c2ccb7c3aa53a87a86090443dd595a20e79f96b0,2025,5,0.023351464
29111e59f9768cec2feb6f19c2ccb7c3aa53a87a86090443dd595a20e79f96b0,2025,6,0.00695856
29111e59f9768cec2feb6f19c2ccb7c3aa53a87a86090443dd595a20e79f96b0,2025,7,0.006226163
29111e59f9768cec2feb6f19c2ccb7c3aa53a87a86090443dd595a20e79f96b0,2025,8,0.0066970885
29111e59f9768cec2feb6f19c2ccb7c3aa53a87a86090443dd595a20e79f96b0,2025,9,0.011745559
29111e59f9768cec2feb6f19c2ccb7c3aa53a87a86090443dd595a20e79f96b0,2025,10,0.091717474
291e5f9499091e82c2fccd7636e6ba1b30943b0fa63206ba932c9674e5b2191a,2025,5,0.030279817
291e5f9499091e82c2fccd7636e6ba1b30943b0fa63206ba932c9674e5b2191a,2025,6,0.022016607
291e5f9499091e82c2fccd7636e6ba1b30943b0fa63206ba932c9674e5b2191a,2025,7,0.021835238
291e5f9499091e82c2fccd7636e6ba1b30943b0fa63206ba932c9674e5b2191a,2025,8,0.021111058
291e5f9499091e82c2fccd7636e6ba1b30943b0fa63206ba932c9674e5b2191a,2025,9,0.017822772
291e5f9499091e82c2fccd7636e6ba1b30943b0fa63206ba932c9674e5b2191a,2025,10,0.07785563
2a7cc7b36f3fd5304aee465509ec185589668957335a207587e6ce7823b810c9,2025,5,0.080088116
2a7cc7b36f3fd5304aee465509ec185589668957335a207587e6ce7823b810c9,2025,6,0.032272987
2a7cc7b36f3fd5304aee465509ec185589668957335a207587e6ce7823b810c9,2025,7,0.03290369
2a7cc7b36f3fd5304aee465509ec185589668957335a207587e6ce7823b810c9,2025,8,0.037838735
2a7cc7b36f3fd5304aee465509ec185589668957335a207587e6ce7823b810c9,2025,9,0.044034258
2a7cc7b36f3fd5304aee465509ec185589668957335a207587e6ce7823b810c9,2025,10,0.10617169
2acc99c56dfd119de625d097f267d065386b788924e5c1c4a30dd7e4bd1df32c,2025,5,0.052180223
2acc99c56dfd119de625d097f267d065386b788924e5c1c4a30dd7e4bd1df32c,2025,6,0.04661234
2acc99c56dfd119de625d097f267d065386b788924e5c1c4a30dd7e4bd1df32c,2025,7,0.03620681
2acc99c56dfd119de625d097f267d065386b788924e5c1c4a30dd7e4bd1df32c,2025,8,0.037358336
2acc99c56dfd119de625d097f267d065386b788924e5c1c4a30dd7e4bd1df32c,2025,9,0.046540458
2acc99c56dfd119de625d097f267d065386b788924e5c1c4a30dd7e4bd1df32c,2025,10,0.07592807
2af49612cb24e82dea25d86b0542a8c4f65f872df0e4df2f286ce14412ba51da,2025,5,0.026527638
2af49612cb24e82dea25d86b0542a8c4f65f872df0e4df2f286ce14412ba51da,2025,6,0.020318275
2af49612cb24e82dea25d86b0542a8c4f65f872df0e4df2f286ce14412ba51da,2025,7,0.019421399
2af49612cb24e82dea25d86b0542a8c4f65f872df0e4df2f286ce14412ba51da,2025,8,0.01967065
2af49612cb24e82dea25d86b0542a8c4f65f872df0e4df2f286ce14412ba51da,2025,9,0.022972185
2af49612cb24e82dea25d86b0542a8c4f65f872df0e4df2f286ce14412ba51da,2025,10,0.03100783
2b0bae6c5a97eae766948b56124f177e4c69fb693dd3e6b0ebdd97b316cd5b8e,2025,5,0.16501246
2b0bae6c5a97eae766948b56124f177e4c69fb693dd3e6b0ebdd97b316cd5b8e,2025,6,0.0617421
2b0bae6c5a97eae766948b56124f177e4c69fb693dd3e6b0ebdd97b316cd5b8e,2025,7,0.037613094
2b0bae6c5a97eae766948b56124f177e4c69fb693dd3e6b0ebdd97b316cd5b8e,2025,8,0.055695888
2b0bae6c5a97eae766948b56124f177e4c69fb693dd3e6b0ebdd97b316cd5b8e,2025,9,0.61230034
2b0bae6c5a97eae766948b56124f177e4c69fb693dd3e6b0ebdd97b316cd5b8e,2025,10,0.27761862
2b6cc01a05292397d20f7a64b2b399197d04057091b776522c198f7dd2bd60a3,2025,5,0.07008518
2b6cc01a05292397d20f7a64b2b399197d04057091b776522c198f7dd2bd60a3,2025,6,0.041457236
2b6cc01a05292397d20f7a64b2b399197d04057091b776522c198f7dd2bd60a3,2025,7,0.038743325
2cef14b2ef876bbe6a7f96f546c29f9c58486e84d46b78628533cecd23bc9e2a,2025,5,0.032411806
2cef14b2ef876bbe6a7f96f546c29f9c58486e84d46b78628533cecd23bc9e2a,2025,6,0.013225569
2cef14b2ef876bbe6a7f96f546c29f9c58486e84d46b78628533cecd23bc9e2a,2025,7,0.011626706
2cef14b2ef876bbe6a7f96f546c29f9c58486e84d46b78628533cecd23bc9e2a,2025,8,0.013652693
2cef14b2ef876bbe6a7f96f546c29f9c58486e84d46b78628533cecd23bc9e2a,2025,9,0.018835204
2cef14b2ef876bbe6a7f96f546c29f9c58486e84d46b78628533cecd23bc9e2a,2025,10,0.05639051
2d92349ca7b2cee4ce10ef699d0b9d4b5472a88ad79eee5901517adbe84ac4bf,2025,5,0.044584915
2d92349ca7b2cee4ce10ef699d0b9d4b5472a88ad79eee5901517adbe84ac4bf,2025,6,0.012733903
2d92349ca7b2cee4ce10ef699d0b9d4b5472a88ad79eee5901517adbe84ac4bf,2025,7,0.011986228
2d92349ca7b2cee4ce10ef699d0b9d4b5472a88ad79eee5901517adbe84ac4bf,2025,8,0.01368987
2d92349ca7b2cee4ce10ef699d0b9d4b5472a88ad79eee5901517adbe84ac4bf,2025,9,0.015106146
2d92349ca7b2cee4ce10ef699d0b9d4b5472a88ad79eee5901517adbe84ac4bf,2025,10,0.07243699
2db6ffabfe05bc31e652f9aca8fc07fdf7dc1ee8378fbed1f38acda617d0124b,2025,5,0.011139013
2db6ffabfe05bc31e652f9aca8fc07fdf7dc1ee8378fbed1f38acda617d0124b,2025,6,0.007200316
2db6ffabfe05bc31e652f9aca8fc07fdf7dc1ee8378fbed1f38acda617d0124b,2025,7,0.0061126016
2db6ffabfe05bc31e652f9aca8fc07fdf7dc1ee8378fbed1f38acda617d0124b,2025,8,0.0075437757
2db6ffabfe05bc31e652f9aca8fc07fdf7dc1ee8378fbed1f38acda617d0124b,2025,9,0.007826319
2db6ffabfe05bc31e652f9aca8fc07fdf7dc1ee8378fbed1f38acda617d0124b,2025,10,0.031128619
2deddf91e23ce0eb30b5a5bd79bcd402ea2f5c1f1f561ac0b02a8db0e0445a20,2025,5,0.0501248
2deddf91e23ce0eb30b5a5bd79bcd402ea2f5c1f1f561ac0b02a8db0e0445a20,2025,6,0.013911479
2deddf91e23ce0eb30b5a5bd79bcd402ea2f5c1f1f561ac0b02a8db0e0445a20,2025,7,0.013390236
2deddf91e23ce0eb30b5a5bd79bcd402ea2f5c1f1f561ac0b02a8db0e0445a20,2025,8,0.015226435
2deddf91e23ce0eb30b5a5bd79bcd402ea2f5c1f1f561ac0b02a8db0e0445a20,2025,9,0.032419052
2deddf91e23ce0eb30b5a5bd79bcd402ea2f5c1f1f561ac0b02a8db0e0445a20,2025,10,0.06819008
2e57824ff509c2947ee779e7a148aa1648d210faca36ad9c3480fa29b3662aeb,2025,5,0.0449078
2e57824ff509c2947ee779e7a148aa1648d210faca36ad9c3480fa29b3662aeb,2025,6,0.0130789755
2e57824ff509c2947ee779e7a148aa1648d210faca36ad9c3480fa29b3662aeb,2025,7,0.010132033
2e57824ff509c2947ee779e7a148aa1648d210faca36ad9c3480fa29b3662aeb,2025,8,0.010497873
2e57824ff509c2947ee779e7a148aa1648d210faca36ad9c3480fa29b3662aeb,2025,9,0.015289525
2e57824ff509c2947ee779e7a148aa1648d210faca36ad9c3480fa29b3662aeb,2025,10,0.07101909
2e5899725451ac295cef925b80989f27e3bbc8629c99eefbd75a179469e45d08,2025,5,0.044867538
2e5899725451ac295cef925b80989f27e3bbc8629c99eefbd75a179469e45d08,2025,6,0.011490302
2e5899725451ac295cef925b80989f27e3bbc8629c99eefbd75a179469e45d08,2025,7,0.0076689227
2e5899725451ac295cef925b80989f27e3bbc8629c99eefbd75a179469e45d08,2025,8,0.009888871
2e5899725451ac295cef925b80989f27e3bbc8629c99eefbd75a179469e45d08,2025,9,0.017197676
2e5899725451ac295cef925b80989f27e3bbc8629c99eefbd75a179469e45d08,2025,10,0.063282326
2f225c810bccba58ea71a9a4f61c0d7d274596f37ff2621a7d721b75ad9d0ad2,2025,5,0.059111305
2f225c810bccba58ea71a9a4f61c0d7d274596f37ff2621a7d721b75ad9d0ad2,2025,6,0.012694114
2f225c810bccba58ea71a9a4f61c0d7d274596f37ff2621a7d721b75ad9d0ad2,2025,7,0.008776885
2f225c810bccba58ea71a9a4f61c0d7d274596f37ff2621a7d721b75ad9d0ad2,2025,8,0.013690556
2f225c810bccba58ea71a9a4f61c0d7d274596f37ff2621a7d721b75ad9d0ad2,2025,9,0.019209119
2f225c810bccba58ea71a9a4f61c0d7d274596f37ff2621a7d721b75ad9d0ad2,2025,10,0.0813655
2f4653bb7d5e259e0beac6345d1f86ccfbad729347fd7587a87345ecc469af26,2025,5,0.086003445
2f4653bb7d5e259e0beac6345d1f86ccfbad729347fd7587a87345ecc469af26,2025,6,0.015373714
2f4653bb7d5e259e0beac6345d1f86ccfbad729347fd7587a87345ecc469af26,2025,7,0.013920481
2f4653bb7d5e259e0beac6345d1f86ccfbad729347fd7587a87345ecc469af26,2025,8,0.014666735
2f4653bb7d5e259e0beac6345d1f86ccfbad729347fd7587a87345ecc469af26,2025,9,0.039659847
2f4653bb7d5e259e0beac6345d1f86ccfbad729347fd7587a87345ecc469af26,2025,10,0.15335998
2f679e2e349815a33168e22db3a5ef7ad4a7d31799a9ba2297b409a9d6645f0f,2025,5,0.08906902
2f679e2e349815a33168e22db3a5ef7ad4a7d31799a9ba2297b409a9d6645f0f,2025,6,0.011152783
2f679e2e349815a33168e22db3a5ef7ad4a7d31799a9ba2297b409a9d6645f0f,2025,7,0.006284069
2f679e2e349815a33168e22db3a5ef7ad4a7d31799a9ba2297b409a9d6645f0f,2025,8,0.0053164843
2f679e2e349815a33168e22db3a5ef7ad4a7d31799a9ba2297b409a9d6645f0f,2025,9,0.03477559
2f679e2e349815a33168e22db3a5ef7ad4a7d31799a9ba2297b409a9d6645f0f,2025,10,0.06010439
2ff0e3b07bcf42e03f9e105342628a6ae9b9ab9f27ef4c4ed1e4b2736bbc07eb,2025,5,0.05192322
2ff0e3b07bcf42e03f9e105342628a6ae9b9ab9f27ef4c4ed1e4b2736bbc07eb,2025,6,0.013801787
2ff0e3b07bcf42e03f9e105342628a6ae9b9ab9f27ef4c4ed1e4b2736bbc07eb,2025,7,0.011682104
2ff0e3b07bcf42e03f9e105342628a6ae9b9ab9f27ef4c4ed1e4b2736bbc07eb,2025,8,0.013316372
2ff0e3b07bcf42e03f9e105342628a6ae9b9ab9f27ef4c4ed1e4b2736bbc07eb,2025,9,0.035659224
2ff0e3b07bcf42e03f9e105342628a6ae9b9ab9f27ef4c4ed1e4b2736bbc07eb,2025,10,0.14688551
303139e8eac0761e54dfe312a46f8f9f437179662ec636c6343ec14efa9475e5,2025,5,0.19625315
303139e8eac0761e54dfe312a46f8f9f437179662ec636c6343ec14efa9475e5,2025,6,0.04721594
303139e8eac0761e54dfe312a46f8f9f437179662ec636c6343ec14efa9475e5,2025,7,0.03232466
303139e8eac0761e54dfe312a46f8f9f437179662ec636c6343ec14efa9475e5,2025,8,0.041681807
303139e8eac0761e54dfe312a46f8f9f437179662ec636c6343ec14efa9475e5,2025,9,0.114237346
303139e8eac0761e54dfe312a46f8f9f437179662ec636c6343ec14efa9475e5,2025,10,0.37064192
3131a9acf44291fa477e8871c254a7726e7d1236e6d98a37340f6212f7e3bab6,2025,5,0.04998246
3131a9acf44291fa477e8871c254a7726e7d1236e6d98a37340f6212f7e3bab6,2025,6,0.017586818
3131a9acf44291fa477e8871c254a7726e7d1236e6d98a37340f6212f7e3bab6,2025,7,0.012373712
3131a9acf44291fa477e8871c254a7726e7d1236e6d98a37340f6212f7e3bab6,2025,8,0.013040784
3131a9acf44291fa477e8871c254a7726e7d1236e6d98a37340f6212f7e3bab6,2025,9,0.019856688
3131a9acf44291fa477e8871c254a7726e7d1236e6d98a37340f6212f7e3bab6,2025,10,0.081736125
319a4da0c0eec04feecb2dcba71bf7ca044677a06ab46f60f859c6255152b175,2025,5,0.04031561
319a4da0c0eec04feecb2dcba71bf7ca044677a06ab46f60f859c6255152b175,2025,6,0.008321961
319a4da0c0eec04feecb2dcba71bf7ca044677a06ab46f60f859c6255152b175,2025,7,0.0067051128
319a4da0c0eec04feecb2dcba71bf7ca044677a06ab46f60f859c6255152b175,2025,8,0.007471331
319a4da0c0eec04feecb2dcba71bf7ca044677a06ab46f60f859c6255152b175,2025,9,0.014576008
319a4da0c0eec04feecb2dcba71bf7ca044677a06ab46f60f859c6255152b175,2025,10,0.066494375
3287fd72caa9d4c030242e2ce8025bf922aa5e84acb01ec0b1c8d0642159cda4,2025,5,0.038951863
3287fd72caa9d4c030242e2ce8025bf922aa5e84acb01ec0b1c8d0642159cda4,2025,6,1.34532065e-05
3287fd72caa9d4c030242e2ce8025bf922aa5e84acb01ec0b1c8d0642159cda4,2025,7,1.5371685e-05
3287fd72caa9d4c030242e2ce8025bf922aa5e84acb01ec0b1c8d0642159cda4,2025,8,1.7481761e-05
3287fd72caa9d4c030242e2ce8025bf922aa5e84acb01ec0b1c8d0642159cda4,2025,9,0.018982155
3287fd72caa9d4c030242e2ce8025bf922aa5e84acb01ec0b1c8d0642159cda4,2025,10,0.091139175
32ce77f250bae7a0f8dbe78f95730f9ae7efa2aabd7882402e2158bd08fbf70c,2025,5,0.18758288
32ce77f250bae7a0f8dbe78f95730f9ae7efa2aabd7882402e2158bd08fbf70c,2025,6,0.0678586
32ce77f250bae7a0f8dbe78f95730f9ae7efa2aabd7882402e2158bd08fbf70c,2025,7,0.051433608
32ce77f250bae7a0f8dbe78f95730f9ae7efa2aabd7882402e2158bd08fbf70c,2025,8,0.06502365
32ce77f250bae7a0f8dbe78f95730f9ae7efa2aabd7882402e2158bd08fbf70c,2025,9,0.10086463
32ce77f250bae7a0f8dbe78f95730f9ae7efa2aabd7882402e2158bd08fbf70c,2025,10,0.2944385
32f3aa73fd1c75615c31e4b9aa8d05433c3de42c42f85288cb676c550111432c,2025,5,0.12742814
32f3aa73fd1c75615c31e4b9aa8d05433c3de42c42f85288cb676c550111432c,2025,6,0.03769067
32f3aa73fd1c75615c31e4b9aa8d05433c3de42c42f85288cb676c550111432c,2025,7,0.034360178
32f3aa73fd1c75615c31e4b9aa8d05433c3de42c42f85288cb676c550111432c,2025,8,0.039236657
32f3aa73fd1c75615c31e4b9aa8d05433c3de42c42f85288cb676c550111432c,2025,9,0.25179854
32f3aa73fd1c75615c31e4b9aa8d05433c3de42c42f85288cb676c550111432c,2025,10,0.51790553
338bae248897479ebd7357a87696415492a3126f36189cf86bd6bb80df1b1f3d,2025,5,0.057948824
338bae248897479ebd7357a87696415492a3126f36189cf86bd6bb80df1b1f3d,2025,6,0.012835021
338bae248897479ebd7357a87696415492a3126f36189cf86bd6bb80df1b1f3d,2025,7,0.011394667
338bae248897479ebd7357a87696415492a3126f36189cf86bd6bb80df1b1f3d,2025,8,0.010660182
338bae248897479ebd7357a87696415492a3126f36189cf86bd6bb80df1b1f3d,2025,9,0.019982174
338bae248897479ebd7357a87696415492a3126f36189cf86bd6bb80df1b1f3d,2025,10,0.08905149
338c7a6ce833d3218fc8104d5d103aae715c5ba616e84385bf38053491bba555,2025,5,0.029287191
338c7a6ce833d3218fc8104d5d103aae715c5ba616e84385bf38053491bba555,2025,6,0.009969451
338c7a6ce833d3218fc8104d5d103aae715c5ba616e84385bf38053491bba555,2025,7,0.0096708685
338c7a6ce833d3218fc8104d5d103aae715c5ba616e84385bf38053491bba555,2025,8,0.010556894
338c7a6ce833d3218fc8104d5d103aae715c5ba616e84385bf38053491bba555,2025,9,0.013496182
338c7a6ce833d3218fc8104d5d103aae715c5ba616e84385bf38053491bba555,2025,10,0.048976883
34506b15f2ca9972858a05daf5590a773fd316dd08de047b117e607cb233edaa,2025,5,0.01305076
34506b15f2ca9972858a05daf5590a773fd316dd08de047b117e607cb233edaa,2025,6,0.006086297
34506b15f2ca9972858a05daf5590a773fd316dd08de047b117e607cb233edaa,2025,7,0.006300648
34506b15f2ca9972858a05daf5590a773fd316dd08de047b117e607cb233edaa,2025,8,0.005303975
34506b15f2ca9972858a05daf5590a773fd316dd08de047b117e607cb233edaa,2025,9,0.008906404
34506b15f2ca9972858a05daf5590a773fd316dd08de047b117e607cb233edaa,2025,10,0.007840949
348f25ee74e33787399e1bbd74b3a8911d20efd1bc2029ac1a37c4908f5e7b0e,2025,5,0.040418666
348f25ee74e33787399e1bbd74b3a8911d20efd1bc2029ac1a37c4908f5e7b0e,2025,6,0.011143317
348f25ee74e33787399e1bbd74b3a8911d20efd1bc2029ac1a37c4908f5e7b0e,2025,7,0.01104862
348f25ee74e33787399e1bbd74b3a8911d20efd1bc2029ac1a37c4908f5e7b0e,2025,8,0.011107109
348f25ee74e33787399e1bbd74b3a8911d20efd1bc2029ac1a37c4908f5e7b0e,2025,9,0.01680619
348f25ee74e33787399e1bbd74b3a8911d20efd1bc2029ac1a37c4908f5e7b0e,2025,10,0.059604272
34a0d35cae2857af0f77cae41962c9db7633121f28ade7987a6cc36c750bb413,2025,5,0.038568202
34a0d35cae2857af0f77cae41962c9db7633121f28ade7987a6cc36c750bb413,2025,6,0.009449763
34a0d35cae2857af0f77cae41962c9db7633121f28ade7987a6cc36c750bb413,2025,7,0.008750128
34a0d35cae2857af0f77cae41962c9db7633121f28ade7987a6cc36c750bb413,2025,8,0.006643473
34a0d35cae2857af0f77cae41962c9db7633121f28ade7987a6cc36c750bb413,2025,9,0.010765032
34a0d35cae2857af0f77cae41962c9db7633121f28ade7987a6cc36c750bb413,2025,10,0.0634637
34e6bf95ee25411045391c633fbeca9bc16266a6fb581c9129c1f541ddff9e4b,2025,5,0.054398254
34e6bf95ee25411045391c633fbeca9bc16266a6fb581c9129c1f541ddff9e4b,2025,6,0.0150522515
34e6bf95ee25411045391c633fbeca9bc16266a6fb581c9129c1f541ddff9e4b,2025,7,0.013444248
34e6bf95ee25411045391c633fbeca9bc16266a6fb581c9129c1f541ddff9e4b,2025,8,0.018112052
34e6bf95ee25411045391c633fbeca9bc16266a6fb581c9129c1f541ddff9e4b,2025,9,0.0425607
34e6bf95ee25411045391c633fbeca9bc16266a6fb581c9129c1f541ddff9e4b,2025,10,0.11352625
34f28ac8caafa19c5eec8faf455fb85fedcda7d74384c953dec5baa99a28b57d,2025,5,0.09151888
34f28ac8caafa19c5eec8faf455fb85fedcda7d74384c953dec5baa99a28b57d,2025,6,0.0114710955
34f28ac8caafa19c5eec8faf455fb85fedcda7d74384c953dec5baa99a28b57d,2025,7,0.009539271
34f28ac8caafa19c5eec8faf455fb85fedcda7d74384c953dec5baa99a28b57d,2025,8,0.009592627
34f28ac8caafa19c5eec8faf455fb85fedcda7d74384c953dec5baa99a28b57d,2025,9,0.021891404
34f28ac8caafa19c5eec8faf455fb85fedcda7d74384c953dec5baa99a28b57d,2025,10,0.16070764
354c0ce9ecdbb10d27db86b239e50f448cb9669b19050cdef7f506d8defb3459,2025,5,0.07442822
354c0ce9ecdbb10d27db86b239e50f448cb9669b19050cdef7f506d8defb3459,2025,6,0.0461603
354c0ce9ecdbb10d27db86b239e50f448cb9669b19050cdef7f506d8defb3459,2025,7,0.03717098
354c0ce9ecdbb10d27db86b239e50f448cb9669b19050cdef7f506d8defb3459,2025,8,0.038200058
354c0ce9ecdbb10d27db86b239e50f448cb9669b19050cdef7f506d8defb3459,2025,9,0.07401451
354c0ce9ecdbb10d27db86b239e50f448cb9669b19050cdef7f506d8defb3459,2025,10,0.190372
3575eed39a80848ee2587bebb0845364db00e97d0cacc180c01b17c8c5b6bee8,2025,5,0.017821824
3575eed39a80848ee2587bebb0845364db00e97d0cacc180c01b17c8c5b6bee8,2025,6,0.01182633
3575eed39a80848ee2587bebb0845364db00e97d0cacc180c01b17c8c5b6bee8,2025,7,0.014720216
3575eed39a80848ee2587bebb0845364db00e97d0cacc180c01b17c8c5b6bee8,2025,8,0.017705467
3575eed39a80848ee2587bebb0845364db00e97d0cacc180c01b17c8c5b6bee8,2025,9,0.014964796
3575eed39a80848ee2587bebb0845364db00e97d0cacc180c01b17c8c5b6bee8,2025,10,0.028349914
358bcff063e97065c7a01e811bad97b69442dd982b6ef8f973a34e4a50ba8812,2025,5,0.050678246
358bcff063e97065c7a01e811bad97b69442dd982b6ef8f973a34e4a50ba8812,2025,6,0.019004699
358bcff063e97065c7a01e811bad97b69442dd982b6ef8f973a34e4a50ba8812,2025,7,0.013817883
358bcff063e97065c7a01e811bad97b69442dd982b6ef8f973a34e4a50ba8812,2025,8,0.016179623
358bcff063e97065c7a01e811bad97b69442dd982b6ef8f973a34e4a50ba8812,2025,9,0.02315422
358bcff063e97065c7a01e811bad97b69442dd982b6ef8f973a34e4a50ba8812,2025,10,0.05881247
359d295b8157bba6e09eaab8ff68737d107ad6130e024665f84f09e185d34222,2025,5,0.04399384
359d295b8157bba6e09eaab8ff68737d107ad6130e024665f84f09e185d34222,2025,6,0.02016565
359d295b8157bba6e09eaab8ff68737d107ad6130e024665f84f09e185d34222,2025,7,0.01828749
359d295b8157bba6e09eaab8ff68737d107ad6130e024665f84f09e185d34222,2025,8,0.01230819
359d295b8157bba6e09eaab8ff68737d107ad6130e024665f84f09e185d34222,2025,9,0.017232046
359d295b8157bba6e09eaab8ff68737d107ad6130e024665f84f09e185d34222,2025,10,0.05905166
35e4e6e3dad687948b473d5752866561801d6006701519a0b2e26fdd37af6298,2025,5,0.016384732
35e4e6e3dad687948b473d5752866561801d6006701519a0b2e26fdd37af6298,2025,6,0.00532759
35e4e6e3dad687948b473d5752866561801d6006701519a0b2e26fdd37af6298,2025,7,0.0041610315
35e4e6e3dad687948b473d5752866561801d6006701519a0b2e26fdd37af6298,2025,8,0.004802365
35e4e6e3dad687948b473d5752866561801d6006701519a0b2e26fdd37af6298,2025,9,0.008894429
35e4e6e3dad687948b473d5752866561801d6006701519a0b2e26fdd37af6298,2025,10,0.040459123
3614998a112ef27de23e4e54b4afa56a377712e95abee30e7ff94e0646c49d14,2025,5,0.044351622
3614998a112ef27de23e4e54b4afa56a377712e95abee30e7ff94e0646c49d14,2025,6,0.015578334
3614998a112ef27de23e4e54b4afa56a377712e95abee30e7ff94e0646c49d14,2025,7,0.013666899
3614998a112ef27de23e4e54b4afa56a377712e95abee30e7ff94e0646c49d14,2025,8,0.017554272
3614998a112ef27de23e4e54b4afa56a377712e95abee30e7ff94e0646c49d14,2025,9,0.031274874
3614998a112ef27de23e4e54b4afa56a377712e95abee30e7ff94e0646c49d14,2025,10,0.07198409
36bac08315f0d89e69ff8732ca8f37f4341d54ca94bc569daea80490ce9bc2ff,2025,5,0.2595378
36bac08315f0d89e69ff8732ca8f37f4341d54ca94bc569daea80490ce9bc2ff,2025,6,0.19137564
36bac08315f0d89e69ff8732ca8f37f4341d54ca94bc569daea80490ce9bc2ff,2025,7,0.18801056
36bac08315f0d89e69ff8732ca8f37f4341d54ca94bc569daea80490ce9bc2ff,2025,8,0.1866404
36bac08315f0d89e69ff8732ca8f37f4341d54ca94bc569daea80490ce9bc2ff,2025,9,0.37751317
37499ac7c21e70871c56a65695c53f7f9a83ffa9f61140a77bbc7de8d53e4b7b,2025,5,0.077673815
37499ac7c21e70871c56a65695c53f7f9a83ffa9f61140a77bbc7de8d53e4b7b,2025,6,0.030369215
37499ac7c21e70871c56a65695c53f7f9a83ffa9f61140a77bbc7de8d53e4b7b,2025,7,5.0542676e-05
37499ac7c21e70871c56a65695c53f7f9a83ffa9f61140a77bbc7de8d53e4b7b,2025,8,0.02479014
37499ac7c21e70871c56a65695c53f7f9a83ffa9f61140a77bbc7de8d53e4b7b,2025,9,0.024910787
376e93ee848fd174b21e1598a436eaf5181f320015debb65779d397fbb9ba199,2025,5,0.17525019
376e93ee848fd174b21e1598a436eaf5181f320015debb65779d397fbb9ba199,2025,6,0.029389193
376e93ee848fd174b21e1598a436eaf5181f320015debb65779d397fbb9ba199,2025,7,0.019096753
376e93ee848fd174b21e1598a436eaf5181f320015debb65779d397fbb9ba199,2025,8,0.03766196
376e93ee848fd174b21e1598a436eaf5181f320015debb65779d397fbb9ba199,2025,9,0.09007585
376e93ee848fd174b21e1598a436eaf5181f320015debb65779d397fbb9ba199,2025,10,0.2820438
37a3b79e39c2a5d921c00b1eabaf1e0f8117fe0548b105f4764580b04ef38f2a,2025,5,0.049934503
37a3b79e39c2a5d921c00b1eabaf1e0f8117fe0548b105f4764580b04ef38f2a,2025,6,0.012123174
37a3b79e39c2a5d921c00b1eabaf1e0f8117fe0548b105f4764580b04ef38f2a,2025,9,0.15900744
37a3b79e39c2a5d921c00b1eabaf1e0f8117fe0548b105f4764580b04ef38f2a,2025,10,0.0848579
37e51db6b1d3d8bdb8e6c7688509e2d0ca683dc2b4fd2cb2149d0f5395a1d1d7,2025,5,0.018703783
37e51db6b1d3d8bdb8e6c7688509e2d0ca683dc2b4fd2cb2149d0f5395a1d1d7,2025,6,0.011442594
37e51db6b1d3d8bdb8e6c7688509e2d0ca683dc2b4fd2cb2149d0f5395a1d1d7,2025,7,0.011933137
37e51db6b1d3d8bdb8e6c7688509e2d0ca683dc2b4fd2cb2149d0f5395a1d1d7,2025,8,0.014799416
37e51db6b1d3d8bdb8e6c7688509e2d0ca683dc2b4fd2cb2149d0f5395a1d1d7,2025,9,0.010377593
37e51db6b1d3d8bdb8e6c7688509e2d0ca683dc2b4fd2cb2149d0f5395a1d1d7,2025,10,0.057845797
387ed82fb8a86970192a0a1de86fbf3bb6daccf0fe74c9c9565d325d2a21887b,2025,5,0.03447206
387ed82fb8a86970192a0a1de86fbf3bb6daccf0fe74c9c9565d325d2a21887b,2025,6,0.017628623
387ed82fb8a86970192a0a1de86fbf3bb6daccf0fe74c9c9565d325d2a21887b,2025,7,0.016539942
387ed82fb8a86970192a0a1de86fbf3bb6daccf0fe74c9c9565d325d2a21887b,2025,8,0.0147703495
387ed82fb8a86970192a0a1de86fbf3bb6daccf0fe74c9c9565d325d2a21887b,2025,9,0.02007489
387ed82fb8a86970192a0a1de86fbf3bb6daccf0fe74c9c9565d325d2a21887b,2025,10,0.05917338
390086226c2fa53164c5eb905aca34719d5171ca44ce1c76e6501708ace1f402,2025,5,0.187453
390086226c2fa53164c5eb905aca34719d5171ca44ce1c76e6501708ace1f402,2025,6,0.0012534872
390086226c2fa53164c5eb905aca34719d5171ca44ce1c76e6501708ace1f402,2025,7,0.001165976
390086226c2fa53164c5eb905aca34719d5171ca44ce1c76e6501708ace1f402,2025,8,0.0046832445
390086226c2fa53164c5eb905aca34719d5171ca44ce1c76e6501708ace1f402,2025,9,0.051272478
390086226c2fa53164c5eb905aca34719d5171ca44ce1c76e6501708ace1f402,2025,10,0.2880573
390d8bca8ff15aa7b8739e96d0bbd174d240ffb4c3ca254e1f2e93839dbf0705,2025,5,0.0325309
390d8bca8ff15aa7b8739e96d0bbd174d240ffb4c3ca254e1f2e93839dbf0705,2025,6,0.012453376
390d8bca8ff15aa7b8739e96d0bbd174d240ffb4c3ca254e1f2e93839dbf0705,2025,7,0.011463561
390d8bca8ff15aa7b8739e96d0bbd174d240ffb4c3ca254e1f2e93839dbf0705,2025,8,0.015531529
390d8bca8ff15aa7b8739e96d0bbd174d240ffb4c3ca254e1f2e93839dbf0705,2025,9,0.029510101
390d8bca8ff15aa7b8739e96d0bbd174d240ffb4c3ca254e1f2e93839dbf0705,2025,10,0.060853932
3984783c0469008842604048d4a09bd672b372563c421950c1afc63100b00af1,2025,5,0.042220496
3984783c0469008842604048d4a09bd672b372563c421950c1afc63100b00af1,2025,6,0.018125685
3984783c0469008842604048d4a09bd672b372563c421950c1afc63100b00af1,2025,7,0.017205698
3984783c0469008842604048d4a09bd672b372563c421950c1afc63100b00af1,2025,8,0.017753845
3984783c0469008842604048d4a09bd672b372563c421950c1afc63100b00af1,2025,9,0.041203726
3984783c0469008842604048d4a09bd672b372563c421950c1afc63100b00af1,2025,10,0.14407526
39b7c55a2447ee58847fdf1fbc214fe19ff6554b466a4248b17836a04398bc57,2025,5,0.04120143
39b7c55a2447ee58847fdf1fbc214fe19ff6554b466a4248b17836a04398bc57,2025,6,0.012998619
39b7c55a2447ee58847fdf1fbc214fe19ff6554b466a4248b17836a04398bc57,2025,7,0.028344996
39b7c55a2447ee58847fdf1fbc214fe19ff6554b466a4248b17836a04398bc57,2025,8,0.014306012
39b7c55a2447ee58847fdf1fbc214fe19ff6554b466a4248b17836a04398bc57,2025,9,0.0186268
39b7c55a2447ee58847fdf1fbc214fe19ff6554b466a4248b17836a04398bc57,2025,10,0.047212802
39f66f2f9807fb085eea698935dd568d0ef41ecbaeffe234a2f9544bcc705653,2025,5,0.022113405
39f66f2f9807fb085eea698935dd568d0ef41ecbaeffe234a2f9544bcc705653,2025,6,0.008535183
39f66f2f9807fb085eea698935dd568d0ef41ecbaeffe234a2f9544bcc705653,2025,7,0.0059513613
39f66f2f9807fb085eea698935dd568d0ef41ecbaeffe234a2f9544bcc705653,2025,8,0.006939026
39f66f2f9807fb085eea698935dd568d0ef41ecbaeffe234a2f9544bcc705653,2025,9,0.008534678
39f66f2f9807fb085eea698935dd568d0ef41ecbaeffe234a2f9544bcc705653,2025,10,0.050611638
3a7f8db3395fbfc8ff18dd7a569c25fba5cb6b6b8027b0a40197a8bdc2a89112,2025,5,0.12535961
3a7f8db3395fbfc8ff18dd7a569c25fba5cb6b6b8027b0a40197a8bdc2a89112,2025,6,0.021983096
3a7f8db3395fbfc8ff18dd7a569c25fba5cb6b6b8027b0a40197a8bdc2a89112,2025,7,0.018190887
3a7f8db3395fbfc8ff18dd7a569c25fba5cb6b6b8027b0a40197a8bdc2a89112,2025,8,0.019821342
3a7f8db3395fbfc8ff18dd7a569c25fba5cb6b6b8027b0a40197a8bdc2a89112,2025,9,0.03265798
3a7f8db3395fbfc8ff18dd7a569c25fba5cb6b6b8027b0a40197a8bdc2a89112,2025,10,0.1595893
3b4a3a48242c58022ffcedf96c284b20cf360dcff974b14716a36a4e5115389e,2025,5,0.2750882
3b4a3a48242c58022ffcedf96c284b20cf360dcff974b14716a36a4e5115389e,2025,6,0.0390734
3b4a3a48242c58022ffcedf96c284b20cf360dcff974b14716a36a4e5115389e,2025,7,0.033735696
3b4a3a48242c58022ffcedf96c284b20cf360dcff974b14716a36a4e5115389e,2025,8,0.06443817
3b4a3a48242c58022ffcedf96c284b20cf360dcff974b14716a36a4e5115389e,2025,9,0.14065538
3b4a3a48242c58022ffcedf96c284b20cf360dcff974b14716a36a4e5115389e,2025,10,0.33715016
3b91bd7cb605703d3e1bc2b7327a0f02941d1bcc73d8b074aa26c117a1e04d11,2025,5,0.10459389
3b91bd7cb605703d3e1bc2b7327a0f02941d1bcc73d8b074aa26c117a1e04d11,2025,6,0.031087475
3b91bd7cb605703d3e1bc2b7327a0f02941d1bcc73d8b074aa26c117a1e04d11,2025,7,0.028785024
3b91bd7cb605703d3e1bc2b7327a0f02941d1bcc73d8b074aa26c117a1e04d11,2025,8,0.030689633
3b91bd7cb605703d3e1bc2b7327a0f02941d1bcc73d8b074aa26c117a1e04d11,2025,9,0.06267208
3b91bd7cb605703d3e1bc2b7327a0f02941d1bcc73d8b074aa26c117a1e04d11,2025,10,0.2493965
3b9c69e51bb2908a9c9b922475a4d8c1f9c98571909fe67cb49dceab0aa9893f,2025,5,0.04887601
3b9c69e51bb2908a9c9b922475a4d8c1f9c98571909fe67cb49dceab0aa9893f,2025,6,0.016538763
3b9c69e51bb2908a9c9b922475a4d8c1f9c98571909fe67cb49dceab0aa9893f,2025,7,0.00575156
3b9c69e51bb2908a9c9b922475a4d8c1f9c98571909fe67cb49dceab0aa9893f,2025,8,0.006354342
3b9c69e51bb2908a9c9b922475a4d8c1f9c98571909fe67cb49dceab0aa9893f,2025,9,0.050359596
3b9c69e51bb2908a9c9b922475a4d8c1f9c98571909fe67cb49dceab0aa9893f,2025,10,0.057743035
3c62cc5f1379633332d484687800908f08158e54a20ff8b833a42452c0ff8017,2025,5,0.0794324
3c62cc5f1379633332d484687800908f08158e54a20ff8b833a42452c0ff8017,2025,6,0.018617284
3c62cc5f1379633332d484687800908f08158e54a20ff8b833a42452c0ff8017,2025,7,0.018629383
3c62cc5f1379633332d484687800908f08158e54a20ff8b833a42452c0ff8017,2025,8,0.01671098
3c62cc5f1379633332d484687800908f08158e54a20ff8b833a42452c0ff8017,2025,9,0.030992733
3c62cc5f1379633332d484687800908f08158e54a20ff8b833a42452c0ff8017,2025,10,0.18790565
3da91accf817df33c1a023b666792fb425b56e618f0cd6a1ed513257f17f1303,2025,5,0.026133321
3da91accf817df33c1a023b666792fb425b56e618f0cd6a1ed513257f17f1303,2025,6,0.010520277
3da91accf817df33c1a023b666792fb425b56e618f0cd6a1ed513257f17f1303,2025,7,0.010487269
3da91accf817df33c1a023b666792fb425b56e618f0cd6a1ed513257f17f1303,2025,8,0.013066251
3da91accf817df33c1a023b666792fb425b56e618f0cd6a1ed513257f17f1303,2025,9,0.01689309
3da91accf817df33c1a023b666792fb425b56e618f0cd6a1ed513257f17f1303,2025,10,0.03714282
3e48ef633fbf96aa9e940caaf72705b2433a030ad070592ec22a440e8d3deb1a,2025,5,0.07059332
3e48ef633fbf96aa9e940caaf72705b2433a030ad070592ec22a440e8d3deb1a,2025,6,0.0057632257
3e48ef633fbf96aa9e940caaf72705b2433a030ad070592ec22a440e8d3deb1a,2025,7,0.011460207
3e48ef633fbf96aa9e940caaf72705b2433a030ad070592ec22a440e8d3deb1a,2025,8,0.014218783
3e48ef633fbf96aa9e940caaf72705b2433a030ad070592ec22a440e8d3deb1a,2025,9,0.029726071
3e48ef633fbf96aa9e940caaf72705b2433a030ad070592ec22a440e8d3deb1a,2025,10,0.10410373
3e730a396a0a8a4793d084c553f85abd88e155dc87f6efa446581f07dbc739d5,2025,5,0.03533919
3e730a396a0a8a4793d084c553f85abd88e155dc87f6efa446581f07dbc739d5,2025,6,0.013528119
3e730a396a0a8a4793d084c553f85abd88e155dc87f6efa446581f07dbc739d5,2025,7,0.014300079
3e730a396a0a8a4793d084c553f85abd88e155dc87f6efa446581f07dbc739d5,2025,8,0.016095037
3e730a396a0a8a4793d084c553f85abd88e155dc87f6efa446581f07dbc739d5,2025,9,0.033198632
3e730a396a0a8a4793d084c553f85abd88e155dc87f6efa446581f07dbc739d5,2025,10,0.13671687
3ee8c7afb655816646ef0c29c14a66d18ce8b22ae67a53d099bed895f4cec758,2025,5,0.032360326
3ee8c7afb655816646ef0c29c14a66d18ce8b22ae67a53d099bed895f4cec758,2025,6,0.016568124
3ee8c7afb655816646ef0c29c14a66d18ce8b22ae67a53d099bed895f4cec758,2025,7,0.013336668
3ee8c7afb655816646ef0c29c14a66d18ce8b22ae67a53d099bed895f4cec758,2025,8,0.014782396
3ee8c7afb655816646ef0c29c14a66d18ce8b22ae67a53d099bed895f4cec758,2025,9,0.010397242
3ee8c7afb655816646ef0c29c14a66d18ce8b22ae67a53d099bed895f4cec758,2025,10,0.04227887
3ef46eb74164137a17b29db6388168faf6dcda4baf9d0524efecbfd8db0d5517,2025,5,0.01399345
3ef46eb74164137a17b29db6388168faf6dcda4baf9d0524efecbfd8db0d5517,2025,6,0.0049904357
3ef46eb74164137a17b29db6388168faf6dcda4baf9d0524efecbfd8db0d5517,2025,7,0.004557595
3ef46eb74164137a17b29db6388168faf6dcda4baf9d0524efecbfd8db0d5517,2025,8,0.004420602
3ef46eb74164137a17b29db6388168faf6dcda4baf9d0524efecbfd8db0d5517,2025,9,0.0059514223
3ef46eb74164137a17b29db6388168faf6dcda4baf9d0524efecbfd8db0d5517,2025,10,0.02895189
3f9633e720d2fdfcf21484040253527613ad178c22890973f11e1fc63ec2da24,2025,5,0.058248077
3f9633e720d2fdfcf21484040253527613ad178c22890973f11e1fc63ec2da24,2025,6,0.03163594
3f9633e720d2fdfcf21484040253527613ad178c22890973f11e1fc63ec2da24,2025,7,0.031226674
3f9633e720d2fdfcf21484040253527613ad178c22890973f11e1fc63ec2da24,2025,8,0.030409794
3f9633e720d2fdfcf21484040253527613ad178c22890973f11e1fc63ec2da24,2025,9,0.057724915
3f9633e720d2fdfcf21484040253527613ad178c22890973f11e1fc63ec2da24,2025,10,0.2795247
3fe9b43d3c2ca4dca68a63316d8b786a814646bdd3938fb7435ccc9152facc56,2025,5,0.014260822
3fe9b43d3c2ca4dca68a63316d8b786a814646bdd3938fb7435ccc9152facc56,2025,6,0.0014052236
3fe9b43d3c2ca4dca68a63316d8b786a814646bdd3938fb7435ccc9152facc56,2025,7,0.0011521365
3fe9b43d3c2ca4dca68a63316d8b786a814646bdd3938fb7435ccc9152facc56,2025,8,0.0014303826
3fe9b43d3c2ca4dca68a63316d8b786a814646bdd3938fb7435ccc9152facc56,2025,9,0.014066318
3fe9b43d3c2ca4dca68a63316d8b786a814646bdd3938fb7435ccc9152facc56,2025,10,0.031055747
3ff350a18ed265ac520cb332d5a57705ed906254540e7a2e2b89bf5ae0db5194,2025,5,0.0768368
3ff350a18ed265ac520cb332d5a57705ed906254540e7a2e2b89bf5ae0db5194,2025,6,0.018198313
3ff350a18ed265ac520cb332d5a57705ed906254540e7a2e2b89bf5ae0db5194,2025,7,0.015833437
3ff350a18ed265ac520cb332d5a57705ed906254540e7a2e2b89bf5ae0db5194,2025,8,0.021228464
3ff350a18ed265ac520cb332d5a57705ed906254540e7a2e2b89bf5ae0db5194,2025,9,0.048366506
3ff350a18ed265ac520cb332d5a57705ed906254540e7a2e2b89bf5ae0db5194,2025,10,0.1799902
41263e6b4d2d77ff2afaeab5f1eaae1a6556bd56d083c6adbcb97f6e5d259208,2025,5,0.06273453
41263e6b4d2d77ff2afaeab5f1eaae1a6556bd56d083c6adbcb97f6e5d259208,2025,6,0.050946813
41263e6b4d2d77ff2afaeab5f1eaae1a6556bd56d083c6adbcb97f6e5d259208,2025,7,0.04419576
41263e6b4d2d77ff2afaeab5f1eaae1a6556bd56d083c6adbcb97f6e5d259208,2025,8,0.045302242
41263e6b4d2d77ff2afaeab5f1eaae1a6556bd56d083c6adbcb97f6e5d259208,2025,9,0.04993504
41263e6b4d2d77ff2afaeab5f1eaae1a6556bd56d083c6adbcb97f6e5d259208,2025,10,0.09209215
4186e304b2c4ae0e5752520f7b33626441b3fd8e1495a52f07c235143cbb8c18,2025,5,0.12584817
4186e304b2c4ae0e5752520f7b33626441b3fd8e1495a52f07c235143cbb8c18,2025,6,0.059691306
4186e304b2c4ae0e5752520f7b33626441b3fd8e1495a52f07c235143cbb8c18,2025,7,0.053520158
4186e304b2c4ae0e5752520f7b33626441b3fd8e1495a52f07c235143cbb8c18,2025,8,0.047235258
4186e304b2c4ae0e5752520f7b33626441b3fd8e1495a52f07c235143cbb8c18,2025,9,0.07486779
4186e304b2c4ae0e5752520f7b33626441b3fd8e1495a52f07c235143cbb8c18,2025,10,0.29514974
41ee9e6aa5b78b35b6a2cbf8bc962d02125d43ac63ce3c41f929fa3884680aa1,2025,5,0.029643046
41ee9e6aa5b78b35b6a2cbf8bc962d02125d43ac63ce3c41f929fa3884680aa1,2025,6,0.006273492
41ee9e6aa5b78b35b6a2cbf8bc962d02125d43ac63ce3c41f929fa3884680aa1,2025,7,0.006538748
41ee9e6aa5b78b35b6a2cbf8bc962d02125d43ac63ce3c41f929fa3884680aa1,2025,8,0.006543872
41ee9e6aa5b78b35b6a2cbf8bc962d02125d43ac63ce3c41f929fa3884680aa1,2025,9,0.008732764
41ee9e6aa5b78b35b6a2cbf8bc962d02125d43ac63ce3c41f929fa3884680aa1,2025,10,0.036871314
425b5ff504d8283ba697eccac3ce392eb1ceb74584ff153787d152a20355123e,2025,5,0.060986556
425b5ff504d8283ba697eccac3ce392eb1ceb74584ff153787d152a20355123e,2025,6,0.012568494
425b5ff504d8283ba697eccac3ce392eb1ceb74584ff153787d152a20355123e,2025,7,0.014626848
425b5ff504d8283ba697eccac3ce392eb1ceb74584ff153787d152a20355123e,2025,8,0.014241694
425b5ff504d8283ba697eccac3ce392eb1ceb74584ff153787d152a20355123e,2025,9,0.015760276
425b5ff504d8283ba697eccac3ce392eb1ceb74584ff153787d152a20355123e,2025,10,0.08022831
42b6d6e9cfb211fe155f1d3d938b707bb7524462ba407716e62fe7a0f5fc5eb6,2025,5,0.04825177
42b6d6e9cfb211fe155f1d3d938b707bb7524462ba407716e62fe7a0f5fc5eb6,2025,6,0.017787844
42b6d6e9cfb211fe155f1d3d938b707bb7524462ba407716e62fe7a0f5fc5eb6,2025,7,0.012489629
42b6d6e9cfb211fe155f1d3d938b707bb7524462ba407716e62fe7a0f5fc5eb6,2025,8,0.014363
42b6d6e9cfb211fe155f1d3d938b707bb7524462ba407716e62fe7a0f5fc5eb6,2025,9,0.02275937
42b6d6e9cfb211fe155f1d3d938b707bb7524462ba407716e62fe7a0f5fc5eb6,2025,10,0.06633622
436ff8e761381556134b93e03d687ead23b920a9a06875fedbc58ad44938c7bc,2025,5,0.115943044
436ff8e761381556134b93e03d687ead23b920a9a06875fedbc58ad44938c7bc,2025,6,0.040017493
436ff8e761381556134b93e03d687ead23b920a9a06875fedbc58ad44938c7bc,2025,7,0.030084142
436ff8e761381556134b93e03d687ead23b920a9a06875fedbc58ad44938c7bc,2025,8,0.027824717
436ff8e761381556134b93e03d687ead23b920a9a06875fedbc58ad44938c7bc,2025,9,0.051847313
436ff8e761381556134b93e03d687ead23b920a9a06875fedbc58ad44938c7bc,2025,10,0.18573454
44704dd20023628fdf92c9262437e1baa1fa7aa301c9d4c1c573dc0545b5ed47,2025,5,0.019950746
44704dd20023628fdf92c9262437e1baa1fa7aa301c9d4c1c573dc0545b5ed47,2025,6,0.007616965
44704dd20023628fdf92c9262437e1baa1fa7aa301c9d4c1c573dc0545b5ed47,2025,7,0.005546687
44704dd20023628fdf92c9262437e1baa1fa7aa301c9d4c1c573dc0545b5ed47,2025,8,0.009407626
44704dd20023628fdf92c9262437e1baa1fa7aa301c9d4c1c573dc0545b5ed47,2025,9,0.0072678467
44704dd20023628fdf92c9262437e1baa1fa7aa301c9d4c1c573dc0545b5ed47,2025,10,0.051568873
44e71bf11fdaaee10d16cdce41c7fc206dc5e9a6e668fa894e2c0b690ec117ef,2025,5,0.06495835
44e71bf11fdaaee10d16cdce41c7fc206dc5e9a6e668fa894e2c0b690ec117ef,2025,6,0.027289398
44e71bf11fdaaee10d16cdce41c7fc206dc5e9a6e668fa894e2c0b690ec117ef,2025,7,0.02056495
44e71bf11fdaaee10d16cdce41c7fc206dc5e9a6e668fa894e2c0b690ec117ef,2025,8,0.027859876
44e71bf11fdaaee10d16cdce41c7fc206dc5e9a6e668fa894e2c0b690ec117ef,2025,9,0.03897009
44e71bf11fdaaee10d16cdce41c7fc206dc5e9a6e668fa894e2c0b690ec117ef,2025,10,0.0861956
44f25830b97ac76fb65e0f243d37398a50929a89265c981d24c394301a376457,2025,5,0.04676133
44f25830b97ac76fb65e0f243d37398a50929a89265c981d24c394301a376457,2025,6,0.03810422
44f25830b97ac76fb65e0f243d37398a50929a89265c981d24c394301a376457,2025,7,0.028866697
44f25830b97ac76fb65e0f243d37398a50929a89265c981d24c394301a376457,2025,8,0.03907674
44f25830b97ac76fb65e0f243d37398a50929a89265c981d24c394301a376457,2025,9,0.043841895
44f25830b97ac76fb65e0f243d37398a50929a89265c981d24c394301a376457,2025,10,0.077120185
45201bdadf9f1726bf9ad3bb4950620d2cbdc34cc431128c4c73113bbb4c2ad5,2025,5,0.072373904
45201bdadf9f1726bf9ad3bb4950620d2cbdc34cc431128c4c73113bbb4c2ad5,2025,6,0.011141649
45201bdadf9f1726bf9ad3bb4950620d2cbdc34cc431128c4c73113bbb4c2ad5,2025,7,0.011029168
45201bdadf9f1726bf9ad3bb4950620d2cbdc34cc431128c4c73113bbb4c2ad5,2025,8,0.014355375
45201bdadf9f1726bf9ad3bb4950620d2cbdc34cc431128c4c73113bbb4c2ad5,2025,9,0.03708357
45201bdadf9f1726bf9ad3bb4950620d2cbdc34cc431128c4c73113bbb4c2ad5,2025,10,0.14700714
4545a55de1e7d46fbfdbd79201cb8f87d94b7852232c6313f3a6a280dad7e260,2025,5,0.1434783
4545a55de1e7d46fbfdbd79201cb8f87d94b7852232c6313f3a6a280dad7e260,2025,6,0.04328066
4545a55de1e7d46fbfdbd79201cb8f87d94b7852232c6313f3a6a280dad7e260,2025,7,0.046490565
4545a55de1e7d46fbfdbd79201cb8f87d94b7852232c6313f3a6a280dad7e260,2025,8,0.047505405
4545a55de1e7d46fbfdbd79201cb8f87d94b7852232c6313f3a6a280dad7e260,2025,9,0.06445151
4545a55de1e7d46fbfdbd79201cb8f87d94b7852232c6313f3a6a280dad7e260,2025,10,0.27979442
454b7fa1d685c14098b72d3a9772499258ea9e3f78147229fa3873fd052d9514,2025,5,0.008185117
454b7fa1d685c14098b72d3a9772499258ea9e3f78147229fa3873fd052d9514,2025,6,5.6421127e-06
454b7fa1d685c14098b72d3a9772499258ea9e3f78147229fa3873fd052d9514,2025,7,0.0034284154
454b7fa1d685c14098b72d3a9772499258ea9e3f78147229fa3873fd052d9514,2025,8,0.0011763824
454b7fa1d685c14098b72d3a9772499258ea9e3f78147229fa3873fd052d9514,2025,9,0.0023306194
454b7fa1d685c14098b72d3a9772499258ea9e3f78147229fa3873fd052d9514,2025,10,0.056753214
4594caeb1648fb9612ead8e023290c0b3b53d80911bdaf2ed2d8ee3056abb919,2025,5,0.03840444
4594caeb1648fb9612ead8e023290c0b3b53d80911bdaf2ed2d8ee3056abb919,2025,6,0.031958234
4594caeb1648fb9612ead8e023290c0b3b53d80911bdaf2ed2d8ee3056abb919,2025,7,0.03371918
4594caeb1648fb9612ead8e023290c0b3b53d80911bdaf2ed2d8ee3056abb919,2025,8,0.031313263
4594caeb1648fb9612ead8e023290c0b3b53d80911bdaf2ed2d8ee3056abb919,2025,9,0.026312644
4594caeb1648fb9612ead8e023290c0b3b53d80911bdaf2ed2d8ee3056abb919,2025,10,0.07452089
467f0552c3cff389f15c8ab2f458db768f93d6a799f31121f04ad48e2ade598f,2025,5,0.046148296
467f0552c3cff389f15c8ab2f458db768f93d6a799f31121f04ad48e2ade598f,2025,6,0.016828833
467f0552c3cff389f15c8ab2f458db768f93d6a799f31121f04ad48e2ade598f,2025,7,0.013707233
467f0552c3cff389f15c8ab2f458db768f93d6a799f31121f04ad48e2ade598f,2025,8,0.011849416
467f0552c3cff389f15c8ab2f458db768f93d6a799f31121f04ad48e2ade598f,2025,9,0.015361421
467f0552c3cff389f15c8ab2f458db768f93d6a799f31121f04ad48e2ade598f,2025,10,0.09466985
46b2fdc61c53bb21fbc92e47ec56d95ee8bb1e6ad6374ec2a1d7ae23851ed5f4,2025,5,0.023173064
46b2fdc61c53bb21fbc92e47ec56d95ee8bb1e6ad6374ec2a1d7ae23851ed5f4,2025,6,0.0020515902
46b2fdc61c53bb21fbc92e47ec56d95ee8bb1e6ad6374ec2a1d7ae23851ed5f4,2025,7,0.0026985542
46b2fdc61c53bb21fbc92e47ec56d95ee8bb1e6ad6374ec2a1d7ae23851ed5f4,2025,8,0.0027430055
46b2fdc61c53bb21fbc92e47ec56d95ee8bb1e6ad6374ec2a1d7ae23851ed5f4,2025,9,0.013470118
46b2fdc61c53bb21fbc92e47ec56d95ee8bb1e6ad6374ec2a1d7ae23851ed5f4,2025,10,0.067909256
46ef8778e229b5a977dfa1a24b1707c9a917a42c88863febdaa3c276d35161cf,2025,5,0.04162687
46ef8778e229b5a977dfa1a24b1707c9a917a42c88863febdaa3c276d35161cf,2025,6,0.022097286
46ef8778e229b5a977dfa1a24b1707c9a917a42c88863febdaa3c276d35161cf,2025,7,0.016099399
46ef8778e229b5a977dfa1a24b1707c9a917a42c88863febdaa3c276d35161cf,2025,8,0.012330851
46ef8778e229b5a977dfa1a24b1707c9a917a42c88863febdaa3c276d35161cf,2025,9,0.029034223
46ef8778e229b5a977dfa1a24b1707c9a917a42c88863febdaa3c276d35161cf,2025,10,0.062023874
476b3192a806e8592bb26ad6832de8d4a9660fdec646aeaed67c221e7bf7d785,2025,5,0.049708772
476b3192a806e8592bb26ad6832de8d4a9660fdec646aeaed67c221e7bf7d785,2025,6,0.017339168
476b3192a806e8592bb26ad6832de8d4a9660fdec646aeaed67c221e7bf7d785,2025,7,0.0138355475
476b3192a806e8592bb26ad6832de8d4a9660fdec646aeaed67c221e7bf7d785,2025,8,0.014381642
476b3192a806e8592bb26ad6832de8d4a9660fdec646aeaed67c221e7bf7d785,2025,9,0.019286495
476b3192a806e8592bb26ad6832de8d4a9660fdec646aeaed67c221e7bf7d785,2025,10,0.0615925
4813366536f7a4dc92db8199af0527edc48224551bf36ca75715547fa8c44087,2025,5,0.017077833
4813366536f7a4dc92db8199af0527edc48224551bf36ca75715547fa8c44087,2025,6,0.0026005106
4813366536f7a4dc92db8199af0527edc48224551bf36ca75715547fa8c44087,2025,7,0.0017045063
4813366536f7a4dc92db8199af0527edc48224551bf36ca75715547fa8c44087,2025,8,0.003301621
4813366536f7a4dc92db8199af0527edc48224551bf36ca75715547fa8c44087,2025,9,0.0072459932
4813366536f7a4dc92db8199af0527edc48224551bf36ca75715547fa8c44087,2025,10,0.04514242
48730f85b98bcc69d80200e6850a085d3982e6b4e6b986bd2b7505457df9ea5d,2025,5,0.16429049
48730f85b98bcc69d80200e6850a085d3982e6b4e6b986bd2b7505457df9ea5d,2025,6,0.067004435
48730f85b98bcc69d80200e6850a085d3982e6b4e6b986bd2b7505457df9ea5d,2025,7,0.06935931
48730f85b98bcc69d80200e6850a085d3982e6b4e6b986bd2b7505457df9ea5d,2025,8,0.05324892
48730f85b98bcc69d80200e6850a085d3982e6b4e6b986bd2b7505457df9ea5d,2025,9,0.112937525
48730f85b98bcc69d80200e6850a085d3982e6b4e6b986bd2b7505457df9ea5d,2025,10,0.2623446
489e46b7423ee5b55b6065baa533fb15f09b6a840d5c0fad7b2321ea4b91c044,2025,5,0.22774158
489e46b7423ee5b55b6065baa533fb15f09b6a840d5c0fad7b2321ea4b91c044,2025,6,0.067841195
489e46b7423ee5b55b6065baa533fb15f09b6a840d5c0fad7b2321ea4b91c044,2025,7,0.030002212
489e46b7423ee5b55b6065baa533fb15f09b6a840d5c0fad7b2321ea4b91c044,2025,8,0.034049354
489e46b7423ee5b55b6065baa533fb15f09b6a840d5c0fad7b2321ea4b91c044,2025,9,0.053413924
489e46b7423ee5b55b6065baa533fb15f09b6a840d5c0fad7b2321ea4b91c044,2025,10,0.31211537
49a012ede59eeb918505ebd1446df33fc6995cfe22d2dcd9c738d2028e69df74,2025,5,0.068948545
49a012ede59eeb918505ebd1446df33fc6995cfe22d2dcd9c738d2028e69df74,2025,6,0.023633284
49a012ede59eeb918505ebd1446df33fc6995cfe22d2dcd9c738d2028e69df74,2025,7,0.01776327
49a012ede59eeb918505ebd1446df33fc6995cfe22d2dcd9c738d2028e69df74,2025,8,0.025406597
49a012ede59eeb918505ebd1446df33fc6995cfe22d2dcd9c738d2028e69df74,2025,9,0.0357765
49a012ede59eeb918505ebd1446df33fc6995cfe22d2dcd9c738d2028e69df74,2025,10,0.096149236
49ca5c0bc2fd2ae92716ef7c7f9a503d175cce10935d3e402273cf555f9395e3,2025,5,0.011510321
49ca5c0bc2fd2ae92716ef7c7f9a503d175cce10935d3e402273cf555f9395e3,2025,6,0.009228349
49ca5c0bc2fd2ae92716ef7c7f9a503d175cce10935d3e402273cf555f9395e3,2025,7,0.008745405
49ca5c0bc2fd2ae92716ef7c7f9a503d175cce10935d3e402273cf555f9395e3,2025,8,0.009818248
49ca5c0bc2fd2ae92716ef7c7f9a503d175cce10935d3e402273cf555f9395e3,2025,9,0.009052124
49ca5c0bc2fd2ae92716ef7c7f9a503d175cce10935d3e402273cf555f9395e3,2025,10,0.07431995
4a2486f092d8b6332a49237a39e6375113e0853e45e09a53bcaa2d92545d11d8,2025,5,0.037687343
4a2486f092d8b6332a49237a39e6375113e0853e45e09a53bcaa2d92545d11d8,2025,6,0.0045515113
4a2486f092d8b6332a49237a39e6375113e0853e45e09a53bcaa2d92545d11d8,2025,7,0.004237662
4a2486f092d8b6332a49237a39e6375113e0853e45e09a53bcaa2d92545d11d8,2025,8,0.004925949
4a2486f092d8b6332a49237a39e6375113e0853e45e09a53bcaa2d92545d11d8,2025,9,0.011918254
4a2486f092d8b6332a49237a39e6375113e0853e45e09a53bcaa2d92545d11d8,2025,10,0.075813286
4a53848a816b86c97ed0e5ab3bacbc838b31a0bb7b5eda25216367a0cdb5e5e6,2025,5,0.124501474
4a53848a816b86c97ed0e5ab3bacbc838b31a0bb7b5eda25216367a0cdb5e5e6,2025,6,0.046218444
4a53848a816b86c97ed0e5ab3bacbc838b31a0bb7b5eda25216367a0cdb5e5e6,2025,7,0.03798197
4a53848a816b86c97ed0e5ab3bacbc838b31a0bb7b5eda25216367a0cdb5e5e6,2025,8,0.04454681
4a53848a816b86c97ed0e5ab3bacbc838b31a0bb7b5eda25216367a0cdb5e5e6,2025,9,0.068961926
4a53848a816b86c97ed0e5ab3bacbc838b31a0bb7b5eda25216367a0cdb5e5e6,2025,10,0.20104982
4a7a4d6667f74a35be53d549c707d5cb234171e87a5a7d739b1d83cfc9dd8101,2025,5,0.0943795
4a7a4d6667f74a35be53d549c707d5cb234171e87a5a7d739b1d83cfc9dd8101,2025,6,0.015031257
4a7a4d6667f74a35be53d549c707d5cb234171e87a5a7d739b1d83cfc9dd8101,2025,7,0.019095702
4a7a4d6667f74a35be53d549c707d5cb234171e87a5a7d739b1d83cfc9dd8101,2025,8,0.016551899
4a7a4d6667f74a35be53d549c707d5cb234171e87a5a7d739b1d83cfc9dd8101,2025,9,0.042095307
4a7a4d6667f74a35be53d549c707d5cb234171e87a5a7d739b1d83cfc9dd8101,2025,10,0.42599592
4ab7fc96ae2057834d60316464ddd37939a7891b12eb5612187a52ba4f1b2891,2025,5,0.11845458
4ab7fc96ae2057834d60316464ddd37939a7891b12eb5612187a52ba4f1b2891,2025,6,0.052226566
4ab7fc96ae2057834d60316464ddd37939a7891b12eb5612187a52ba4f1b2891,2025,7,0.047035575
4ab7fc96ae2057834d60316464ddd37939a7891b12eb5612187a52ba4f1b2891,2025,8,0.04608909
4ab7fc96ae2057834d60316464ddd37939a7891b12eb5612187a52ba4f1b2891,2025,9,0.0604407
4ab7fc96ae2057834d60316464ddd37939a7891b12eb5612187a52ba4f1b2891,2025,10,0.4256077
4ba3ceb00aaef7482726672f3395ba9b59cd4932e821c1600b239ae16c06faee,2025,5,0.024629906
4ba3ceb00aaef7482726672f3395ba9b59cd4932e821c1600b239ae16c06faee,2025,6,0.010718212
4ba3ceb00aaef7482726672f3395ba9b59cd4932e821c1600b239ae16c06faee,2025,7,0.009950036
4ba3ceb00aaef7482726672f3395ba9b59cd4932e821c1600b239ae16c06faee,2025,8,0.01055542
4ba3ceb00aaef7482726672f3395ba9b59cd4932e821c1600b239ae16c06faee,2025,9,0.011852987
4ba3ceb00aaef7482726672f3395ba9b59cd4932e821c1600b239ae16c06faee,2025,10,0.047287725
4c3060494e9e119ed3ada598dfc992dc04454cabf4877e618cb774f9fcbd089e,2025,5,0.031327643
4c3060494e9e119ed3ada598dfc992dc04454cabf4877e618cb774f9fcbd089e,2025,6,0.022051172
4c3060494e9e119ed3ada598dfc992dc04454cabf4877e618cb774f9fcbd089e,2025,7,0.021594603
4c3060494e9e119ed3ada598dfc992dc04454cabf4877e618cb774f9fcbd089e,2025,8,0.026561549
4c3060494e9e119ed3ada598dfc992dc04454cabf4877e618cb774f9fcbd089e,2025,9,0.031162804
4c3060494e9e119ed3ada598dfc992dc04454cabf4877e618cb774f9fcbd089e,2025,10,0.06323859
4ca8dee072a5e5b75b514073d514272a8d907f8d9eb507c4bc5755198b4d0e9a,2025,5,0.025654659
4ca8dee072a5e5b75b514073d514272a8d907f8d9eb507c4bc5755198b4d0e9a,2025,6,0.013290604
4ca8dee072a5e5b75b514073d514272a8d907f8d9eb507c4bc5755198b4d0e9a,2025,7,0.014781348
4ca8dee072a5e5b75b514073d514272a8d907f8d9eb507c4bc5755198b4d0e9a,2025,8,0.015109314
4ca8dee072a5e5b75b514073d514272a8d907f8d9eb507c4bc5755198b4d0e9a,2025,9,0.018954901
4ca8dee072a5e5b75b514073d514272a8d907f8d9eb507c4bc5755198b4d0e9a,2025,10,0.0524685
4cc35df334b04ebde7a2eda3b209e062b4328b191d7150ca68e9a16aea677796,2025,5,0.040738966
4cc35df334b04ebde7a2eda3b209e062b4328b191d7150ca68e9a16aea677796,2025,6,0.02292959
4cc35df334b04ebde7a2eda3b209e062b4328b191d7150ca68e9a16aea677796,2025,7,0.021232791
4cc35df334b04ebde7a2eda3b209e062b4328b191d7150ca68e9a16aea677796,2025,8,0.026993219
4cc35df334b04ebde7a2eda3b209e062b4328b191d7150ca68e9a16aea677796,2025,9,0.031255934
4cc35df334b04ebde7a2eda3b209e062b4328b191d7150ca68e9a16aea677796,2025,10,0.048948493
4cc57d274d9cb3adb0cfe4cacdd36792b1da182f218a8e3895aa28877a717fea,2025,5,0.10635192
4cc57d274d9cb3adb0cfe4cacdd36792b1da182f218a8e3895aa28877a717fea,2025,6,0.018354284
4cc57d274d9cb3adb0cfe4cacdd36792b1da182f218a8e3895aa28877a717fea,2025,7,0.019726302
4cc57d274d9cb3adb0cfe4cacdd36792b1da182f218a8e3895aa28877a717fea,2025,8,0.036371626
4cc57d274d9cb3adb0cfe4cacdd36792b1da182f218a8e3895aa28877a717fea,2025,9,0.065659635
4cc57d274d9cb3adb0cfe4cacdd36792b1da182f218a8e3895aa28877a717fea,2025,10,0.2202426
4d4ef227e9d6176b9e37e74794d76d206164b7123dcbd8ae37ca2f89ebbce49c,2025,5,0.030517157
4d4ef227e9d6176b9e37e74794d76d206164b7123dcbd8ae37ca2f89ebbce49c,2025,6,0.014598074
4d4ef227e9d6176b9e37e74794d76d206164b7123dcbd8ae37ca2f89ebbce49c,2025,7,0.016053233
4d4ef227e9d6176b9e37e74794d76d206164b7123dcbd8ae37ca2f89ebbce49c,2025,8,0.017344857
4d4ef227e9d6176b9e37e74794d76d206164b7123dcbd8ae37ca2f89ebbce49c,2025,9,0.01952455
4d4ef227e9d6176b9e37e74794d76d206164b7123dcbd8ae37ca2f89ebbce49c,2025,10,0.047273353
4dba8a848d516ffed0b9db5b7c649db5991a8a2ea7a691982abbc624978a3f49,2025,5,0.06545828
4dba8a848d516ffed0b9db5b7c649db5991a8a2ea7a691982abbc624978a3f49,2025,6,0.006854195
4dba8a848d516ffed0b9db5b7c649db5991a8a2ea7a691982abbc624978a3f49,2025,7,0.0067229653
4dba8a848d516ffed0b9db5b7c649db5991a8a2ea7a691982abbc624978a3f49,2025,8,0.007298924
4dba8a848d516ffed0b9db5b7c649db5991a8a2ea7a691982abbc624978a3f49,2025,9,0.009116896
4dba8a848d516ffed0b9db5b7c649db5991a8a2ea7a691982abbc624978a3f49,2025,10,0.14754327
4e682b6948823199e29cbc6324ed3a54a6d2734440d698123530a0d91df992d4,2025,5,0.02883107
4e682b6948823199e29cbc6324ed3a54a6d2734440d698123530a0d91df992d4,2025,6,0.022444723
4e682b6948823199e29cbc6324ed3a54a6d2734440d698123530a0d91df992d4,2025,7,0.022386974
4e682b6948823199e29cbc6324ed3a54a6d2734440d698123530a0d91df992d4,2025,8,0.021718482
4e682b6948823199e29cbc6324ed3a54a6d2734440d698123530a0d91df992d4,2025,9,0.021689441
4e682b6948823199e29cbc6324ed3a54a6d2734440d698123530a0d91df992d4,2025,10,0.07582838
4f0a4f1ae4eb28fef935354891265c2c92815420169f4f7b85ec1b7685f46665,2025,5,0.016739363
4f0a4f1ae4eb28fef935354891265c2c92815420169f4f7b85ec1b7685f46665,2025,6,0.0055826404
4f0a4f1ae4eb28fef935354891265c2c92815420169f4f7b85ec1b7685f46665,2025,7,0.0059640575
4f0a4f1ae4eb28fef935354891265c2c92815420169f4f7b85ec1b7685f46665,2025,8,0.007703155
4f0a4f1ae4eb28fef935354891265c2c92815420169f4f7b85ec1b7685f46665,2025,9,0.010291148
4f0a4f1ae4eb28fef935354891265c2c92815420169f4f7b85ec1b7685f46665,2025,10,0.04336353
4f25ac5dd8c64401ae4d0eab78a88aab3f5dfdc86fe2802bbf56f1692d27e056,2025,5,0.17692304
4f25ac5dd8c64401ae4d0eab78a88aab3f5dfdc86fe2802bbf56f1692d27e056,2025,6,0.028419904
4f25ac5dd8c64401ae4d0eab78a88aab3f5dfdc86fe2802bbf56f1692d27e056,2025,7,0.030322595
4f25ac5dd8c64401ae4d0eab78a88aab3f5dfdc86fe2802bbf56f1692d27e056,2025,8,0.030425156
4f25ac5dd8c64401ae4d0eab78a88aab3f5dfdc86fe2802bbf56f1692d27e056,2025,9,0.06412384
4f25ac5dd8c64401ae4d0eab78a88aab3f5dfdc86fe2802bbf56f1692d27e056,2025,10,0.25202754
4f83c82309523058b6962b22fa9c6f380a741a512ac7faac8ed6c0473ee28f1d,2025,5,0.16779476
4f83c82309523058b6962b22fa9c6f380a741a512ac7faac8ed6c0473ee28f1d,2025,6,0.07635102
4f83c82309523058b6962b22fa9c6f380a741a512ac7faac8ed6c0473ee28f1d,2025,7,0.08271829
4f83c82309523058b6962b22fa9c6f380a741a512ac7faac8ed6c0473ee28f1d,2025,8,0.08187072
4f83c82309523058b6962b22fa9c6f380a741a512ac7faac8ed6c0473ee28f1d,2025,9,0.065764904
4f83c82309523058b6962b22fa9c6f380a741a512ac7faac8ed6c0473ee28f1d,2025,10,0.25271076
4f8b7573bd4d18f5a769d47d5502594af03424e17da078905fb78f94dabe49a3,2025,5,0.0622517
4f8b7573bd4d18f5a769d47d5502594af03424e17da078905fb78f94dabe49a3,2025,6,0.017716505
4f8b7573bd4d18f5a769d47d5502594af03424e17da078905fb78f94dabe49a3,2025,7,0.016425299
4f8b7573bd4d18f5a769d47d5502594af03424e17da078905fb78f94dabe49a3,2025,8,0.017037591
4f8b7573bd4d18f5a769d47d5502594af03424e17da078905fb78f94dabe49a3,2025,9,0.031064902
4f8b7573bd4d18f5a769d47d5502594af03424e17da078905fb78f94dabe49a3,2025,10,0.08668314
505cec8055870ba248936866035f31c885549575133ff2e57db40e13573cc510,2025,5,0.022037543
505cec8055870ba248936866035f31c885549575133ff2e57db40e13573cc510,2025,6,0.0121782655
505cec8055870ba248936866035f31c885549575133ff2e57db40e13573cc510,2025,7,0.01122798
505cec8055870ba248936866035f31c885549575133ff2e57db40e13573cc510,2025,8,0.010715397
505cec8055870ba248936866035f31c885549575133ff2e57db40e13573cc510,2025,9,0.015962804
505cec8055870ba248936866035f31c885549575133ff2e57db40e13573cc510,2025,10,0.050043825
50cabd611d5fb597fda9ba8744f20c95890e92febfb88bacd77518f28b76dbaf,2025,5,0.055161722
50cabd611d5fb597fda9ba8744f20c95890e92febfb88bacd77518f28b76dbaf,2025,6,0.011940542
50cabd611d5fb597fda9ba8744f20c95890e92febfb88bacd77518f28b76dbaf,2025,7,0.010024301
50cabd611d5fb597fda9ba8744f20c95890e92febfb88bacd77518f28b76dbaf,2025,8,0.009942598
50cabd611d5fb597fda9ba8744f20c95890e92febfb88bacd77518f28b76dbaf,2025,9,0.014466132
517d9cc76601f48794af477b42c6faf6d1bc1ffbc3e0a95c365525e24fff7102,2025,5,0.038204443
517d9cc76601f48794af477b42c6faf6d1bc1ffbc3e0a95c365525e24fff7102,2025,6,0.009259746
517d9cc76601f48794af477b42c6faf6d1bc1ffbc3e0a95c365525e24fff7102,2025,7,0.0082689505
517d9cc76601f48794af477b42c6faf6d1bc1ffbc3e0a95c365525e24fff7102,2025,8,0.0107511375
517d9cc76601f48794af477b42c6faf6d1bc1ffbc3e0a95c365525e24fff7102,2025,9,0.023053195
517d9cc76601f48794af477b42c6faf6d1bc1ffbc3e0a95c365525e24fff7102,2025,10,0.061779458
523dab51adeebba76556261f0810d6d75ed31f3df58fba1a2e4f696de54396ac,2025,5,0.023143707
523dab51adeebba76556261f0810d6d75ed31f3df58fba1a2e4f696de54396ac,2025,6,0.008173806
523dab51adeebba76556261f0810d6d75ed31f3df58fba1a2e4f696de54396ac,2025,7,0.007090571
523dab51adeebba76556261f0810d6d75ed31f3df58fba1a2e4f696de54396ac,2025,8,0.0078040576
523dab51adeebba76556261f0810d6d75ed31f3df58fba1a2e4f696de54396ac,2025,9,0.010154173
523dab51adeebba76556261f0810d6d75ed31f3df58fba1a2e4f696de54396ac,2025,10,0.031029465
5320f3b81b6e9ed63ef121e7cc60331945abaf8db9551d49321a3dec30f6c9bf,2025,5,0.07623907
5320f3b81b6e9ed63ef121e7cc60331945abaf8db9551d49321a3dec30f6c9bf,2025,6,0.013970187
5320f3b81b6e9ed63ef121e7cc60331945abaf8db9551d49321a3dec30f6c9bf,2025,7,0.013484839
5320f3b81b6e9ed63ef121e7cc60331945abaf8db9551d49321a3dec30f6c9bf,2025,8,0.012795778
5320f3b81b6e9ed63ef121e7cc60331945abaf8db9551d49321a3dec30f6c9bf,2025,9,0.010508203
5320f3b81b6e9ed63ef121e7cc60331945abaf8db9551d49321a3dec30f6c9bf,2025,10,0.13932437
533f97005c0cfa15c5dfa3f79154e5dff9a6b89ebeaf7dae85abf51b38eb0753,2025,5,0.067169964
533f97005c0cfa15c5dfa3f79154e5dff9a6b89ebeaf7dae85abf51b38eb0753,2025,6,0.0131678935
533f97005c0cfa15c5dfa3f79154e5dff9a6b89ebeaf7dae85abf51b38eb0753,2025,7,0.004742331
533f97005c0cfa15c5dfa3f79154e5dff9a6b89ebeaf7dae85abf51b38eb0753,2025,8,0.0053397943
533f97005c0cfa15c5dfa3f79154e5dff9a6b89ebeaf7dae85abf51b38eb0753,2025,9,0.0139330225
533f97005c0cfa15c5dfa3f79154e5dff9a6b89ebeaf7dae85abf51b38eb0753,2025,10,0.0745844
53721a4d86e523d8f97d0f4c895bbbc5dc673145fc8105b70d6fe4f71d6fb543,2025,5,0.107839584
53721a4d86e523d8f97d0f4c895bbbc5dc673145fc8105b70d6fe4f71d6fb543,2025,6,0.010225994
53721a4d86e523d8f97d0f4c895bbbc5dc673145fc8105b70d6fe4f71d6fb543,2025,7,0.012813486
53721a4d86e523d8f97d0f4c895bbbc5dc673145fc8105b70d6fe4f71d6fb543,2025,8,0.011413417
53721a4d86e523d8f97d0f4c895bbbc5dc673145fc8105b70d6fe4f71d6fb543,2025,9,0.03684999
53721a4d86e523d8f97d0f4c895bbbc5dc673145fc8105b70d6fe4f71d6fb543,2025,10,0.1897941
54390e6a5d05207123f733426abf4016e8b908d6cb692d80faf87426b8bb1bc6,2025,5,0.003062693
54390e6a5d05207123f733426abf4016e8b908d6cb692d80faf87426b8bb1bc6,2025,6,9.793043e-06
54390e6a5d05207123f733426abf4016e8b908d6cb692d80faf87426b8bb1bc6,2025,7,1.1448135e-05
54390e6a5d05207123f733426abf4016e8b908d6cb692d80faf87426b8bb1bc6,2025,8,1.4277349e-05
54390e6a5d05207123f733426abf4016e8b908d6cb692d80faf87426b8bb1bc6,2025,9,2.4800307e-05
54390e6a5d05207123f733426abf4016e8b908d6cb692d80faf87426b8bb1bc6,2025,10,1.2973851e-05
5470f4e2eb4941a970035e6c883967845e6e85acfb7db272abe6c702aecdf002,2025,5,0.037537668
5470f4e2eb4941a970035e6c883967845e6e85acfb7db272abe6c702aecdf002,2025,6,0.015071829
5470f4e2eb4941a970035e6c883967845e6e85acfb7db272abe6c702aecdf002,2025,7,0.013556482
5470f4e2eb4941a970035e6c883967845e6e85acfb7db272abe6c702aecdf002,2025,8,0.014634118
5470f4e2eb4941a970035e6c883967845e6e85acfb7db272abe6c702aecdf002,2025,9,0.018239122
5470f4e2eb4941a970035e6c883967845e6e85acfb7db272abe6c702aecdf002,2025,10,0.055920094
5545ab6fcf21d2a3b3a338eb0ab52ec090f35c4a766ef55fa0a4c8607fe6bb6c,2025,5,0.011818858
5545ab6fcf21d2a3b3a338eb0ab52ec090f35c4a766ef55fa0a4c8607fe6bb6c,2025,6,0.010262847
5545ab6fcf21d2a3b3a338eb0ab52ec090f35c4a766ef55fa0a4c8607fe6bb6c,2025,7,0.007833164
5545ab6fcf21d2a3b3a338eb0ab52ec090f35c4a766ef55fa0a4c8607fe6bb6c,2025,8,0.009731508
5545ab6fcf21d2a3b3a338eb0ab52ec090f35c4a766ef55fa0a4c8607fe6bb6c,2025,9,0.012001857
5545ab6fcf21d2a3b3a338eb0ab52ec090f35c4a766ef55fa0a4c8607fe6bb6c,2025,10,0.02574189
55630d4249cb25530ec503d923aa0dec68fb91f0ce6cde50423eefd1eb852c9a,2025,5,0.009175378
55630d4249cb25530ec503d923aa0dec68fb91f0ce6cde50423eefd1eb852c9a,2025,6,0.005040533
55630d4249cb25530ec503d923aa0dec68fb91f0ce6cde50423eefd1eb852c9a,2025,7,0.004734989
55630d4249cb25530ec503d923aa0dec68fb91f0ce6cde50423eefd1eb852c9a,2025,8,0.004908832
55630d4249cb25530ec503d923aa0dec68fb91f0ce6cde50423eefd1eb852c9a,2025,9,0.005646062
55630d4249cb25530ec503d923aa0dec68fb91f0ce6cde50423eefd1eb852c9a,2025,10,0.03181152
55800e8dff57a438a5048017412519dc461aa797eb7de4f2a096ac0a2fb91dbd,2025,5,0.032099154
55800e8dff57a438a5048017412519dc461aa797eb7de4f2a096ac0a2fb91dbd,2025,6,0.004347919
55800e8dff57a438a5048017412519dc461aa797eb7de4f2a096ac0a2fb91dbd,2025,7,0.004754526
55800e8dff57a438a5048017412519dc461aa797eb7de4f2a096ac0a2fb91dbd,2025,8,0.0036753928
55800e8dff57a438a5048017412519dc461aa797eb7de4f2a096ac0a2fb91dbd,2025,9,0.012672754
55800e8dff57a438a5048017412519dc461aa797eb7de4f2a096ac0a2fb91dbd,2025,10,0.06715339
56b42ee217ab8ea2210a6e214cb13ca97d0a387c6f0d4acb79c1397ade9f3860,2025,5,0.042409386
56b42ee217ab8ea2210a6e214cb13ca97d0a387c6f0d4acb79c1397ade9f3860,2025,6,0.0059361407
56b42ee217ab8ea2210a6e214cb13ca97d0a387c6f0d4acb79c1397ade9f3860,2025,7,0.005245344
56b42ee217ab8ea2210a6e214cb13ca97d0a387c6f0d4acb79c1397ade9f3860,2025,8,0.005099617
56b42ee217ab8ea2210a6e214cb13ca97d0a387c6f0d4acb79c1397ade9f3860,2025,9,0.01993755
56b42ee217ab8ea2210a6e214cb13ca97d0a387c6f0d4acb79c1397ade9f3860,2025,10,0.09544936
56bd92b09a813495134ac6d10f5e782789cfefee0b2fc53c385efeee199eec99,2025,5,0.12541635
56bd92b09a813495134ac6d10f5e782789cfefee0b2fc53c385efeee199eec99,2025,6,0.034454647
56bd92b09a813495134ac6d10f5e782789cfefee0b2fc53c385efeee199eec99,2025,7,0.033302892
56bd92b09a813495134ac6d10f5e782789cfefee0b2fc53c385efeee199eec99,2025,8,0.040890235
56bd92b09a813495134ac6d10f5e782789cfefee0b2fc53c385efeee199eec99,2025,9,0.05864991
56bd92b09a813495134ac6d10f5e782789cfefee0b2fc53c385efeee199eec99,2025,10,0.20920719
57759d9cd850c1c1a07c24f46c3cf47f6469420986bb049cca476d2316ca5cc6,2025,5,0.041020397
57759d9cd850c1c1a07c24f46c3cf47f6469420986bb049cca476d2316ca5cc6,2025,6,0.007638819
57759d9cd850c1c1a07c24f46c3cf47f6469420986bb049cca476d2316ca5cc6,2025,7,0.0043089176
57759d9cd850c1c1a07c24f46c3cf47f6469420986bb049cca476d2316ca5cc6,2025,8,0.004460807
57759d9cd850c1c1a07c24f46c3cf47f6469420986bb049cca476d2316ca5cc6,2025,9,0.025259541
57759d9cd850c1c1a07c24f46c3cf47f6469420986bb049cca476d2316ca5cc6,2025,10,0.05288405
57830d21168320b1159d9fa5ddea9c32ed78fb8bbd3361a37461c7af875ab9fd,2025,5,0.015571594
57830d21168320b1159d9fa5ddea9c32ed78fb8bbd3361a37461c7af875ab9fd,2025,6,0.009337823
57830d21168320b1159d9fa5ddea9c32ed78fb8bbd3361a37461c7af875ab9fd,2025,7,0.008284162
57830d21168320b1159d9fa5ddea9c32ed78fb8bbd3361a37461c7af875ab9fd,2025,8,0.008824679
57830d21168320b1159d9fa5ddea9c32ed78fb8bbd3361a37461c7af875ab9fd,2025,9,0.015550152
57830d21168320b1159d9fa5ddea9c32ed78fb8bbd3361a37461c7af875ab9fd,2025,10,0.02989687
57ad7d4729eac1e5d053e22153f65597eb940dc6c45a6e473bc3d84b1ae20d6c,2025,5,0.24798632
57ad7d4729eac1e5d053e22153f65597eb940dc6c45a6e473bc3d84b1ae20d6c,2025,6,0.07973581
57ad7d4729eac1e5d053e22153f65597eb940dc6c45a6e473bc3d84b1ae20d6c,2025,7,0.065057166
57ad7d4729eac1e5d053e22153f65597eb940dc6c45a6e473bc3d84b1ae20d6c,2025,8,0.07541484
57ad7d4729eac1e5d053e22153f65597eb940dc6c45a6e473bc3d84b1ae20d6c,2025,9,0.082487166
57ad7d4729eac1e5d053e22153f65597eb940dc6c45a6e473bc3d84b1ae20d6c,2025,10,0.16189344
57e1f592de6d1c5ff494d51ce570ac76c198b9e5bfd2794006a37cfd39b7d3a5,2025,5,0.02617529
57e1f592de6d1c5ff494d51ce570ac76c198b9e5bfd2794006a37cfd39b7d3a5,2025,6,0.013104778
57e1f592de6d1c5ff494d51ce570ac76c198b9e5bfd2794006a37cfd39b7d3a5,2025,7,0.012262454
57e1f592de6d1c5ff494d51ce570ac76c198b9e5bfd2794006a37cfd39b7d3a5,2025,8,0.014669148
57e1f592de6d1c5ff494d51ce570ac76c198b9e5bfd2794006a37cfd39b7d3a5,2025,9,0.017398536
57e1f592de6d1c5ff494d51ce570ac76c198b9e5bfd2794006a37cfd39b7d3a5,2025,10,0.048280954
588f57b50001201d45ddccc8c41e273f65c4fb3a5e6500d0d5b896aa695621b3,2025,5,0.019586738
588f57b50001201d45ddccc8c41e273f65c4fb3a5e6500d0d5b896aa695621b3,2025,6,0.011225937
588f57b50001201d45ddccc8c41e273f65c4fb3a5e6500d0d5b896aa695621b3,2025,7,0.010154315
588f57b50001201d45ddccc8c41e273f65c4fb3a5e6500d0d5b896aa695621b3,2025,8,0.010952494
588f57b50001201d45ddccc8c41e273f65c4fb3a5e6500d0d5b896aa695621b3,2025,9,0.013105153
588f57b50001201d45ddccc8c41e273f65c4fb3a5e6500d0d5b896aa695621b3,2025,10,0.032737024
59050c52b7e28aba19f7a4ca026db3e53aef86f84df0486b2cbadea29ce72492,2025,5,0.038629483
59050c52b7e28aba19f7a4ca026db3e53aef86f84df0486b2cbadea29ce72492,2025,6,0.0068003745
59050c52b7e28aba19f7a4ca026db3e53aef86f84df0486b2cbadea29ce72492,2025,7,0.0056645446
59050c52b7e28aba19f7a4ca026db3e53aef86f84df0486b2cbadea29ce72492,2025,8,0.008428123
59050c52b7e28aba19f7a4ca026db3e53aef86f84df0486b2cbadea29ce72492,2025,9,0.015482542
59050c52b7e28aba19f7a4ca026db3e53aef86f84df0486b2cbadea29ce72492,2025,10,0.058748785
59e21223b9464c29968868cca28e4c34fabfc8521b0a77672e127a8ea6fe63fa,2025,5,0.07743215
59e21223b9464c29968868cca28e4c34fabfc8521b0a77672e127a8ea6fe63fa,2025,6,0.01930437
59e21223b9464c29968868cca28e4c34fabfc8521b0a77672e127a8ea6fe63fa,2025,7,0.011970265
59e21223b9464c29968868cca28e4c34fabfc8521b0a77672e127a8ea6fe63fa,2025,8,0.011719867
59e21223b9464c29968868cca28e4c34fabfc8521b0a77672e127a8ea6fe63fa,2025,9,0.021699885
59e21223b9464c29968868cca28e4c34fabfc8521b0a77672e127a8ea6fe63fa,2025,10,0.08446972
59fd23aa206ea7d99c5d9cab9bc125e1713c88c5fc51e5f196118728f4a9c5df,2025,5,0.04337978
59fd23aa206ea7d99c5d9cab9bc125e1713c88c5fc51e5f196118728f4a9c5df,2025,6,0.0131614655
59fd23aa206ea7d99c5d9cab9bc125e1713c88c5fc51e5f196118728f4a9c5df,2025,7,0.01076189
59fd23aa206ea7d99c5d9cab9bc125e1713c88c5fc51e5f196118728f4a9c5df,2025,8,0.013252577
59fd23aa206ea7d99c5d9cab9bc125e1713c88c5fc51e5f196118728f4a9c5df,2025,9,0.020692552
59fd23aa206ea7d99c5d9cab9bc125e1713c88c5fc51e5f196118728f4a9c5df,2025,10,0.057746205
5a07ce9c5fcc80da55b4c1cead1167688d043c0c21e996abfbcc3e6ed32c06c0,2025,5,0.027248377
5a07ce9c5fcc80da55b4c1cead1167688d043c0c21e996abfbcc3e6ed32c06c0,2025,6,0.011625768
5a07ce9c5fcc80da55b4c1cead1167688d043c0c21e996abfbcc3e6ed32c06c0,2025,7,0.011869024
5a07ce9c5fcc80da55b4c1cead1167688d043c0c21e996abfbcc3e6ed32c06c0,2025,8,0.011611926
5a07ce9c5fcc80da55b4c1cead1167688d043c0c21e996abfbcc3e6ed32c06c0,2025,9,0.013485561
5a07ce9c5fcc80da55b4c1cead1167688d043c0c21e996abfbcc3e6ed32c06c0,2025,10,0.047268964
5aa7c9db489efe318f3f6f41a484f366b5fd8a13c4bf0eb7d33a6307b9535646,2025,5,0.017904261
5aa7c9db489efe318f3f6f41a484f366b5fd8a13c4bf0eb7d33a6307b9535646,2025,6,0.005994526
5aa7c9db489efe318f3f6f41a484f366b5fd8a13c4bf0eb7d33a6307b9535646,2025,7,0.004937034
5aa7c9db489efe318f3f6f41a484f366b5fd8a13c4bf0eb7d33a6307b9535646,2025,8,0.0039885594
5aa7c9db489efe318f3f6f41a484f366b5fd8a13c4bf0eb7d33a6307b9535646,2025,9,0.010387215
5aa7c9db489efe318f3f6f41a484f366b5fd8a13c4bf0eb7d33a6307b9535646,2025,10,0.0335897
5b03b2f6c400846d942696bc54df19745c10fc5ee044f1654b16317b5bfa06be,2025,5,0.03687435
5b03b2f6c400846d942696bc54df19745c10fc5ee044f1654b16317b5bfa06be,2025,6,0.013008362
5b03b2f6c400846d942696bc54df19745c10fc5ee044f1654b16317b5bfa06be,2025,7,0.008906747
5b03b2f6c400846d942696bc54df19745c10fc5ee044f1654b16317b5bfa06be,2025,8,0.011991816
5b03b2f6c400846d942696bc54df19745c10fc5ee044f1654b16317b5bfa06be,2025,9,0.025513086
5b03b2f6c400846d942696bc54df19745c10fc5ee044f1654b16317b5bfa06be,2025,10,0.10329574
5b3858ba768144be08debf49316052877f2af36e7eada6946ef9022e28a2fd1a,2025,5,0.28979966
5b3858ba768144be08debf49316052877f2af36e7eada6946ef9022e28a2fd1a,2025,6,0.038235508
5b3858ba768144be08debf49316052877f2af36e7eada6946ef9022e28a2fd1a,2025,7,0.02393805
5b3858ba768144be08debf49316052877f2af36e7eada6946ef9022e28a2fd1a,2025,8,0.03704154
5b3858ba768144be08debf49316052877f2af36e7eada6946ef9022e28a2fd1a,2025,9,0.09025667
5b3858ba768144be08debf49316052877f2af36e7eada6946ef9022e28a2fd1a,2025,10,0.3700535
5b41533f785e07c78fe2cd6544a42022eafcd74d941d75086d31739e159026d4,2025,5,0.030881587
5b41533f785e07c78fe2cd6544a42022eafcd74d941d75086d31739e159026d4,2025,6,0.013126873
5b41533f785e07c78fe2cd6544a42022eafcd74d941d75086d31739e159026d4,2025,7,0.0111882575
5b41533f785e07c78fe2cd6544a42022eafcd74d941d75086d31739e159026d4,2025,8,0.0118771
5b41533f785e07c78fe2cd6544a42022eafcd74d941d75086d31739e159026d4,2025,9,0.015253437
5b41533f785e07c78fe2cd6544a42022eafcd74d941d75086d31739e159026d4,2025,10,0.04617548
5b7a81d5dfc407034deb1aa280feebeaab899969e4b565d765e5f8036974aa5a,2025,5,0.024857901
5b7a81d5dfc407034deb1aa280feebeaab899969e4b565d765e5f8036974aa5a,2025,6,0.0055499664
5b7a81d5dfc407034deb1aa280feebeaab899969e4b565d765e5f8036974aa5a,2025,7,0.0042848466
5b7a81d5dfc407034deb1aa280feebeaab899969e4b565d765e5f8036974aa5a,2025,8,0.0040107192
5b7a81d5dfc407034deb1aa280feebeaab899969e4b565d765e5f8036974aa5a,2025,9,0.009796195
5b7a81d5dfc407034deb1aa280feebeaab899969e4b565d765e5f8036974aa5a,2025,10,0.028653946
5bfdd623bfd03a2c1b7ac18dd3e8e7493f2b33b30278675c3a9facb5a760772a,2025,5,0.022256022
5bfdd623bfd03a2c1b7ac18dd3e8e7493f2b33b30278675c3a9facb5a760772a,2025,6,0.006625479
5bfdd623bfd03a2c1b7ac18dd3e8e7493f2b33b30278675c3a9facb5a760772a,2025,7,0.0055396394
5bfdd623bfd03a2c1b7ac18dd3e8e7493f2b33b30278675c3a9facb5a760772a,2025,8,0.0057435962
5bfdd623bfd03a2c1b7ac18dd3e8e7493f2b33b30278675c3a9facb5a760772a,2025,9,0.022307998
5bfdd623bfd03a2c1b7ac18dd3e8e7493f2b33b30278675c3a9facb5a760772a,2025,10,0.04854386
5cf0d095281a25413ac106fe116c1e57f23e24cc370014fc11825831e6947428,2025,5,0.03580112
5cf0d095281a25413ac106fe116c1e57f23e24cc370014fc11825831e6947428,2025,6,0.013996083
5cf0d095281a25413ac106fe116c1e57f23e24cc370014fc11825831e6947428,2025,7,0.012866291
5cf0d095281a25413ac106fe116c1e57f23e24cc370014fc11825831e6947428,2025,8,0.012872866
5cf0d095281a25413ac106fe116c1e57f23e24cc370014fc11825831e6947428,2025,9,0.016587524
5cf0d095281a25413ac106fe116c1e57f23e24cc370014fc11825831e6947428,2025,10,0.058575574
5ecc19fefa39630b967d96cb9290f5a667cd21bf49f4c9e454c7f6190fdf9dce,2025,5,0.04902749
5ecc19fefa39630b967d96cb9290f5a667cd21bf49f4c9e454c7f6190fdf9dce,2025,6,0.022038344
5ecc19fefa39630b967d96cb9290f5a667cd21bf49f4c9e454c7f6190fdf9dce,2025,7,0.017593887
5ecc19fefa39630b967d96cb9290f5a667cd21bf49f4c9e454c7f6190fdf9dce,2025,8,0.025563478
5ecc19fefa39630b967d96cb9290f5a667cd21bf49f4c9e454c7f6190fdf9dce,2025,9,0.023963058
5ecc19fefa39630b967d96cb9290f5a667cd21bf49f4c9e454c7f6190fdf9dce,2025,10,0.06528925
5f9825a2690b37cce56f4a82d25a4030786fe903f495f5100d943c2b8cc6a1d9,2025,5,0.07062276
5f9825a2690b37cce56f4a82d25a4030786fe903f495f5100d943c2b8cc6a1d9,2025,6,0.023940938
5f9825a2690b37cce56f4a82d25a4030786fe903f495f5100d943c2b8cc6a1d9,2025,7,0.027660767
5f9825a2690b37cce56f4a82d25a4030786fe903f495f5100d943c2b8cc6a1d9,2025,8,0.029414563
5f9825a2690b37cce56f4a82d25a4030786fe903f495f5100d943c2b8cc6a1d9,2025,9,0.027980821
5f9825a2690b37cce56f4a82d25a4030786fe903f495f5100d943c2b8cc6a1d9,2025,10,0.084064424
5fc8fe40f253c5522657a9fd70bb37c6a7ff4643c59cd64018ed5d576cf1be63,2025,5,0.05694248
5fc8fe40f253c5522657a9fd70bb37c6a7ff4643c59cd64018ed5d576cf1be63,2025,6,0.014990851
5fc8fe40f253c5522657a9fd70bb37c6a7ff4643c59cd64018ed5d576cf1be63,2025,7,0.015767327
5fc8fe40f253c5522657a9fd70bb37c6a7ff4643c59cd64018ed5d576cf1be63,2025,8,0.016112026
5fc8fe40f253c5522657a9fd70bb37c6a7ff4643c59cd64018ed5d576cf1be63,2025,9,0.033720586
5fc8fe40f253c5522657a9fd70bb37c6a7ff4643c59cd64018ed5d576cf1be63,2025,10,0.106361225
60bcd9b88089f8b9ac9dbf85fe94fd5c3225b55bdb214f46e8a40d08e096d51f,2025,5,0.3522001
60bcd9b88089f8b9ac9dbf85fe94fd5c3225b55bdb214f46e8a40d08e096d51f,2025,6,0.31098422
60bcd9b88089f8b9ac9dbf85fe94fd5c3225b55bdb214f46e8a40d08e096d51f,2025,7,0.2787071
60bcd9b88089f8b9ac9dbf85fe94fd5c3225b55bdb214f46e8a40d08e096d51f,2025,8,0.29469875
60bcd9b88089f8b9ac9dbf85fe94fd5c3225b55bdb214f46e8a40d08e096d51f,2025,9,0.32345986
60bcd9b88089f8b9ac9dbf85fe94fd5c3225b55bdb214f46e8a40d08e096d51f,2025,10,0.40152723
60c5b163f2f9c8555febf4fda3ecf8dffa45120e1cfbcd05dd25721bc262a995,2025,5,0.035821103
60c5b163f2f9c8555febf4fda3ecf8dffa45120e1cfbcd05dd25721bc262a995,2025,6,0.008258149
60c5b163f2f9c8555febf4fda3ecf8dffa45120e1cfbcd05dd25721bc262a995,2025,7,0.008514318
60c5b163f2f9c8555febf4fda3ecf8dffa45120e1cfbcd05dd25721bc262a995,2025,8,0.008812426
60c5b163f2f9c8555febf4fda3ecf8dffa45120e1cfbcd05dd25721bc262a995,2025,9,0.015024021
60c5b163f2f9c8555febf4fda3ecf8dffa45120e1cfbcd05dd25721bc262a995,2025,10,0.055774834
60e7edb5d6edb57d84945a6e346c6f4e0f7917f57a13fb9ac38b70434199f822,2025,5,0.049933292
60e7edb5d6edb57d84945a6e346c6f4e0f7917f57a13fb9ac38b70434199f822,2025,6,0.014647784
60e7edb5d6edb57d84945a6e346c6f4e0f7917f57a13fb9ac38b70434199f822,2025,7,0.013927631
60e7edb5d6edb57d84945a6e346c6f4e0f7917f57a13fb9ac38b70434199f822,2025,8,0.014671696
60e7edb5d6edb57d84945a6e346c6f4e0f7917f57a13fb9ac38b70434199f822,2025,9,0.022342136
60e7edb5d6edb57d84945a6e346c6f4e0f7917f57a13fb9ac38b70434199f822,2025,10,0.10046824
615bf3d6f36d251cb9e14425615f8e2e365542fe9dc9ecd5dd2e98fa5a5d35e5,2025,5,0.036881626
615bf3d6f36d251cb9e14425615f8e2e365542fe9dc9ecd5dd2e98fa5a5d35e5,2025,6,0.011200199
615bf3d6f36d251cb9e14425615f8e2e365542fe9dc9ecd5dd2e98fa5a5d35e5,2025,7,0.01081686
615bf3d6f36d251cb9e14425615f8e2e365542fe9dc9ecd5dd2e98fa5a5d35e5,2025,8,0.010957407
615bf3d6f36d251cb9e14425615f8e2e365542fe9dc9ecd5dd2e98fa5a5d35e5,2025,9,0.017346779
615bf3d6f36d251cb9e14425615f8e2e365542fe9dc9ecd5dd2e98fa5a5d35e5,2025,10,0.056731716
61898ee235e5962a9291a7a1b991269e79d37401af402bcc21c0ba708e5ef86a,2025,5,0.029176766
61898ee235e5962a9291a7a1b991269e79d37401af402bcc21c0ba708e5ef86a,2025,6,0.012804749
61898ee235e5962a9291a7a1b991269e79d37401af402bcc21c0ba708e5ef86a,2025,7,0.013601197
61898ee235e5962a9291a7a1b991269e79d37401af402bcc21c0ba708e5ef86a,2025,8,0.01367503
61898ee235e5962a9291a7a1b991269e79d37401af402bcc21c0ba708e5ef86a,2025,9,0.018184982
61898ee235e5962a9291a7a1b991269e79d37401af402bcc21c0ba708e5ef86a,2025,10,0.06589125
61e4cc7d07e2597a412b5a4d76b6abf624b45d0658ebaa8554f9f10e83fae126,2025,5,0.052376967
61e4cc7d07e2597a412b5a4d76b6abf624b45d0658ebaa8554f9f10e83fae126,2025,6,0.01373913
61e4cc7d07e2597a412b5a4d76b6abf624b45d0658ebaa8554f9f10e83fae126,2025,7,0.011961984
61e4cc7d07e2597a412b5a4d76b6abf624b45d0658ebaa8554f9f10e83fae126,2025,8,0.012440107
61e4cc7d07e2597a412b5a4d76b6abf624b45d0658ebaa8554f9f10e83fae126,2025,9,0.01403888
61e4cc7d07e2597a412b5a4d76b6abf624b45d0658ebaa8554f9f10e83fae126,2025,10,0.078361206
61eb8b7e6725b2ecd5b694c37e61194886c4258db398459aed173d9e4083ca02,2025,5,0.029958399
61eb8b7e6725b2ecd5b694c37e61194886c4258db398459aed173d9e4083ca02,2025,6,0.028279305
61eb8b7e6725b2ecd5b694c37e61194886c4258db398459aed173d9e4083ca02,2025,7,0.024316788
61eb8b7e6725b2ecd5b694c37e61194886c4258db398459aed173d9e4083ca02,2025,8,0.027253857
61eb8b7e6725b2ecd5b694c37e61194886c4258db398459aed173d9e4083ca02,2025,9,0.028556323
61eb8b7e6725b2ecd5b694c37e61194886c4258db398459aed173d9e4083ca02,2025,10,0.06494893
620db3de55dd5ad5a4c84aa60649c93b1ce72290172e7e8af9e22116544bfbaf,2025,5,0.039828993
620db3de55dd5ad5a4c84aa60649c93b1ce72290172e7e8af9e22116544bfbaf,2025,6,0.026978396
620db3de55dd5ad5a4c84aa60649c93b1ce72290172e7e8af9e22116544bfbaf,2025,7,0.023100793
620db3de55dd5ad5a4c84aa60649c93b1ce72290172e7e8af9e22116544bfbaf,2025,8,0.015038049
620db3de55dd5ad5a4c84aa60649c93b1ce72290172e7e8af9e22116544bfbaf,2025,9,0.021841954
620db3de55dd5ad5a4c84aa60649c93b1ce72290172e7e8af9e22116544bfbaf,2025,10,0.039867565
6307f0a62336512f6d63464c85eb14bac28566846dfcde80440c49734b4fc7bf,2025,5,0.03502677
6307f0a62336512f6d63464c85eb14bac28566846dfcde80440c49734b4fc7bf,2025,6,0.005776575
6307f0a62336512f6d63464c85eb14bac28566846dfcde80440c49734b4fc7bf,2025,7,0.005905837
6307f0a62336512f6d63464c85eb14bac28566846dfcde80440c49734b4fc7bf,2025,8,0.006622106
6307f0a62336512f6d63464c85eb14bac28566846dfcde80440c49734b4fc7bf,2025,9,0.016903888
6307f0a62336512f6d63464c85eb14bac28566846dfcde80440c49734b4fc7bf,2025,10,0.08646917
63084611d343a86e43ca476a23410f4f82cd22651f479a700f525766235558df,2025,5,0.035441335
63084611d343a86e43ca476a23410f4f82cd22651f479a700f525766235558df,2025,6,0.011961316
63084611d343a86e43ca476a23410f4f82cd22651f479a700f525766235558df,2025,7,0.009531788
63084611d343a86e43ca476a23410f4f82cd22651f479a700f525766235558df,2025,8,0.012201578
63084611d343a86e43ca476a23410f4f82cd22651f479a700f525766235558df,2025,9,0.018454568
63084611d343a86e43ca476a23410f4f82cd22651f479a700f525766235558df,2025,10,0.048128467
633d3575fa7767edfb0a71626b48acb0761ccb8c8639e6231554cdd95745d85d,2025,5,0.17985052
633d3575fa7767edfb0a71626b48acb0761ccb8c8639e6231554cdd95745d85d,2025,6,0.02893037
633d3575fa7767edfb0a71626b48acb0761ccb8c8639e6231554cdd95745d85d,2025,7,0.036105435
633d3575fa7767edfb0a71626b48acb0761ccb8c8639e6231554cdd95745d85d,2025,8,0.044895526
633d3575fa7767edfb0a71626b48acb0761ccb8c8639e6231554cdd95745d85d,2025,9,0.08614694
633d3575fa7767edfb0a71626b48acb0761ccb8c8639e6231554cdd95745d85d,2025,10,0.29309574
633ea077a4f502548f8fc9ec02da5360d6f4647862878e539130f2e2d7444164,2025,5,0.022976745
633ea077a4f502548f8fc9ec02da5360d6f4647862878e539130f2e2d7444164,2025,6,0.015387434
633ea077a4f502548f8fc9ec02da5360d6f4647862878e539130f2e2d7444164,2025,7,0.013769908
633ea077a4f502548f8fc9ec02da5360d6f4647862878e539130f2e2d7444164,2025,8,0.014442895
633ea077a4f502548f8fc9ec02da5360d6f4647862878e539130f2e2d7444164,2025,9,0.016516289
633ea077a4f502548f8fc9ec02da5360d6f4647862878e539130f2e2d7444164,2025,10,0.042053405
63dd53d33b345b620673bf853e517ddc2c91235e8e15c0ccec551d34b8ecc210,2025,5,0.048230566
63dd53d33b345b620673bf853e517ddc2c91235e8e15c0ccec551d34b8ecc210,2025,6,9.969792e-06
63dd53d33b345b620673bf853e517ddc2c91235e8e15c0ccec551d34b8ecc210,2025,7,1.0135842e-05
63dd53d33b345b620673bf853e517ddc2c91235e8e15c0ccec551d34b8ecc210,2025,8,1.0181844e-05
63dd53d33b345b620673bf853e517ddc2c91235e8e15c0ccec551d34b8ecc210,2025,9,0.011628195
63dd53d33b345b620673bf853e517ddc2c91235e8e15c0ccec551d34b8ecc210,2025,10,0.2864284
63f34050039b27e299e62b4eacfc6482e44bc6a130446efec848a548d21aedf3,2025,5,0.13579883
63f34050039b27e299e62b4eacfc6482e44bc6a130446efec848a548d21aedf3,2025,6,0.08654049
63f34050039b27e299e62b4eacfc6482e44bc6a130446efec848a548d21aedf3,2025,7,0.104987055
63f34050039b27e299e62b4eacfc6482e44bc6a130446efec848a548d21aedf3,2025,8,0.12392902
63f34050039b27e299e62b4eacfc6482e44bc6a130446efec848a548d21aedf3,2025,9,0.10842677
63f34050039b27e299e62b4eacfc6482e44bc6a130446efec848a548d21aedf3,2025,10,0.1798165
63fda78c4fbd335f7c85c0dab6926090b02ccdc24eeb5fef6d7c2330d449f8d3,2025,5,0.03139868
63fda78c4fbd335f7c85c0dab6926090b02ccdc24eeb5fef6d7c2330d449f8d3,2025,6,0.0115875825
63fda78c4fbd335f7c85c0dab6926090b02ccdc24eeb5fef6d7c2330d449f8d3,2025,7,0.009309272
63fda78c4fbd335f7c85c0dab6926090b02ccdc24eeb5fef6d7c2330d449f8d3,2025,8,0.009861895
63fda78c4fbd335f7c85c0dab6926090b02ccdc24eeb5fef6d7c2330d449f8d3,2025,9,0.011706547
63fda78c4fbd335f7c85c0dab6926090b02ccdc24eeb5fef6d7c2330d449f8d3,2025,10,0.043237932
6401974d764381f21fee84cbab820123e2fbb908730abc77e591ae326f046e58,2025,5,0.03594199
6401974d764381f21fee84cbab820123e2fbb908730abc77e591ae326f046e58,2025,6,0.015590052
6401974d764381f21fee84cbab820123e2fbb908730abc77e591ae326f046e58,2025,7,0.014383393
6401974d764381f21fee84cbab820123e2fbb908730abc77e591ae326f046e58,2025,8,0.014640592
6401974d764381f21fee84cbab820123e2fbb908730abc77e591ae326f046e58,2025,9,0.018147517
6401974d764381f21fee84cbab820123e2fbb908730abc77e591ae326f046e58,2025,10,0.061671514
653ffec4ec62bb9e892b954580d5a75f50cdc2a7bc1bc109f616ccc4a16d136c,2025,5,0.040026184
653ffec4ec62bb9e892b954580d5a75f50cdc2a7bc1bc109f616ccc4a16d136c,2025,6,0.01250708
653ffec4ec62bb9e892b954580d5a75f50cdc2a7bc1bc109f616ccc4a16d136c,2025,7,0.0121957585
653ffec4ec62bb9e892b954580d5a75f50cdc2a7bc1bc109f616ccc4a16d136c,2025,8,0.010439154
653ffec4ec62bb9e892b954580d5a75f50cdc2a7bc1bc109f616ccc4a16d136c,2025,9,0.02163098
653ffec4ec62bb9e892b954580d5a75f50cdc2a7bc1bc109f616ccc4a16d136c,2025,10,0.08297702
6569ec289bfff6260f75287e8507b1b8a23bb3b4e996c079b2ee399c08144033,2025,5,0.031275023
6569ec289bfff6260f75287e8507b1b8a23bb3b4e996c079b2ee399c08144033,2025,6,0.009604173
6569ec289bfff6260f75287e8507b1b8a23bb3b4e996c079b2ee399c08144033,2025,7,0.00918661
6569ec289bfff6260f75287e8507b1b8a23bb3b4e996c079b2ee399c08144033,2025,8,0.0096906405
6569ec289bfff6260f75287e8507b1b8a23bb3b4e996c079b2ee399c08144033,2025,9,0.02334791
6569ec289bfff6260f75287e8507b1b8a23bb3b4e996c079b2ee399c08144033,2025,10,0.10543236
669ad444bf902b0518da32fe225456e46a89593fcb35621838d7c1508dbdc491,2025,5,0.07414476
669ad444bf902b0518da32fe225456e46a89593fcb35621838d7c1508dbdc491,2025,6,0.02048254
669ad444bf902b0518da32fe225456e46a89593fcb35621838d7c1508dbdc491,2025,7,0.018857509
669ad444bf902b0518da32fe225456e46a89593fcb35621838d7c1508dbdc491,2025,8,0.017560704
669ad444bf902b0518da32fe225456e46a89593fcb35621838d7c1508dbdc491,2025,9,0.033770572
669ad444bf902b0518da32fe225456e46a89593fcb35621838d7c1508dbdc491,2025,10,0.119347945
66e4d6f3af1f9c8f3f2ed5f1143c4358bb53ca3df4f64189dec51276ff03712a,2025,5,0.037089095
66e4d6f3af1f9c8f3f2ed5f1143c4358bb53ca3df4f64189dec51276ff03712a,2025,6,0.0072308485
66e4d6f3af1f9c8f3f2ed5f1143c4358bb53ca3df4f64189dec51276ff03712a,2025,7,0.0058141495
66e4d6f3af1f9c8f3f2ed5f1143c4358bb53ca3df4f64189dec51276ff03712a,2025,8,0.006837878
66e4d6f3af1f9c8f3f2ed5f1143c4358bb53ca3df4f64189dec51276ff03712a,2025,9,0.010223999
66e4d6f3af1f9c8f3f2ed5f1143c4358bb53ca3df4f64189dec51276ff03712a,2025,10,0.038415574
6730c0d7b2f79408d56eedefa827ded1388ed88efc60562e50ba2193cd890b5d,2025,5,0.16380604
6730c0d7b2f79408d56eedefa827ded1388ed88efc60562e50ba2193cd890b5d,2025,6,0.10153589
6730c0d7b2f79408d56eedefa827ded1388ed88efc60562e50ba2193cd890b5d,2025,7,0.037821755
6730c0d7b2f79408d56eedefa827ded1388ed88efc60562e50ba2193cd890b5d,2025,8,0.084006585
6730c0d7b2f79408d56eedefa827ded1388ed88efc60562e50ba2193cd890b5d,2025,9,0.831887
6730c0d7b2f79408d56eedefa827ded1388ed88efc60562e50ba2193cd890b5d,2025,10,0.3262426
6780433405283f4759d260e09daa877085ad32cdedfe860a8a2248529267b67b,2025,5,0.04640196
6780433405283f4759d260e09daa877085ad32cdedfe860a8a2248529267b67b,2025,6,0.01604219
6780433405283f4759d260e09daa877085ad32cdedfe860a8a2248529267b67b,2025,7,0.009489479
6780433405283f4759d260e09daa877085ad32cdedfe860a8a2248529267b67b,2025,8,0.0108703375
6780433405283f4759d260e09daa877085ad32cdedfe860a8a2248529267b67b,2025,9,0.020427657
6780433405283f4759d260e09daa877085ad32cdedfe860a8a2248529267b67b,2025,10,0.06541124
6887e4e49a02c50159170e203487f2c9fcef838ccbd6b1a7d33d52b4301a60f5,2025,5,0.024467064
6887e4e49a02c50159170e203487f2c9fcef838ccbd6b1a7d33d52b4301a60f5,2025,6,0.012680283
6887e4e49a02c50159170e203487f2c9fcef838ccbd6b1a7d33d52b4301a60f5,2025,7,0.010582944
6887e4e49a02c50159170e203487f2c9fcef838ccbd6b1a7d33d52b4301a60f5,2025,8,0.012297042
6887e4e49a02c50159170e203487f2c9fcef838ccbd6b1a7d33d52b4301a60f5,2025,9,0.01429373
6887e4e49a02c50159170e203487f2c9fcef838ccbd6b1a7d33d52b4301a60f5,2025,10,0.035623547
68f47e7f7e22a510cce68978eaa4c4234dd9a420465b7beeb1587ef04a7723b2,2025,5,0.01011766
68f47e7f7e22a510cce68978eaa4c4234dd9a420465b7beeb1587ef04a7723b2,2025,6,0.006941448
68f47e7f7e22a510cce68978eaa4c4234dd9a420465b7beeb1587ef04a7723b2,2025,7,0.0050233863
68f47e7f7e22a510cce68978eaa4c4234dd9a420465b7beeb1587ef04a7723b2,2025,8,0.0059267716
68f47e7f7e22a510cce68978eaa4c4234dd9a420465b7beeb1587ef04a7723b2,2025,9,0.0063385745
68f47e7f7e22a510cce68978eaa4c4234dd9a420465b7beeb1587ef04a7723b2,2025,10,0.010144301
696f6f188b1c6491b90746200a08ed319ee13e0253df72e0190948f493f3a78f,2025,5,0.04668468
696f6f188b1c6491b90746200a08ed319ee13e0253df72e0190948f493f3a78f,2025,6,0.009733989
696f6f188b1c6491b90746200a08ed319ee13e0253df72e0190948f493f3a78f,2025,7,0.008845926
696f6f188b1c6491b90746200a08ed319ee13e0253df72e0190948f493f3a78f,2025,8,0.009407008
696f6f188b1c6491b90746200a08ed319ee13e0253df72e0190948f493f3a78f,2025,9,0.019176707
696f6f188b1c6491b90746200a08ed319ee13e0253df72e0190948f493f3a78f,2025,10,0.07760661
69820f08bacb31021869ea9c31c22f8f98de5e767e98837861978c89cd4c1a92,2025,5,0.035337307
69820f08bacb31021869ea9c31c22f8f98de5e767e98837861978c89cd4c1a92,2025,6,0.023532685
69820f08bacb31021869ea9c31c22f8f98de5e767e98837861978c89cd4c1a92,2025,7,0.021398604
69820f08bacb31021869ea9c31c22f8f98de5e767e98837861978c89cd4c1a92,2025,8,0.015722783
69820f08bacb31021869ea9c31c22f8f98de5e767e98837861978c89cd4c1a92,2025,9,0.017716622
69820f08bacb31021869ea9c31c22f8f98de5e767e98837861978c89cd4c1a92,2025,10,0.19051833
698eb5a34e46d7f48992e83ec6d320b1cfbe8bc915d8ce633eadf82e19b14a2e,2025,5,0.116214864
698eb5a34e46d7f48992e83ec6d320b1cfbe8bc915d8ce633eadf82e19b14a2e,2025,6,0.022094212
698eb5a34e46d7f48992e83ec6d320b1cfbe8bc915d8ce633eadf82e19b14a2e,2025,7,0.017670467
698eb5a34e46d7f48992e83ec6d320b1cfbe8bc915d8ce633eadf82e19b14a2e,2025,8,0.022426708
698eb5a34e46d7f48992e83ec6d320b1cfbe8bc915d8ce633eadf82e19b14a2e,2025,9,0.05515869
698eb5a34e46d7f48992e83ec6d320b1cfbe8bc915d8ce633eadf82e19b14a2e,2025,10,0.21896045
69c05e7476797b80bfeab38bc04f236394c64f2bf5040e18055d5388fe5bc848,2025,5,0.0652271
69c05e7476797b80bfeab38bc04f236394c64f2bf5040e18055d5388fe5bc848,2025,6,0.015532667
69c05e7476797b80bfeab38bc04f236394c64f2bf5040e18055d5388fe5bc848,2025,7,0.0140500935
69c05e7476797b80bfeab38bc04f236394c64f2bf5040e18055d5388fe5bc848,2025,8,0.017102217
69c05e7476797b80bfeab38bc04f236394c64f2bf5040e18055d5388fe5bc848,2025,9,0.023281097
69c05e7476797b80bfeab38bc04f236394c64f2bf5040e18055d5388fe5bc848,2025,10,0.11289415
69d14ebd254eb604199310ab58f11e27c82144bb6d67f2fc26630ab3b6b971f8,2025,5,0.02797753
69d14ebd254eb604199310ab58f11e27c82144bb6d67f2fc26630ab3b6b971f8,2025,6,0.010406052
69d14ebd254eb604199310ab58f11e27c82144bb6d67f2fc26630ab3b6b971f8,2025,7,0.0099734515
69d14ebd254eb604199310ab58f11e27c82144bb6d67f2fc26630ab3b6b971f8,2025,8,2.6352552e-06
69d14ebd254eb604199310ab58f11e27c82144bb6d67f2fc26630ab3b6b971f8,2025,9,0.0011239881
69d14ebd254eb604199310ab58f11e27c82144bb6d67f2fc26630ab3b6b971f8,2025,10,0.049953118
69e0fc024e792126e0dbf9e0daef25a3c0ec8fe2bf933675f39045e5b5431fb1,2025,5,0.030961392
69e0fc024e792126e0dbf9e0daef25a3c0ec8fe2bf933675f39045e5b5431fb1,2025,6,0.009848258
69e0fc024e792126e0dbf9e0daef25a3c0ec8fe2bf933675f39045e5b5431fb1,2025,7,0.0092335865
69e0fc024e792126e0dbf9e0daef25a3c0ec8fe2bf933675f39045e5b5431fb1,2025,8,0.00922416
69e0fc024e792126e0dbf9e0daef25a3c0ec8fe2bf933675f39045e5b5431fb1,2025,9,0.012622387
69e0fc024e792126e0dbf9e0daef25a3c0ec8fe2bf933675f39045e5b5431fb1,2025,10,0.0589652
69f8cef692bb7826f36be0150d6f9e7e62619fbc3b3f3b829d0665b7b083bd17,2025,5,0.01735047
69f8cef692bb7826f36be0150d6f9e7e62619fbc3b3f3b829d0665b7b083bd17,2025,6,0.00727966
69f8cef692bb7826f36be0150d6f9e7e62619fbc3b3f3b829d0665b7b083bd17,2025,7,0.006944881
69f8cef692bb7826f36be0150d6f9e7e62619fbc3b3f3b829d0665b7b083bd17,2025,8,0.006604262
69f8cef692bb7826f36be0150d6f9e7e62619fbc3b3f3b829d0665b7b083bd17,2025,9,0.008900784
69f8cef692bb7826f36be0150d6f9e7e62619fbc3b3f3b829d0665b7b083bd17,2025,10,0.022894245
6a5fc8fee54d17b65fb2592cb25248a06fe15486c85737c8ce7634622df88744,2025,5,0.039589327
6a5fc8fee54d17b65fb2592cb25248a06fe15486c85737c8ce7634622df88744,2025,6,0.012533137
6a5fc8fee54d17b65fb2592cb25248a06fe15486c85737c8ce7634622df88744,2025,7,0.013655546
6a5fc8fee54d17b65fb2592cb25248a06fe15486c85737c8ce7634622df88744,2025,8,0.010690915
6a5fc8fee54d17b65fb2592cb25248a06fe15486c85737c8ce7634622df88744,2025,9,0.018109374
6a5fc8fee54d17b65fb2592cb25248a06fe15486c85737c8ce7634622df88744,2025,10,0.064417005
6a630abe7015118cb015b444dec0edc6405c595a5660fc0a51a18ee6d202937a,2025,5,0.18359555
6a630abe7015118cb015b444dec0edc6405c595a5660fc0a51a18ee6d202937a,2025,6,0.06821092
6a630abe7015118cb015b444dec0edc6405c595a5660fc0a51a18ee6d202937a,2025,7,0.049184848
6a630abe7015118cb015b444dec0edc6405c595a5660fc0a51a18ee6d202937a,2025,8,0.047435265
6a630abe7015118cb015b444dec0edc6405c595a5660fc0a51a18ee6d202937a,2025,9,0.10142667
6a630abe7015118cb015b444dec0edc6405c595a5660fc0a51a18ee6d202937a,2025,10,0.29971334
6a6e86387c8a642bc619f7227f760010ede1266fa4d721a6b872a0104fe31630,2025,5,0.043980476
6a6e86387c8a642bc619f7227f760010ede1266fa4d721a6b872a0104fe31630,2025,6,0.009607782
6a6e86387c8a642bc619f7227f760010ede1266fa4d721a6b872a0104fe31630,2025,7,0.0075930017
6a6e86387c8a642bc619f7227f760010ede1266fa4d721a6b872a0104fe31630,2025,8,0.008657519
6a6e86387c8a642bc619f7227f760010ede1266fa4d721a6b872a0104fe31630,2025,9,0.009185581
6a6e86387c8a642bc619f7227f760010ede1266fa4d721a6b872a0104fe31630,2025,10,0.055817354
6afe380c6f7c55daf6d36269c987e1634e13920efead12f642e609eff4ff3d33,2025,5,0.15291022
6afe380c6f7c55daf6d36269c987e1634e13920efead12f642e609eff4ff3d33,2025,6,0.036201615
6afe380c6f7c55daf6d36269c987e1634e13920efead12f642e609eff4ff3d33,2025,7,0.034812585
6afe380c6f7c55daf6d36269c987e1634e13920efead12f642e609eff4ff3d33,2025,8,0.036799725
6afe380c6f7c55daf6d36269c987e1634e13920efead12f642e609eff4ff3d33,2025,9,0.065347165
6afe380c6f7c55daf6d36269c987e1634e13920efead12f642e609eff4ff3d33,2025,10,0.23807493
6b1e4898c2e5c156efca8bc21afadd3d3af3ea5bad72e4b1c2da70bf0a9959f7,2025,5,0.06562949
6b1e4898c2e5c156efca8bc21afadd3d3af3ea5bad72e4b1c2da70bf0a9959f7,2025,6,0.010211341
6b1e4898c2e5c156efca8bc21afadd3d3af3ea5bad72e4b1c2da70bf0a9959f7,2025,7,0.0125612635
6b1e4898c2e5c156efca8bc21afadd3d3af3ea5bad72e4b1c2da70bf0a9959f7,2025,8,0.009784824
6b1e4898c2e5c156efca8bc21afadd3d3af3ea5bad72e4b1c2da70bf0a9959f7,2025,9,0.025173325
6b1e4898c2e5c156efca8bc21afadd3d3af3ea5bad72e4b1c2da70bf0a9959f7,2025,10,0.14467303
6b689913c5234101564398be4d41bd18fc5f4bd3ceccfd64b34bfd966384d8bd,2025,5,0.03478241
6b689913c5234101564398be4d41bd18fc5f4bd3ceccfd64b34bfd966384d8bd,2025,6,0.008892113
6b689913c5234101564398be4d41bd18fc5f4bd3ceccfd64b34bfd966384d8bd,2025,7,0.0044488106
6b689913c5234101564398be4d41bd18fc5f4bd3ceccfd64b34bfd966384d8bd,2025,8,0.006788749
6b689913c5234101564398be4d41bd18fc5f4bd3ceccfd64b34bfd966384d8bd,2025,9,0.018781248
6b689913c5234101564398be4d41bd18fc5f4bd3ceccfd64b34bfd966384d8bd,2025,10,0.05105953
6c2918253e6eb0fd6297a3b3ddc6928ba7b308a26e98114755a59af7ed75ad12,2025,5,0.011281387
6c2918253e6eb0fd6297a3b3ddc6928ba7b308a26e98114755a59af7ed75ad12,2025,6,0.007442395
6c2918253e6eb0fd6297a3b3ddc6928ba7b308a26e98114755a59af7ed75ad12,2025,7,0.005654965
6c2918253e6eb0fd6297a3b3ddc6928ba7b308a26e98114755a59af7ed75ad12,2025,8,0.007005283
6c2918253e6eb0fd6297a3b3ddc6928ba7b308a26e98114755a59af7ed75ad12,2025,9,0.007876995
6c2918253e6eb0fd6297a3b3ddc6928ba7b308a26e98114755a59af7ed75ad12,2025,10,0.017927684
6c6ee3bc1a5e0fa54a5e47686db0c97758ecad7da150f75888b4b8ab7113ae2d,2025,5,0.01904755
6c6ee3bc1a5e0fa54a5e47686db0c97758ecad7da150f75888b4b8ab7113ae2d,2025,6,0.008357525
6c6ee3bc1a5e0fa54a5e47686db0c97758ecad7da150f75888b4b8ab7113ae2d,2025,7,0.0076640463
6c6ee3bc1a5e0fa54a5e47686db0c97758ecad7da150f75888b4b8ab7113ae2d,2025,8,0.0069198245
6c6ee3bc1a5e0fa54a5e47686db0c97758ecad7da150f75888b4b8ab7113ae2d,2025,9,0.009479492
6c6ee3bc1a5e0fa54a5e47686db0c97758ecad7da150f75888b4b8ab7113ae2d,2025,10,0.059760436
6e15d4b316aa7e4348fe16853a5f0e1e4b24fd1594b26618669a2e6920c74e71,2025,5,0.0062348414
6e15d4b316aa7e4348fe16853a5f0e1e4b24fd1594b26618669a2e6920c74e71,2025,6,0.0046031578
6e15d4b316aa7e4348fe16853a5f0e1e4b24fd1594b26618669a2e6920c74e71,2025,7,0.00511029
6e15d4b316aa7e4348fe16853a5f0e1e4b24fd1594b26618669a2e6920c74e71,2025,8,0.0053084274
6e15d4b316aa7e4348fe16853a5f0e1e4b24fd1594b26618669a2e6920c74e71,2025,9,0.005061371
6e15d4b316aa7e4348fe16853a5f0e1e4b24fd1594b26618669a2e6920c74e71,2025,10,0.029941153
6e78aeef54d8b0985defdc754c6405863d767ca8995f5c09cf1d40846323ec34,2025,5,0.0100949695
6e78aeef54d8b0985defdc754c6405863d767ca8995f5c09cf1d40846323ec34,2025,6,0.0078096115
6e78aeef54d8b0985defdc754c6405863d767ca8995f5c09cf1d40846323ec34,2025,7,0.0055964333
6e78aeef54d8b0985defdc754c6405863d767ca8995f5c09cf1d40846323ec34,2025,8,0.0067420322
6e78aeef54d8b0985defdc754c6405863d767ca8995f5c09cf1d40846323ec34,2025,9,0.008757502
6e78aeef54d8b0985defdc754c6405863d767ca8995f5c09cf1d40846323ec34,2025,10,0.022610528
6ef609f0a0697323e251bebd617c8db832f19418ff215ce8f9a4ce9823a2b0eb,2025,5,0.06641026
6ef609f0a0697323e251bebd617c8db832f19418ff215ce8f9a4ce9823a2b0eb,2025,6,0.0012495606
6ef609f0a0697323e251bebd617c8db832f19418ff215ce8f9a4ce9823a2b0eb,2025,7,0.0009450001
6ef609f0a0697323e251bebd617c8db832f19418ff215ce8f9a4ce9823a2b0eb,2025,8,0.0068591516
6ef609f0a0697323e251bebd617c8db832f19418ff215ce8f9a4ce9823a2b0eb,2025,9,0.033001952
6ef609f0a0697323e251bebd617c8db832f19418ff215ce8f9a4ce9823a2b0eb,2025,10,0.0087879505
6f318e7f114646acb0f736ee2da72f0cef5cc74801eed18bb041692b9a5c468e,2025,5,0.005051939
6f318e7f114646acb0f736ee2da72f0cef5cc74801eed18bb041692b9a5c468e,2025,6,0.003007861
6f318e7f114646acb0f736ee2da72f0cef5cc74801eed18bb041692b9a5c468e,2025,7,0.006667315
6f318e7f114646acb0f736ee2da72f0cef5cc74801eed18bb041692b9a5c468e,2025,8,0.004095027
6f318e7f114646acb0f736ee2da72f0cef5cc74801eed18bb041692b9a5c468e,2025,9,0.006926867
6f318e7f114646acb0f736ee2da72f0cef5cc74801eed18bb041692b9a5c468e,2025,10,0.01355194
6f3e46a47c3f459d1b3faa837f3eab34ce4332cd19fda99d0cc0a48f84e65dbf,2025,5,0.038067963
6f3e46a47c3f459d1b3faa837f3eab34ce4332cd19fda99d0cc0a48f84e65dbf,2025,6,0.0146343075
6f3e46a47c3f459d1b3faa837f3eab34ce4332cd19fda99d0cc0a48f84e65dbf,2025,7,0.013420314
6f3e46a47c3f459d1b3faa837f3eab34ce4332cd19fda99d0cc0a48f84e65dbf,2025,8,0.017830059
6f3e46a47c3f459d1b3faa837f3eab34ce4332cd19fda99d0cc0a48f84e65dbf,2025,9,0.02053974
6f3e46a47c3f459d1b3faa837f3eab34ce4332cd19fda99d0cc0a48f84e65dbf,2025,10,0.047500066
6fa817294f5b18334e9e73c5452cf2a6cbc144215fcd05dd284650588a3e21e2,2025,5,0.013057038
6fa817294f5b18334e9e73c5452cf2a6cbc144215fcd05dd284650588a3e21e2,2025,6,0.010142055
6fa817294f5b18334e9e73c5452cf2a6cbc144215fcd05dd284650588a3e21e2,2025,7,0.0097981775
6fa817294f5b18334e9e73c5452cf2a6cbc144215fcd05dd284650588a3e21e2,2025,8,0.009172075
6fa817294f5b18334e9e73c5452cf2a6cbc144215fcd05dd284650588a3e21e2,2025,9,0.010382126
6fa817294f5b18334e9e73c5452cf2a6cbc144215fcd05dd284650588a3e21e2,2025,10,0.013391629
6fb2cfe238cb14c3c30b8f4b1935e46a9dd6085361712eb76e0e7a5695b7d12e,2025,5,0.07889958
6fb2cfe238cb14c3c30b8f4b1935e46a9dd6085361712eb76e0e7a5695b7d12e,2025,6,0.023091026
6fb2cfe238cb14c3c30b8f4b1935e46a9dd6085361712eb76e0e7a5695b7d12e,2025,7,0.021016844
6fb2cfe238cb14c3c30b8f4b1935e46a9dd6085361712eb76e0e7a5695b7d12e,2025,8,0.02163273
6fb2cfe238cb14c3c30b8f4b1935e46a9dd6085361712eb76e0e7a5695b7d12e,2025,9,0.0374372
6fb2cfe238cb14c3c30b8f4b1935e46a9dd6085361712eb76e0e7a5695b7d12e,2025,10,0.15698296
70469e7c314d85ff3c18d1185610ee825859863576a244093dded63efa5202df,2025,5,0.024738006
70469e7c314d85ff3c18d1185610ee825859863576a244093dded63efa5202df,2025,6,0.018347608
70469e7c314d85ff3c18d1185610ee825859863576a244093dded63efa5202df,2025,7,0.015875977
70469e7c314d85ff3c18d1185610ee825859863576a244093dded63efa5202df,2025,8,0.016232222
70469e7c314d85ff3c18d1185610ee825859863576a244093dded63efa5202df,2025,9,0.018008687
70469e7c314d85ff3c18d1185610ee825859863576a244093dded63efa5202df,2025,10,0.066403076
70dcbe6d52d4efb68e6bc3477634c7a0712ce37a92f287791e5540fcde97700d,2025,5,0.33871424
70dcbe6d52d4efb68e6bc3477634c7a0712ce37a92f287791e5540fcde97700d,2025,6,0.092746936
70dcbe6d52d4efb68e6bc3477634c7a0712ce37a92f287791e5540fcde97700d,2025,7,0.02534813
70dcbe6d52d4efb68e6bc3477634c7a0712ce37a92f287791e5540fcde97700d,2025,8,0.032258134
70dcbe6d52d4efb68e6bc3477634c7a0712ce37a92f287791e5540fcde97700d,2025,9,0.11644095
70dcbe6d52d4efb68e6bc3477634c7a0712ce37a92f287791e5540fcde97700d,2025,10,0.43990615
70ed61338cfd87ed0f6c261febffb4b0f87f45d4928a63a08caa1ec5744587c5,2025,5,0.038445372
70ed61338cfd87ed0f6c261febffb4b0f87f45d4928a63a08caa1ec5744587c5,2025,6,0.014287634
70ed61338cfd87ed0f6c261febffb4b0f87f45d4928a63a08caa1ec5744587c5,2025,7,0.016323809
70ed61338cfd87ed0f6c261febffb4b0f87f45d4928a63a08caa1ec5744587c5,2025,8,0.020898674
70ed61338cfd87ed0f6c261febffb4b0f87f45d4928a63a08caa1ec5744587c5,2025,9,0.016203023
70ed61338cfd87ed0f6c261febffb4b0f87f45d4928a63a08caa1ec5744587c5,2025,10,0.04985626
70f65d2ba52879b28289e8af67b8c5d15f9e75d95d96d492f7d09b4af67c40fb,2025,5,0.038046446
70f65d2ba52879b28289e8af67b8c5d15f9e75d95d96d492f7d09b4af67c40fb,2025,6,0.020871725
70f65d2ba52879b28289e8af67b8c5d15f9e75d95d96d492f7d09b4af67c40fb,2025,7,0.01751337
70f65d2ba52879b28289e8af67b8c5d15f9e75d95d96d492f7d09b4af67c40fb,2025,8,0.021131454
70f65d2ba52879b28289e8af67b8c5d15f9e75d95d96d492f7d09b4af67c40fb,2025,9,0.021580108
70f65d2ba52879b28289e8af67b8c5d15f9e75d95d96d492f7d09b4af67c40fb,2025,10,0.0690952
710e2dde55e73655d78c59da8baf74111571f361fef2cb8971d4ab4b8ed7385d,2025,5,0.10172902
710e2dde55e73655d78c59da8baf74111571f361fef2cb8971d4ab4b8ed7385d,2025,6,0.026076829
710e2dde55e73655d78c59da8baf74111571f361fef2cb8971d4ab4b8ed7385d,2025,7,0.026286967
710e2dde55e73655d78c59da8baf74111571f361fef2cb8971d4ab4b8ed7385d,2025,8,0.038280297
710e2dde55e73655d78c59da8baf74111571f361fef2cb8971d4ab4b8ed7385d,2025,9,0.089455046
710e2dde55e73655d78c59da8baf74111571f361fef2cb8971d4ab4b8ed7385d,2025,10,0.12008032
71263d72e305efb1233636376f875eff5329861430eaa3412da846040cd3110a,2025,5,0.2527046
71263d72e305efb1233636376f875eff5329861430eaa3412da846040cd3110a,2025,6,0.14971939
71263d72e305efb1233636376f875eff5329861430eaa3412da846040cd3110a,2025,7,0.124587946
71263d72e305efb1233636376f875eff5329861430eaa3412da846040cd3110a,2025,8,0.12744083
71263d72e305efb1233636376f875eff5329861430eaa3412da846040cd3110a,2025,9,0.16443892
71263d72e305efb1233636376f875eff5329861430eaa3412da846040cd3110a,2025,10,0.3363919
7160aa2f29f80e2da9373427f4108fadc007f46d3097c4ec2ff5417d383747f1,2025,5,0.07020502
7160aa2f29f80e2da9373427f4108fadc007f46d3097c4ec2ff5417d383747f1,2025,6,0.02976946
7160aa2f29f80e2da9373427f4108fadc007f46d3097c4ec2ff5417d383747f1,2025,7,0.023714494
7160aa2f29f80e2da9373427f4108fadc007f46d3097c4ec2ff5417d383747f1,2025,8,0.030032936
7160aa2f29f80e2da9373427f4108fadc007f46d3097c4ec2ff5417d383747f1,2025,9,0.043303404
7160aa2f29f80e2da9373427f4108fadc007f46d3097c4ec2ff5417d383747f1,2025,10,0.09388248
71b156919b185254d3948e61264937954b65e556e35cb7c14f0cd61ca254aa0d,2025,5,0.100331396
71b156919b185254d3948e61264937954b65e556e35cb7c14f0cd61ca254aa0d,2025,6,0.032231234
71b156919b185254d3948e61264937954b65e556e35cb7c14f0cd61ca254aa0d,2025,7,0.026646703
71b156919b185254d3948e61264937954b65e556e35cb7c14f0cd61ca254aa0d,2025,8,0.027846511
71b156919b185254d3948e61264937954b65e556e35cb7c14f0cd61ca254aa0d,2025,9,0.047680255
71b156919b185254d3948e61264937954b65e556e35cb7c14f0cd61ca254aa0d,2025,10,0.17474465
71c29af71f9e87db5395b943b6a0c6be1ac6adc1380a2d751248515b5e45e725,2025,5,0.01713907
71c29af71f9e87db5395b943b6a0c6be1ac6adc1380a2d751248515b5e45e725,2025,6,0.006197593
71c29af71f9e87db5395b943b6a0c6be1ac6adc1380a2d751248515b5e45e725,2025,7,0.006069336
71c29af71f9e87db5395b943b6a0c6be1ac6adc1380a2d751248515b5e45e725,2025,8,0.007646735
71c29af71f9e87db5395b943b6a0c6be1ac6adc1380a2d751248515b5e45e725,2025,9,0.00993108
71c29af71f9e87db5395b943b6a0c6be1ac6adc1380a2d751248515b5e45e725,2025,10,0.029902114
71e933de062f206b3c75ab7e2f85d8cbcad40c0e2be9c9f6f041d73f0e8349e1,2025,5,0.3113682
71e933de062f206b3c75ab7e2f85d8cbcad40c0e2be9c9f6f041d73f0e8349e1,2025,9,0.44513223
71e933de062f206b3c75ab7e2f85d8cbcad40c0e2be9c9f6f041d73f0e8349e1,2025,10,0.46317726
72405c0889bc08c89d6d69113c6f63e65732cad88b75a6977cd2f6082ee33985,2025,5,0.053507995
72405c0889bc08c89d6d69113c6f63e65732cad88b75a6977cd2f6082ee33985,2025,6,0.0045776195
72405c0889bc08c89d6d69113c6f63e65732cad88b75a6977cd2f6082ee33985,2025,7,1.84286e-05
72405c0889bc08c89d6d69113c6f63e65732cad88b75a6977cd2f6082ee33985,2025,8,0.000920418
72405c0889bc08c89d6d69113c6f63e65732cad88b75a6977cd2f6082ee33985,2025,9,0.019741777
72405c0889bc08c89d6d69113c6f63e65732cad88b75a6977cd2f6082ee33985,2025,10,0.10763367
73144ae467ce94f9c8520c90777099ffc84121445df3c5e80e3bc5a503faf4cb,2025,5,0.051311165
73144ae467ce94f9c8520c90777099ffc84121445df3c5e80e3bc5a503faf4cb,2025,6,0.003157825
73144ae467ce94f9c8520c90777099ffc84121445df3c5e80e3bc5a503faf4cb,2025,7,0.002803687
73144ae467ce94f9c8520c90777099ffc84121445df3c5e80e3bc5a503faf4cb,2025,8,0.0011356878
73144ae467ce94f9c8520c90777099ffc84121445df3c5e80e3bc5a503faf4cb,2025,9,0.0032495093
73144ae467ce94f9c8520c90777099ffc84121445df3c5e80e3bc5a503faf4cb,2025,10,0.08158154
74c4c9731fb6623ddfd21d43eae848b41a7a2726f0eaf8c8ca77a6760b53f7e0,2025,5,0.050832365
74c4c9731fb6623ddfd21d43eae848b41a7a2726f0eaf8c8ca77a6760b53f7e0,2025,6,0.03784208
74c4c9731fb6623ddfd21d43eae848b41a7a2726f0eaf8c8ca77a6760b53f7e0,2025,7,0.035551965
74c4c9731fb6623ddfd21d43eae848b41a7a2726f0eaf8c8ca77a6760b53f7e0,2025,8,0.037349734
74c4c9731fb6623ddfd21d43eae848b41a7a2726f0eaf8c8ca77a6760b53f7e0,2025,9,0.04285137
74c4c9731fb6623ddfd21d43eae848b41a7a2726f0eaf8c8ca77a6760b53f7e0,2025,10,0.07434072
74c808200b3dca1c5a41ab4253d38db83a58ad8919b2af77c1067286eb46c05a,2025,5,0.023093374
74c808200b3dca1c5a41ab4253d38db83a58ad8919b2af77c1067286eb46c05a,2025,6,0.014019251
74c808200b3dca1c5a41ab4253d38db83a58ad8919b2af77c1067286eb46c05a,2025,7,0.013284461
74c808200b3dca1c5a41ab4253d38db83a58ad8919b2af77c1067286eb46c05a,2025,8,0.0122329965
74c808200b3dca1c5a41ab4253d38db83a58ad8919b2af77c1067286eb46c05a,2025,9,0.014900786
74c808200b3dca1c5a41ab4253d38db83a58ad8919b2af77c1067286eb46c05a,2025,10,0.03325135
74e55ff2c60ee88175a5f91249c06e4c427b01c4f98d882bca16de659d884db9,2025,5,0.02980159
74e55ff2c60ee88175a5f91249c06e4c427b01c4f98d882bca16de659d884db9,2025,6,0.015263385
74e55ff2c60ee88175a5f91249c06e4c427b01c4f98d882bca16de659d884db9,2025,7,0.014100284
74e55ff2c60ee88175a5f91249c06e4c427b01c4f98d882bca16de659d884db9,2025,8,0.013880451
74e55ff2c60ee88175a5f91249c06e4c427b01c4f98d882bca16de659d884db9,2025,9,0.019324448
74e55ff2c60ee88175a5f91249c06e4c427b01c4f98d882bca16de659d884db9,2025,10,0.04015926
74e98c12be3c126527211e699149b6dcde1262a402bfede71c6de4fdf82821df,2025,5,0.027821127
74e98c12be3c126527211e699149b6dcde1262a402bfede71c6de4fdf82821df,2025,6,0.0064596403
74e98c12be3c126527211e699149b6dcde1262a402bfede71c6de4fdf82821df,2025,7,0.0046302453
74e98c12be3c126527211e699149b6dcde1262a402bfede71c6de4fdf82821df,2025,8,0.008201487
74e98c12be3c126527211e699149b6dcde1262a402bfede71c6de4fdf82821df,2025,9,0.012691898
74e98c12be3c126527211e699149b6dcde1262a402bfede71c6de4fdf82821df,2025,10,0.042971913
7527d67e80c036d9aa28cd5d772268ed4334ccfd41641b489a8e6f84b80fda9c,2025,5,0.13354479
7527d67e80c036d9aa28cd5d772268ed4334ccfd41641b489a8e6f84b80fda9c,2025,6,0.07724818
7527d67e80c036d9aa28cd5d772268ed4334ccfd41641b489a8e6f84b80fda9c,2025,8,0.0452371
7527d67e80c036d9aa28cd5d772268ed4334ccfd41641b489a8e6f84b80fda9c,2025,9,0.041002814
7527d67e80c036d9aa28cd5d772268ed4334ccfd41641b489a8e6f84b80fda9c,2025,10,0.2559678
75b0cf86a6aa154310ce9d05bc92be21e08d2a000bffa3c428398017a462a9c4,2025,5,0.10394889
75b0cf86a6aa154310ce9d05bc92be21e08d2a000bffa3c428398017a462a9c4,2025,6,0.019612122
75b0cf86a6aa154310ce9d05bc92be21e08d2a000bffa3c428398017a462a9c4,2025,7,0.016804697
75b0cf86a6aa154310ce9d05bc92be21e08d2a000bffa3c428398017a462a9c4,2025,8,0.0231144
75b0cf86a6aa154310ce9d05bc92be21e08d2a000bffa3c428398017a462a9c4,2025,9,0.054607157
75b0cf86a6aa154310ce9d05bc92be21e08d2a000bffa3c428398017a462a9c4,2025,10,0.24933136
76326c158c33a93160207835b621299a9ad72efb7c97fddd42912b13c8e634a1,2025,5,0.048027985
76326c158c33a93160207835b621299a9ad72efb7c97fddd42912b13c8e634a1,2025,6,0.024459127
76326c158c33a93160207835b621299a9ad72efb7c97fddd42912b13c8e634a1,2025,7,0.014919851
76326c158c33a93160207835b621299a9ad72efb7c97fddd42912b13c8e634a1,2025,8,0.022754563
76326c158c33a93160207835b621299a9ad72efb7c97fddd42912b13c8e634a1,2025,9,0.030199528
76326c158c33a93160207835b621299a9ad72efb7c97fddd42912b13c8e634a1,2025,10,0.083307
76727470e47156895ef493f602b1ad673cba245e483a74edaba1455f61acad7d,2025,5,0.046890035
76727470e47156895ef493f602b1ad673cba245e483a74edaba1455f61acad7d,2025,6,0.019559043
76727470e47156895ef493f602b1ad673cba245e483a74edaba1455f61acad7d,2025,7,0.020260777
76727470e47156895ef493f602b1ad673cba245e483a74edaba1455f61acad7d,2025,8,0.021689588
76727470e47156895ef493f602b1ad673cba245e483a74edaba1455f61acad7d,2025,9,0.033659983
76727470e47156895ef493f602b1ad673cba245e483a74edaba1455f61acad7d,2025,10,0.08452861
77132faa98c1a4b2bd1cc58d88cfc4a3204d2669a26c0fd547d7135a633273ef,2025,5,0.05592938
77132faa98c1a4b2bd1cc58d88cfc4a3204d2669a26c0fd547d7135a633273ef,2025,6,0.022820016
77132faa98c1a4b2bd1cc58d88cfc4a3204d2669a26c0fd547d7135a633273ef,2025,7,0.015788926
77132faa98c1a4b2bd1cc58d88cfc4a3204d2669a26c0fd547d7135a633273ef,2025,8,0.022812339
77132faa98c1a4b2bd1cc58d88cfc4a3204d2669a26c0fd547d7135a633273ef,2025,9,0.028963083
77132faa98c1a4b2bd1cc58d88cfc4a3204d2669a26c0fd547d7135a633273ef,2025,10,0.07338543
77463e0dcdf0b3652f57698ef8200ec1d0f3749b526d8d846f09b53cac08bbd3,2025,5,0.04943095
77463e0dcdf0b3652f57698ef8200ec1d0f3749b526d8d846f09b53cac08bbd3,2025,6,0.017739082
77463e0dcdf0b3652f57698ef8200ec1d0f3749b526d8d846f09b53cac08bbd3,2025,7,0.015352744
77463e0dcdf0b3652f57698ef8200ec1d0f3749b526d8d846f09b53cac08bbd3,2025,8,0.016510997
77463e0dcdf0b3652f57698ef8200ec1d0f3749b526d8d846f09b53cac08bbd3,2025,9,0.024245974
77463e0dcdf0b3652f57698ef8200ec1d0f3749b526d8d846f09b53cac08bbd3,2025,10,0.06722181
778843daebfb8b05af553da99db7801fac6e67639e2de5f268278334082deb69,2025,5,0.028885081
778843daebfb8b05af553da99db7801fac6e67639e2de5f268278334082deb69,2025,6,0.006387222
778843daebfb8b05af553da99db7801fac6e67639e2de5f268278334082deb69,2025,7,0.0070476304
778843daebfb8b05af553da99db7801fac6e67639e2de5f268278334082deb69,2025,8,0.00683991
778843daebfb8b05af553da99db7801fac6e67639e2de5f268278334082deb69,2025,9,0.005191671
778843daebfb8b05af553da99db7801fac6e67639e2de5f268278334082deb69,2025,10,0.04078594
783742b60984c6acfc4e39a54232b05ae629d44cca7aeea1cb68d1d3303a5a1d,2025,5,0.0403572
783742b60984c6acfc4e39a54232b05ae629d44cca7aeea1cb68d1d3303a5a1d,2025,6,0.0056040073
783742b60984c6acfc4e39a54232b05ae629d44cca7aeea1cb68d1d3303a5a1d,2025,7,0.004663368
783742b60984c6acfc4e39a54232b05ae629d44cca7aeea1cb68d1d3303a5a1d,2025,8,0.005158174
783742b60984c6acfc4e39a54232b05ae629d44cca7aeea1cb68d1d3303a5a1d,2025,9,0.016085703
783742b60984c6acfc4e39a54232b05ae629d44cca7aeea1cb68d1d3303a5a1d,2025,10,0.10512022
7926fe030fb4a9c8772d2b9627671d76c51bfc6037a643fab829d720c54bc4cf,2025,5,0.09101271
7926fe030fb4a9c8772d2b9627671d76c51bfc6037a643fab829d720c54bc4cf,2025,6,0.027248342
7926fe030fb4a9c8772d2b9627671d76c51bfc6037a643fab829d720c54bc4cf,2025,7,0.018779024
7926fe030fb4a9c8772d2b9627671d76c51bfc6037a643fab829d720c54bc4cf,2025,8,0.02923858
7926fe030fb4a9c8772d2b9627671d76c51bfc6037a643fab829d720c54bc4cf,2025,9,0.049122088
7926fe030fb4a9c8772d2b9627671d76c51bfc6037a643fab829d720c54bc4cf,2025,10,0.14336087
798754d7dfb241c31f5e6b0e6ccd08ce0239f6f642db5cf13dd21242cedbaae6,2025,5,0.1177871
798754d7dfb241c31f5e6b0e6ccd08ce0239f6f642db5cf13dd21242cedbaae6,2025,6,0.018967569
798754d7dfb241c31f5e6b0e6ccd08ce0239f6f642db5cf13dd21242cedbaae6,2025,7,0.019819265
798754d7dfb241c31f5e6b0e6ccd08ce0239f6f642db5cf13dd21242cedbaae6,2025,8,0.021813009
798754d7dfb241c31f5e6b0e6ccd08ce0239f6f642db5cf13dd21242cedbaae6,2025,9,0.04665167
798754d7dfb241c31f5e6b0e6ccd08ce0239f6f642db5cf13dd21242cedbaae6,2025,10,0.24612233
799352e4a8d866c56181661e2bc421fb2b0488a1f2ad851bd8c5cd63e4577b96,2025,5,0.01079735
799352e4a8d866c56181661e2bc421fb2b0488a1f2ad851bd8c5cd63e4577b96,2025,6,0.008353433
799352e4a8d866c56181661e2bc421fb2b0488a1f2ad851bd8c5cd63e4577b96,2025,7,0.00665022
799352e4a8d866c56181661e2bc421fb2b0488a1f2ad851bd8c5cd63e4577b96,2025,8,0.006786569
799352e4a8d866c56181661e2bc421fb2b0488a1f2ad851bd8c5cd63e4577b96,2025,9,0.0074673677
799352e4a8d866c56181661e2bc421fb2b0488a1f2ad851bd8c5cd63e4577b96,2025,10,0.0103169
7a28f140111e10487016375f2680453048e722e6801ee8f7b67bc1853272cc40,2025,5,0.026024684
7a28f140111e10487016375f2680453048e722e6801ee8f7b67bc1853272cc40,2025,6,0.012759987
7a28f140111e10487016375f2680453048e722e6801ee8f7b67bc1853272cc40,2025,7,0.012819428
7a28f140111e10487016375f2680453048e722e6801ee8f7b67bc1853272cc40,2025,8,0.0126288
7a28f140111e10487016375f2680453048e722e6801ee8f7b67bc1853272cc40,2025,9,0.015769182
7a28f140111e10487016375f2680453048e722e6801ee8f7b67bc1853272cc40,2025,10,0.045493484
7a8e8d84b96b97dbe98b4b98be67614cee0619f74d00f80aa5590481be1cc73f,2025,5,0.038145453
7a8e8d84b96b97dbe98b4b98be67614cee0619f74d00f80aa5590481be1cc73f,2025,6,0.008031767
7a8e8d84b96b97dbe98b4b98be67614cee0619f74d00f80aa5590481be1cc73f,2025,7,0.013344972
7a8e8d84b96b97dbe98b4b98be67614cee0619f74d00f80aa5590481be1cc73f,2025,8,0.011124935
7a8e8d84b96b97dbe98b4b98be67614cee0619f74d00f80aa5590481be1cc73f,2025,9,0.02315146
7a8e8d84b96b97dbe98b4b98be67614cee0619f74d00f80aa5590481be1cc73f,2025,10,0.09591867
7ab3ecb4748facf74ff376eba5a42870e796da85593e79b733a6bda8fe1c222c,2025,5,0.016544877
7ab3ecb4748facf74ff376eba5a42870e796da85593e79b733a6bda8fe1c222c,2025,6,0.009060661
7ab3ecb4748facf74ff376eba5a42870e796da85593e79b733a6bda8fe1c222c,2025,7,0.0079477085
7ab3ecb4748facf74ff376eba5a42870e796da85593e79b733a6bda8fe1c222c,2025,8,0.009624148
7ab3ecb4748facf74ff376eba5a42870e796da85593e79b733a6bda8fe1c222c,2025,9,0.0119918855
7ab3ecb4748facf74ff376eba5a42870e796da85593e79b733a6bda8fe1c222c,2025,10,0.06394908
7b7114f4a20dccaa21ff15b69110d7b3910b5246e14491420402079ef91a28b1,2025,5,0.02905073
7b7114f4a20dccaa21ff15b69110d7b3910b5246e14491420402079ef91a28b1,2025,6,0.03323218
7b7114f4a20dccaa21ff15b69110d7b3910b5246e14491420402079ef91a28b1,2025,7,0.0124857975
7b7114f4a20dccaa21ff15b69110d7b3910b5246e14491420402079ef91a28b1,2025,8,0.0323533
7b7114f4a20dccaa21ff15b69110d7b3910b5246e14491420402079ef91a28b1,2025,9,0.10928266
7b7114f4a20dccaa21ff15b69110d7b3910b5246e14491420402079ef91a28b1,2025,10,0.3372792
7c4e789fc31408835cddd6a194bc4ff2e1e02bad1b356b0c32b42ac8f5629c26,2025,5,0.10479268
7c4e789fc31408835cddd6a194bc4ff2e1e02bad1b356b0c32b42ac8f5629c26,2025,6,0.0483549
7c4e789fc31408835cddd6a194bc4ff2e1e02bad1b356b0c32b42ac8f5629c26,2025,7,0.038874812
7c4e789fc31408835cddd6a194bc4ff2e1e02bad1b356b0c32b42ac8f5629c26,2025,8,0.03672682
7c4e789fc31408835cddd6a194bc4ff2e1e02bad1b356b0c32b42ac8f5629c26,2025,9,0.054822993
7c4e789fc31408835cddd6a194bc4ff2e1e02bad1b356b0c32b42ac8f5629c26,2025,10,0.13416864
7c7d3d311a4ad9a7d9b2484f3814b18a9ce7b24891abe0c3e1b44f3549e04a3d,2025,5,0.043080017
7c7d3d311a4ad9a7d9b2484f3814b18a9ce7b24891abe0c3e1b44f3549e04a3d,2025,6,0.007165437
7c7d3d311a4ad9a7d9b2484f3814b18a9ce7b24891abe0c3e1b44f3549e04a3d,2025,7,0.0047867196
7c7d3d311a4ad9a7d9b2484f3814b18a9ce7b24891abe0c3e1b44f3549e04a3d,2025,8,0.00812319
7c7d3d311a4ad9a7d9b2484f3814b18a9ce7b24891abe0c3e1b44f3549e04a3d,2025,9,0.025225848
7c7d3d311a4ad9a7d9b2484f3814b18a9ce7b24891abe0c3e1b44f3549e04a3d,2025,10,0.06427686
7d333bba6e72fe40b6c2f160b1ff9077f95645ff17712434189e96dcefb0294c,2025,5,0.02597232
7d333bba6e72fe40b6c2f160b1ff9077f95645ff17712434189e96dcefb0294c,2025,6,0.013019192
7d333bba6e72fe40b6c2f160b1ff9077f95645ff17712434189e96dcefb0294c,2025,7,0.01332714
7d333bba6e72fe40b6c2f160b1ff9077f95645ff17712434189e96dcefb0294c,2025,8,0.01190783
7d333bba6e72fe40b6c2f160b1ff9077f95645ff17712434189e96dcefb0294c,2025,9,0.01686334
7d333bba6e72fe40b6c2f160b1ff9077f95645ff17712434189e96dcefb0294c,2025,10,0.04792228
7d4d5dacfe6113d7b214710e1c6bb6abee4614b755e3c2a30f0d7bce4c14974a,2025,5,0.074815206
7d4d5dacfe6113d7b214710e1c6bb6abee4614b755e3c2a30f0d7bce4c14974a,2025,6,0.02783077
7d4d5dacfe6113d7b214710e1c6bb6abee4614b755e3c2a30f0d7bce4c14974a,2025,7,0.025957394
7d4d5dacfe6113d7b214710e1c6bb6abee4614b755e3c2a30f0d7bce4c14974a,2025,8,0.025408974
7d4d5dacfe6113d7b214710e1c6bb6abee4614b755e3c2a30f0d7bce4c14974a,2025,9,0.03682541
7d4d5dacfe6113d7b214710e1c6bb6abee4614b755e3c2a30f0d7bce4c14974a,2025,10,0.08805428
7d557fb0dc303b20765be8f5f6401b4dd439e617f895f1277009db211cd7aa46,2025,5,0.02395627
7d557fb0dc303b20765be8f5f6401b4dd439e617f895f1277009db211cd7aa46,2025,6,0.0055229957
7d557fb0dc303b20765be8f5f6401b4dd439e617f895f1277009db211cd7aa46,2025,7,0.0051426957
7d557fb0dc303b20765be8f5f6401b4dd439e617f895f1277009db211cd7aa46,2025,8,0.005396876
7d557fb0dc303b20765be8f5f6401b4dd439e617f895f1277009db211cd7aa46,2025,9,0.013056403
7d557fb0dc303b20765be8f5f6401b4dd439e617f895f1277009db211cd7aa46,2025,10,0.047173765
7d8a27dfcfd65ced529ba5a27bc6f0030841dc589a00e37d09de069bfa3f57b0,2025,5,0.059948754
7d8a27dfcfd65ced529ba5a27bc6f0030841dc589a00e37d09de069bfa3f57b0,2025,6,0.0129601415
7d8a27dfcfd65ced529ba5a27bc6f0030841dc589a00e37d09de069bfa3f57b0,2025,7,0.0127818715
7d8a27dfcfd65ced529ba5a27bc6f0030841dc589a00e37d09de069bfa3f57b0,2025,8,0.011734868
7d8a27dfcfd65ced529ba5a27bc6f0030841dc589a00e37d09de069bfa3f57b0,2025,9,0.020672105
7d8a27dfcfd65ced529ba5a27bc6f0030841dc589a00e37d09de069bfa3f57b0,2025,10,0.103909716
7dbf1f9d109b8c4b211083d05adc023271a157f6ab1342e58c5ac9835cb84c06,2025,5,0.04224988
7dbf1f9d109b8c4b211083d05adc023271a157f6ab1342e58c5ac9835cb84c06,2025,6,0.0086044
7dbf1f9d109b8c4b211083d05adc023271a157f6ab1342e58c5ac9835cb84c06,2025,7,0.009144589
7dbf1f9d109b8c4b211083d05adc023271a157f6ab1342e58c5ac9835cb84c06,2025,8,0.009984955
7dbf1f9d109b8c4b211083d05adc023271a157f6ab1342e58c5ac9835cb84c06,2025,9,0.017172238
7dbf1f9d109b8c4b211083d05adc023271a157f6ab1342e58c5ac9835cb84c06,2025,10,0.05881057
7e28613b2925f829d27ac3eb9ce8acbafcfe8d0d1b8773289266e40e6738cbd7,2025,5,0.06119004
7e28613b2925f829d27ac3eb9ce8acbafcfe8d0d1b8773289266e40e6738cbd7,2025,6,0.01196086
7e28613b2925f829d27ac3eb9ce8acbafcfe8d0d1b8773289266e40e6738cbd7,2025,7,0.010747686
7e28613b2925f829d27ac3eb9ce8acbafcfe8d0d1b8773289266e40e6738cbd7,2025,8,0.013349129
7e28613b2925f829d27ac3eb9ce8acbafcfe8d0d1b8773289266e40e6738cbd7,2025,9,0.027165085
7e28613b2925f829d27ac3eb9ce8acbafcfe8d0d1b8773289266e40e6738cbd7,2025,10,0.089758635
7e89f8a4a897a02fc8e21d76309a3a1bc43e488e053f17421376eb8765103579,2025,5,0.06227351
7e89f8a4a897a02fc8e21d76309a3a1bc43e488e053f17421376eb8765103579,2025,6,0.020083662
7e89f8a4a897a02fc8e21d76309a3a1bc43e488e053f17421376eb8765103579,2025,7,0.02810758
7e89f8a4a897a02fc8e21d76309a3a1bc43e488e053f17421376eb8765103579,2025,8,0.025137473
7e89f8a4a897a02fc8e21d76309a3a1bc43e488e053f17421376eb8765103579,2025,9,0.02861418
7e89f8a4a897a02fc8e21d76309a3a1bc43e488e053f17421376eb8765103579,2025,10,0.029347923
7f52cbc6657a81dd0e04c9b907dcef84a48f54f195b2c9b367e5bcd5e2fc06b9,2025,5,0.012349034
7f52cbc6657a81dd0e04c9b907dcef84a48f54f195b2c9b367e5bcd5e2fc06b9,2025,6,0.010751561
7f52cbc6657a81dd0e04c9b907dcef84a48f54f195b2c9b367e5bcd5e2fc06b9,2025,7,0.0075178756
7f52cbc6657a81dd0e04c9b907dcef84a48f54f195b2c9b367e5bcd5e2fc06b9,2025,8,0.009185592
7f52cbc6657a81dd0e04c9b907dcef84a48f54f195b2c9b367e5bcd5e2fc06b9,2025,9,0.013747962
7f52cbc6657a81dd0e04c9b907dcef84a48f54f195b2c9b367e5bcd5e2fc06b9,2025,10,0.051372193
8085fa2b1728040014e39862db4a4653804460b021aa8f3db01cb6abcba3d908,2025,5,0.02484758
8085fa2b1728040014e39862db4a4653804460b021aa8f3db01cb6abcba3d908,2025,6,0.012700454
8085fa2b1728040014e39862db4a4653804460b021aa8f3db01cb6abcba3d908,2025,7,0.008055215
8085fa2b1728040014e39862db4a4653804460b021aa8f3db01cb6abcba3d908,2025,8,0.010674226
8085fa2b1728040014e39862db4a4653804460b021aa8f3db01cb6abcba3d908,2025,9,0.013716328
8085fa2b1728040014e39862db4a4653804460b021aa8f3db01cb6abcba3d908,2025,10,0.03063397
80ee5b30b70748dc1f5f04e11bbd78507012ab29acb18384596f6a5f1c0039a2,2025,5,6.702958e-35
80ee5b30b70748dc1f5f04e11bbd78507012ab29acb18384596f6a5f1c0039a2,2025,6,0.0
80ee5b30b70748dc1f5f04e11bbd78507012ab29acb18384596f6a5f1c0039a2,2025,7,0.0
80ee5b30b70748dc1f5f04e11bbd78507012ab29acb18384596f6a5f1c0039a2,2025,8,0.0
80ee5b30b70748dc1f5f04e11bbd78507012ab29acb18384596f6a5f1c0039a2,2025,9,1.0812329e-33
80ee5b30b70748dc1f5f04e11bbd78507012ab29acb18384596f6a5f1c0039a2,2025,10,1.0411695e-33
80fcd0b666af54fda2ce5c8b811f92276aad2e749cf27a3453f4a50a0a71d0a4,2025,5,0.055465497
80fcd0b666af54fda2ce5c8b811f92276aad2e749cf27a3453f4a50a0a71d0a4,2025,6,0.012670215
80fcd0b666af54fda2ce5c8b811f92276aad2e749cf27a3453f4a50a0a71d0a4,2025,7,0.012984438
80fcd0b666af54fda2ce5c8b811f92276aad2e749cf27a3453f4a50a0a71d0a4,2025,8,0.012859853
80fcd0b666af54fda2ce5c8b811f92276aad2e749cf27a3453f4a50a0a71d0a4,2025,9,0.026969586
80fcd0b666af54fda2ce5c8b811f92276aad2e749cf27a3453f4a50a0a71d0a4,2025,10,0.09514539
81329600569bf120917a69e054527cc7c73f37ca433ffd39bed6e6b54fbed4c2,2025,5,0.10959066
81329600569bf120917a69e054527cc7c73f37ca433ffd39bed6e6b54fbed4c2,2025,6,0.040168084
81329600569bf120917a69e054527cc7c73f37ca433ffd39bed6e6b54fbed4c2,2025,7,0.038158353
81329600569bf120917a69e054527cc7c73f37ca433ffd39bed6e6b54fbed4c2,2025,8,0.03887954
81329600569bf120917a69e054527cc7c73f37ca433ffd39bed6e6b54fbed4c2,2025,9,0.06169638
81329600569bf120917a69e054527cc7c73f37ca433ffd39bed6e6b54fbed4c2,2025,10,0.23656183
81a635b7fd0cf0ba59169e6237be4dd28cf778f0710a5e1dba3cbdc051d02687,2025,5,0.017635984
81a635b7fd0cf0ba59169e6237be4dd28cf778f0710a5e1dba3cbdc051d02687,2025,6,0.013583822
81a635b7fd0cf0ba59169e6237be4dd28cf778f0710a5e1dba3cbdc051d02687,2025,7,0.009917086
81a635b7fd0cf0ba59169e6237be4dd28cf778f0710a5e1dba3cbdc051d02687,2025,8,0.014376658
81a635b7fd0cf0ba59169e6237be4dd28cf778f0710a5e1dba3cbdc051d02687,2025,9,0.013134249
81a635b7fd0cf0ba59169e6237be4dd28cf778f0710a5e1dba3cbdc051d02687,2025,10,9.63001e-07
81f94661a92ac53370bce5a144cbc6c46135c14b877f23cb9d9cd0907be1c9ad,2025,5,0.008697957
81f94661a92ac53370bce5a144cbc6c46135c14b877f23cb9d9cd0907be1c9ad,2025,6,0.0064033484
81f94661a92ac53370bce5a144cbc6c46135c14b877f23cb9d9cd0907be1c9ad,2025,7,0.0063945167
81f94661a92ac53370bce5a144cbc6c46135c14b877f23cb9d9cd0907be1c9ad,2025,8,0.010402442
81f94661a92ac53370bce5a144cbc6c46135c14b877f23cb9d9cd0907be1c9ad,2025,9,0.008183243
81f94661a92ac53370bce5a144cbc6c46135c14b877f23cb9d9cd0907be1c9ad,2025,10,0.024794227
82155ec5ad0940f39252ebe778ea5d867af2d67e4c6f56404e6ec6ff11e4e4b4,2025,5,0.036583543
82155ec5ad0940f39252ebe778ea5d867af2d67e4c6f56404e6ec6ff11e4e4b4,2025,6,0.013979308
82155ec5ad0940f39252ebe778ea5d867af2d67e4c6f56404e6ec6ff11e4e4b4,2025,7,0.011393789
82155ec5ad0940f39252ebe778ea5d867af2d67e4c6f56404e6ec6ff11e4e4b4,2025,8,0.010220265
82155ec5ad0940f39252ebe778ea5d867af2d67e4c6f56404e6ec6ff11e4e4b4,2025,9,0.01153325
82155ec5ad0940f39252ebe778ea5d867af2d67e4c6f56404e6ec6ff11e4e4b4,2025,10,0.07348013
82891cccfcd3e537164bdb544456e3f535def6f5c4dd2cb73a58c6c0ef11c406,2025,5,0.09411533
82891cccfcd3e537164bdb544456e3f535def6f5c4dd2cb73a58c6c0ef11c406,2025,6,0.0145629225
82891cccfcd3e537164bdb544456e3f535def6f5c4dd2cb73a58c6c0ef11c406,2025,7,0.011241656
82891cccfcd3e537164bdb544456e3f535def6f5c4dd2cb73a58c6c0ef11c406,2025,8,0.014561001
82891cccfcd3e537164bdb544456e3f535def6f5c4dd2cb73a58c6c0ef11c406,2025,9,0.03438971
82891cccfcd3e537164bdb544456e3f535def6f5c4dd2cb73a58c6c0ef11c406,2025,10,0.16054052
82ef0388ee68b8d4b4f94d722988b171998496146a56f0bcbab0e11a94f7c751,2025,5,0.039263133
82ef0388ee68b8d4b4f94d722988b171998496146a56f0bcbab0e11a94f7c751,2025,6,0.012699618
82ef0388ee68b8d4b4f94d722988b171998496146a56f0bcbab0e11a94f7c751,2025,7,0.011127746
82ef0388ee68b8d4b4f94d722988b171998496146a56f0bcbab0e11a94f7c751,2025,8,0.011588634
82ef0388ee68b8d4b4f94d722988b171998496146a56f0bcbab0e11a94f7c751,2025,9,0.02088922
82ef0388ee68b8d4b4f94d722988b171998496146a56f0bcbab0e11a94f7c751,2025,10,0.074152105
830deb718671ae706d4ad5965316b59c9447ab6158a59c0e22b21465c3465169,2025,5,0.22472842
830deb718671ae706d4ad5965316b59c9447ab6158a59c0e22b21465c3465169,2025,6,0.0019732655
830deb718671ae706d4ad5965316b59c9447ab6158a59c0e22b21465c3465169,2025,7,1.8144918e-05
830deb718671ae706d4ad5965316b59c9447ab6158a59c0e22b21465c3465169,2025,8,0.0053063845
830deb718671ae706d4ad5965316b59c9447ab6158a59c0e22b21465c3465169,2025,9,0.04563258
830deb718671ae706d4ad5965316b59c9447ab6158a59c0e22b21465c3465169,2025,10,0.20720144
836f073d005018cab5dba8c34b11866446648fc96304bd2c51b3a10daa25c69a,2025,5,0.060504153
836f073d005018cab5dba8c34b11866446648fc96304bd2c51b3a10daa25c69a,2025,6,0.009371663
836f073d005018cab5dba8c34b11866446648fc96304bd2c51b3a10daa25c69a,2025,7,0.009514303
836f073d005018cab5dba8c34b11866446648fc96304bd2c51b3a10daa25c69a,2025,8,0.015348916
836f073d005018cab5dba8c34b11866446648fc96304bd2c51b3a10daa25c69a,2025,9,0.040067833
836f073d005018cab5dba8c34b11866446648fc96304bd2c51b3a10daa25c69a,2025,10,0.08356895
84088011a5445196a0d121760f03c4b58b7f357eb2342604f34b471efde637a6,2025,5,0.005545017
84088011a5445196a0d121760f03c4b58b7f357eb2342604f34b471efde637a6,2025,6,0.008640648
84088011a5445196a0d121760f03c4b58b7f357eb2342604f34b471efde637a6,2025,7,0.007094369
84088011a5445196a0d121760f03c4b58b7f357eb2342604f34b471efde637a6,2025,8,0.007405184
84088011a5445196a0d121760f03c4b58b7f357eb2342604f34b471efde637a6,2025,9,0.012028403
84088011a5445196a0d121760f03c4b58b7f357eb2342604f34b471efde637a6,2025,10,0.0050526173
8433bdbeb21722fba87b9d2ab2b572c87c5a8c2672243d92cf9ad5db29fb27af,2025,5,0.055961117
8433bdbeb21722fba87b9d2ab2b572c87c5a8c2672243d92cf9ad5db29fb27af,2025,6,0.02503471
8433bdbeb21722fba87b9d2ab2b572c87c5a8c2672243d92cf9ad5db29fb27af,2025,7,0.018618098
8433bdbeb21722fba87b9d2ab2b572c87c5a8c2672243d92cf9ad5db29fb27af,2025,8,0.022581235
8433bdbeb21722fba87b9d2ab2b572c87c5a8c2672243d92cf9ad5db29fb27af,2025,9,0.031312115
8433bdbeb21722fba87b9d2ab2b572c87c5a8c2672243d92cf9ad5db29fb27af,2025,10,0.06639607
8485db42c24af4edc81c722e9f9d22fe8be5cc77da4ec80a1f3260bf87e436c5,2025,5,0.035277605
8485db42c24af4edc81c722e9f9d22fe8be5cc77da4ec80a1f3260bf87e436c5,2025,6,0.009140589
8485db42c24af4edc81c722e9f9d22fe8be5cc77da4ec80a1f3260bf87e436c5,2025,7,0.005919509
8485db42c24af4edc81c722e9f9d22fe8be5cc77da4ec80a1f3260bf87e436c5,2025,8,0.008209409
8485db42c24af4edc81c722e9f9d22fe8be5cc77da4ec80a1f3260bf87e436c5,2025,9,0.011543659
8485db42c24af4edc81c722e9f9d22fe8be5cc77da4ec80a1f3260bf87e436c5,2025,10,0.044798136
848d46cbf1fa6046f2be1ef3df5455b4edea2e1aace909f1e9f2013035e06afa,2025,5,0.027684994
848d46cbf1fa6046f2be1ef3df5455b4edea2e1aace909f1e9f2013035e06afa,2025,6,0.012389858
848d46cbf1fa6046f2be1ef3df5455b4edea2e1aace909f1e9f2013035e06afa,2025,7,0.011049795
848d46cbf1fa6046f2be1ef3df5455b4edea2e1aace909f1e9f2013035e06afa,2025,8,0.01159552
848d46cbf1fa6046f2be1ef3df5455b4edea2e1aace909f1e9f2013035e06afa,2025,9,0.023393726
848d46cbf1fa6046f2be1ef3df5455b4edea2e1aace909f1e9f2013035e06afa,2025,10,0.046700224
851c4764aec28bb45c6926f142f52221643b44c40e40db7369b33e471c1ce911,2025,5,0.093363106
851c4764aec28bb45c6926f142f52221643b44c40e40db7369b33e471c1ce911,2025,6,0.08270039
851c4764aec28bb45c6926f142f52221643b44c40e40db7369b33e471c1ce911,2025,7,0.079014994
851c4764aec28bb45c6926f142f52221643b44c40e40db7369b33e471c1ce911,2025,8,0.0737627
851c4764aec28bb45c6926f142f52221643b44c40e40db7369b33e471c1ce911,2025,9,0.064392
851c4764aec28bb45c6926f142f52221643b44c40e40db7369b33e471c1ce911,2025,10,0.16479848
85d1c5bb5d78773fe8cf3dd25df08cfd0dae749349879b570a3ea6fc638dfcd8,2025,5,0.024471158
85d1c5bb5d78773fe8cf3dd25df08cfd0dae749349879b570a3ea6fc638dfcd8,2025,6,0.00992156
85d1c5bb5d78773fe8cf3dd25df08cfd0dae749349879b570a3ea6fc638dfcd8,2025,7,0.008068833
85d1c5bb5d78773fe8cf3dd25df08cfd0dae749349879b570a3ea6fc638dfcd8,2025,8,0.011628522
85d1c5bb5d78773fe8cf3dd25df08cfd0dae749349879b570a3ea6fc638dfcd8,2025,9,0.01819014
85d1c5bb5d78773fe8cf3dd25df08cfd0dae749349879b570a3ea6fc638dfcd8,2025,10,0.047813196
8610c3c6f79a7ee379a6021d5e1cbd5c8da63dfbbd641ed874bf020ee2bd222a,2025,5,0.11950628
8610c3c6f79a7ee379a6021d5e1cbd5c8da63dfbbd641ed874bf020ee2bd222a,2025,6,0.040404156
8610c3c6f79a7ee379a6021d5e1cbd5c8da63dfbbd641ed874bf020ee2bd222a,2025,7,0.046407446
8610c3c6f79a7ee379a6021d5e1cbd5c8da63dfbbd641ed874bf020ee2bd222a,2025,8,0.049316935
8610c3c6f79a7ee379a6021d5e1cbd5c8da63dfbbd641ed874bf020ee2bd222a,2025,9,0.08573723
8610c3c6f79a7ee379a6021d5e1cbd5c8da63dfbbd641ed874bf020ee2bd222a,2025,10,0.23805372
86df9ecd74bcea02a3a00e713e391bd45d11a32281de57652442df2d3052548c,2025,5,0.05395498
86df9ecd74bcea02a3a00e713e391bd45d11a32281de57652442df2d3052548c,2025,6,0.01719996
86df9ecd74bcea02a3a00e713e391bd45d11a32281de57652442df2d3052548c,2025,7,0.016334986
86df9ecd74bcea02a3a00e713e391bd45d11a32281de57652442df2d3052548c,2025,8,0.019997913
86df9ecd74bcea02a3a00e713e391bd45d11a32281de57652442df2d3052548c,2025,9,0.019956514
86df9ecd74bcea02a3a00e713e391bd45d11a32281de57652442df2d3052548c,2025,10,0.07716269
87077566d8c7a23eefc015de590d0f4459ed54fede583d0fa4a72fc94ba0610d,2025,5,0.06422029
87077566d8c7a23eefc015de590d0f4459ed54fede583d0fa4a72fc94ba0610d,2025,6,0.0032156603
87077566d8c7a23eefc015de590d0f4459ed54fede583d0fa4a72fc94ba0610d,2025,7,0.0019628343
87077566d8c7a23eefc015de590d0f4459ed54fede583d0fa4a72fc94ba0610d,2025,8,0.0024731979
87077566d8c7a23eefc015de590d0f4459ed54fede583d0fa4a72fc94ba0610d,2025,9,0.003234126
87077566d8c7a23eefc015de590d0f4459ed54fede583d0fa4a72fc94ba0610d,2025,10,0.0761553
8721996c036dcca5223d33295e214836d1e575d0ea332abffd811a5a7dcc1a59,2025,5,0.021189114
8721996c036dcca5223d33295e214836d1e575d0ea332abffd811a5a7dcc1a59,2025,6,0.015035458
8721996c036dcca5223d33295e214836d1e575d0ea332abffd811a5a7dcc1a59,2025,7,0.015048412
8721996c036dcca5223d33295e214836d1e575d0ea332abffd811a5a7dcc1a59,2025,8,0.016252473
8721996c036dcca5223d33295e214836d1e575d0ea332abffd811a5a7dcc1a59,2025,9,0.016316563
8721996c036dcca5223d33295e214836d1e575d0ea332abffd811a5a7dcc1a59,2025,10,0.027041892
87d4f48b07ca4cf08972b5568c4455137ff1f367a0b22369540d06f971ec0912,2025,5,0.015877409
87d4f48b07ca4cf08972b5568c4455137ff1f367a0b22369540d06f971ec0912,2025,6,0.009132623
87d4f48b07ca4cf08972b5568c4455137ff1f367a0b22369540d06f971ec0912,2025,7,0.007821312
87d4f48b07ca4cf08972b5568c4455137ff1f367a0b22369540d06f971ec0912,2025,8,0.007905256
87d4f48b07ca4cf08972b5568c4455137ff1f367a0b22369540d06f971ec0912,2025,9,0.009131592
87d4f48b07ca4cf08972b5568c4455137ff1f367a0b22369540d06f971ec0912,2025,10,0.01849418
87fe31c01844105e2f6b7c62517825ed7f721465b2bfc5c38aec38ef274f1961,2025,5,0.017245866
87fe31c01844105e2f6b7c62517825ed7f721465b2bfc5c38aec38ef274f1961,2025,6,0.011504067
87fe31c01844105e2f6b7c62517825ed7f721465b2bfc5c38aec38ef274f1961,2025,7,0.008380221
87fe31c01844105e2f6b7c62517825ed7f721465b2bfc5c38aec38ef274f1961,2025,8,0.009327685
87fe31c01844105e2f6b7c62517825ed7f721465b2bfc5c38aec38ef274f1961,2025,9,0.014570571
87fe31c01844105e2f6b7c62517825ed7f721465b2bfc5c38aec38ef274f1961,2025,10,0.034722466
882f119ffc7fae6dbf06488b196a1b2d438bb0374177536a677fb8e14e2778fb,2025,5,0.024101421
882f119ffc7fae6dbf06488b196a1b2d438bb0374177536a677fb8e14e2778fb,2025,6,0.008668826
882f119ffc7fae6dbf06488b196a1b2d438bb0374177536a677fb8e14e2778fb,2025,7,0.008619118
882f119ffc7fae6dbf06488b196a1b2d438bb0374177536a677fb8e14e2778fb,2025,8,0.009624247
882f119ffc7fae6dbf06488b196a1b2d438bb0374177536a677fb8e14e2778fb,2025,9,0.013125851
882f119ffc7fae6dbf06488b196a1b2d438bb0374177536a677fb8e14e2778fb,2025,10,0.068095766
884a4ba105c92c2022cf8e35ce5be843fbed06bbaf12e65e07ccdeeb2841bf64,2025,5,0.05057954
884a4ba105c92c2022cf8e35ce5be843fbed06bbaf12e65e07ccdeeb2841bf64,2025,6,0.02263952
884a4ba105c92c2022cf8e35ce5be843fbed06bbaf12e65e07ccdeeb2841bf64,2025,7,0.016359216
884a4ba105c92c2022cf8e35ce5be843fbed06bbaf12e65e07ccdeeb2841bf64,2025,8,0.018092507
884a4ba105c92c2022cf8e35ce5be843fbed06bbaf12e65e07ccdeeb2841bf64,2025,9,0.02392099
884a4ba105c92c2022cf8e35ce5be843fbed06bbaf12e65e07ccdeeb2841bf64,2025,10,0.06092723
89fa9f3445cbe7e97d5bdfaf70b0b47b15dcd123fbbe4bbf7668755eb124fce7,2025,5,0.027913442
89fa9f3445cbe7e97d5bdfaf70b0b47b15dcd123fbbe4bbf7668755eb124fce7,2025,6,0.025021441
89fa9f3445cbe7e97d5bdfaf70b0b47b15dcd123fbbe4bbf7668755eb124fce7,2025,7,0.022151351
89fa9f3445cbe7e97d5bdfaf70b0b47b15dcd123fbbe4bbf7668755eb124fce7,2025,8,0.025338702
89fa9f3445cbe7e97d5bdfaf70b0b47b15dcd123fbbe4bbf7668755eb124fce7,2025,9,0.02564752
89fa9f3445cbe7e97d5bdfaf70b0b47b15dcd123fbbe4bbf7668755eb124fce7,2025,10,0.02405176
8a5e4d375f7dc1f526f9ab58d8abbd0c94aa10114cc32052ea100eb2b0b3110f,2025,5,0.11786676
8a5e4d375f7dc1f526f9ab58d8abbd0c94aa10114cc32052ea100eb2b0b3110f,2025,6,0.01902891
8a5e4d375f7dc1f526f9ab58d8abbd0c94aa10114cc32052ea100eb2b0b3110f,2025,7,0.014425318
8a5e4d375f7dc1f526f9ab58d8abbd0c94aa10114cc32052ea100eb2b0b3110f,2025,8,0.025213482
8a5e4d375f7dc1f526f9ab58d8abbd0c94aa10114cc32052ea100eb2b0b3110f,2025,9,0.042643372
8a5e4d375f7dc1f526f9ab58d8abbd0c94aa10114cc32052ea100eb2b0b3110f,2025,10,0.1479074
8a7075007898e838b4d60378b99a0494076e0235eef8d74ffb67ac9eaa37c632,2025,5,0.03971518
8a7075007898e838b4d60378b99a0494076e0235eef8d74ffb67ac9eaa37c632,2025,6,0.0026400667
8a7075007898e838b4d60378b99a0494076e0235eef8d74ffb67ac9eaa37c632,2025,7,0.0001806324
8a7075007898e838b4d60378b99a0494076e0235eef8d74ffb67ac9eaa37c632,2025,8,1.9272116e-05
8a7075007898e838b4d60378b99a0494076e0235eef8d74ffb67ac9eaa37c632,2025,9,5.651716e-06
8a7075007898e838b4d60378b99a0494076e0235eef8d74ffb67ac9eaa37c632,2025,10,0.004873029
8afcdbb643a722b76be0c76297cef9df2642c5d0c6c29513475996f2add953aa,2025,5,0.0378776
8afcdbb643a722b76be0c76297cef9df2642c5d0c6c29513475996f2add953aa,2025,6,0.013450207
8afcdbb643a722b76be0c76297cef9df2642c5d0c6c29513475996f2add953aa,2025,7,0.010247144
8afcdbb643a722b76be0c76297cef9df2642c5d0c6c29513475996f2add953aa,2025,8,0.013001702
8afcdbb643a722b76be0c76297cef9df2642c5d0c6c29513475996f2add953aa,2025,9,0.023792189
8afcdbb643a722b76be0c76297cef9df2642c5d0c6c29513475996f2add953aa,2025,10,0.051084153
8b2de4ed5a0c1a537f2ac9b0f3088ec3a0bef64805f4a6be4f823cc53c3a0750,2025,5,0.017615715
8b2de4ed5a0c1a537f2ac9b0f3088ec3a0bef64805f4a6be4f823cc53c3a0750,2025,6,0.005742941
8b2de4ed5a0c1a537f2ac9b0f3088ec3a0bef64805f4a6be4f823cc53c3a0750,2025,7,0.0041252836
8b2de4ed5a0c1a537f2ac9b0f3088ec3a0bef64805f4a6be4f823cc53c3a0750,2025,8,0.0036603669
8b2de4ed5a0c1a537f2ac9b0f3088ec3a0bef64805f4a6be4f823cc53c3a0750,2025,9,0.007242088
8b2de4ed5a0c1a537f2ac9b0f3088ec3a0bef64805f4a6be4f823cc53c3a0750,2025,10,0.029569348
8b940fb8b78eddf960dbd5026201f431b7e6c998444858d42b9d16c118849bcc,2025,5,0.037830237
8b940fb8b78eddf960dbd5026201f431b7e6c998444858d42b9d16c118849bcc,2025,6,0.0153141655
8b940fb8b78eddf960dbd5026201f431b7e6c998444858d42b9d16c118849bcc,2025,7,0.0124373995
8b940fb8b78eddf960dbd5026201f431b7e6c998444858d42b9d16c118849bcc,2025,8,0.011364536
8b940fb8b78eddf960dbd5026201f431b7e6c998444858d42b9d16c118849bcc,2025,9,0.014745636
8b940fb8b78eddf960dbd5026201f431b7e6c998444858d42b9d16c118849bcc,2025,10,0.119768515
8bb04c45bab48601fb733cc5e2796657096fc30c9d8d651c59bd7fbf3f6fbf8d,2025,5,0.027264675
8bb04c45bab48601fb733cc5e2796657096fc30c9d8d651c59bd7fbf3f6fbf8d,2025,6,0.0073342896
8bb04c45bab48601fb733cc5e2796657096fc30c9d8d651c59bd7fbf3f6fbf8d,2025,7,0.004980033
8bb04c45bab48601fb733cc5e2796657096fc30c9d8d651c59bd7fbf3f6fbf8d,2025,8,0.0057716807
8bb04c45bab48601fb733cc5e2796657096fc30c9d8d651c59bd7fbf3f6fbf8d,2025,9,0.014163089
8bb04c45bab48601fb733cc5e2796657096fc30c9d8d651c59bd7fbf3f6fbf8d,2025,10,0.05805355
8c24ffa8d5f665711287280168acf9e8c2a971d118ca50e3da5b638d33f867dc,2025,5,0.038758334
8c24ffa8d5f665711287280168acf9e8c2a971d118ca50e3da5b638d33f867dc,2025,6,0.016260589
8c24ffa8d5f665711287280168acf9e8c2a971d118ca50e3da5b638d33f867dc,2025,7,0.014679863
8c24ffa8d5f665711287280168acf9e8c2a971d118ca50e3da5b638d33f867dc,2025,8,0.011607992
8c24ffa8d5f665711287280168acf9e8c2a971d118ca50e3da5b638d33f867dc,2025,9,0.025097048
8c24ffa8d5f665711287280168acf9e8c2a971d118ca50e3da5b638d33f867dc,2025,10,0.073340446
8c42ab318fdbd97583a88225adea8f69ef9158f054213498924cf7d79b714757,2025,5,0.05587708
8c42ab318fdbd97583a88225adea8f69ef9158f054213498924cf7d79b714757,2025,6,0.015685447
8c42ab318fdbd97583a88225adea8f69ef9158f054213498924cf7d79b714757,2025,7,0.0078756865
8c42ab318fdbd97583a88225adea8f69ef9158f054213498924cf7d79b714757,2025,8,0.014012385
8c42ab318fdbd97583a88225adea8f69ef9158f054213498924cf7d79b714757,2025,9,0.022929639
8c42ab318fdbd97583a88225adea8f69ef9158f054213498924cf7d79b714757,2025,10,0.06366167
8c872721bc8525814ad8ec0ae7bbcd09be4da55b1c93c33e360eaa4b82ac608f,2025,5,0.031024305
8c872721bc8525814ad8ec0ae7bbcd09be4da55b1c93c33e360eaa4b82ac608f,2025,6,0.01170089
8c872721bc8525814ad8ec0ae7bbcd09be4da55b1c93c33e360eaa4b82ac608f,2025,7,0.012814322
8c872721bc8525814ad8ec0ae7bbcd09be4da55b1c93c33e360eaa4b82ac608f,2025,8,0.0122289425
8c872721bc8525814ad8ec0ae7bbcd09be4da55b1c93c33e360eaa4b82ac608f,2025,9,0.0210299
8c872721bc8525814ad8ec0ae7bbcd09be4da55b1c93c33e360eaa4b82ac608f,2025,10,0.067942984
8d0e8fca04595dc54b813d58afe65358b0706f2cf2a4baf52cb9eee8579d5f68,2025,5,0.2148867
8d0e8fca04595dc54b813d58afe65358b0706f2cf2a4baf52cb9eee8579d5f68,2025,7,0.0755601
8d0e8fca04595dc54b813d58afe65358b0706f2cf2a4baf52cb9eee8579d5f68,2025,8,0.07759854
8d0e8fca04595dc54b813d58afe65358b0706f2cf2a4baf52cb9eee8579d5f68,2025,9,0.12167534
8d0e8fca04595dc54b813d58afe65358b0706f2cf2a4baf52cb9eee8579d5f68,2025,10,0.24603997
8da8db61492f10a095483cb461b60d9a99358045b6a1996230b469015f08c93c,2025,5,0.049677797
8da8db61492f10a095483cb461b60d9a99358045b6a1996230b469015f08c93c,2025,6,0.0020586252
8da8db61492f10a095483cb461b60d9a99358045b6a1996230b469015f08c93c,2025,7,0.0024920667
8da8db61492f10a095483cb461b60d9a99358045b6a1996230b469015f08c93c,2025,8,0.0038099897
8da8db61492f10a095483cb461b60d9a99358045b6a1996230b469015f08c93c,2025,9,0.025175232
8da8db61492f10a095483cb461b60d9a99358045b6a1996230b469015f08c93c,2025,10,0.10681122
8dbcf79959941f46205681e840149b92d81e0d2772768cef86ec12f81e985dcb,2025,5,0.036032964
8dbcf79959941f46205681e840149b92d81e0d2772768cef86ec12f81e985dcb,2025,6,0.009885283
8dbcf79959941f46205681e840149b92d81e0d2772768cef86ec12f81e985dcb,2025,8,0.0024471837
8dbcf79959941f46205681e840149b92d81e0d2772768cef86ec12f81e985dcb,2025,9,0.03371943
8dbcf79959941f46205681e840149b92d81e0d2772768cef86ec12f81e985dcb,2025,10,0.08171246
8e8927635d8b096b01db328425a04ca07f9a9f82a1226ca581b493ce7ee97b7a,2025,5,0.010198331
8e8927635d8b096b01db328425a04ca07f9a9f82a1226ca581b493ce7ee97b7a,2025,6,0.0070423665
8e8927635d8b096b01db328425a04ca07f9a9f82a1226ca581b493ce7ee97b7a,2025,7,0.0066397055
8e8927635d8b096b01db328425a04ca07f9a9f82a1226ca581b493ce7ee97b7a,2025,8,0.0073438687
8e8927635d8b096b01db328425a04ca07f9a9f82a1226ca581b493ce7ee97b7a,2025,9,0.008178037
8e8927635d8b096b01db328425a04ca07f9a9f82a1226ca581b493ce7ee97b7a,2025,10,0.012019876
8eb20ad555ad9b4a7b20dfa68a27966efc9aa7a2acdb588c9855a1bb02251428,2025,5,0.1115123
8eb20ad555ad9b4a7b20dfa68a27966efc9aa7a2acdb588c9855a1bb02251428,2025,6,0.0279996
8eb20ad555ad9b4a7b20dfa68a27966efc9aa7a2acdb588c9855a1bb02251428,2025,7,0.029617745
8eb20ad555ad9b4a7b20dfa68a27966efc9aa7a2acdb588c9855a1bb02251428,2025,8,0.031989716
8eb20ad555ad9b4a7b20dfa68a27966efc9aa7a2acdb588c9855a1bb02251428,2025,9,0.06163131
8eb20ad555ad9b4a7b20dfa68a27966efc9aa7a2acdb588c9855a1bb02251428,2025,10,0.1733576
8ec51680758c9b98c7e1d0cfbf59a889ccc92a781c1bbe5ed14d19d01161745e,2025,5,0.03334561
8ec51680758c9b98c7e1d0cfbf59a889ccc92a781c1bbe5ed14d19d01161745e,2025,6,0.009552047
8ec51680758c9b98c7e1d0cfbf59a889ccc92a781c1bbe5ed14d19d01161745e,2025,7,0.006729357
8ec51680758c9b98c7e1d0cfbf59a889ccc92a781c1bbe5ed14d19d01161745e,2025,8,0.00991523
8ec51680758c9b98c7e1d0cfbf59a889ccc92a781c1bbe5ed14d19d01161745e,2025,9,0.018722255
8ec51680758c9b98c7e1d0cfbf59a889ccc92a781c1bbe5ed14d19d01161745e,2025,10,0.043783933
8eec8250480b57138ce52d2502b2e704ab55a67e966ef4d8483490f65ce2e185,2025,5,0.019406399
8eec8250480b57138ce52d2502b2e704ab55a67e966ef4d8483490f65ce2e185,2025,6,0.0055892235
8eec8250480b57138ce52d2502b2e704ab55a67e966ef4d8483490f65ce2e185,2025,7,0.02092552
8eec8250480b57138ce52d2502b2e704ab55a67e966ef4d8483490f65ce2e185,2025,10,0.005168133
8f5fc10e102027696d808c845ecfdbd79a5197a6372a5e6ab5a4688a33064001,2025,5,0.025702685
8f5fc10e102027696d808c845ecfdbd79a5197a6372a5e6ab5a4688a33064001,2025,6,0.021759685
8f5fc10e102027696d808c845ecfdbd79a5197a6372a5e6ab5a4688a33064001,2025,7,0.01898697
8f5fc10e102027696d808c845ecfdbd79a5197a6372a5e6ab5a4688a33064001,2025,8,0.019506872
8f5fc10e102027696d808c845ecfdbd79a5197a6372a5e6ab5a4688a33064001,2025,9,0.025012534
8f5fc10e102027696d808c845ecfdbd79a5197a6372a5e6ab5a4688a33064001,2025,10,0.09493571
8f7425a2facbce1dd6c1d1d3cbcbf2c7056c12566e0974307ac878536498d196,2025,5,0.027847659
8f7425a2facbce1dd6c1d1d3cbcbf2c7056c12566e0974307ac878536498d196,2025,6,0.006128355
8f7425a2facbce1dd6c1d1d3cbcbf2c7056c12566e0974307ac878536498d196,2025,7,0.00531036
8f7425a2facbce1dd6c1d1d3cbcbf2c7056c12566e0974307ac878536498d196,2025,8,0.0058676577
8f7425a2facbce1dd6c1d1d3cbcbf2c7056c12566e0974307ac878536498d196,2025,9,0.012565571
8f7425a2facbce1dd6c1d1d3cbcbf2c7056c12566e0974307ac878536498d196,2025,10,0.050209466
8fa8da384822ef47da21f2ce985c6dd81b4298fa982b4e7bf1873adfde8d554a,2025,5,0.06586054
8fa8da384822ef47da21f2ce985c6dd81b4298fa982b4e7bf1873adfde8d554a,2025,6,0.034991134
8fa8da384822ef47da21f2ce985c6dd81b4298fa982b4e7bf1873adfde8d554a,2025,7,0.016609455
8fa8da384822ef47da21f2ce985c6dd81b4298fa982b4e7bf1873adfde8d554a,2025,8,0.020202354
8fa8da384822ef47da21f2ce985c6dd81b4298fa982b4e7bf1873adfde8d554a,2025,9,0.038170528
8fa8da384822ef47da21f2ce985c6dd81b4298fa982b4e7bf1873adfde8d554a,2025,10,0.0763015
8fc50b80a0f13aff7fa6bfdfd70155df2c050872fe6f640ba6db379bfec2f67b,2025,5,0.0383266
8fc50b80a0f13aff7fa6bfdfd70155df2c050872fe6f640ba6db379bfec2f67b,2025,6,0.021962522
8fc50b80a0f13aff7fa6bfdfd70155df2c050872fe6f640ba6db379bfec2f67b,2025,7,0.015875919
8fc50b80a0f13aff7fa6bfdfd70155df2c050872fe6f640ba6db379bfec2f67b,2025,8,0.02291842
8fc50b80a0f13aff7fa6bfdfd70155df2c050872fe6f640ba6db379bfec2f67b,2025,9,0.024669798
8fc50b80a0f13aff7fa6bfdfd70155df2c050872fe6f640ba6db379bfec2f67b,2025,10,0.0680186
9020d74cfc53a2caed885b6d6c8f95474aa7a5ad02569e4bfc778ec75e7559c4,2025,5,0.009189357
9020d74cfc53a2caed885b6d6c8f95474aa7a5ad02569e4bfc778ec75e7559c4,2025,6,0.0049582603
9020d74cfc53a2caed885b6d6c8f95474aa7a5ad02569e4bfc778ec75e7559c4,2025,7,0.0054742796
9020d74cfc53a2caed885b6d6c8f95474aa7a5ad02569e4bfc778ec75e7559c4,2025,8,0.004622092
9020d74cfc53a2caed885b6d6c8f95474aa7a5ad02569e4bfc778ec75e7559c4,2025,9,0.006182117
9020d74cfc53a2caed885b6d6c8f95474aa7a5ad02569e4bfc778ec75e7559c4,2025,10,0.0155259855
90618b8c15ff47d173421da1a64eae95dc1584bb86c7289d4a210b2cb7d7cbbe,2025,5,0.19349156
90618b8c15ff47d173421da1a64eae95dc1584bb86c7289d4a210b2cb7d7cbbe,2025,6,0.07328133
90618b8c15ff47d173421da1a64eae95dc1584bb86c7289d4a210b2cb7d7cbbe,2025,7,0.07222958
90618b8c15ff47d173421da1a64eae95dc1584bb86c7289d4a210b2cb7d7cbbe,2025,8,0.06990549
90618b8c15ff47d173421da1a64eae95dc1584bb86c7289d4a210b2cb7d7cbbe,2025,9,0.09463789
90618b8c15ff47d173421da1a64eae95dc1584bb86c7289d4a210b2cb7d7cbbe,2025,10,0.2310146
91271dfcff8505336f8e98b848e6adb02695c88aeeb5ee8a8efe6ed11332cd09,2025,5,0.001505953
91271dfcff8505336f8e98b848e6adb02695c88aeeb5ee8a8efe6ed11332cd09,2025,6,0.0011053013
91271dfcff8505336f8e98b848e6adb02695c88aeeb5ee8a8efe6ed11332cd09,2025,7,0.0032993706
91271dfcff8505336f8e98b848e6adb02695c88aeeb5ee8a8efe6ed11332cd09,2025,8,0.0013668258
91271dfcff8505336f8e98b848e6adb02695c88aeeb5ee8a8efe6ed11332cd09,2025,9,0.0017722785
91271dfcff8505336f8e98b848e6adb02695c88aeeb5ee8a8efe6ed11332cd09,2025,10,0.0022320526
91359fa9a66735679d86a3f28ec7a12916988ab4e980c1c64f0cda446065b198,2025,5,0.040136207
91359fa9a66735679d86a3f28ec7a12916988ab4e980c1c64f0cda446065b198,2025,6,0.010502566
91359fa9a66735679d86a3f28ec7a12916988ab4e980c1c64f0cda446065b198,2025,7,0.008794402
91359fa9a66735679d86a3f28ec7a12916988ab4e980c1c64f0cda446065b198,2025,8,0.008875471
91359fa9a66735679d86a3f28ec7a12916988ab4e980c1c64f0cda446065b198,2025,9,0.011878645
91359fa9a66735679d86a3f28ec7a12916988ab4e980c1c64f0cda446065b198,2025,10,0.053214107
914a2c3929dedb0fa04fa84d3eb443540fe3820dcf86cb3ef8bbb47fb0006101,2025,5,0.060425162
914a2c3929dedb0fa04fa84d3eb443540fe3820dcf86cb3ef8bbb47fb0006101,2025,6,0.012094687
914a2c3929dedb0fa04fa84d3eb443540fe3820dcf86cb3ef8bbb47fb0006101,2025,7,0.0077038365
914a2c3929dedb0fa04fa84d3eb443540fe3820dcf86cb3ef8bbb47fb0006101,2025,8,0.008189081
914a2c3929dedb0fa04fa84d3eb443540fe3820dcf86cb3ef8bbb47fb0006101,2025,9,0.025756737
914a2c3929dedb0fa04fa84d3eb443540fe3820dcf86cb3ef8bbb47fb0006101,2025,10,0.10800742
915b66859b83ebf269117b1f1164dd621dd97899bdde69dbd90dee3b4958adb4,2025,5,0.04890677
915b66859b83ebf269117b1f1164dd621dd97899bdde69dbd90dee3b4958adb4,2025,6,0.012538446
915b66859b83ebf269117b1f1164dd621dd97899bdde69dbd90dee3b4958adb4,2025,7,0.008972395
915b66859b83ebf269117b1f1164dd621dd97899bdde69dbd90dee3b4958adb4,2025,8,0.009654181
915b66859b83ebf269117b1f1164dd621dd97899bdde69dbd90dee3b4958adb4,2025,9,0.022342993
915b66859b83ebf269117b1f1164dd621dd97899bdde69dbd90dee3b4958adb4,2025,10,0.06681619
92edd7dda3afab5147e1e42e46b7f4c3baf3aaef7c92a9085ac6df384bf06d35,2025,5,0.025026608
92edd7dda3afab5147e1e42e46b7f4c3baf3aaef7c92a9085ac6df384bf06d35,2025,6,0.008671263
92edd7dda3afab5147e1e42e46b7f4c3baf3aaef7c92a9085ac6df384bf06d35,2025,7,0.01180472
92edd7dda3afab5147e1e42e46b7f4c3baf3aaef7c92a9085ac6df384bf06d35,2025,8,0.013676262
92edd7dda3afab5147e1e42e46b7f4c3baf3aaef7c92a9085ac6df384bf06d35,2025,9,0.013549262
92edd7dda3afab5147e1e42e46b7f4c3baf3aaef7c92a9085ac6df384bf06d35,2025,10,0.02563051
93994583a213359d175a517cecd0a77ce5d37e9d4d91b5a1965f037bb218cafc,2025,5,0.009118103
93994583a213359d175a517cecd0a77ce5d37e9d4d91b5a1965f037bb218cafc,2025,6,0.0066158576
93994583a213359d175a517cecd0a77ce5d37e9d4d91b5a1965f037bb218cafc,2025,7,0.004687925
93994583a213359d175a517cecd0a77ce5d37e9d4d91b5a1965f037bb218cafc,2025,8,0.005995491
93994583a213359d175a517cecd0a77ce5d37e9d4d91b5a1965f037bb218cafc,2025,9,0.0070681632
93994583a213359d175a517cecd0a77ce5d37e9d4d91b5a1965f037bb218cafc,2025,10,0.010137106
93ad1e23564ab23c59364911c75955fcb23050e4a32d99b2062b1bd994354db0,2025,5,0.041899104
93ad1e23564ab23c59364911c75955fcb23050e4a32d99b2062b1bd994354db0,2025,6,0.006292307
93ad1e23564ab23c59364911c75955fcb23050e4a32d99b2062b1bd994354db0,2025,7,0.005740883
93ad1e23564ab23c59364911c75955fcb23050e4a32d99b2062b1bd994354db0,2025,8,0.006443107
93ad1e23564ab23c59364911c75955fcb23050e4a32d99b2062b1bd994354db0,2025,9,0.019003853
93ad1e23564ab23c59364911c75955fcb23050e4a32d99b2062b1bd994354db0,2025,10,0.091225564
9479dd76e74cbfbfad11a3900be9799061405347e158a1d91f9400b0793b3695,2025,5,0.046504796
9479dd76e74cbfbfad11a3900be9799061405347e158a1d91f9400b0793b3695,2025,6,0.012999943
9479dd76e74cbfbfad11a3900be9799061405347e158a1d91f9400b0793b3695,2025,7,0.007870483
9479dd76e74cbfbfad11a3900be9799061405347e158a1d91f9400b0793b3695,2025,8,0.009434521
9479dd76e74cbfbfad11a3900be9799061405347e158a1d91f9400b0793b3695,2025,9,0.016994191
9479dd76e74cbfbfad11a3900be9799061405347e158a1d91f9400b0793b3695,2025,10,0.054692104
948af1e02703a676e3cec85891e700667e47ad4eaa716ec02200d78f61f9ae2d,2025,5,0.036809925
948af1e02703a676e3cec85891e700667e47ad4eaa716ec02200d78f61f9ae2d,2025,6,0.019234303
948af1e02703a676e3cec85891e700667e47ad4eaa716ec02200d78f61f9ae2d,2025,7,0.022594254
948af1e02703a676e3cec85891e700667e47ad4eaa716ec02200d78f61f9ae2d,2025,8,0.01769044
948af1e02703a676e3cec85891e700667e47ad4eaa716ec02200d78f61f9ae2d,2025,9,0.019941937
948af1e02703a676e3cec85891e700667e47ad4eaa716ec02200d78f61f9ae2d,2025,10,0.04253334
94beb94fa6b41b953653c02fa14e63f04ca9ca33fafc3dc33cf6dcb97563c2eb,2025,5,0.040309004
94beb94fa6b41b953653c02fa14e63f04ca9ca33fafc3dc33cf6dcb97563c2eb,2025,6,0.017272795
94beb94fa6b41b953653c02fa14e63f04ca9ca33fafc3dc33cf6dcb97563c2eb,2025,7,0.013073336
94beb94fa6b41b953653c02fa14e63f04ca9ca33fafc3dc33cf6dcb97563c2eb,2025,8,0.014939126
94beb94fa6b41b953653c02fa14e63f04ca9ca33fafc3dc33cf6dcb97563c2eb,2025,9,0.023373965
94beb94fa6b41b953653c02fa14e63f04ca9ca33fafc3dc33cf6dcb97563c2eb,2025,10,0.056555744
9711fe8bb9113e897738d66c4dfd3c35e36ffe8fbdd76469305503a0980b48b4,2025,5,0.049557865
9711fe8bb9113e897738d66c4dfd3c35e36ffe8fbdd76469305503a0980b48b4,2025,6,0.01076193
9711fe8bb9113e897738d66c4dfd3c35e36ffe8fbdd76469305503a0980b48b4,2025,7,0.009806607
9711fe8bb9113e897738d66c4dfd3c35e36ffe8fbdd76469305503a0980b48b4,2025,8,0.010076866
9711fe8bb9113e897738d66c4dfd3c35e36ffe8fbdd76469305503a0980b48b4,2025,9,0.01761468
9711fe8bb9113e897738d66c4dfd3c35e36ffe8fbdd76469305503a0980b48b4,2025,10,0.07639278
97502d2649bf0c80a7f2f2f33824491349da81e3bd57d048f32e9b4a8c455a02,2025,5,0.04818816
97502d2649bf0c80a7f2f2f33824491349da81e3bd57d048f32e9b4a8c455a02,2025,6,0.02767575
97502d2649bf0c80a7f2f2f33824491349da81e3bd57d048f32e9b4a8c455a02,2025,7,0.023546258
97502d2649bf0c80a7f2f2f33824491349da81e3bd57d048f32e9b4a8c455a02,2025,8,0.026819844
97502d2649bf0c80a7f2f2f33824491349da81e3bd57d048f32e9b4a8c455a02,2025,9,0.031149333
97502d2649bf0c80a7f2f2f33824491349da81e3bd57d048f32e9b4a8c455a02,2025,10,0.07739905
97caf03b948cfdc0559e4d0698fcca0f5613b4358213d13f7d6a959896ef183d,2025,5,0.029631265
97caf03b948cfdc0559e4d0698fcca0f5613b4358213d13f7d6a959896ef183d,2025,6,0.010125546
97caf03b948cfdc0559e4d0698fcca0f5613b4358213d13f7d6a959896ef183d,2025,7,0.0077196136
97caf03b948cfdc0559e4d0698fcca0f5613b4358213d13f7d6a959896ef183d,2025,8,0.008408753
97caf03b948cfdc0559e4d0698fcca0f5613b4358213d13f7d6a959896ef183d,2025,9,0.023549002
97caf03b948cfdc0559e4d0698fcca0f5613b4358213d13f7d6a959896ef183d,2025,10,0.07661528
9836b6354391c6892c17b1d7e36230d122fb5f5c5b741044e00bbed4335a1596,2025,6,0.015198986
9836b6354391c6892c17b1d7e36230d122fb5f5c5b741044e00bbed4335a1596,2025,7,0.013390223
9836b6354391c6892c17b1d7e36230d122fb5f5c5b741044e00bbed4335a1596,2025,8,0.017581908
98805955713adb3f453ca0546fda4c7cb09fc02631cb02ee7985931b9ab239b5,2025,5,0.122015834
98805955713adb3f453ca0546fda4c7cb09fc02631cb02ee7985931b9ab239b5,2025,6,0.025395725
98805955713adb3f453ca0546fda4c7cb09fc02631cb02ee7985931b9ab239b5,2025,7,0.019489832
98805955713adb3f453ca0546fda4c7cb09fc02631cb02ee7985931b9ab239b5,2025,8,0.019732963
98805955713adb3f453ca0546fda4c7cb09fc02631cb02ee7985931b9ab239b5,2025,9,0.047415238
98805955713adb3f453ca0546fda4c7cb09fc02631cb02ee7985931b9ab239b5,2025,10,0.2344151
98a57b57501e851063684121ee8f1a59eb75739202b75d4fdb94e5f9b2f94142,2025,5,0.058522444
98a57b57501e851063684121ee8f1a59eb75739202b75d4fdb94e5f9b2f94142,2025,6,0.025861625
98a57b57501e851063684121ee8f1a59eb75739202b75d4fdb94e5f9b2f94142,2025,7,0.027861468
98a57b57501e851063684121ee8f1a59eb75739202b75d4fdb94e5f9b2f94142,2025,8,0.03150435
98a57b57501e851063684121ee8f1a59eb75739202b75d4fdb94e5f9b2f94142,2025,9,0.04027302
98a57b57501e851063684121ee8f1a59eb75739202b75d4fdb94e5f9b2f94142,2025,10,0.09957421
98cca12d1d7fefe024a10b867c0612443fb3e6e8b92c1a2aead45e8e4222c2f1,2025,5,0.018083518
98cca12d1d7fefe024a10b867c0612443fb3e6e8b92c1a2aead45e8e4222c2f1,2025,6,0.014705628
98cca12d1d7fefe024a10b867c0612443fb3e6e8b92c1a2aead45e8e4222c2f1,2025,7,0.009934768
98cca12d1d7fefe024a10b867c0612443fb3e6e8b92c1a2aead45e8e4222c2f1,2025,8,0.010830663
98cca12d1d7fefe024a10b867c0612443fb3e6e8b92c1a2aead45e8e4222c2f1,2025,9,0.020036506
98cca12d1d7fefe024a10b867c0612443fb3e6e8b92c1a2aead45e8e4222c2f1,2025,10,0.055361826
99227597e9f2a5fb40af23fc56c90593f1f2fe408eb2b6d9922d40be079e8af4,2025,5,0.032829314
99227597e9f2a5fb40af23fc56c90593f1f2fe408eb2b6d9922d40be079e8af4,2025,6,0.017182888
99227597e9f2a5fb40af23fc56c90593f1f2fe408eb2b6d9922d40be079e8af4,2025,7,0.009265103
99227597e9f2a5fb40af23fc56c90593f1f2fe408eb2b6d9922d40be079e8af4,2025,8,0.012181395
99227597e9f2a5fb40af23fc56c90593f1f2fe408eb2b6d9922d40be079e8af4,2025,9,0.026373897
99227597e9f2a5fb40af23fc56c90593f1f2fe408eb2b6d9922d40be079e8af4,2025,10,0.09082296
999ce16b08d81fba880b792aa98dd9f086d4d9cf375705dec8c0a6a37caf7aa3,2025,5,0.021317601
999ce16b08d81fba880b792aa98dd9f086d4d9cf375705dec8c0a6a37caf7aa3,2025,6,0.0076961247
999ce16b08d81fba880b792aa98dd9f086d4d9cf375705dec8c0a6a37caf7aa3,2025,7,0.006880191
999ce16b08d81fba880b792aa98dd9f086d4d9cf375705dec8c0a6a37caf7aa3,2025,8,0.0064426474
999ce16b08d81fba880b792aa98dd9f086d4d9cf375705dec8c0a6a37caf7aa3,2025,9,0.009950673
999ce16b08d81fba880b792aa98dd9f086d4d9cf375705dec8c0a6a37caf7aa3,2025,10,0.03773758
9a013014140296eb6520905ce306b97e604c67e54bbad500e7811dd3ecb56a1e,2025,5,0.036051106
9a013014140296eb6520905ce306b97e604c67e54bbad500e7811dd3ecb56a1e,2025,6,0.049986325
9a013014140296eb6520905ce306b97e604c67e54bbad500e7811dd3ecb56a1e,2025,7,0.035270795
9a013014140296eb6520905ce306b97e604c67e54bbad500e7811dd3ecb56a1e,2025,8,0.03385881
9a013014140296eb6520905ce306b97e604c67e54bbad500e7811dd3ecb56a1e,2025,9,0.008047459
9a013014140296eb6520905ce306b97e604c67e54bbad500e7811dd3ecb56a1e,2025,10,0.043877944
9a39cc47e02ee2772a76e56c404337212ff31bcfbc3f612c1dd361ef2417eb53,2025,5,0.057233177
9a39cc47e02ee2772a76e56c404337212ff31bcfbc3f612c1dd361ef2417eb53,2025,6,0.01824771
9a39cc47e02ee2772a76e56c404337212ff31bcfbc3f612c1dd361ef2417eb53,2025,7,0.011183899
9a39cc47e02ee2772a76e56c404337212ff31bcfbc3f612c1dd361ef2417eb53,2025,8,0.016068462
9a39cc47e02ee2772a76e56c404337212ff31bcfbc3f612c1dd361ef2417eb53,2025,9,0.02952422
9a39cc47e02ee2772a76e56c404337212ff31bcfbc3f612c1dd361ef2417eb53,2025,10,0.07772141
9a6821caed7fda542fdb93818acb59edd88e30cdaf1dc16217ef84ffc9496381,2025,5,0.093224905
9a6821caed7fda542fdb93818acb59edd88e30cdaf1dc16217ef84ffc9496381,2025,6,0.03424137
9a6821caed7fda542fdb93818acb59edd88e30cdaf1dc16217ef84ffc9496381,2025,8,0.01890909
9a6821caed7fda542fdb93818acb59edd88e30cdaf1dc16217ef84ffc9496381,2025,9,0.05380434
9a6821caed7fda542fdb93818acb59edd88e30cdaf1dc16217ef84ffc9496381,2025,10,0.18841846
9a766b77fac8848b645484a60f7b0290c7c8d26f946e39f71cf470c705c07d1c,2025,5,0.034539588
9a766b77fac8848b645484a60f7b0290c7c8d26f946e39f71cf470c705c07d1c,2025,6,0.011961236
9a766b77fac8848b645484a60f7b0290c7c8d26f946e39f71cf470c705c07d1c,2025,7,0.011669029
9a766b77fac8848b645484a60f7b0290c7c8d26f946e39f71cf470c705c07d1c,2025,8,0.009151898
9a766b77fac8848b645484a60f7b0290c7c8d26f946e39f71cf470c705c07d1c,2025,9,0.017406782
9a766b77fac8848b645484a60f7b0290c7c8d26f946e39f71cf470c705c07d1c,2025,10,0.05362308
9a9d8b929854a20cc457efd93e900c19a96465ec56ea24a73d0618cb53ed122a,2025,5,0.030763714
9a9d8b929854a20cc457efd93e900c19a96465ec56ea24a73d0618cb53ed122a,2025,6,0.013169942
9a9d8b929854a20cc457efd93e900c19a96465ec56ea24a73d0618cb53ed122a,2025,7,0.011748151
9a9d8b929854a20cc457efd93e900c19a96465ec56ea24a73d0618cb53ed122a,2025,8,0.010355043
9a9d8b929854a20cc457efd93e900c19a96465ec56ea24a73d0618cb53ed122a,2025,9,0.018538993
9a9d8b929854a20cc457efd93e900c19a96465ec56ea24a73d0618cb53ed122a,2025,10,0.05210948
9adeeb22f7320abe9d5f6ec40a1bf25a8c86bfc50392ced546f8ac21ba70defa,2025,5,0.046486776
9adeeb22f7320abe9d5f6ec40a1bf25a8c86bfc50392ced546f8ac21ba70defa,2025,6,0.0145113235
9adeeb22f7320abe9d5f6ec40a1bf25a8c86bfc50392ced546f8ac21ba70defa,2025,7,0.012902798
9adeeb22f7320abe9d5f6ec40a1bf25a8c86bfc50392ced546f8ac21ba70defa,2025,8,0.013652604
9adeeb22f7320abe9d5f6ec40a1bf25a8c86bfc50392ced546f8ac21ba70defa,2025,9,0.020456959
9adeeb22f7320abe9d5f6ec40a1bf25a8c86bfc50392ced546f8ac21ba70defa,2025,10,0.060021102
9bc96449d98bff1f0aeb76be90dbb3c7b1b0482c4a1af1db6f9600f2c22cee25,2025,5,0.04063919
9bc96449d98bff1f0aeb76be90dbb3c7b1b0482c4a1af1db6f9600f2c22cee25,2025,6,0.013072444
9bc96449d98bff1f0aeb76be90dbb3c7b1b0482c4a1af1db6f9600f2c22cee25,2025,7,0.013342906
9bc96449d98bff1f0aeb76be90dbb3c7b1b0482c4a1af1db6f9600f2c22cee25,2025,8,0.012900221
9bc96449d98bff1f0aeb76be90dbb3c7b1b0482c4a1af1db6f9600f2c22cee25,2025,9,0.012465734
9bc96449d98bff1f0aeb76be90dbb3c7b1b0482c4a1af1db6f9600f2c22cee25,2025,10,0.07531425
9c0f33d6df35167d7237d9a4e6f3a0b1a62b99cf32dbc366653d252371978c93,2025,5,0.06356057
9c0f33d6df35167d7237d9a4e6f3a0b1a62b99cf32dbc366653d252371978c93,2025,6,0.023384428
9c0f33d6df35167d7237d9a4e6f3a0b1a62b99cf32dbc366653d252371978c93,2025,7,0.012078751
9c0f33d6df35167d7237d9a4e6f3a0b1a62b99cf32dbc366653d252371978c93,2025,8,0.013086245
9c0f33d6df35167d7237d9a4e6f3a0b1a62b99cf32dbc366653d252371978c93,2025,9,0.028150668
9c0f33d6df35167d7237d9a4e6f3a0b1a62b99cf32dbc366653d252371978c93,2025,10,0.084376454
9e34b5ddb5d8e086ab0aa6ed8bc837f24f4c2770cd6b5abd5be49916b79e1aef,2025,5,0.038776048
9e34b5ddb5d8e086ab0aa6ed8bc837f24f4c2770cd6b5abd5be49916b79e1aef,2025,6,0.032230232
9e34b5ddb5d8e086ab0aa6ed8bc837f24f4c2770cd6b5abd5be49916b79e1aef,2025,7,0.033384755
9e34b5ddb5d8e086ab0aa6ed8bc837f24f4c2770cd6b5abd5be49916b79e1aef,2025,8,0.035206765
9e34b5ddb5d8e086ab0aa6ed8bc837f24f4c2770cd6b5abd5be49916b79e1aef,2025,9,0.054232698
9e34b5ddb5d8e086ab0aa6ed8bc837f24f4c2770cd6b5abd5be49916b79e1aef,2025,10,0.44885126
9f08acd9d1bb66b0264fb426b34be99596958e1aef903117595321ece7fd21f9,2025,5,0.06614606
9f08acd9d1bb66b0264fb426b34be99596958e1aef903117595321ece7fd21f9,2025,6,0.015980365
9f08acd9d1bb66b0264fb426b34be99596958e1aef903117595321ece7fd21f9,2025,7,0.008374461
9f08acd9d1bb66b0264fb426b34be99596958e1aef903117595321ece7fd21f9,2025,8,0.0055188476
9f08acd9d1bb66b0264fb426b34be99596958e1aef903117595321ece7fd21f9,2025,9,0.030174471
9f08acd9d1bb66b0264fb426b34be99596958e1aef903117595321ece7fd21f9,2025,10,0.09739823
9f2d671f91899fa075c3cd2040aa44c030ea57df2737f34bbdaab20272fc6ccf,2025,5,0.0361308
9f2d671f91899fa075c3cd2040aa44c030ea57df2737f34bbdaab20272fc6ccf,2025,6,0.017639212
9f2d671f91899fa075c3cd2040aa44c030ea57df2737f34bbdaab20272fc6ccf,2025,7,0.013100752
9f2d671f91899fa075c3cd2040aa44c030ea57df2737f34bbdaab20272fc6ccf,2025,8,0.014244304
9f2d671f91899fa075c3cd2040aa44c030ea57df2737f34bbdaab20272fc6ccf,2025,9,0.012716794
9f2d671f91899fa075c3cd2040aa44c030ea57df2737f34bbdaab20272fc6ccf,2025,10,0.02879055
9f4c138a71268068ed9cf9721562173fc68296ce9efe7c164c9a3d772fceda53,2025,5,0.07631269
9f4c138a71268068ed9cf9721562173fc68296ce9efe7c164c9a3d772fceda53,2025,6,0.019923683
9f4c138a71268068ed9cf9721562173fc68296ce9efe7c164c9a3d772fceda53,2025,7,0.01389211
9f4c138a71268068ed9cf9721562173fc68296ce9efe7c164c9a3d772fceda53,2025,8,0.015297614
9f4c138a71268068ed9cf9721562173fc68296ce9efe7c164c9a3d772fceda53,2025,9,0.035330333
9f4c138a71268068ed9cf9721562173fc68296ce9efe7c164c9a3d772fceda53,2025,10,0.11691852
9f77b260b4457d56ded9d2f88ec35acd38b554e8b6ca619b17afa751c3fca312,2025,5,0.019196352
9f77b260b4457d56ded9d2f88ec35acd38b554e8b6ca619b17afa751c3fca312,2025,6,0.01090401
9f77b260b4457d56ded9d2f88ec35acd38b554e8b6ca619b17afa751c3fca312,2025,7,0.0077858367
9f77b260b4457d56ded9d2f88ec35acd38b554e8b6ca619b17afa751c3fca312,2025,8,0.00920285
9f77b260b4457d56ded9d2f88ec35acd38b554e8b6ca619b17afa751c3fca312,2025,9,0.013909756
9f77b260b4457d56ded9d2f88ec35acd38b554e8b6ca619b17afa751c3fca312,2025,10,0.03549993
9ff46a473bd014e712a0a72eaaf94c3058520c3fe82448228258a78380423644,2025,5,0.02136595
9ff46a473bd014e712a0a72eaaf94c3058520c3fe82448228258a78380423644,2025,6,0.010715088
9ff46a473bd014e712a0a72eaaf94c3058520c3fe82448228258a78380423644,2025,7,0.010356048
9ff46a473bd014e712a0a72eaaf94c3058520c3fe82448228258a78380423644,2025,8,0.010405296
9ff46a473bd014e712a0a72eaaf94c3058520c3fe82448228258a78380423644,2025,9,0.014912219
9ff46a473bd014e712a0a72eaaf94c3058520c3fe82448228258a78380423644,2025,10,0.051543165
a00b23f6f0a68ef1be19ad616ee2e4e9cccb4087bd9235a8fb4eac1cd84f9b08,2025,5,0.060547203
a00b23f6f0a68ef1be19ad616ee2e4e9cccb4087bd9235a8fb4eac1cd84f9b08,2025,6,0.021949638
a00b23f6f0a68ef1be19ad616ee2e4e9cccb4087bd9235a8fb4eac1cd84f9b08,2025,7,0.023158308
a00b23f6f0a68ef1be19ad616ee2e4e9cccb4087bd9235a8fb4eac1cd84f9b08,2025,8,0.023451235
a00b23f6f0a68ef1be19ad616ee2e4e9cccb4087bd9235a8fb4eac1cd84f9b08,2025,9,0.031684097
a00b23f6f0a68ef1be19ad616ee2e4e9cccb4087bd9235a8fb4eac1cd84f9b08,2025,10,0.10103253
a0bb066db36b3bb377be1823909fd7351a1d5a5b8dcd54ff32eb2399cdb97a05,2025,5,0.017022155
a0bb066db36b3bb377be1823909fd7351a1d5a5b8dcd54ff32eb2399cdb97a05,2025,6,0.0070905513
a0bb066db36b3bb377be1823909fd7351a1d5a5b8dcd54ff32eb2399cdb97a05,2025,7,0.007625589
a0bb066db36b3bb377be1823909fd7351a1d5a5b8dcd54ff32eb2399cdb97a05,2025,8,0.007812791
a0bb066db36b3bb377be1823909fd7351a1d5a5b8dcd54ff32eb2399cdb97a05,2025,9,0.009418125
a0bb066db36b3bb377be1823909fd7351a1d5a5b8dcd54ff32eb2399cdb97a05,2025,10,0.019790465
a1a182aafaa302988f9783884b9d998f845e4d2cd85a6c4d60b33443516ed907,2025,5,0.025100674
a1a182aafaa302988f9783884b9d998f845e4d2cd85a6c4d60b33443516ed907,2025,6,0.021182427
a1a182aafaa302988f9783884b9d998f845e4d2cd85a6c4d60b33443516ed907,2025,7,0.00029930877
a1a182aafaa302988f9783884b9d998f845e4d2cd85a6c4d60b33443516ed907,2025,8,4.2930897e-06
a1a182aafaa302988f9783884b9d998f845e4d2cd85a6c4d60b33443516ed907,2025,9,0.015110962
a1a182aafaa302988f9783884b9d998f845e4d2cd85a6c4d60b33443516ed907,2025,10,0.022946054
a1e748d39eacbd986d1bb521cdeebe465be79332ce21bb0c26cca8f32c52f4ae,2025,5,0.039306108
a1e748d39eacbd986d1bb521cdeebe465be79332ce21bb0c26cca8f32c52f4ae,2025,6,0.017313337
a1e748d39eacbd986d1bb521cdeebe465be79332ce21bb0c26cca8f32c52f4ae,2025,7,0.016018946
a1e748d39eacbd986d1bb521cdeebe465be79332ce21bb0c26cca8f32c52f4ae,2025,8,0.017457554
a1e748d39eacbd986d1bb521cdeebe465be79332ce21bb0c26cca8f32c52f4ae,2025,9,0.016704548
a1e748d39eacbd986d1bb521cdeebe465be79332ce21bb0c26cca8f32c52f4ae,2025,10,0.05291669
a20a069ea8f0aa2b0fbd36090a6a813b90b895f3b9c65f7d32f88738d27df51b,2025,5,0.09034708
a20a069ea8f0aa2b0fbd36090a6a813b90b895f3b9c65f7d32f88738d27df51b,2025,6,0.04910773
a20a069ea8f0aa2b0fbd36090a6a813b90b895f3b9c65f7d32f88738d27df51b,2025,7,0.037794482
a20a069ea8f0aa2b0fbd36090a6a813b90b895f3b9c65f7d32f88738d27df51b,2025,8,0.039028812
a20a069ea8f0aa2b0fbd36090a6a813b90b895f3b9c65f7d32f88738d27df51b,2025,9,0.05582062
a20a069ea8f0aa2b0fbd36090a6a813b90b895f3b9c65f7d32f88738d27df51b,2025,10,0.10779451
a399f49014087d241794be9a0778ffa2d3906f67570176aadadb910475472866,2025,5,0.07255055
a399f49014087d241794be9a0778ffa2d3906f67570176aadadb910475472866,2025,6,0.02011636
a399f49014087d241794be9a0778ffa2d3906f67570176aadadb910475472866,2025,7,0.015897557
a399f49014087d241794be9a0778ffa2d3906f67570176aadadb910475472866,2025,8,0.019873973
a399f49014087d241794be9a0778ffa2d3906f67570176aadadb910475472866,2025,9,0.046652
a399f49014087d241794be9a0778ffa2d3906f67570176aadadb910475472866,2025,10,0.10805195
a45ef1c38356658825cdcf72e0dd11014fc89effbd9f9f1fcdf3141fb3698867,2025,5,0.015099692
a45ef1c38356658825cdcf72e0dd11014fc89effbd9f9f1fcdf3141fb3698867,2025,6,0.011344245
a45ef1c38356658825cdcf72e0dd11014fc89effbd9f9f1fcdf3141fb3698867,2025,7,0.010648023
a45ef1c38356658825cdcf72e0dd11014fc89effbd9f9f1fcdf3141fb3698867,2025,8,0.010542975
a45ef1c38356658825cdcf72e0dd11014fc89effbd9f9f1fcdf3141fb3698867,2025,9,0.0131751625
a45ef1c38356658825cdcf72e0dd11014fc89effbd9f9f1fcdf3141fb3698867,2025,10,0.017771952
a481b282a16774eb1dd66a75ae49921226bd9e9758bb3cb0bc06be3582cc4ab9,2025,5,0.03170486
a481b282a16774eb1dd66a75ae49921226bd9e9758bb3cb0bc06be3582cc4ab9,2025,6,0.016467024
a481b282a16774eb1dd66a75ae49921226bd9e9758bb3cb0bc06be3582cc4ab9,2025,7,0.014689003
a481b282a16774eb1dd66a75ae49921226bd9e9758bb3cb0bc06be3582cc4ab9,2025,8,0.012057358
a481b282a16774eb1dd66a75ae49921226bd9e9758bb3cb0bc06be3582cc4ab9,2025,9,0.013140752
a481b282a16774eb1dd66a75ae49921226bd9e9758bb3cb0bc06be3582cc4ab9,2025,10,0.04183536
a4a44e2949a7db0f951ac94a601a1db2f5d993bcebb465efff7b810475161e17,2025,5,3.6318104e-06
a4a44e2949a7db0f951ac94a601a1db2f5d993bcebb465efff7b810475161e17,2025,6,0.12095886
a4a44e2949a7db0f951ac94a601a1db2f5d993bcebb465efff7b810475161e17,2025,7,0.029184343
a4a44e2949a7db0f951ac94a601a1db2f5d993bcebb465efff7b810475161e17,2025,8,0.17371708
a4a44e2949a7db0f951ac94a601a1db2f5d993bcebb465efff7b810475161e17,2025,9,0.19652359
a4a44e2949a7db0f951ac94a601a1db2f5d993bcebb465efff7b810475161e17,2025,10,0.30102846
a4e950b804c5a47471d822d16912d0a0c1b4c58e0bfab62eee60c4131b1fcf37,2025,5,0.0273174
a4e950b804c5a47471d822d16912d0a0c1b4c58e0bfab62eee60c4131b1fcf37,2025,6,0.008150404
a4e950b804c5a47471d822d16912d0a0c1b4c58e0bfab62eee60c4131b1fcf37,2025,7,0.007819563
a4e950b804c5a47471d822d16912d0a0c1b4c58e0bfab62eee60c4131b1fcf37,2025,8,0.009300764
a4e950b804c5a47471d822d16912d0a0c1b4c58e0bfab62eee60c4131b1fcf37,2025,9,0.021097062
a4e950b804c5a47471d822d16912d0a0c1b4c58e0bfab62eee60c4131b1fcf37,2025,10,0.05781025
a4eb8c61c7bf9dbf75351a1de02ab2a318280471ec4b6002a9e7029c8944060b,2025,5,0.030159635
a4eb8c61c7bf9dbf75351a1de02ab2a318280471ec4b6002a9e7029c8944060b,2025,6,0.006418406
a4eb8c61c7bf9dbf75351a1de02ab2a318280471ec4b6002a9e7029c8944060b,2025,7,0.004771968
a4eb8c61c7bf9dbf75351a1de02ab2a318280471ec4b6002a9e7029c8944060b,2025,8,0.004707829
a4eb8c61c7bf9dbf75351a1de02ab2a318280471ec4b6002a9e7029c8944060b,2025,9,0.011923243
a4eb8c61c7bf9dbf75351a1de02ab2a318280471ec4b6002a9e7029c8944060b,2025,10,0.025259942
a510e573a95b5a4c5e6c0f9d34320a0354431dbc28fa4bf72ce1c4d32df582b4,2025,5,0.06159568
a510e573a95b5a4c5e6c0f9d34320a0354431dbc28fa4bf72ce1c4d32df582b4,2025,6,0.008302087
a510e573a95b5a4c5e6c0f9d34320a0354431dbc28fa4bf72ce1c4d32df582b4,2025,7,0.0061304714
a510e573a95b5a4c5e6c0f9d34320a0354431dbc28fa4bf72ce1c4d32df582b4,2025,8,0.0059211496
a510e573a95b5a4c5e6c0f9d34320a0354431dbc28fa4bf72ce1c4d32df582b4,2025,9,0.014178021
a510e573a95b5a4c5e6c0f9d34320a0354431dbc28fa4bf72ce1c4d32df582b4,2025,10,0.088028274
a589f5aa2e5bc12a9d6bc033396484da47eaad8f5fcea21a08ab0a69391cc61b,2025,5,0.018039713
a589f5aa2e5bc12a9d6bc033396484da47eaad8f5fcea21a08ab0a69391cc61b,2025,6,0.008664327
a589f5aa2e5bc12a9d6bc033396484da47eaad8f5fcea21a08ab0a69391cc61b,2025,7,0.0076797493
a589f5aa2e5bc12a9d6bc033396484da47eaad8f5fcea21a08ab0a69391cc61b,2025,8,0.007914107
a589f5aa2e5bc12a9d6bc033396484da47eaad8f5fcea21a08ab0a69391cc61b,2025,9,0.009701105
a589f5aa2e5bc12a9d6bc033396484da47eaad8f5fcea21a08ab0a69391cc61b,2025,10,0.014902954
a5ab80309570519e79efbd6608dfce861115a862960fc0c8508142ebb6f771b3,2025,5,0.022623815
a5ab80309570519e79efbd6608dfce861115a862960fc0c8508142ebb6f771b3,2025,6,0.020959482
a5ab80309570519e79efbd6608dfce861115a862960fc0c8508142ebb6f771b3,2025,7,0.01239832
a5ab80309570519e79efbd6608dfce861115a862960fc0c8508142ebb6f771b3,2025,8,0.00919212
a5ab80309570519e79efbd6608dfce861115a862960fc0c8508142ebb6f771b3,2025,9,0.011664541
a5ab80309570519e79efbd6608dfce861115a862960fc0c8508142ebb6f771b3,2025,10,0.019810457
a5b6c0b21e6bf9815a1cb88c152ac473bc8f9e9d291a9d0c0beffe49c68c9f5a,2025,5,0.020814866
a5b6c0b21e6bf9815a1cb88c152ac473bc8f9e9d291a9d0c0beffe49c68c9f5a,2025,6,0.00585687
a5b6c0b21e6bf9815a1cb88c152ac473bc8f9e9d291a9d0c0beffe49c68c9f5a,2025,7,0.005504063
a5b6c0b21e6bf9815a1cb88c152ac473bc8f9e9d291a9d0c0beffe49c68c9f5a,2025,8,0.006092858
a5b6c0b21e6bf9815a1cb88c152ac473bc8f9e9d291a9d0c0beffe49c68c9f5a,2025,9,0.007818604
a5b6c0b21e6bf9815a1cb88c152ac473bc8f9e9d291a9d0c0beffe49c68c9f5a,2025,10,0.04897048
a757302ce5c2df2d89c2b25398004a14bc8d8d39157cd76399fc488338857cae,2025,5,0.05158835
a757302ce5c2df2d89c2b25398004a14bc8d8d39157cd76399fc488338857cae,2025,6,0.010278716
a757302ce5c2df2d89c2b25398004a14bc8d8d39157cd76399fc488338857cae,2025,7,0.007904109
a757302ce5c2df2d89c2b25398004a14bc8d8d39157cd76399fc488338857cae,2025,8,0.008187396
a757302ce5c2df2d89c2b25398004a14bc8d8d39157cd76399fc488338857cae,2025,9,0.008313478
a757302ce5c2df2d89c2b25398004a14bc8d8d39157cd76399fc488338857cae,2025,10,0.04687932
a768ca572d95180820356d8a509ff055bd1c2544bc0c48d2414eb46a0e4e5e5e,2025,5,0.022700703
a768ca572d95180820356d8a509ff055bd1c2544bc0c48d2414eb46a0e4e5e5e,2025,6,0.009920134
a768ca572d95180820356d8a509ff055bd1c2544bc0c48d2414eb46a0e4e5e5e,2025,7,0.0068870103
a768ca572d95180820356d8a509ff055bd1c2544bc0c48d2414eb46a0e4e5e5e,2025,8,0.008556996
a768ca572d95180820356d8a509ff055bd1c2544bc0c48d2414eb46a0e4e5e5e,2025,10,0.029260525
a7a4d156fea9611c195a04db854b962172075b2ad54e35b0feb9ea5b7b34a10f,2025,5,0.051968656
a7a4d156fea9611c195a04db854b962172075b2ad54e35b0feb9ea5b7b34a10f,2025,6,0.004523902
a7a4d156fea9611c195a04db854b962172075b2ad54e35b0feb9ea5b7b34a10f,2025,7,0.00025217183
a7a4d156fea9611c195a04db854b962172075b2ad54e35b0feb9ea5b7b34a10f,2025,8,0.044996466
a7a4d156fea9611c195a04db854b962172075b2ad54e35b0feb9ea5b7b34a10f,2025,9,0.07525626
a7a4d156fea9611c195a04db854b962172075b2ad54e35b0feb9ea5b7b34a10f,2025,10,0.085842796
a7c6b26faf3eec610f35111b1c22a6244866331977ec341c717e33d178dfd050,2025,5,0.058688197
a7c6b26faf3eec610f35111b1c22a6244866331977ec341c717e33d178dfd050,2025,6,0.01154317
a7c6b26faf3eec610f35111b1c22a6244866331977ec341c717e33d178dfd050,2025,7,0.009151253
a7c6b26faf3eec610f35111b1c22a6244866331977ec341c717e33d178dfd050,2025,8,0.010523288
a7c6b26faf3eec610f35111b1c22a6244866331977ec341c717e33d178dfd050,2025,9,0.01845608
a7c6b26faf3eec610f35111b1c22a6244866331977ec341c717e33d178dfd050,2025,10,0.09329252
ac393f6fdda5fd008b3f408680b4893cfdf0c136a5d753035f05715c3d656098,2025,5,0.04552215
ac393f6fdda5fd008b3f408680b4893cfdf0c136a5d753035f05715c3d656098,2025,6,0.01768642
ac393f6fdda5fd008b3f408680b4893cfdf0c136a5d753035f05715c3d656098,2025,7,0.016424358
ac393f6fdda5fd008b3f408680b4893cfdf0c136a5d753035f05715c3d656098,2025,8,0.015956761
ac393f6fdda5fd008b3f408680b4893cfdf0c136a5d753035f05715c3d656098,2025,9,0.029878853
ac393f6fdda5fd008b3f408680b4893cfdf0c136a5d753035f05715c3d656098,2025,10,0.057992958
ac463a709f16be59f019a1e578ef57e44a4c534991a93437a440f8deb5c80386,2025,5,0.07093067
ac463a709f16be59f019a1e578ef57e44a4c534991a93437a440f8deb5c80386,2025,6,0.010725658
ac463a709f16be59f019a1e578ef57e44a4c534991a93437a440f8deb5c80386,2025,7,0.013385557
ac463a709f16be59f019a1e578ef57e44a4c534991a93437a440f8deb5c80386,2025,8,0.016821723
ac463a709f16be59f019a1e578ef57e44a4c534991a93437a440f8deb5c80386,2025,10,0.12525044
acc55352fdcc51ad52b3063634197e51bf85aa733d6d386cb11bf130b2288641,2025,5,0.024538854
acc55352fdcc51ad52b3063634197e51bf85aa733d6d386cb11bf130b2288641,2025,6,0.0075546843
acc55352fdcc51ad52b3063634197e51bf85aa733d6d386cb11bf130b2288641,2025,7,0.0049258764
acc55352fdcc51ad52b3063634197e51bf85aa733d6d386cb11bf130b2288641,2025,8,0.007661506
acc55352fdcc51ad52b3063634197e51bf85aa733d6d386cb11bf130b2288641,2025,9,0.0117781265
acc55352fdcc51ad52b3063634197e51bf85aa733d6d386cb11bf130b2288641,2025,10,0.044279844
ace601564dc43918f552a5098354769c900e7d31b25b6558479546211b743a8b,2025,5,0.056553893
ace601564dc43918f552a5098354769c900e7d31b25b6558479546211b743a8b,2025,6,0.03763539
ace601564dc43918f552a5098354769c900e7d31b25b6558479546211b743a8b,2025,7,0.035368454
ace601564dc43918f552a5098354769c900e7d31b25b6558479546211b743a8b,2025,8,0.035951816
ace601564dc43918f552a5098354769c900e7d31b25b6558479546211b743a8b,2025,9,0.050997604
ace601564dc43918f552a5098354769c900e7d31b25b6558479546211b743a8b,2025,10,0.092734426
ad5ebf9565d51c8c2d5df5dbf381ce63f9602848490390eefb0c74b2f12a94e7,2025,5,0.097403094
ad5ebf9565d51c8c2d5df5dbf381ce63f9602848490390eefb0c74b2f12a94e7,2025,6,0.052071225
ad5ebf9565d51c8c2d5df5dbf381ce63f9602848490390eefb0c74b2f12a94e7,2025,7,0.0490011
ad5ebf9565d51c8c2d5df5dbf381ce63f9602848490390eefb0c74b2f12a94e7,2025,8,0.042320117
ad5ebf9565d51c8c2d5df5dbf381ce63f9602848490390eefb0c74b2f12a94e7,2025,9,0.05427926
ad5ebf9565d51c8c2d5df5dbf381ce63f9602848490390eefb0c74b2f12a94e7,2025,10,0.12539192
ae7d8e8527cacda264b67e364ed9dd081c6631f7466e490394611754e06e5173,2025,5,0.037005544
ae7d8e8527cacda264b67e364ed9dd081c6631f7466e490394611754e06e5173,2025,6,0.0114175975
ae7d8e8527cacda264b67e364ed9dd081c6631f7466e490394611754e06e5173,2025,7,0.007942094
ae7d8e8527cacda264b67e364ed9dd081c6631f7466e490394611754e06e5173,2025,8,0.009267265
ae7d8e8527cacda264b67e364ed9dd081c6631f7466e490394611754e06e5173,2025,9,0.017241908
ae7d8e8527cacda264b67e364ed9dd081c6631f7466e490394611754e06e5173,2025,10,0.05372541
ae8abfd04d058d484de0f29965b378682071a8d25b931825d07f1b610b80f775,2025,5,0.09304876
ae8abfd04d058d484de0f29965b378682071a8d25b931825d07f1b610b80f775,2025,6,0.047186125
ae8abfd04d058d484de0f29965b378682071a8d25b931825d07f1b610b80f775,2025,7,0.0368728
ae8abfd04d058d484de0f29965b378682071a8d25b931825d07f1b610b80f775,2025,8,0.043816965
ae8abfd04d058d484de0f29965b378682071a8d25b931825d07f1b610b80f775,2025,9,0.075698525
ae8abfd04d058d484de0f29965b378682071a8d25b931825d07f1b610b80f775,2025,10,0.12601005
af05187341a019eee3445a79f465bc483549ea4d7b02e786e36df134965c4954,2025,5,0.05983086
af05187341a019eee3445a79f465bc483549ea4d7b02e786e36df134965c4954,2025,6,3.6400245e-06
af05187341a019eee3445a79f465bc483549ea4d7b02e786e36df134965c4954,2025,7,6.90705e-06
af05187341a019eee3445a79f465bc483549ea4d7b02e786e36df134965c4954,2025,8,5.9654003e-06
af05187341a019eee3445a79f465bc483549ea4d7b02e786e36df134965c4954,2025,9,0.011040838
af05187341a019eee3445a79f465bc483549ea4d7b02e786e36df134965c4954,2025,10,0.111103386
afb3962e12a1787faa234dce31379934f6ade556b7a55c3708dbf68f2a9d92b4,2025,5,0.011360677
afb3962e12a1787faa234dce31379934f6ade556b7a55c3708dbf68f2a9d92b4,2025,6,0.004407184
afb3962e12a1787faa234dce31379934f6ade556b7a55c3708dbf68f2a9d92b4,2025,7,0.0038474002
afb3962e12a1787faa234dce31379934f6ade556b7a55c3708dbf68f2a9d92b4,2025,8,0.004075195
afb3962e12a1787faa234dce31379934f6ade556b7a55c3708dbf68f2a9d92b4,2025,9,0.0060766856
afb3962e12a1787faa234dce31379934f6ade556b7a55c3708dbf68f2a9d92b4,2025,10,0.019201955
afbc475c0ad940f37c1c5fcab8c077fd6ad25367060c47817c87b922192d5758,2025,5,0.058143873
afbc475c0ad940f37c1c5fcab8c077fd6ad25367060c47817c87b922192d5758,2025,6,0.017794343
afbc475c0ad940f37c1c5fcab8c077fd6ad25367060c47817c87b922192d5758,2025,7,0.0146251
afbc475c0ad940f37c1c5fcab8c077fd6ad25367060c47817c87b922192d5758,2025,8,0.017838623
afbc475c0ad940f37c1c5fcab8c077fd6ad25367060c47817c87b922192d5758,2025,9,0.024011102
afbc475c0ad940f37c1c5fcab8c077fd6ad25367060c47817c87b922192d5758,2025,10,0.054956567
afc04210b979867cd9619ebea0ce6b535772b8fdbe60e3a2eab75b67014d87ce,2025,5,0.038666386
afc04210b979867cd9619ebea0ce6b535772b8fdbe60e3a2eab75b67014d87ce,2025,6,0.010857156
afc04210b979867cd9619ebea0ce6b535772b8fdbe60e3a2eab75b67014d87ce,2025,8,0.012387325
afc04210b979867cd9619ebea0ce6b535772b8fdbe60e3a2eab75b67014d87ce,2025,9,0.010421663
afc04210b979867cd9619ebea0ce6b535772b8fdbe60e3a2eab75b67014d87ce,2025,10,0.014039533
affd305d297546533f9dfeb962870466f5c3086a9ae2e548e785f6597aef69cc,2025,5,0.011904364
affd305d297546533f9dfeb962870466f5c3086a9ae2e548e785f6597aef69cc,2025,6,0.008527088
affd305d297546533f9dfeb962870466f5c3086a9ae2e548e785f6597aef69cc,2025,7,0.0069519053
affd305d297546533f9dfeb962870466f5c3086a9ae2e548e785f6597aef69cc,2025,8,0.0074747433
affd305d297546533f9dfeb962870466f5c3086a9ae2e548e785f6597aef69cc,2025,9,0.008995457
affd305d297546533f9dfeb962870466f5c3086a9ae2e548e785f6597aef69cc,2025,10,0.03446184
b097fadf1169c39654071b15699257e9d12ac5d92dd8640e52f71e0cd99f8e1d,2025,5,0.03388952
b097fadf1169c39654071b15699257e9d12ac5d92dd8640e52f71e0cd99f8e1d,2025,6,0.00064814085
b097fadf1169c39654071b15699257e9d12ac5d92dd8640e52f71e0cd99f8e1d,2025,7,0.0007095098
b097fadf1169c39654071b15699257e9d12ac5d92dd8640e52f71e0cd99f8e1d,2025,8,0.0012111173
b097fadf1169c39654071b15699257e9d12ac5d92dd8640e52f71e0cd99f8e1d,2025,9,0.009322955
b097fadf1169c39654071b15699257e9d12ac5d92dd8640e52f71e0cd99f8e1d,2025,10,0.07099713
b0e95b1ca8a226927f56fe217fd04a8695ce3a1cb27b2ee786ee6867a2fb72c2,2025,5,0.022214385
b0e95b1ca8a226927f56fe217fd04a8695ce3a1cb27b2ee786ee6867a2fb72c2,2025,6,0.0040276046
b0e95b1ca8a226927f56fe217fd04a8695ce3a1cb27b2ee786ee6867a2fb72c2,2025,7,0.004594019
b0e95b1ca8a226927f56fe217fd04a8695ce3a1cb27b2ee786ee6867a2fb72c2,2025,8,0.0035908367
b0e95b1ca8a226927f56fe217fd04a8695ce3a1cb27b2ee786ee6867a2fb72c2,2025,9,0.008004816
b0e95b1ca8a226927f56fe217fd04a8695ce3a1cb27b2ee786ee6867a2fb72c2,2025,10,0.046379015
b128e72cfa88a396700dd149910bf0d237d3f5386bfb030fd1e1e3dc5553a449,2025,5,0.084932536
b128e72cfa88a396700dd149910bf0d237d3f5386bfb030fd1e1e3dc5553a449,2025,6,0.02503632
b128e72cfa88a396700dd149910bf0d237d3f5386bfb030fd1e1e3dc5553a449,2025,7,0.025223415
b128e72cfa88a396700dd149910bf0d237d3f5386bfb030fd1e1e3dc5553a449,2025,8,0.022798205
b128e72cfa88a396700dd149910bf0d237d3f5386bfb030fd1e1e3dc5553a449,2025,9,0.051677328
b128e72cfa88a396700dd149910bf0d237d3f5386bfb030fd1e1e3dc5553a449,2025,10,0.15270723
b17da0ecb969ade91c5f3a60130a9d81f1edad9912a922537db0f2c35e4d2200,2025,5,0.018263211
b17da0ecb969ade91c5f3a60130a9d81f1edad9912a922537db0f2c35e4d2200,2025,6,0.010096742
b17da0ecb969ade91c5f3a60130a9d81f1edad9912a922537db0f2c35e4d2200,2025,7,0.011073829
b17da0ecb969ade91c5f3a60130a9d81f1edad9912a922537db0f2c35e4d2200,2025,8,0.01076134
b17da0ecb969ade91c5f3a60130a9d81f1edad9912a922537db0f2c35e4d2200,2025,9,0.01128208
b17da0ecb969ade91c5f3a60130a9d81f1edad9912a922537db0f2c35e4d2200,2025,10,0.025524274
b252cc55ff668c6f06a040323f80f7d5b03cd11ec34e7efe84e747283690c903,2025,5,0.016159039
b252cc55ff668c6f06a040323f80f7d5b03cd11ec34e7efe84e747283690c903,2025,6,0.012523161
b252cc55ff668c6f06a040323f80f7d5b03cd11ec34e7efe84e747283690c903,2025,7,0.009616726
b252cc55ff668c6f06a040323f80f7d5b03cd11ec34e7efe84e747283690c903,2025,8,0.011104403
b252cc55ff668c6f06a040323f80f7d5b03cd11ec34e7efe84e747283690c903,2025,9,0.012930738
b252cc55ff668c6f06a040323f80f7d5b03cd11ec34e7efe84e747283690c903,2025,10,0.04521393
b3b2a99704bd254d7aadf1a5ce10f093e87389ed910ce2b3195f0d39ea324558,2025,5,0.036654826
b3b2a99704bd254d7aadf1a5ce10f093e87389ed910ce2b3195f0d39ea324558,2025,6,0.004160138
b3b2a99704bd254d7aadf1a5ce10f093e87389ed910ce2b3195f0d39ea324558,2025,7,0.0038264655
b3b2a99704bd254d7aadf1a5ce10f093e87389ed910ce2b3195f0d39ea324558,2025,8,0.0045820433
b3b2a99704bd254d7aadf1a5ce10f093e87389ed910ce2b3195f0d39ea324558,2025,9,0.00468075
b3b2a99704bd254d7aadf1a5ce10f093e87389ed910ce2b3195f0d39ea324558,2025,10,0.014357496
b3bc9f855285b0a8b07a3fd14ca75c81a31335bf7108969fc7e44532aa24f50f,2025,5,0.030429708
b3bc9f855285b0a8b07a3fd14ca75c81a31335bf7108969fc7e44532aa24f50f,2025,6,0.009814954
b3bc9f855285b0a8b07a3fd14ca75c81a31335bf7108969fc7e44532aa24f50f,2025,7,0.009805964
b3bc9f855285b0a8b07a3fd14ca75c81a31335bf7108969fc7e44532aa24f50f,2025,8,0.010786017
b3bc9f855285b0a8b07a3fd14ca75c81a31335bf7108969fc7e44532aa24f50f,2025,9,0.010770598
b3bc9f855285b0a8b07a3fd14ca75c81a31335bf7108969fc7e44532aa24f50f,2025,10,0.019184157
b3d6c532cf41ea137f82789690a7b75068a4213f32dd32114ba124f70a5a71cc,2025,5,0.03560442
b3d6c532cf41ea137f82789690a7b75068a4213f32dd32114ba124f70a5a71cc,2025,6,0.008120831
b3d6c532cf41ea137f82789690a7b75068a4213f32dd32114ba124f70a5a71cc,2025,7,0.00905806
b3d6c532cf41ea137f82789690a7b75068a4213f32dd32114ba124f70a5a71cc,2025,8,0.0075721457
b3d6c532cf41ea137f82789690a7b75068a4213f32dd32114ba124f70a5a71cc,2025,9,0.01326435
b3d6c532cf41ea137f82789690a7b75068a4213f32dd32114ba124f70a5a71cc,2025,10,0.06764046
b426bc99abaad863998e8ffa7c12c1297a08087ccb45b45fb2938dc6d1de9c0c,2025,5,0.030896742
b426bc99abaad863998e8ffa7c12c1297a08087ccb45b45fb2938dc6d1de9c0c,2025,6,0.0011010334
b426bc99abaad863998e8ffa7c12c1297a08087ccb45b45fb2938dc6d1de9c0c,2025,7,0.010314552
b426bc99abaad863998e8ffa7c12c1297a08087ccb45b45fb2938dc6d1de9c0c,2025,8,0.011128844
b426bc99abaad863998e8ffa7c12c1297a08087ccb45b45fb2938dc6d1de9c0c,2025,9,0.018857846
b426bc99abaad863998e8ffa7c12c1297a08087ccb45b45fb2938dc6d1de9c0c,2025,10,0.052845255
b43329c4bf64454cf35a531ce4f904ca99540eba9f4a3f07b0e95e45c55e863a,2025,5,0.08641289
b43329c4bf64454cf35a531ce4f904ca99540eba9f4a3f07b0e95e45c55e863a,2025,6,0.029152794
b43329c4bf64454cf35a531ce4f904ca99540eba9f4a3f07b0e95e45c55e863a,2025,7,0.011257243
b43329c4bf64454cf35a531ce4f904ca99540eba9f4a3f07b0e95e45c55e863a,2025,8,0.008116011
b43329c4bf64454cf35a531ce4f904ca99540eba9f4a3f07b0e95e45c55e863a,2025,9,0.054517623
b43329c4bf64454cf35a531ce4f904ca99540eba9f4a3f07b0e95e45c55e863a,2025,10,0.11943252
b497aed52529d4a9e2d85855125e128766cc54e81449b49e7d51b859e68398ba,2025,5,0.04637703
b497aed52529d4a9e2d85855125e128766cc54e81449b49e7d51b859e68398ba,2025,6,0.041165035
b497aed52529d4a9e2d85855125e128766cc54e81449b49e7d51b859e68398ba,2025,7,0.039586842
b497aed52529d4a9e2d85855125e128766cc54e81449b49e7d51b859e68398ba,2025,8,0.04483824
b497aed52529d4a9e2d85855125e128766cc54e81449b49e7d51b859e68398ba,2025,9,0.04825678
b497aed52529d4a9e2d85855125e128766cc54e81449b49e7d51b859e68398ba,2025,10,0.05433077
b4cf2f30ddfb74ee95a1c4b65eca3d6cee67b1277940a2161e74e2689aaf0ea2,2025,5,0.032613743
b4cf2f30ddfb74ee95a1c4b65eca3d6cee67b1277940a2161e74e2689aaf0ea2,2025,6,0.009450754
b4cf2f30ddfb74ee95a1c4b65eca3d6cee67b1277940a2161e74e2689aaf0ea2,2025,7,0.009577173
b4cf2f30ddfb74ee95a1c4b65eca3d6cee67b1277940a2161e74e2689aaf0ea2,2025,8,0.009826093
b4cf2f30ddfb74ee95a1c4b65eca3d6cee67b1277940a2161e74e2689aaf0ea2,2025,9,0.01171116
b4cf2f30ddfb74ee95a1c4b65eca3d6cee67b1277940a2161e74e2689aaf0ea2,2025,10,0.027357781
b4e4dd2b048f23482c0c24faab06af90edc68f1815afca69227735da8b822981,2025,5,0.02864437
b4e4dd2b048f23482c0c24faab06af90edc68f1815afca69227735da8b822981,2025,6,0.013235989
b4e4dd2b048f23482c0c24faab06af90edc68f1815afca69227735da8b822981,2025,7,0.01007903
b4e4dd2b048f23482c0c24faab06af90edc68f1815afca69227735da8b822981,2025,8,0.015907349
b4e4dd2b048f23482c0c24faab06af90edc68f1815afca69227735da8b822981,2025,9,0.015294968
b4e4dd2b048f23482c0c24faab06af90edc68f1815afca69227735da8b822981,2025,10,0.048478134
b6b5f765ecb2db140065fca2e86999f822b7c7b2cbd4df0e558d2eac3090fb5b,2025,5,9.724017e-07
b6b5f765ecb2db140065fca2e86999f822b7c7b2cbd4df0e558d2eac3090fb5b,2025,6,1.9036311e-06
b6b5f765ecb2db140065fca2e86999f822b7c7b2cbd4df0e558d2eac3090fb5b,2025,7,1.8288048e-06
b6b5f765ecb2db140065fca2e86999f822b7c7b2cbd4df0e558d2eac3090fb5b,2025,8,2.041824e-06
b6b5f765ecb2db140065fca2e86999f822b7c7b2cbd4df0e558d2eac3090fb5b,2025,9,8.4523407e-07
b6b5f765ecb2db140065fca2e86999f822b7c7b2cbd4df0e558d2eac3090fb5b,2025,10,0.003807569
b71a1a11d206212b3dd1f9c983938d58f0e5eddf8407a38e7c6893c22bb5dda3,2025,5,0.085332476
b71a1a11d206212b3dd1f9c983938d58f0e5eddf8407a38e7c6893c22bb5dda3,2025,6,0.013256652
b71a1a11d206212b3dd1f9c983938d58f0e5eddf8407a38e7c6893c22bb5dda3,2025,7,0.014935686
b71a1a11d206212b3dd1f9c983938d58f0e5eddf8407a38e7c6893c22bb5dda3,2025,8,0.019501029
b71a1a11d206212b3dd1f9c983938d58f0e5eddf8407a38e7c6893c22bb5dda3,2025,9,0.029312404
b71a1a11d206212b3dd1f9c983938d58f0e5eddf8407a38e7c6893c22bb5dda3,2025,10,0.12122937
b71ce712d9e5a68a24a8babad55855cd6eb5d2ef282ca956532066de744dc216,2025,5,0.04392835
b71ce712d9e5a68a24a8babad55855cd6eb5d2ef282ca956532066de744dc216,2025,6,0.010185787
b71ce712d9e5a68a24a8babad55855cd6eb5d2ef282ca956532066de744dc216,2025,7,0.009572207
b71ce712d9e5a68a24a8babad55855cd6eb5d2ef282ca956532066de744dc216,2025,8,0.013407105
b71ce712d9e5a68a24a8babad55855cd6eb5d2ef282ca956532066de744dc216,2025,9,0.038090467
b71ce712d9e5a68a24a8babad55855cd6eb5d2ef282ca956532066de744dc216,2025,10,0.08369609
b87c8e1e69a3dd2d020e5084c1994279f9bd610383cd1405ce8efa4d2635a4ee,2025,5,0.06886024
b87c8e1e69a3dd2d020e5084c1994279f9bd610383cd1405ce8efa4d2635a4ee,2025,6,0.025560316
b87c8e1e69a3dd2d020e5084c1994279f9bd610383cd1405ce8efa4d2635a4ee,2025,7,0.012676514
b87c8e1e69a3dd2d020e5084c1994279f9bd610383cd1405ce8efa4d2635a4ee,2025,8,0.011477431
b87c8e1e69a3dd2d020e5084c1994279f9bd610383cd1405ce8efa4d2635a4ee,2025,9,0.025857946
b87c8e1e69a3dd2d020e5084c1994279f9bd610383cd1405ce8efa4d2635a4ee,2025,10,0.08043879
b8e7297ac2a0ce4bb520d8cfb64f27da6e1ddc397e6595d6f164da6721d8e7e1,2025,5,0.017380208
b8e7297ac2a0ce4bb520d8cfb64f27da6e1ddc397e6595d6f164da6721d8e7e1,2025,6,0.0033861434
b8e7297ac2a0ce4bb520d8cfb64f27da6e1ddc397e6595d6f164da6721d8e7e1,2025,7,0.0018900007
b8e7297ac2a0ce4bb520d8cfb64f27da6e1ddc397e6595d6f164da6721d8e7e1,2025,8,0.0038334555
b8e7297ac2a0ce4bb520d8cfb64f27da6e1ddc397e6595d6f164da6721d8e7e1,2025,9,0.008523406
b8e7297ac2a0ce4bb520d8cfb64f27da6e1ddc397e6595d6f164da6721d8e7e1,2025,10,0.035183
b91d4be15138003ce3a6715e046555f6e56bbfc124107f8d83153c29c2b9c6bf,2025,5,0.031408634
b91d4be15138003ce3a6715e046555f6e56bbfc124107f8d83153c29c2b9c6bf,2025,6,0.013482286
b91d4be15138003ce3a6715e046555f6e56bbfc124107f8d83153c29c2b9c6bf,2025,7,0.011980392
b91d4be15138003ce3a6715e046555f6e56bbfc124107f8d83153c29c2b9c6bf,2025,8,0.0122507615
b91d4be15138003ce3a6715e046555f6e56bbfc124107f8d83153c29c2b9c6bf,2025,9,0.035911813
b91d4be15138003ce3a6715e046555f6e56bbfc124107f8d83153c29c2b9c6bf,2025,10,0.09609883
b9245f7fd5df062f7851a5457409a16720201f78131a927a99209b84fd2db597,2025,5,0.015671326
b9245f7fd5df062f7851a5457409a16720201f78131a927a99209b84fd2db597,2025,6,0.017012691
b9245f7fd5df062f7851a5457409a16720201f78131a927a99209b84fd2db597,2025,7,0.01350326
b9245f7fd5df062f7851a5457409a16720201f78131a927a99209b84fd2db597,2025,8,0.015306549
b9245f7fd5df062f7851a5457409a16720201f78131a927a99209b84fd2db597,2025,9,0.01950941
b9245f7fd5df062f7851a5457409a16720201f78131a927a99209b84fd2db597,2025,10,0.073159516
b993b5e3b8989d420c645eeea30718c4559898a2d034ee0c678162492c895daa,2025,5,0.1338329
b993b5e3b8989d420c645eeea30718c4559898a2d034ee0c678162492c895daa,2025,6,0.020939944
b993b5e3b8989d420c645eeea30718c4559898a2d034ee0c678162492c895daa,2025,7,0.018613208
b993b5e3b8989d420c645eeea30718c4559898a2d034ee0c678162492c895daa,2025,8,0.021474889
b993b5e3b8989d420c645eeea30718c4559898a2d034ee0c678162492c895daa,2025,9,0.037121918
b993b5e3b8989d420c645eeea30718c4559898a2d034ee0c678162492c895daa,2025,10,0.22135308
ba30b5fef6b7085e419c416d74e999df3ee83d563501424bdc0b5b1fe79ba11f,2025,5,0.2517108
ba30b5fef6b7085e419c416d74e999df3ee83d563501424bdc0b5b1fe79ba11f,2025,6,0.024608122
ba30b5fef6b7085e419c416d74e999df3ee83d563501424bdc0b5b1fe79ba11f,2025,7,0.050184764
ba30b5fef6b7085e419c416d74e999df3ee83d563501424bdc0b5b1fe79ba11f,2025,8,0.052113645
ba30b5fef6b7085e419c416d74e999df3ee83d563501424bdc0b5b1fe79ba11f,2025,9,0.050340395
ba30b5fef6b7085e419c416d74e999df3ee83d563501424bdc0b5b1fe79ba11f,2025,10,0.45966968
bd0e442d9f5c7523ef5b5ae9b7468e2b7ecf2837fa0f246eee62eadcb6470319,2025,5,0.035491068
bd0e442d9f5c7523ef5b5ae9b7468e2b7ecf2837fa0f246eee62eadcb6470319,2025,6,0.0123906685
bd0e442d9f5c7523ef5b5ae9b7468e2b7ecf2837fa0f246eee62eadcb6470319,2025,7,0.010840931
bd0e442d9f5c7523ef5b5ae9b7468e2b7ecf2837fa0f246eee62eadcb6470319,2025,8,0.015730906
bd0e442d9f5c7523ef5b5ae9b7468e2b7ecf2837fa0f246eee62eadcb6470319,2025,9,0.017691037
bd0e442d9f5c7523ef5b5ae9b7468e2b7ecf2837fa0f246eee62eadcb6470319,2025,10,0.052008536
bf1009709bd89aeb038602100bec12302f1794764a5b7a528c319433dd2f8e3a,2025,5,0.025758982
bf1009709bd89aeb038602100bec12302f1794764a5b7a528c319433dd2f8e3a,2025,6,0.011278857
bf1009709bd89aeb038602100bec12302f1794764a5b7a528c319433dd2f8e3a,2025,7,0.011011758
bf1009709bd89aeb038602100bec12302f1794764a5b7a528c319433dd2f8e3a,2025,8,0.010595724
bf1009709bd89aeb038602100bec12302f1794764a5b7a528c319433dd2f8e3a,2025,9,0.011586307
bf1009709bd89aeb038602100bec12302f1794764a5b7a528c319433dd2f8e3a,2025,10,0.044655286
bfbec004c35034c070942c19f59f2b8ddd6a1d33a8e1ebce325801fdb28926bd,2025,5,0.10736703
bfbec004c35034c070942c19f59f2b8ddd6a1d33a8e1ebce325801fdb28926bd,2025,6,0.030177508
bfbec004c35034c070942c19f59f2b8ddd6a1d33a8e1ebce325801fdb28926bd,2025,7,0.028084816
bfbec004c35034c070942c19f59f2b8ddd6a1d33a8e1ebce325801fdb28926bd,2025,8,0.02688865
bfbec004c35034c070942c19f59f2b8ddd6a1d33a8e1ebce325801fdb28926bd,2025,9,0.05487731
bfbec004c35034c070942c19f59f2b8ddd6a1d33a8e1ebce325801fdb28926bd,2025,10,0.17464648
bfd5346507a6244af0fe6f7f7b7c35f52015ae83207dde158cbbe03ae12784f6,2025,5,0.048573293
bfd5346507a6244af0fe6f7f7b7c35f52015ae83207dde158cbbe03ae12784f6,2025,6,0.025942622
bfd5346507a6244af0fe6f7f7b7c35f52015ae83207dde158cbbe03ae12784f6,2025,7,0.025642224
bfd5346507a6244af0fe6f7f7b7c35f52015ae83207dde158cbbe03ae12784f6,2025,8,0.027452849
bfd5346507a6244af0fe6f7f7b7c35f52015ae83207dde158cbbe03ae12784f6,2025,9,0.026118452
bfd5346507a6244af0fe6f7f7b7c35f52015ae83207dde158cbbe03ae12784f6,2025,10,0.062452048
c077912f52227e7c99a51b47afeff14e6cefff26dcc1068a98ee9b4fc868f867,2025,5,0.033851925
c077912f52227e7c99a51b47afeff14e6cefff26dcc1068a98ee9b4fc868f867,2025,6,0.013550072
c077912f52227e7c99a51b47afeff14e6cefff26dcc1068a98ee9b4fc868f867,2025,7,0.009654326
c077912f52227e7c99a51b47afeff14e6cefff26dcc1068a98ee9b4fc868f867,2025,8,0.011446127
c077912f52227e7c99a51b47afeff14e6cefff26dcc1068a98ee9b4fc868f867,2025,9,0.015792275
c077912f52227e7c99a51b47afeff14e6cefff26dcc1068a98ee9b4fc868f867,2025,10,0.063069135
c1116094717585e830377908e382139abe75243d01bc15382b8cbe685a1e2dbb,2025,5,0.042151354
c1116094717585e830377908e382139abe75243d01bc15382b8cbe685a1e2dbb,2025,6,0.019632312
c1116094717585e830377908e382139abe75243d01bc15382b8cbe685a1e2dbb,2025,7,0.0170415
c1116094717585e830377908e382139abe75243d01bc15382b8cbe685a1e2dbb,2025,8,0.01684651
c1116094717585e830377908e382139abe75243d01bc15382b8cbe685a1e2dbb,2025,9,0.025141641
c1116094717585e830377908e382139abe75243d01bc15382b8cbe685a1e2dbb,2025,10,0.06204939
c198026d7a1ee9951f995ba0c47d429dba715a74dbdf3d99e3c89e5498406cf8,2025,5,0.05679474
c198026d7a1ee9951f995ba0c47d429dba715a74dbdf3d99e3c89e5498406cf8,2025,6,0.011591358
c198026d7a1ee9951f995ba0c47d429dba715a74dbdf3d99e3c89e5498406cf8,2025,7,0.009320079
c198026d7a1ee9951f995ba0c47d429dba715a74dbdf3d99e3c89e5498406cf8,2025,8,0.009775315
c198026d7a1ee9951f995ba0c47d429dba715a74dbdf3d99e3c89e5498406cf8,2025,9,0.02254486
c198026d7a1ee9951f995ba0c47d429dba715a74dbdf3d99e3c89e5498406cf8,2025,10,0.099229634
c1aeb16f56d61beda029610ddca160e7d878d5d4f0f7c8e92aeacfa0abe500b9,2025,5,0.08284976
c1aeb16f56d61beda029610ddca160e7d878d5d4f0f7c8e92aeacfa0abe500b9,2025,6,0.034929756
c1aeb16f56d61beda029610ddca160e7d878d5d4f0f7c8e92aeacfa0abe500b9,2025,7,0.029253338
c1aeb16f56d61beda029610ddca160e7d878d5d4f0f7c8e92aeacfa0abe500b9,2025,8,0.034348402
c1aeb16f56d61beda029610ddca160e7d878d5d4f0f7c8e92aeacfa0abe500b9,2025,9,0.044346664
c1aeb16f56d61beda029610ddca160e7d878d5d4f0f7c8e92aeacfa0abe500b9,2025,10,0.1768509
c319a8aee14c01c3a152d6d0ee04bbd512417ffc3f35f2154e813aec955ee22d,2025,5,0.022722047
c319a8aee14c01c3a152d6d0ee04bbd512417ffc3f35f2154e813aec955ee22d,2025,6,0.004342619
c319a8aee14c01c3a152d6d0ee04bbd512417ffc3f35f2154e813aec955ee22d,2025,7,0.0038466693
c319a8aee14c01c3a152d6d0ee04bbd512417ffc3f35f2154e813aec955ee22d,2025,8,0.0048710853
c319a8aee14c01c3a152d6d0ee04bbd512417ffc3f35f2154e813aec955ee22d,2025,9,0.011840794
c319a8aee14c01c3a152d6d0ee04bbd512417ffc3f35f2154e813aec955ee22d,2025,10,0.04145557
c33bb14440e5f9604d08955c83c8f9f9831d17f94f6438913f2714729ed671e6,2025,5,0.026580947
c33bb14440e5f9604d08955c83c8f9f9831d17f94f6438913f2714729ed671e6,2025,6,0.012661055
c33bb14440e5f9604d08955c83c8f9f9831d17f94f6438913f2714729ed671e6,2025,7,0.015388758
c33bb14440e5f9604d08955c83c8f9f9831d17f94f6438913f2714729ed671e6,2025,8,0.01782305
c33bb14440e5f9604d08955c83c8f9f9831d17f94f6438913f2714729ed671e6,2025,9,0.015942315
c33bb14440e5f9604d08955c83c8f9f9831d17f94f6438913f2714729ed671e6,2025,10,0.064321026
c3531c4cd18d5442063a186efeb2402442de9d731f4e98a25b3a10f044b34a4c,2025,5,0.03855028
c3531c4cd18d5442063a186efeb2402442de9d731f4e98a25b3a10f044b34a4c,2025,6,0.013703991
c3531c4cd18d5442063a186efeb2402442de9d731f4e98a25b3a10f044b34a4c,2025,7,0.010799832
c3531c4cd18d5442063a186efeb2402442de9d731f4e98a25b3a10f044b34a4c,2025,8,0.011003043
c3531c4cd18d5442063a186efeb2402442de9d731f4e98a25b3a10f044b34a4c,2025,9,0.021863446
c3531c4cd18d5442063a186efeb2402442de9d731f4e98a25b3a10f044b34a4c,2025,10,0.063279025
c38adeb26eb6683864917b7538be5ea7ab7914f162f1f404d164d36e333a598b,2025,5,0.046827517
c38adeb26eb6683864917b7538be5ea7ab7914f162f1f404d164d36e333a598b,2025,6,0.011994436
c38adeb26eb6683864917b7538be5ea7ab7914f162f1f404d164d36e333a598b,2025,7,0.01042033
c38adeb26eb6683864917b7538be5ea7ab7914f162f1f404d164d36e333a598b,2025,8,0.010826349
c38adeb26eb6683864917b7538be5ea7ab7914f162f1f404d164d36e333a598b,2025,9,0.012375219
c38adeb26eb6683864917b7538be5ea7ab7914f162f1f404d164d36e333a598b,2025,10,0.072848655
c400c8685db6e684b92dff5c0aeae1d0162338576947151849112a8a6ed7f4b2,2025,5,0.044148363
c400c8685db6e684b92dff5c0aeae1d0162338576947151849112a8a6ed7f4b2,2025,6,0.010702218
c400c8685db6e684b92dff5c0aeae1d0162338576947151849112a8a6ed7f4b2,2025,7,0.008620206
c400c8685db6e684b92dff5c0aeae1d0162338576947151849112a8a6ed7f4b2,2025,8,0.011194138
c400c8685db6e684b92dff5c0aeae1d0162338576947151849112a8a6ed7f4b2,2025,9,0.0151643595
c400c8685db6e684b92dff5c0aeae1d0162338576947151849112a8a6ed7f4b2,2025,10,0.08213822
c45311bfe9c13e8706a9a099ce81762b69566b6dfda93f6d521105fbed54ee4a,2025,5,1.3453388e-05
c45311bfe9c13e8706a9a099ce81762b69566b6dfda93f6d521105fbed54ee4a,2025,6,2.4161223e-05
c45311bfe9c13e8706a9a099ce81762b69566b6dfda93f6d521105fbed54ee4a,2025,7,3.0065072e-05
c45311bfe9c13e8706a9a099ce81762b69566b6dfda93f6d521105fbed54ee4a,2025,8,3.748758e-05
c45311bfe9c13e8706a9a099ce81762b69566b6dfda93f6d521105fbed54ee4a,2025,9,2.2982524e-05
c45311bfe9c13e8706a9a099ce81762b69566b6dfda93f6d521105fbed54ee4a,2025,10,0.05604344
c4e15179aca2e2b69a0d152931f47f9a2146da0567142b6168772bbb0ac92249,2025,5,0.033097655
c4e15179aca2e2b69a0d152931f47f9a2146da0567142b6168772bbb0ac92249,2025,6,0.01313017
c4e15179aca2e2b69a0d152931f47f9a2146da0567142b6168772bbb0ac92249,2025,7,0.01315166
c4e15179aca2e2b69a0d152931f47f9a2146da0567142b6168772bbb0ac92249,2025,8,0.014843625
c4e15179aca2e2b69a0d152931f47f9a2146da0567142b6168772bbb0ac92249,2025,9,0.019456035
c4e15179aca2e2b69a0d152931f47f9a2146da0567142b6168772bbb0ac92249,2025,10,0.045133956
c5761e3bb51a4736bafd9ef9cba827f52b34291ae62760174293078803186264,2025,5,0.07773179
c5761e3bb51a4736bafd9ef9cba827f52b34291ae62760174293078803186264,2025,6,0.02152094
c5761e3bb51a4736bafd9ef9cba827f52b34291ae62760174293078803186264,2025,7,0.015258552
c580467faf49c6d3f7db098bd8da8f58421b3c4cdf32a7f27cae71677a3594b5,2025,5,0.037178934
c580467faf49c6d3f7db098bd8da8f58421b3c4cdf32a7f27cae71677a3594b5,2025,6,0.006835089
c580467faf49c6d3f7db098bd8da8f58421b3c4cdf32a7f27cae71677a3594b5,2025,7,0.005526128
c580467faf49c6d3f7db098bd8da8f58421b3c4cdf32a7f27cae71677a3594b5,2025,8,0.006243348
c580467faf49c6d3f7db098bd8da8f58421b3c4cdf32a7f27cae71677a3594b5,2025,9,0.021235853
c580467faf49c6d3f7db098bd8da8f58421b3c4cdf32a7f27cae71677a3594b5,2025,10,0.061396904
c5f41d8d5cb0ae4531368b587e5ca8e5d69524db1da24f9f273cd68a32d4f0d6,2025,5,0.04199019
c5f41d8d5cb0ae4531368b587e5ca8e5d69524db1da24f9f273cd68a32d4f0d6,2025,6,0.015733056
c5f41d8d5cb0ae4531368b587e5ca8e5d69524db1da24f9f273cd68a32d4f0d6,2025,7,0.016068371
c5f41d8d5cb0ae4531368b587e5ca8e5d69524db1da24f9f273cd68a32d4f0d6,2025,8,0.015606595
c5f41d8d5cb0ae4531368b587e5ca8e5d69524db1da24f9f273cd68a32d4f0d6,2025,9,0.023297355
c5f41d8d5cb0ae4531368b587e5ca8e5d69524db1da24f9f273cd68a32d4f0d6,2025,10,0.07251684
c67b28c6b2df355ede53fb631fcf666ef446860f2be2fab277c6f26dec3f5199,2025,5,0.04863505
c67b28c6b2df355ede53fb631fcf666ef446860f2be2fab277c6f26dec3f5199,2025,6,0.0057093836
c67b28c6b2df355ede53fb631fcf666ef446860f2be2fab277c6f26dec3f5199,2025,7,0.005674011
c67b28c6b2df355ede53fb631fcf666ef446860f2be2fab277c6f26dec3f5199,2025,8,0.005330632
c67b28c6b2df355ede53fb631fcf666ef446860f2be2fab277c6f26dec3f5199,2025,9,0.020831365
c67b28c6b2df355ede53fb631fcf666ef446860f2be2fab277c6f26dec3f5199,2025,10,0.073836274
c71612d59a2aec77f7c636999f151e9a4869b4f0a9ecd7dd562ad76b39f18e07,2025,5,0.031048462
c71612d59a2aec77f7c636999f151e9a4869b4f0a9ecd7dd562ad76b39f18e07,2025,6,0.010919303
c71612d59a2aec77f7c636999f151e9a4869b4f0a9ecd7dd562ad76b39f18e07,2025,7,0.008074405
c71612d59a2aec77f7c636999f151e9a4869b4f0a9ecd7dd562ad76b39f18e07,2025,8,0.010689154
c71612d59a2aec77f7c636999f151e9a4869b4f0a9ecd7dd562ad76b39f18e07,2025,9,0.014816349
c71612d59a2aec77f7c636999f151e9a4869b4f0a9ecd7dd562ad76b39f18e07,2025,10,0.043081112
c71d8c1f69ed01f105998e1330ed2674e71994e3eee6c132932695249ade611c,2025,5,0.047153756
c71d8c1f69ed01f105998e1330ed2674e71994e3eee6c132932695249ade611c,2025,6,0.014319553
c71d8c1f69ed01f105998e1330ed2674e71994e3eee6c132932695249ade611c,2025,7,0.013299275
c71d8c1f69ed01f105998e1330ed2674e71994e3eee6c132932695249ade611c,2025,8,0.016286818
c71d8c1f69ed01f105998e1330ed2674e71994e3eee6c132932695249ade611c,2025,9,0.03307327
c71d8c1f69ed01f105998e1330ed2674e71994e3eee6c132932695249ade611c,2025,10,0.10452979
c74e8a4d88ce3e4efe23bef8e0b2d90ddea798741169f6a07c3f29ad2d8154ec,2025,5,0.048267867
c74e8a4d88ce3e4efe23bef8e0b2d90ddea798741169f6a07c3f29ad2d8154ec,2025,6,0.0044470467
c74e8a4d88ce3e4efe23bef8e0b2d90ddea798741169f6a07c3f29ad2d8154ec,2025,7,0.0055246265
c74e8a4d88ce3e4efe23bef8e0b2d90ddea798741169f6a07c3f29ad2d8154ec,2025,8,0.006928968
c74e8a4d88ce3e4efe23bef8e0b2d90ddea798741169f6a07c3f29ad2d8154ec,2025,9,0.023198122
c74e8a4d88ce3e4efe23bef8e0b2d90ddea798741169f6a07c3f29ad2d8154ec,2025,10,0.08436098
c7b346f7fff0cb4ddcf2244db727bf6e46687293204a50c0c0cce750840f1ecf,2025,5,0.027683208
c7b346f7fff0cb4ddcf2244db727bf6e46687293204a50c0c0cce750840f1ecf,2025,6,0.011528947
c7b346f7fff0cb4ddcf2244db727bf6e46687293204a50c0c0cce750840f1ecf,2025,7,0.009210656
c7b346f7fff0cb4ddcf2244db727bf6e46687293204a50c0c0cce750840f1ecf,2025,8,0.009770018
c7b346f7fff0cb4ddcf2244db727bf6e46687293204a50c0c0cce750840f1ecf,2025,9,0.014550589
c7b346f7fff0cb4ddcf2244db727bf6e46687293204a50c0c0cce750840f1ecf,2025,10,0.06629546
c873be5b837beb036a8f546a9cca83bc4205e0fb678ed6afefa06d2fec722d16,2025,5,0.15668997
c873be5b837beb036a8f546a9cca83bc4205e0fb678ed6afefa06d2fec722d16,2025,6,0.03284605
c873be5b837beb036a8f546a9cca83bc4205e0fb678ed6afefa06d2fec722d16,2025,7,0.020106988
c873be5b837beb036a8f546a9cca83bc4205e0fb678ed6afefa06d2fec722d16,2025,8,0.019524353
c873be5b837beb036a8f546a9cca83bc4205e0fb678ed6afefa06d2fec722d16,2025,9,0.04924016
c873be5b837beb036a8f546a9cca83bc4205e0fb678ed6afefa06d2fec722d16,2025,10,0.16692938
c8f29f685d8168838d67e4cdd9bfba22e414593434d5f13c883419e568018714,2025,5,0.049025737
c8f29f685d8168838d67e4cdd9bfba22e414593434d5f13c883419e568018714,2025,6,0.01919972
c8f29f685d8168838d67e4cdd9bfba22e414593434d5f13c883419e568018714,2025,7,0.011598512
c8f29f685d8168838d67e4cdd9bfba22e414593434d5f13c883419e568018714,2025,8,0.0137388045
c8f29f685d8168838d67e4cdd9bfba22e414593434d5f13c883419e568018714,2025,9,0.017741648
c8f29f685d8168838d67e4cdd9bfba22e414593434d5f13c883419e568018714,2025,10,0.064615496
c8fe989de7825846ce61e3f272a3c89884dab798ab48bfed52c0b7c9445ca2b4,2025,5,0.06187346
c8fe989de7825846ce61e3f272a3c89884dab798ab48bfed52c0b7c9445ca2b4,2025,6,0.017934466
c8fe989de7825846ce61e3f272a3c89884dab798ab48bfed52c0b7c9445ca2b4,2025,7,0.0068457043
c8fe989de7825846ce61e3f272a3c89884dab798ab48bfed52c0b7c9445ca2b4,2025,8,0.013440967
c8fe989de7825846ce61e3f272a3c89884dab798ab48bfed52c0b7c9445ca2b4,2025,9,0.029221613
c8fe989de7825846ce61e3f272a3c89884dab798ab48bfed52c0b7c9445ca2b4,2025,10,0.009404161
c940390d9d628a02f959cbda65b42f71cd10e83454665ada7b3ac7b8fbf9a76c,2025,5,0.03250049
c940390d9d628a02f959cbda65b42f71cd10e83454665ada7b3ac7b8fbf9a76c,2025,6,0.0136692235
c940390d9d628a02f959cbda65b42f71cd10e83454665ada7b3ac7b8fbf9a76c,2025,7,0.011578769
c940390d9d628a02f959cbda65b42f71cd10e83454665ada7b3ac7b8fbf9a76c,2025,8,0.012348375
c940390d9d628a02f959cbda65b42f71cd10e83454665ada7b3ac7b8fbf9a76c,2025,9,0.022401197
c940390d9d628a02f959cbda65b42f71cd10e83454665ada7b3ac7b8fbf9a76c,2025,10,0.04851091
c977a8756553ed7106802ea3cd5b7124922140bc8bd91e698bbe145a53b67e74,2025,5,0.016315976
c977a8756553ed7106802ea3cd5b7124922140bc8bd91e698bbe145a53b67e74,2025,6,0.012114025
c977a8756553ed7106802ea3cd5b7124922140bc8bd91e698bbe145a53b67e74,2025,7,0.010584241
c977a8756553ed7106802ea3cd5b7124922140bc8bd91e698bbe145a53b67e74,2025,8,0.010953912
c977a8756553ed7106802ea3cd5b7124922140bc8bd91e698bbe145a53b67e74,2025,9,0.014643919
c977a8756553ed7106802ea3cd5b7124922140bc8bd91e698bbe145a53b67e74,2025,10,0.03621573
c97ea589792b651817d528ecec2b5e07fa336a6a72e6959516beb249486331a7,2025,5,0.053781673
c97ea589792b651817d528ecec2b5e07fa336a6a72e6959516beb249486331a7,2025,6,0.01693198
c97ea589792b651817d528ecec2b5e07fa336a6a72e6959516beb249486331a7,2025,7,0.014745186
c97ea589792b651817d528ecec2b5e07fa336a6a72e6959516beb249486331a7,2025,8,0.01918539
c97ea589792b651817d528ecec2b5e07fa336a6a72e6959516beb249486331a7,2025,9,0.034222905
c97ea589792b651817d528ecec2b5e07fa336a6a72e6959516beb249486331a7,2025,10,0.068485186
c9b377c6bffc53edca8e3628c037b949e9aec7b4576c7de0da99bb8775017a6b,2025,5,0.31324637
c9b377c6bffc53edca8e3628c037b949e9aec7b4576c7de0da99bb8775017a6b,2025,6,0.08861299
c9b377c6bffc53edca8e3628c037b949e9aec7b4576c7de0da99bb8775017a6b,2025,7,0.046642914
c9b377c6bffc53edca8e3628c037b949e9aec7b4576c7de0da99bb8775017a6b,2025,8,0.04981493
c9b377c6bffc53edca8e3628c037b949e9aec7b4576c7de0da99bb8775017a6b,2025,9,0.1448793
c9b377c6bffc53edca8e3628c037b949e9aec7b4576c7de0da99bb8775017a6b,2025,10,0.4590859
cb69e8c917727998df38cb4bd2984eca00252f5364accc19c02e360384e37232,2025,5,0.043712858
cb69e8c917727998df38cb4bd2984eca00252f5364accc19c02e360384e37232,2025,6,0.013882338
cb69e8c917727998df38cb4bd2984eca00252f5364accc19c02e360384e37232,2025,7,0.010377808
cb69e8c917727998df38cb4bd2984eca00252f5364accc19c02e360384e37232,2025,8,0.010523687
cb69e8c917727998df38cb4bd2984eca00252f5364accc19c02e360384e37232,2025,9,0.016616188
cb69e8c917727998df38cb4bd2984eca00252f5364accc19c02e360384e37232,2025,10,0.07864774
cb9de0c5541ffcd73a9847755f543960505f3ea68afb009f5c373c77271df7e5,2025,5,0.012823985
cb9de0c5541ffcd73a9847755f543960505f3ea68afb009f5c373c77271df7e5,2025,6,0.00690417
cb9de0c5541ffcd73a9847755f543960505f3ea68afb009f5c373c77271df7e5,2025,7,0.0056928787
cb9de0c5541ffcd73a9847755f543960505f3ea68afb009f5c373c77271df7e5,2025,8,0.006018745
cb9de0c5541ffcd73a9847755f543960505f3ea68afb009f5c373c77271df7e5,2025,10,0.047466416
ccd2c7d0e78433f9ad562cad91735888bdd6a6aa71683f9a3b21d12b74f1487d,2025,5,0.022966662
ccd2c7d0e78433f9ad562cad91735888bdd6a6aa71683f9a3b21d12b74f1487d,2025,6,0.007291403
ccd2c7d0e78433f9ad562cad91735888bdd6a6aa71683f9a3b21d12b74f1487d,2025,7,0.0064371824
ccd2c7d0e78433f9ad562cad91735888bdd6a6aa71683f9a3b21d12b74f1487d,2025,8,0.0068815807
ccd2c7d0e78433f9ad562cad91735888bdd6a6aa71683f9a3b21d12b74f1487d,2025,9,0.009047315
ccd2c7d0e78433f9ad562cad91735888bdd6a6aa71683f9a3b21d12b74f1487d,2025,10,0.03866729
ce082bfe21f31a738f307de299fa2559e5166d46e3e2d87e81be02de5a3ed437,2025,5,0.029316818
ce082bfe21f31a738f307de299fa2559e5166d46e3e2d87e81be02de5a3ed437,2025,6,0.014637972
ce082bfe21f31a738f307de299fa2559e5166d46e3e2d87e81be02de5a3ed437,2025,7,0.013416223
ce082bfe21f31a738f307de299fa2559e5166d46e3e2d87e81be02de5a3ed437,2025,8,0.01491519
ce082bfe21f31a738f307de299fa2559e5166d46e3e2d87e81be02de5a3ed437,2025,9,0.015059788
ce082bfe21f31a738f307de299fa2559e5166d46e3e2d87e81be02de5a3ed437,2025,10,0.06823488
ce2ae276c1e20eb9b26c54cefba25fabd785dcafbaa1ece3a31567f2a664c38c,2025,5,0.039685447
ce2ae276c1e20eb9b26c54cefba25fabd785dcafbaa1ece3a31567f2a664c38c,2025,6,0.009793883
ce2ae276c1e20eb9b26c54cefba25fabd785dcafbaa1ece3a31567f2a664c38c,2025,7,0.008829985
ce2ae276c1e20eb9b26c54cefba25fabd785dcafbaa1ece3a31567f2a664c38c,2025,8,0.009823475
ce416498c18f0930741983f9f0f0542273db918156e74b215908155cc6ab0957,2025,5,0.02420292
ce416498c18f0930741983f9f0f0542273db918156e74b215908155cc6ab0957,2025,6,0.008183984
ce416498c18f0930741983f9f0f0542273db918156e74b215908155cc6ab0957,2025,7,0.0111415265
ce416498c18f0930741983f9f0f0542273db918156e74b215908155cc6ab0957,2025,8,0.009881274
ce416498c18f0930741983f9f0f0542273db918156e74b215908155cc6ab0957,2025,9,0.016758794
ce416498c18f0930741983f9f0f0542273db918156e74b215908155cc6ab0957,2025,10,0.064520165
ce5247f5d662ed4f8b3512bae0947770cc4f59ec5414ab51c0caf8ce145cfcdb,2025,5,0.018352302
ce5247f5d662ed4f8b3512bae0947770cc4f59ec5414ab51c0caf8ce145cfcdb,2025,6,0.011219928
ce5247f5d662ed4f8b3512bae0947770cc4f59ec5414ab51c0caf8ce145cfcdb,2025,7,0.010719798
ce5247f5d662ed4f8b3512bae0947770cc4f59ec5414ab51c0caf8ce145cfcdb,2025,8,0.0115806535
ce5247f5d662ed4f8b3512bae0947770cc4f59ec5414ab51c0caf8ce145cfcdb,2025,9,0.014433474
ce5247f5d662ed4f8b3512bae0947770cc4f59ec5414ab51c0caf8ce145cfcdb,2025,10,0.047915563
cf0116021413b609ee663f3d2d27fa05b4e02f99de913f0b284356dab4f362e7,2025,5,0.046793144
cf0116021413b609ee663f3d2d27fa05b4e02f99de913f0b284356dab4f362e7,2025,6,0.0116300285
cf0116021413b609ee663f3d2d27fa05b4e02f99de913f0b284356dab4f362e7,2025,7,0.010620672
cf0116021413b609ee663f3d2d27fa05b4e02f99de913f0b284356dab4f362e7,2025,8,0.010778479
cf0116021413b609ee663f3d2d27fa05b4e02f99de913f0b284356dab4f362e7,2025,9,0.021804774
cf0116021413b609ee663f3d2d27fa05b4e02f99de913f0b284356dab4f362e7,2025,10,0.09911107
cf052f1c689934287d5a53e5c0ca51619c89cfa97c4e1aa832feda9fba26a8bf,2025,5,0.102393
cf052f1c689934287d5a53e5c0ca51619c89cfa97c4e1aa832feda9fba26a8bf,2025,6,0.058238834
cf052f1c689934287d5a53e5c0ca51619c89cfa97c4e1aa832feda9fba26a8bf,2025,7,0.04286517
cf052f1c689934287d5a53e5c0ca51619c89cfa97c4e1aa832feda9fba26a8bf,2025,8,0.038656503
cf052f1c689934287d5a53e5c0ca51619c89cfa97c4e1aa832feda9fba26a8bf,2025,9,0.045108013
cf052f1c689934287d5a53e5c0ca51619c89cfa97c4e1aa832feda9fba26a8bf,2025,10,0.29871798
cf9b680d533205300963c2abda40219554f3a4b6ec8ec3835b520cf08ff7fe48,2025,5,0.053495914
cf9b680d533205300963c2abda40219554f3a4b6ec8ec3835b520cf08ff7fe48,2025,6,0.0156719
cf9b680d533205300963c2abda40219554f3a4b6ec8ec3835b520cf08ff7fe48,2025,7,0.014437461
cf9b680d533205300963c2abda40219554f3a4b6ec8ec3835b520cf08ff7fe48,2025,8,0.016475061
cf9b680d533205300963c2abda40219554f3a4b6ec8ec3835b520cf08ff7fe48,2025,9,0.028216286
cf9b680d533205300963c2abda40219554f3a4b6ec8ec3835b520cf08ff7fe48,2025,10,0.08797241
d0e2a6ab28f544e994e9255a1c8bf3551b3f188417424a7b5bd97175028973f8,2025,5,0.02723069
d0e2a6ab28f544e994e9255a1c8bf3551b3f188417424a7b5bd97175028973f8,2025,6,0.0054294993
d0e2a6ab28f544e994e9255a1c8bf3551b3f188417424a7b5bd97175028973f8,2025,7,0.0081439875
d0e2a6ab28f544e994e9255a1c8bf3551b3f188417424a7b5bd97175028973f8,2025,8,0.0061247787
d0e2a6ab28f544e994e9255a1c8bf3551b3f188417424a7b5bd97175028973f8,2025,9,0.016786978
d0e2a6ab28f544e994e9255a1c8bf3551b3f188417424a7b5bd97175028973f8,2025,10,0.07390903
d123e5672e62a689510b2e0557eaa291d53d42a92de62564be8752a981569996,2025,5,0.06724811
d123e5672e62a689510b2e0557eaa291d53d42a92de62564be8752a981569996,2025,6,0.057583984
d123e5672e62a689510b2e0557eaa291d53d42a92de62564be8752a981569996,2025,7,0.04951761
d123e5672e62a689510b2e0557eaa291d53d42a92de62564be8752a981569996,2025,8,0.051871393
d123e5672e62a689510b2e0557eaa291d53d42a92de62564be8752a981569996,2025,9,0.058330532
d123e5672e62a689510b2e0557eaa291d53d42a92de62564be8752a981569996,2025,10,0.10728651
d1805ac591a5d12b795551ba179e943ed04f1a69a6c1a5535bcbd955449db802,2025,5,0.078052804
d1805ac591a5d12b795551ba179e943ed04f1a69a6c1a5535bcbd955449db802,2025,6,0.022617318
d1805ac591a5d12b795551ba179e943ed04f1a69a6c1a5535bcbd955449db802,2025,7,0.01777748
d1805ac591a5d12b795551ba179e943ed04f1a69a6c1a5535bcbd955449db802,2025,8,0.04815087
d1805ac591a5d12b795551ba179e943ed04f1a69a6c1a5535bcbd955449db802,2025,9,0.03751454
d1805ac591a5d12b795551ba179e943ed04f1a69a6c1a5535bcbd955449db802,2025,10,0.1778274
d1a816f1be317befb5b1d91b658abe83e2c740dcad41d4db00be4589ad1119e9,2025,5,0.017017841
d1a816f1be317befb5b1d91b658abe83e2c740dcad41d4db00be4589ad1119e9,2025,6,0.005912212
d1a816f1be317befb5b1d91b658abe83e2c740dcad41d4db00be4589ad1119e9,2025,7,0.0049317298
d1a816f1be317befb5b1d91b658abe83e2c740dcad41d4db00be4589ad1119e9,2025,8,0.006141913
d1a816f1be317befb5b1d91b658abe83e2c740dcad41d4db00be4589ad1119e9,2025,9,0.010384575
d1a816f1be317befb5b1d91b658abe83e2c740dcad41d4db00be4589ad1119e9,2025,10,0.026861139
d1b5aff5b13c1ced12b049b8771f378838c9085395bedc1629c558ed104924ed,2025,5,0.029651308
d1b5aff5b13c1ced12b049b8771f378838c9085395bedc1629c558ed104924ed,2025,6,0.017225971
d1b5aff5b13c1ced12b049b8771f378838c9085395bedc1629c558ed104924ed,2025,7,0.014319385
d1b5aff5b13c1ced12b049b8771f378838c9085395bedc1629c558ed104924ed,2025,8,0.01645448
d1b5aff5b13c1ced12b049b8771f378838c9085395bedc1629c558ed104924ed,2025,9,0.027426386
d1b5aff5b13c1ced12b049b8771f378838c9085395bedc1629c558ed104924ed,2025,10,0.058790557
d1d2f9414bb8f6580ac6fb962c487c50c81533441363a914623834bd7a03ddd2,2025,5,0.023141973
d1d2f9414bb8f6580ac6fb962c487c50c81533441363a914623834bd7a03ddd2,2025,6,0.015160558
d1d2f9414bb8f6580ac6fb962c487c50c81533441363a914623834bd7a03ddd2,2025,7,0.015113535
d1d2f9414bb8f6580ac6fb962c487c50c81533441363a914623834bd7a03ddd2,2025,8,0.018438749
d1d2f9414bb8f6580ac6fb962c487c50c81533441363a914623834bd7a03ddd2,2025,9,0.017998884
d1d2f9414bb8f6580ac6fb962c487c50c81533441363a914623834bd7a03ddd2,2025,10,0.07803988
d1f26cd6c191c09d8513279b6869e83111722f741a59f2c069deb46c89b85a6d,2025,5,0.031347044
d1f26cd6c191c09d8513279b6869e83111722f741a59f2c069deb46c89b85a6d,2025,6,0.009339474
d1f26cd6c191c09d8513279b6869e83111722f741a59f2c069deb46c89b85a6d,2025,7,0.008033601
d1f26cd6c191c09d8513279b6869e83111722f741a59f2c069deb46c89b85a6d,2025,8,0.010240302
d1f26cd6c191c09d8513279b6869e83111722f741a59f2c069deb46c89b85a6d,2025,9,0.017681837
d1f26cd6c191c09d8513279b6869e83111722f741a59f2c069deb46c89b85a6d,2025,10,0.047976684
d218ab185a3bb1aa697dfd670cb0218f7f944e35a162bb3d188ed64792be83a6,2025,5,0.041142073
d218ab185a3bb1aa697dfd670cb0218f7f944e35a162bb3d188ed64792be83a6,2025,6,0.0059792357
d218ab185a3bb1aa697dfd670cb0218f7f944e35a162bb3d188ed64792be83a6,2025,7,0.0071114413
d218ab185a3bb1aa697dfd670cb0218f7f944e35a162bb3d188ed64792be83a6,2025,8,0.00872523
d218ab185a3bb1aa697dfd670cb0218f7f944e35a162bb3d188ed64792be83a6,2025,9,0.017007947
d218ab185a3bb1aa697dfd670cb0218f7f944e35a162bb3d188ed64792be83a6,2025,10,0.06239767
d2d04cc7758224311fda82943245daafb43f11000dfca228e5fa83eaaa94cb0c,2025,5,0.02712649
d2d04cc7758224311fda82943245daafb43f11000dfca228e5fa83eaaa94cb0c,2025,6,0.004819959
d2d04cc7758224311fda82943245daafb43f11000dfca228e5fa83eaaa94cb0c,2025,7,0.0046399953
d2d04cc7758224311fda82943245daafb43f11000dfca228e5fa83eaaa94cb0c,2025,8,0.0048352913
d2d04cc7758224311fda82943245daafb43f11000dfca228e5fa83eaaa94cb0c,2025,9,0.0090632355
d2d04cc7758224311fda82943245daafb43f11000dfca228e5fa83eaaa94cb0c,2025,10,0.036527622
d2f48ed028606407a55754c6b0e7a7a5407e8134ea82f908516180fd669bb93b,2025,5,0.024932746
d2f48ed028606407a55754c6b0e7a7a5407e8134ea82f908516180fd669bb93b,2025,6,0.0044965544
d2f48ed028606407a55754c6b0e7a7a5407e8134ea82f908516180fd669bb93b,2025,7,0.004797436
d2f48ed028606407a55754c6b0e7a7a5407e8134ea82f908516180fd669bb93b,2025,8,0.005326888
d2f48ed028606407a55754c6b0e7a7a5407e8134ea82f908516180fd669bb93b,2025,9,0.0073978915
d2f48ed028606407a55754c6b0e7a7a5407e8134ea82f908516180fd669bb93b,2025,10,0.03770684
d3288df081a58981101a8c062ba42c9b2bd0b981c04f68634716fffb00a78a10,2025,5,0.07187623
d3288df081a58981101a8c062ba42c9b2bd0b981c04f68634716fffb00a78a10,2025,6,0.009172775
d3288df081a58981101a8c062ba42c9b2bd0b981c04f68634716fffb00a78a10,2025,7,0.009287029
d3288df081a58981101a8c062ba42c9b2bd0b981c04f68634716fffb00a78a10,2025,8,0.01012235
d3288df081a58981101a8c062ba42c9b2bd0b981c04f68634716fffb00a78a10,2025,9,0.024301464
d3288df081a58981101a8c062ba42c9b2bd0b981c04f68634716fffb00a78a10,2025,10,0.23762554
d34987728389993b11dcf109da7b76196860877d6c362816805b517342259e4c,2025,5,0.06473612
d34987728389993b11dcf109da7b76196860877d6c362816805b517342259e4c,2025,6,0.018937467
d34987728389993b11dcf109da7b76196860877d6c362816805b517342259e4c,2025,7,0.0064660884
d34987728389993b11dcf109da7b76196860877d6c362816805b517342259e4c,2025,8,0.005918506
d34987728389993b11dcf109da7b76196860877d6c362816805b517342259e4c,2025,9,0.016626572
d34987728389993b11dcf109da7b76196860877d6c362816805b517342259e4c,2025,10,0.09736475
d3b2c314fb99dea50f2097328448a379fe84011e73b574c647c18b9f92692493,2025,5,0.023562744
d3b2c314fb99dea50f2097328448a379fe84011e73b574c647c18b9f92692493,2025,6,0.008245933
d3b2c314fb99dea50f2097328448a379fe84011e73b574c647c18b9f92692493,2025,7,0.005565803
d3b2c314fb99dea50f2097328448a379fe84011e73b574c647c18b9f92692493,2025,8,1.1802913e-05
d3b2c314fb99dea50f2097328448a379fe84011e73b574c647c18b9f92692493,2025,9,0.00048803817
d3b2c314fb99dea50f2097328448a379fe84011e73b574c647c18b9f92692493,2025,10,0.007263246
d3c5218356041476932f6aaf3981c11ef7e52c0deca9b67cd00d1e3d652419c4,2025,5,0.050371088
d3c5218356041476932f6aaf3981c11ef7e52c0deca9b67cd00d1e3d652419c4,2025,6,0.013433735
d3c5218356041476932f6aaf3981c11ef7e52c0deca9b67cd00d1e3d652419c4,2025,7,0.005964137
d3c5218356041476932f6aaf3981c11ef7e52c0deca9b67cd00d1e3d652419c4,2025,8,0.011952619
d3c5218356041476932f6aaf3981c11ef7e52c0deca9b67cd00d1e3d652419c4,2025,9,0.023515396
d3c5218356041476932f6aaf3981c11ef7e52c0deca9b67cd00d1e3d652419c4,2025,10,0.076472215
d3cf6613f44fc448205923f517c9247dc6cedfab0b6f2c169cbde33bb79e862a,2025,5,0.028487545
d3cf6613f44fc448205923f517c9247dc6cedfab0b6f2c169cbde33bb79e862a,2025,6,0.019917782
d3cf6613f44fc448205923f517c9247dc6cedfab0b6f2c169cbde33bb79e862a,2025,7,0.019774584
d3cf6613f44fc448205923f517c9247dc6cedfab0b6f2c169cbde33bb79e862a,2025,8,0.050770056
d3cf6613f44fc448205923f517c9247dc6cedfab0b6f2c169cbde33bb79e862a,2025,9,0.060193315
d3cf6613f44fc448205923f517c9247dc6cedfab0b6f2c169cbde33bb79e862a,2025,10,0.049420014
d3e47bad6b0a55070ad9ef260031086498bdf593426023277378b74e00e6c75f,2025,5,0.0745721
d3e47bad6b0a55070ad9ef260031086498bdf593426023277378b74e00e6c75f,2025,6,0.022444902
d3e47bad6b0a55070ad9ef260031086498bdf593426023277378b74e00e6c75f,2025,7,0.016256893
d3e47bad6b0a55070ad9ef260031086498bdf593426023277378b74e00e6c75f,2025,8,0.016438011
d3e47bad6b0a55070ad9ef260031086498bdf593426023277378b74e00e6c75f,2025,9,0.031055912
d3e47bad6b0a55070ad9ef260031086498bdf593426023277378b74e00e6c75f,2025,10,0.1142074
d3f7b37d249f9f8badd0dbe523103ee252c410de214d3aae287a5ab1bc1680b6,2025,5,0.014850635
d3f7b37d249f9f8badd0dbe523103ee252c410de214d3aae287a5ab1bc1680b6,2025,6,0.012928066
d3f7b37d249f9f8badd0dbe523103ee252c410de214d3aae287a5ab1bc1680b6,2025,7,0.012454651
d3f7b37d249f9f8badd0dbe523103ee252c410de214d3aae287a5ab1bc1680b6,2025,8,0.012125257
d3f7b37d249f9f8badd0dbe523103ee252c410de214d3aae287a5ab1bc1680b6,2025,9,0.013684182
d3f7b37d249f9f8badd0dbe523103ee252c410de214d3aae287a5ab1bc1680b6,2025,10,0.042075265
d4390444ab3cddba55c0641a7769aff5d9b8dfb0fe5902b4853ffc85c7f16d2a,2025,5,0.03851289
d4390444ab3cddba55c0641a7769aff5d9b8dfb0fe5902b4853ffc85c7f16d2a,2025,6,0.00955913
d4390444ab3cddba55c0641a7769aff5d9b8dfb0fe5902b4853ffc85c7f16d2a,2025,7,0.005692012
d4390444ab3cddba55c0641a7769aff5d9b8dfb0fe5902b4853ffc85c7f16d2a,2025,8,0.009037593
d4390444ab3cddba55c0641a7769aff5d9b8dfb0fe5902b4853ffc85c7f16d2a,2025,9,0.016525557
d4390444ab3cddba55c0641a7769aff5d9b8dfb0fe5902b4853ffc85c7f16d2a,2025,10,0.05550967
d52e4f00f9857aab994eed9d9a7a32891a4bb1477e4e8898df78f0f983da1928,2025,5,0.03786642
d52e4f00f9857aab994eed9d9a7a32891a4bb1477e4e8898df78f0f983da1928,2025,6,0.010264904
d52e4f00f9857aab994eed9d9a7a32891a4bb1477e4e8898df78f0f983da1928,2025,7,0.006666059
d52e4f00f9857aab994eed9d9a7a32891a4bb1477e4e8898df78f0f983da1928,2025,8,0.008394355
d52e4f00f9857aab994eed9d9a7a32891a4bb1477e4e8898df78f0f983da1928,2025,9,0.01520554
d52e4f00f9857aab994eed9d9a7a32891a4bb1477e4e8898df78f0f983da1928,2025,10,0.074520566
d6e3c3d5e9d19d7cedfdd7e976554174327048371e7ac1d177505bd69496a071,2025,5,0.077932864
d6e3c3d5e9d19d7cedfdd7e976554174327048371e7ac1d177505bd69496a071,2025,6,0.023077829
d6e3c3d5e9d19d7cedfdd7e976554174327048371e7ac1d177505bd69496a071,2025,7,0.019022144
d6e3c3d5e9d19d7cedfdd7e976554174327048371e7ac1d177505bd69496a071,2025,8,0.023699174
d6e3c3d5e9d19d7cedfdd7e976554174327048371e7ac1d177505bd69496a071,2025,9,0.033197455
d6e3c3d5e9d19d7cedfdd7e976554174327048371e7ac1d177505bd69496a071,2025,10,0.17149265
d6f75f9b6f70333f19a7f40630261af3e35b0405ff2d660c7bd1651171577f0e,2025,5,0.024527824
d6f75f9b6f70333f19a7f40630261af3e35b0405ff2d660c7bd1651171577f0e,2025,6,0.0073253103
d6f75f9b6f70333f19a7f40630261af3e35b0405ff2d660c7bd1651171577f0e,2025,7,0.0069321166
d6f75f9b6f70333f19a7f40630261af3e35b0405ff2d660c7bd1651171577f0e,2025,8,0.0069424664
d6f75f9b6f70333f19a7f40630261af3e35b0405ff2d660c7bd1651171577f0e,2025,9,0.010839267
d6f75f9b6f70333f19a7f40630261af3e35b0405ff2d660c7bd1651171577f0e,2025,10,0.04538467
d6febc6ef1c6c39ee13099398a2f44f52e2bc756593df88fd36d2c4e4f7c5c91,2025,5,0.04385379
d6febc6ef1c6c39ee13099398a2f44f52e2bc756593df88fd36d2c4e4f7c5c91,2025,6,0.016565712
d6febc6ef1c6c39ee13099398a2f44f52e2bc756593df88fd36d2c4e4f7c5c91,2025,7,0.01167003
d6febc6ef1c6c39ee13099398a2f44f52e2bc756593df88fd36d2c4e4f7c5c91,2025,8,0.015548512
d6febc6ef1c6c39ee13099398a2f44f52e2bc756593df88fd36d2c4e4f7c5c91,2025,9,0.031153563
d6febc6ef1c6c39ee13099398a2f44f52e2bc756593df88fd36d2c4e4f7c5c91,2025,10,0.06278693
d70a6168499f0ecec49bb714b51e6a7df9e7e53d400f106fa9a47e93e9abc23b,2025,5,0.07223787
d70a6168499f0ecec49bb714b51e6a7df9e7e53d400f106fa9a47e93e9abc23b,2025,6,0.031132547
d70a6168499f0ecec49bb714b51e6a7df9e7e53d400f106fa9a47e93e9abc23b,2025,7,0.026821297
d70a6168499f0ecec49bb714b51e6a7df9e7e53d400f106fa9a47e93e9abc23b,2025,8,0.035121575
d70a6168499f0ecec49bb714b51e6a7df9e7e53d400f106fa9a47e93e9abc23b,2025,9,0.055382714
d70a6168499f0ecec49bb714b51e6a7df9e7e53d400f106fa9a47e93e9abc23b,2025,10,0.1407967
d724f92ef100886405215ff121432d15457bd40e0f51765882486e307a0ee3cf,2025,5,0.046621546
d724f92ef100886405215ff121432d15457bd40e0f51765882486e307a0ee3cf,2025,6,0.009611498
d724f92ef100886405215ff121432d15457bd40e0f51765882486e307a0ee3cf,2025,7,0.009168274
d724f92ef100886405215ff121432d15457bd40e0f51765882486e307a0ee3cf,2025,8,0.010270978
d724f92ef100886405215ff121432d15457bd40e0f51765882486e307a0ee3cf,2025,9,0.017527875
d724f92ef100886405215ff121432d15457bd40e0f51765882486e307a0ee3cf,2025,10,0.10274876
d762023a4cb6a430e357f68eaba8cc394948bd028911e463c3584286d2addcca,2025,5,0.077271424
d762023a4cb6a430e357f68eaba8cc394948bd028911e463c3584286d2addcca,2025,6,0.022025263
d762023a4cb6a430e357f68eaba8cc394948bd028911e463c3584286d2addcca,2025,7,0.018163037
d762023a4cb6a430e357f68eaba8cc394948bd028911e463c3584286d2addcca,2025,8,0.01823331
d762023a4cb6a430e357f68eaba8cc394948bd028911e463c3584286d2addcca,2025,9,0.039016485
d762023a4cb6a430e357f68eaba8cc394948bd028911e463c3584286d2addcca,2025,10,0.1073387
d7d81af73de4eec768a34104a81b6c6218b9d6e7ee88639839bb1bb52e0da241,2025,5,0.049965434
d7d81af73de4eec768a34104a81b6c6218b9d6e7ee88639839bb1bb52e0da241,2025,6,0.017938865
d7d81af73de4eec768a34104a81b6c6218b9d6e7ee88639839bb1bb52e0da241,2025,7,0.014662483
d7d81af73de4eec768a34104a81b6c6218b9d6e7ee88639839bb1bb52e0da241,2025,8,0.015460681
d7d81af73de4eec768a34104a81b6c6218b9d6e7ee88639839bb1bb52e0da241,2025,9,0.02762302
d7d81af73de4eec768a34104a81b6c6218b9d6e7ee88639839bb1bb52e0da241,2025,10,0.057777572
d8a47d0eec5e005c2048ab7861bc0347c93feccfd9cbafbe6ce826777dc6e2ba,2025,5,0.045548193
d8a47d0eec5e005c2048ab7861bc0347c93feccfd9cbafbe6ce826777dc6e2ba,2025,6,0.012152638
d8a47d0eec5e005c2048ab7861bc0347c93feccfd9cbafbe6ce826777dc6e2ba,2025,7,0.00989393
d8a47d0eec5e005c2048ab7861bc0347c93feccfd9cbafbe6ce826777dc6e2ba,2025,8,0.0104327975
d8a47d0eec5e005c2048ab7861bc0347c93feccfd9cbafbe6ce826777dc6e2ba,2025,9,0.014504169
d8a47d0eec5e005c2048ab7861bc0347c93feccfd9cbafbe6ce826777dc6e2ba,2025,10,0.072012395
d8a7cab220b0e8cc0c345b0e5b8b58910b3adf63d81982c28ae5bfe047d6e443,2025,5,0.07541694
d8a7cab220b0e8cc0c345b0e5b8b58910b3adf63d81982c28ae5bfe047d6e443,2025,6,0.027535962
d8a7cab220b0e8cc0c345b0e5b8b58910b3adf63d81982c28ae5bfe047d6e443,2025,7,0.02032301
d8a7cab220b0e8cc0c345b0e5b8b58910b3adf63d81982c28ae5bfe047d6e443,2025,8,0.02708306
d8a7cab220b0e8cc0c345b0e5b8b58910b3adf63d81982c28ae5bfe047d6e443,2025,9,0.04736793
d8a7cab220b0e8cc0c345b0e5b8b58910b3adf63d81982c28ae5bfe047d6e443,2025,10,0.12593716
d924d2981c3dcb2b0f5ea3fed278fcacee25e9b13c49c19d301db2ca9423720d,2025,5,0.044079736
d924d2981c3dcb2b0f5ea3fed278fcacee25e9b13c49c19d301db2ca9423720d,2025,6,0.012551392
d924d2981c3dcb2b0f5ea3fed278fcacee25e9b13c49c19d301db2ca9423720d,2025,7,0.010222028
d924d2981c3dcb2b0f5ea3fed278fcacee25e9b13c49c19d301db2ca9423720d,2025,8,0.010021106
d924d2981c3dcb2b0f5ea3fed278fcacee25e9b13c49c19d301db2ca9423720d,2025,9,0.015438856
d924d2981c3dcb2b0f5ea3fed278fcacee25e9b13c49c19d301db2ca9423720d,2025,10,0.07144793
db2eb9b8fa619543ab6a1bd28aa37806f81fddb02dde88d9fd803db75e84b211,2025,5,0.09524164
db2eb9b8fa619543ab6a1bd28aa37806f81fddb02dde88d9fd803db75e84b211,2025,6,0.03221411
db2eb9b8fa619543ab6a1bd28aa37806f81fddb02dde88d9fd803db75e84b211,2025,7,0.019130947
db2eb9b8fa619543ab6a1bd28aa37806f81fddb02dde88d9fd803db75e84b211,2025,8,0.01832603
db2eb9b8fa619543ab6a1bd28aa37806f81fddb02dde88d9fd803db75e84b211,2025,9,0.02958644
db2eb9b8fa619543ab6a1bd28aa37806f81fddb02dde88d9fd803db75e84b211,2025,10,0.030909916
db82816104068c379078b75b27d962cfb04a8a496b5e40b41e8fe49a01dab694,2025,5,0.08133657
db82816104068c379078b75b27d962cfb04a8a496b5e40b41e8fe49a01dab694,2025,6,0.029738162
db82816104068c379078b75b27d962cfb04a8a496b5e40b41e8fe49a01dab694,2025,7,0.01384684
db82816104068c379078b75b27d962cfb04a8a496b5e40b41e8fe49a01dab694,2025,8,0.020189531
db82816104068c379078b75b27d962cfb04a8a496b5e40b41e8fe49a01dab694,2025,9,0.040434252
db82816104068c379078b75b27d962cfb04a8a496b5e40b41e8fe49a01dab694,2025,10,0.106317736
db8af9f2d22db36aa255d7d48d8bfb89d3c763b4fe76c9824ddbe2bc502338bc,2025,5,0.06828612
db8af9f2d22db36aa255d7d48d8bfb89d3c763b4fe76c9824ddbe2bc502338bc,2025,6,0.029608462
db8af9f2d22db36aa255d7d48d8bfb89d3c763b4fe76c9824ddbe2bc502338bc,2025,7,0.027376283
db8af9f2d22db36aa255d7d48d8bfb89d3c763b4fe76c9824ddbe2bc502338bc,2025,8,0.028464993
db8af9f2d22db36aa255d7d48d8bfb89d3c763b4fe76c9824ddbe2bc502338bc,2025,9,0.05946617
db8af9f2d22db36aa255d7d48d8bfb89d3c763b4fe76c9824ddbe2bc502338bc,2025,10,0.17468709
dba1677fddc05c4a9f8608485bda835b0c1f5d257bea750403cb425c207373ac,2025,5,0.049361046
dba1677fddc05c4a9f8608485bda835b0c1f5d257bea750403cb425c207373ac,2025,6,0.01769332
dba1677fddc05c4a9f8608485bda835b0c1f5d257bea750403cb425c207373ac,2025,7,0.017441006
dba1677fddc05c4a9f8608485bda835b0c1f5d257bea750403cb425c207373ac,2025,8,0.017264592
dba1677fddc05c4a9f8608485bda835b0c1f5d257bea750403cb425c207373ac,2025,9,0.028355071
dba1677fddc05c4a9f8608485bda835b0c1f5d257bea750403cb425c207373ac,2025,10,0.09600557
dbca0e4d602ae5bc72d0e754f00db9cb65586891cccb1e2e3434a9e87d2fec59,2025,5,0.010761957
dbca0e4d602ae5bc72d0e754f00db9cb65586891cccb1e2e3434a9e87d2fec59,2025,6,0.00032029612
dbca0e4d602ae5bc72d0e754f00db9cb65586891cccb1e2e3434a9e87d2fec59,2025,7,3.2737735e-05
dbca0e4d602ae5bc72d0e754f00db9cb65586891cccb1e2e3434a9e87d2fec59,2025,8,0.00020008943
dbca0e4d602ae5bc72d0e754f00db9cb65586891cccb1e2e3434a9e87d2fec59,2025,9,0.0040146336
dbca0e4d602ae5bc72d0e754f00db9cb65586891cccb1e2e3434a9e87d2fec59,2025,10,0.026619786
dbd8594674342417912fdbc93e8a57a1cd479cb011aae26e74515cccb42f313f,2025,5,0.0420567
dbd8594674342417912fdbc93e8a57a1cd479cb011aae26e74515cccb42f313f,2025,6,0.018261377
dbd8594674342417912fdbc93e8a57a1cd479cb011aae26e74515cccb42f313f,2025,7,0.019257661
dbd8594674342417912fdbc93e8a57a1cd479cb011aae26e74515cccb42f313f,2025,8,0.019622812
dbd8594674342417912fdbc93e8a57a1cd479cb011aae26e74515cccb42f313f,2025,9,0.029298034
dbd8594674342417912fdbc93e8a57a1cd479cb011aae26e74515cccb42f313f,2025,10,0.12176926
dc9a56ba28581b1f90dc445eaa8307bdc7dd889db6d5032dbe4102b216207845,2025,5,0.02237961
dc9a56ba28581b1f90dc445eaa8307bdc7dd889db6d5032dbe4102b216207845,2025,6,0.008699711
dc9a56ba28581b1f90dc445eaa8307bdc7dd889db6d5032dbe4102b216207845,2025,7,0.008085167
dc9a56ba28581b1f90dc445eaa8307bdc7dd889db6d5032dbe4102b216207845,2025,8,0.0067208437
dc9a56ba28581b1f90dc445eaa8307bdc7dd889db6d5032dbe4102b216207845,2025,9,0.011744309
dc9a56ba28581b1f90dc445eaa8307bdc7dd889db6d5032dbe4102b216207845,2025,10,0.049929876
dd9925b02e28cf9fe5d363a35eca7dbca4515111b96579844b5d2204e830ed24,2025,5,0.024890902
dd9925b02e28cf9fe5d363a35eca7dbca4515111b96579844b5d2204e830ed24,2025,6,0.01058592
dd9925b02e28cf9fe5d363a35eca7dbca4515111b96579844b5d2204e830ed24,2025,7,0.009950108
dd9925b02e28cf9fe5d363a35eca7dbca4515111b96579844b5d2204e830ed24,2025,8,0.012421525
dd9925b02e28cf9fe5d363a35eca7dbca4515111b96579844b5d2204e830ed24,2025,9,0.025587715
dd9925b02e28cf9fe5d363a35eca7dbca4515111b96579844b5d2204e830ed24,2025,10,0.04940868
ddf9abe7997e0972314afbcaa3f8673b1e0c4c5b1d278548ad3e14f3e308493c,2025,5,0.1113048
ddf9abe7997e0972314afbcaa3f8673b1e0c4c5b1d278548ad3e14f3e308493c,2025,6,0.041167542
ddf9abe7997e0972314afbcaa3f8673b1e0c4c5b1d278548ad3e14f3e308493c,2025,7,0.03542606
ddf9abe7997e0972314afbcaa3f8673b1e0c4c5b1d278548ad3e14f3e308493c,2025,8,0.036147434
ddf9abe7997e0972314afbcaa3f8673b1e0c4c5b1d278548ad3e14f3e308493c,2025,9,0.046358425
ddf9abe7997e0972314afbcaa3f8673b1e0c4c5b1d278548ad3e14f3e308493c,2025,10,0.107302874
de6b9e6e658bd793b9f0b6c9fd74d245c2d1dd6b80d016c9faee1749d1b48e58,2025,5,0.060993124
de6b9e6e658bd793b9f0b6c9fd74d245c2d1dd6b80d016c9faee1749d1b48e58,2025,6,0.013660021
de6b9e6e658bd793b9f0b6c9fd74d245c2d1dd6b80d016c9faee1749d1b48e58,2025,7,0.011630719
de6b9e6e658bd793b9f0b6c9fd74d245c2d1dd6b80d016c9faee1749d1b48e58,2025,8,0.008697262
de6b9e6e658bd793b9f0b6c9fd74d245c2d1dd6b80d016c9faee1749d1b48e58,2025,9,0.0256274
de6b9e6e658bd793b9f0b6c9fd74d245c2d1dd6b80d016c9faee1749d1b48e58,2025,10,0.09118137
de93102deb0293a3a8f8b0d0d2aabd781dd5aa299ed9cca04f633ab3ec474d13,2025,5,0.079279505
de93102deb0293a3a8f8b0d0d2aabd781dd5aa299ed9cca04f633ab3ec474d13,2025,6,0.05842468
de93102deb0293a3a8f8b0d0d2aabd781dd5aa299ed9cca04f633ab3ec474d13,2025,7,0.061169326
de93102deb0293a3a8f8b0d0d2aabd781dd5aa299ed9cca04f633ab3ec474d13,2025,8,0.061365984
de93102deb0293a3a8f8b0d0d2aabd781dd5aa299ed9cca04f633ab3ec474d13,2025,9,0.06777915
de93102deb0293a3a8f8b0d0d2aabd781dd5aa299ed9cca04f633ab3ec474d13,2025,10,0.07681471
dea81be4286e401c3b02527aa17c9e21c4ce7053359a55abed11ec15cf2948cb,2025,5,0.037578754
dea81be4286e401c3b02527aa17c9e21c4ce7053359a55abed11ec15cf2948cb,2025,6,0.0057356134
dea81be4286e401c3b02527aa17c9e21c4ce7053359a55abed11ec15cf2948cb,2025,7,0.005405644
dea81be4286e401c3b02527aa17c9e21c4ce7053359a55abed11ec15cf2948cb,2025,8,0.0061748154
dea81be4286e401c3b02527aa17c9e21c4ce7053359a55abed11ec15cf2948cb,2025,9,0.015294662
dea81be4286e401c3b02527aa17c9e21c4ce7053359a55abed11ec15cf2948cb,2025,10,0.050277762
dfa0cb88e5448a4cc181066c719d5b5b012487fe0f314d1a087fdfe37c6e4a41,2025,5,0.052062266
dfa0cb88e5448a4cc181066c719d5b5b012487fe0f314d1a087fdfe37c6e4a41,2025,6,0.021831315
dfa0cb88e5448a4cc181066c719d5b5b012487fe0f314d1a087fdfe37c6e4a41,2025,7,0.015527423
dfa0cb88e5448a4cc181066c719d5b5b012487fe0f314d1a087fdfe37c6e4a41,2025,8,0.016852653
dfa0cb88e5448a4cc181066c719d5b5b012487fe0f314d1a087fdfe37c6e4a41,2025,9,0.04396987
dfa0cb88e5448a4cc181066c719d5b5b012487fe0f314d1a087fdfe37c6e4a41,2025,10,0.26750335
e01244c4e5f6b17cc6d9cf215ad1af0702a9e573ff503cada3f303f93f2ca3e5,2025,5,0.06105336
e01244c4e5f6b17cc6d9cf215ad1af0702a9e573ff503cada3f303f93f2ca3e5,2025,6,0.011819569
e01244c4e5f6b17cc6d9cf215ad1af0702a9e573ff503cada3f303f93f2ca3e5,2025,7,0.011530908
e01244c4e5f6b17cc6d9cf215ad1af0702a9e573ff503cada3f303f93f2ca3e5,2025,8,0.012588401
e01244c4e5f6b17cc6d9cf215ad1af0702a9e573ff503cada3f303f93f2ca3e5,2025,9,0.048517674
e01244c4e5f6b17cc6d9cf215ad1af0702a9e573ff503cada3f303f93f2ca3e5,2025,10,0.18265837
e0cfa686db481ed6f3608891c355c08e9eb6dbca32dd06929c978e70dd896af8,2025,5,0.03901499
e0cfa686db481ed6f3608891c355c08e9eb6dbca32dd06929c978e70dd896af8,2025,6,0.023277806
e0cfa686db481ed6f3608891c355c08e9eb6dbca32dd06929c978e70dd896af8,2025,7,0.018889412
e0cfa686db481ed6f3608891c355c08e9eb6dbca32dd06929c978e70dd896af8,2025,8,0.020283865
e0cfa686db481ed6f3608891c355c08e9eb6dbca32dd06929c978e70dd896af8,2025,9,0.031138599
e0cfa686db481ed6f3608891c355c08e9eb6dbca32dd06929c978e70dd896af8,2025,10,0.060770188
e0e630edcec4e2ddb67d0c162b79b303c1e45cdf03e48ff38d86a00e1c4f5e29,2025,5,0.10734739
e0e630edcec4e2ddb67d0c162b79b303c1e45cdf03e48ff38d86a00e1c4f5e29,2025,6,0.028749563
e0e630edcec4e2ddb67d0c162b79b303c1e45cdf03e48ff38d86a00e1c4f5e29,2025,7,0.017690485
e0e630edcec4e2ddb67d0c162b79b303c1e45cdf03e48ff38d86a00e1c4f5e29,2025,8,0.02380046
e0e630edcec4e2ddb67d0c162b79b303c1e45cdf03e48ff38d86a00e1c4f5e29,2025,9,0.062902704
e0e630edcec4e2ddb67d0c162b79b303c1e45cdf03e48ff38d86a00e1c4f5e29,2025,10,0.15380481
e155cb7467976976f41293ee12cae7be83e8d2c6094dbef7e38ea3ef8248a7a4,2025,5,0.03758455
e155cb7467976976f41293ee12cae7be83e8d2c6094dbef7e38ea3ef8248a7a4,2025,6,0.007745317
e155cb7467976976f41293ee12cae7be83e8d2c6094dbef7e38ea3ef8248a7a4,2025,7,0.0065557286
e155cb7467976976f41293ee12cae7be83e8d2c6094dbef7e38ea3ef8248a7a4,2025,8,0.0068476605
e155cb7467976976f41293ee12cae7be83e8d2c6094dbef7e38ea3ef8248a7a4,2025,9,0.018419124
e155cb7467976976f41293ee12cae7be83e8d2c6094dbef7e38ea3ef8248a7a4,2025,10,0.06167816
e256b0b5fbefe3e3120fbe8a7355aa7756fb759a48a370345acf720b9b1f4a44,2025,5,0.06351828
e256b0b5fbefe3e3120fbe8a7355aa7756fb759a48a370345acf720b9b1f4a44,2025,6,0.025805835
e256b0b5fbefe3e3120fbe8a7355aa7756fb759a48a370345acf720b9b1f4a44,2025,7,0.015190382
e256b0b5fbefe3e3120fbe8a7355aa7756fb759a48a370345acf720b9b1f4a44,2025,8,0.016970392
e256b0b5fbefe3e3120fbe8a7355aa7756fb759a48a370345acf720b9b1f4a44,2025,9,0.031699367
e256b0b5fbefe3e3120fbe8a7355aa7756fb759a48a370345acf720b9b1f4a44,2025,10,0.091072224
e2f0be6ef4e3fbc1607c9836f74f0a77f8243ddb8813a8106b7afaa70dae579b,2025,5,0.034947615
e2f0be6ef4e3fbc1607c9836f74f0a77f8243ddb8813a8106b7afaa70dae579b,2025,6,0.014846577
e2f0be6ef4e3fbc1607c9836f74f0a77f8243ddb8813a8106b7afaa70dae579b,2025,7,0.013584244
e2f0be6ef4e3fbc1607c9836f74f0a77f8243ddb8813a8106b7afaa70dae579b,2025,8,0.015348347
e2f0be6ef4e3fbc1607c9836f74f0a77f8243ddb8813a8106b7afaa70dae579b,2025,9,0.019008314
e2f0be6ef4e3fbc1607c9836f74f0a77f8243ddb8813a8106b7afaa70dae579b,2025,10,0.08726207
e2f675398c08b517a040148699911691f69e93cd2040a41e4cdb53b86f09f43b,2025,5,0.048764814
e2f675398c08b517a040148699911691f69e93cd2040a41e4cdb53b86f09f43b,2025,6,0.047111332
e2f675398c08b517a040148699911691f69e93cd2040a41e4cdb53b86f09f43b,2025,7,0.030966546
e2f675398c08b517a040148699911691f69e93cd2040a41e4cdb53b86f09f43b,2025,8,0.03522695
e2f675398c08b517a040148699911691f69e93cd2040a41e4cdb53b86f09f43b,2025,9,0.037260037
e2f675398c08b517a040148699911691f69e93cd2040a41e4cdb53b86f09f43b,2025,10,0.063504465
e2f98e12f734ab5b8b4e79a16685517d9db8843feb84f5d729f872cd6074b8d1,2025,5,0.03542931
e2f98e12f734ab5b8b4e79a16685517d9db8843feb84f5d729f872cd6074b8d1,2025,6,0.0116745
e2f98e12f734ab5b8b4e79a16685517d9db8843feb84f5d729f872cd6074b8d1,2025,7,0.009159114
e2f98e12f734ab5b8b4e79a16685517d9db8843feb84f5d729f872cd6074b8d1,2025,8,0.011456811
e2f98e12f734ab5b8b4e79a16685517d9db8843feb84f5d729f872cd6074b8d1,2025,9,0.013669541
e2f98e12f734ab5b8b4e79a16685517d9db8843feb84f5d729f872cd6074b8d1,2025,10,0.046193287
e34670113bc0594b960557f79bf9dee8805f3657589dfe3a1b07e08dc3d833de,2025,5,0.30500045
e34670113bc0594b960557f79bf9dee8805f3657589dfe3a1b07e08dc3d833de,2025,6,0.09996004
e34670113bc0594b960557f79bf9dee8805f3657589dfe3a1b07e08dc3d833de,2025,7,0.07701136
e34670113bc0594b960557f79bf9dee8805f3657589dfe3a1b07e08dc3d833de,2025,8,0.123358764
e34670113bc0594b960557f79bf9dee8805f3657589dfe3a1b07e08dc3d833de,2025,9,0.20824835
e34670113bc0594b960557f79bf9dee8805f3657589dfe3a1b07e08dc3d833de,2025,10,0.4245709
e3c5a6f4ef2d3135804a1f1a3b5987e8a124c30406500dc98417bdc96c7ad6eb,2025,5,0.018755924
e3c5a6f4ef2d3135804a1f1a3b5987e8a124c30406500dc98417bdc96c7ad6eb,2025,6,0.009965316
e3c5a6f4ef2d3135804a1f1a3b5987e8a124c30406500dc98417bdc96c7ad6eb,2025,7,0.009574097
e3c5a6f4ef2d3135804a1f1a3b5987e8a124c30406500dc98417bdc96c7ad6eb,2025,8,0.010221912
e3c5a6f4ef2d3135804a1f1a3b5987e8a124c30406500dc98417bdc96c7ad6eb,2025,9,0.014698062
e3c5a6f4ef2d3135804a1f1a3b5987e8a124c30406500dc98417bdc96c7ad6eb,2025,10,0.032259483
e4780418013275cfefde2bc6ed748b420d1ba051badb966a32ee6eb0ca2cb940,2025,5,0.044965927
e4780418013275cfefde2bc6ed748b420d1ba051badb966a32ee6eb0ca2cb940,2025,6,0.021191962
e4780418013275cfefde2bc6ed748b420d1ba051badb966a32ee6eb0ca2cb940,2025,7,0.013914476
e4780418013275cfefde2bc6ed748b420d1ba051badb966a32ee6eb0ca2cb940,2025,8,0.014692471
e4780418013275cfefde2bc6ed748b420d1ba051badb966a32ee6eb0ca2cb940,2025,9,0.02633817
e4780418013275cfefde2bc6ed748b420d1ba051badb966a32ee6eb0ca2cb940,2025,10,0.058731284
e4c14966610d1d5b79beb56e6900fd8e3b4149a182f77ed6550eae15afa1e657,2025,5,0.14643857
e4c14966610d1d5b79beb56e6900fd8e3b4149a182f77ed6550eae15afa1e657,2025,6,0.041051403
e4c14966610d1d5b79beb56e6900fd8e3b4149a182f77ed6550eae15afa1e657,2025,7,0.03903446
e4c14966610d1d5b79beb56e6900fd8e3b4149a182f77ed6550eae15afa1e657,2025,8,0.038013227
e4c14966610d1d5b79beb56e6900fd8e3b4149a182f77ed6550eae15afa1e657,2025,9,0.057905298
e4c14966610d1d5b79beb56e6900fd8e3b4149a182f77ed6550eae15afa1e657,2025,10,0.24746373
e4ec784c17356dca37cd5b61642cc4c25cdacf174ec67fde738a9ef6d394210b,2025,5,0.040431775
e4ec784c17356dca37cd5b61642cc4c25cdacf174ec67fde738a9ef6d394210b,2025,6,0.010879222
e4ec784c17356dca37cd5b61642cc4c25cdacf174ec67fde738a9ef6d394210b,2025,7,0.0082054995
e4ec784c17356dca37cd5b61642cc4c25cdacf174ec67fde738a9ef6d394210b,2025,8,0.009731396
e4ec784c17356dca37cd5b61642cc4c25cdacf174ec67fde738a9ef6d394210b,2025,9,0.0118052475
e4ec784c17356dca37cd5b61642cc4c25cdacf174ec67fde738a9ef6d394210b,2025,10,0.061639674
e5942fdc8cf73bf1c19c718f88b774aa87c1712215f19ff837d7f505aa27183d,2025,5,0.0177253
e5942fdc8cf73bf1c19c718f88b774aa87c1712215f19ff837d7f505aa27183d,2025,6,0.013196251
e5942fdc8cf73bf1c19c718f88b774aa87c1712215f19ff837d7f505aa27183d,2025,7,0.013763864
e5942fdc8cf73bf1c19c718f88b774aa87c1712215f19ff837d7f505aa27183d,2025,8,0.012196553
e5942fdc8cf73bf1c19c718f88b774aa87c1712215f19ff837d7f505aa27183d,2025,9,0.0165551
e5942fdc8cf73bf1c19c718f88b774aa87c1712215f19ff837d7f505aa27183d,2025,10,0.018650377
e5d0949a59a0e5a2f854d1da2e668bd9926cb00e55c9abf8660bdcf75bec29d5,2025,5,1.2700057e-05
e5d0949a59a0e5a2f854d1da2e668bd9926cb00e55c9abf8660bdcf75bec29d5,2025,6,0.006478273
e5d0949a59a0e5a2f854d1da2e668bd9926cb00e55c9abf8660bdcf75bec29d5,2025,7,8.9456385e-05
e5d0949a59a0e5a2f854d1da2e668bd9926cb00e55c9abf8660bdcf75bec29d5,2025,8,0.00026636134
e5d0949a59a0e5a2f854d1da2e668bd9926cb00e55c9abf8660bdcf75bec29d5,2025,9,0.0033525776
e5d0949a59a0e5a2f854d1da2e668bd9926cb00e55c9abf8660bdcf75bec29d5,2025,10,0.004042347
e6316ce766014f9e2b591dbc85ecd0b4299a46c8906ccefd355bb57a2cfe52cb,2025,5,0.057111155
e6316ce766014f9e2b591dbc85ecd0b4299a46c8906ccefd355bb57a2cfe52cb,2025,6,0.015456515
e6316ce766014f9e2b591dbc85ecd0b4299a46c8906ccefd355bb57a2cfe52cb,2025,7,0.013447447
e6316ce766014f9e2b591dbc85ecd0b4299a46c8906ccefd355bb57a2cfe52cb,2025,8,0.015693488
e6316ce766014f9e2b591dbc85ecd0b4299a46c8906ccefd355bb57a2cfe52cb,2025,9,0.029428452
e6316ce766014f9e2b591dbc85ecd0b4299a46c8906ccefd355bb57a2cfe52cb,2025,10,0.10414201
e720c74dd56160f5abe50fd29241ea453db4dc43eb200458700571e4fb2472db,2025,5,0.034659013
e720c74dd56160f5abe50fd29241ea453db4dc43eb200458700571e4fb2472db,2025,6,6.03958e-05
e720c74dd56160f5abe50fd29241ea453db4dc43eb200458700571e4fb2472db,2025,7,1.2516226e-05
e720c74dd56160f5abe50fd29241ea453db4dc43eb200458700571e4fb2472db,2025,8,3.5787463e-05
e720c74dd56160f5abe50fd29241ea453db4dc43eb200458700571e4fb2472db,2025,9,0.008510715
e720c74dd56160f5abe50fd29241ea453db4dc43eb200458700571e4fb2472db,2025,10,0.06637527
e76ca8d3b97e5e69364c51fb5d1176d3f78696b2809b37283e7b65434cf95209,2025,5,0.036158442
e76ca8d3b97e5e69364c51fb5d1176d3f78696b2809b37283e7b65434cf95209,2025,6,0.006869328
e76ca8d3b97e5e69364c51fb5d1176d3f78696b2809b37283e7b65434cf95209,2025,7,0.0060148165
e76ca8d3b97e5e69364c51fb5d1176d3f78696b2809b37283e7b65434cf95209,2025,8,0.005930748
e76ca8d3b97e5e69364c51fb5d1176d3f78696b2809b37283e7b65434cf95209,2025,9,0.008863231
e76ca8d3b97e5e69364c51fb5d1176d3f78696b2809b37283e7b65434cf95209,2025,10,0.040576357
e7d3ac8a608540cb79f4827a0be6d1fb512f8d81c8d14aacdc761fccedbeafca,2025,5,0.1133106
e7d3ac8a608540cb79f4827a0be6d1fb512f8d81c8d14aacdc761fccedbeafca,2025,6,0.026786525
e7d3ac8a608540cb79f4827a0be6d1fb512f8d81c8d14aacdc761fccedbeafca,2025,7,0.021647042
e7d3ac8a608540cb79f4827a0be6d1fb512f8d81c8d14aacdc761fccedbeafca,2025,8,0.020718474
e7d3ac8a608540cb79f4827a0be6d1fb512f8d81c8d14aacdc761fccedbeafca,2025,9,0.02970531
e7d3ac8a608540cb79f4827a0be6d1fb512f8d81c8d14aacdc761fccedbeafca,2025,10,0.16229668
e8154be96ce4dfa7305e4d5eeba29bab1f4b51a13969ac76add95f504a7623b2,2025,5,0.034211196
e8154be96ce4dfa7305e4d5eeba29bab1f4b51a13969ac76add95f504a7623b2,2025,6,0.01199388
e8154be96ce4dfa7305e4d5eeba29bab1f4b51a13969ac76add95f504a7623b2,2025,7,0.011459667
e8154be96ce4dfa7305e4d5eeba29bab1f4b51a13969ac76add95f504a7623b2,2025,8,0.011773737
e8154be96ce4dfa7305e4d5eeba29bab1f4b51a13969ac76add95f504a7623b2,2025,9,0.014136925
e8154be96ce4dfa7305e4d5eeba29bab1f4b51a13969ac76add95f504a7623b2,2025,10,0.05862597
e8924d772cfb5f7b55d54546a54ac4a68bdb0543a72a4fb8f81a72618b9d8f87,2025,5,0.09216687
e8924d772cfb5f7b55d54546a54ac4a68bdb0543a72a4fb8f81a72618b9d8f87,2025,6,0.007889181
e8924d772cfb5f7b55d54546a54ac4a68bdb0543a72a4fb8f81a72618b9d8f87,2025,7,0.011484835
e8924d772cfb5f7b55d54546a54ac4a68bdb0543a72a4fb8f81a72618b9d8f87,2025,8,0.012682584
e8924d772cfb5f7b55d54546a54ac4a68bdb0543a72a4fb8f81a72618b9d8f87,2025,9,0.044361234
e8924d772cfb5f7b55d54546a54ac4a68bdb0543a72a4fb8f81a72618b9d8f87,2025,10,0.14470732
e8a6cf30b0d02503cfcb570680aa86ecb26f617511712a6dd5ce46367063f140,2025,5,0.019663872
e8a6cf30b0d02503cfcb570680aa86ecb26f617511712a6dd5ce46367063f140,2025,6,0.007618711
e8a6cf30b0d02503cfcb570680aa86ecb26f617511712a6dd5ce46367063f140,2025,7,0.0059998706
e8a6cf30b0d02503cfcb570680aa86ecb26f617511712a6dd5ce46367063f140,2025,8,0.004667297
e8a6cf30b0d02503cfcb570680aa86ecb26f617511712a6dd5ce46367063f140,2025,9,0.0051189577
e8a6cf30b0d02503cfcb570680aa86ecb26f617511712a6dd5ce46367063f140,2025,10,0.029185973
e8bf549f3deff2660c44940e6ca53bfa2a4d03a8556097e577963800e1a7d73f,2025,5,0.056154884
e8bf549f3deff2660c44940e6ca53bfa2a4d03a8556097e577963800e1a7d73f,2025,6,0.023448812
e8bf549f3deff2660c44940e6ca53bfa2a4d03a8556097e577963800e1a7d73f,2025,7,0.0183298
e8bf549f3deff2660c44940e6ca53bfa2a4d03a8556097e577963800e1a7d73f,2025,8,0.022950832
e8bf549f3deff2660c44940e6ca53bfa2a4d03a8556097e577963800e1a7d73f,2025,9,0.028535519
e8bf549f3deff2660c44940e6ca53bfa2a4d03a8556097e577963800e1a7d73f,2025,10,0.077890344
e90de723ca4f08742a675e2347ea9d3dc6bc2355234cf8ee786151ea54c1de4a,2025,5,0.03753273
e90de723ca4f08742a675e2347ea9d3dc6bc2355234cf8ee786151ea54c1de4a,2025,6,0.016207445
e90de723ca4f08742a675e2347ea9d3dc6bc2355234cf8ee786151ea54c1de4a,2025,7,0.014676862
e90de723ca4f08742a675e2347ea9d3dc6bc2355234cf8ee786151ea54c1de4a,2025,8,0.016459275
e90de723ca4f08742a675e2347ea9d3dc6bc2355234cf8ee786151ea54c1de4a,2025,9,0.0228551
e90de723ca4f08742a675e2347ea9d3dc6bc2355234cf8ee786151ea54c1de4a,2025,10,0.069467776
e93f6a2d534faba4b2dbfedb9da5988707a84b939774a795532345695544215f,2025,5,0.026033139
e93f6a2d534faba4b2dbfedb9da5988707a84b939774a795532345695544215f,2025,6,0.010919034
e93f6a2d534faba4b2dbfedb9da5988707a84b939774a795532345695544215f,2025,7,0.011011215
e93f6a2d534faba4b2dbfedb9da5988707a84b939774a795532345695544215f,2025,8,0.012387116
e93f6a2d534faba4b2dbfedb9da5988707a84b939774a795532345695544215f,2025,9,0.016781416
e93f6a2d534faba4b2dbfedb9da5988707a84b939774a795532345695544215f,2025,10,0.07266829
e9af15eeb7da0051bcbdc938933d3c58a9a357d82b45942ce9ce325956ac91d2,2025,6,0.008080988
e9af15eeb7da0051bcbdc938933d3c58a9a357d82b45942ce9ce325956ac91d2,2025,8,0.056833502
e9af15eeb7da0051bcbdc938933d3c58a9a357d82b45942ce9ce325956ac91d2,2025,9,0.07522935
e9af15eeb7da0051bcbdc938933d3c58a9a357d82b45942ce9ce325956ac91d2,2025,10,0.13317671
e9b45cfd9ed5c86f70d27ceb9f9af779e805c3331f91175a48f5884614126e67,2025,5,8.838964e-06
e9b45cfd9ed5c86f70d27ceb9f9af779e805c3331f91175a48f5884614126e67,2025,6,1.8690775e-05
e9b45cfd9ed5c86f70d27ceb9f9af779e805c3331f91175a48f5884614126e67,2025,7,4.9360075e-05
e9b45cfd9ed5c86f70d27ceb9f9af779e805c3331f91175a48f5884614126e67,2025,8,2.377944e-05
e9b45cfd9ed5c86f70d27ceb9f9af779e805c3331f91175a48f5884614126e67,2025,9,1.6469481e-05
e9b45cfd9ed5c86f70d27ceb9f9af779e805c3331f91175a48f5884614126e67,2025,10,0.0013660153
ea09f618445bf6751842cb8c36891c72a9f4ee2fd663e742175e9ddcffcc3857,2025,5,0.049237717
ea09f618445bf6751842cb8c36891c72a9f4ee2fd663e742175e9ddcffcc3857,2025,6,0.009452795
ea09f618445bf6751842cb8c36891c72a9f4ee2fd663e742175e9ddcffcc3857,2025,7,0.008710703
ea09f618445bf6751842cb8c36891c72a9f4ee2fd663e742175e9ddcffcc3857,2025,8,0.008451161
ea09f618445bf6751842cb8c36891c72a9f4ee2fd663e742175e9ddcffcc3857,2025,9,0.019604454
ea09f618445bf6751842cb8c36891c72a9f4ee2fd663e742175e9ddcffcc3857,2025,10,0.08207368
ea5e42098f8e5ec1e5d57cc8bb08c3af05d0d6e562eb3a59618306849987bd3f,2025,5,0.022070993
ea5e42098f8e5ec1e5d57cc8bb08c3af05d0d6e562eb3a59618306849987bd3f,2025,6,0.009464052
ea5e42098f8e5ec1e5d57cc8bb08c3af05d0d6e562eb3a59618306849987bd3f,2025,7,0.008853338
ea5e42098f8e5ec1e5d57cc8bb08c3af05d0d6e562eb3a59618306849987bd3f,2025,8,0.009058937
ea5e42098f8e5ec1e5d57cc8bb08c3af05d0d6e562eb3a59618306849987bd3f,2025,9,0.060999203
ea5e42098f8e5ec1e5d57cc8bb08c3af05d0d6e562eb3a59618306849987bd3f,2025,10,0.060720924
ea76b8fd42acdb0f3dc8109478034b9ff4fc734503aaecdfefac28389c23a91a,2025,5,0.089769356
ea76b8fd42acdb0f3dc8109478034b9ff4fc734503aaecdfefac28389c23a91a,2025,6,0.015466001
ea76b8fd42acdb0f3dc8109478034b9ff4fc734503aaecdfefac28389c23a91a,2025,7,0.013027125
ea76b8fd42acdb0f3dc8109478034b9ff4fc734503aaecdfefac28389c23a91a,2025,8,0.013633266
ea76b8fd42acdb0f3dc8109478034b9ff4fc734503aaecdfefac28389c23a91a,2025,9,0.04429602
ea76b8fd42acdb0f3dc8109478034b9ff4fc734503aaecdfefac28389c23a91a,2025,10,0.17464161
eabf1e41cc755185465074c53de88b22a8d1534c674d3d6a0b60938b363c0574,2025,5,0.13424456
eabf1e41cc755185465074c53de88b22a8d1534c674d3d6a0b60938b363c0574,2025,6,0.02348515
eabf1e41cc755185465074c53de88b22a8d1534c674d3d6a0b60938b363c0574,2025,7,0.023187123
eabf1e41cc755185465074c53de88b22a8d1534c674d3d6a0b60938b363c0574,2025,8,0.021902787
eabf1e41cc755185465074c53de88b22a8d1534c674d3d6a0b60938b363c0574,2025,9,0.057536606
eabf1e41cc755185465074c53de88b22a8d1534c674d3d6a0b60938b363c0574,2025,10,0.4293152
eac48f67ad81b96ac182fbe0a2e130b96c3fc3515f45a772179754a1b1f2709a,2025,5,0.042633515
eac48f67ad81b96ac182fbe0a2e130b96c3fc3515f45a772179754a1b1f2709a,2025,6,0.020866547
eac48f67ad81b96ac182fbe0a2e130b96c3fc3515f45a772179754a1b1f2709a,2025,7,0.020176085
eac48f67ad81b96ac182fbe0a2e130b96c3fc3515f45a772179754a1b1f2709a,2025,8,0.019799955
eac48f67ad81b96ac182fbe0a2e130b96c3fc3515f45a772179754a1b1f2709a,2025,9,0.027305929
eac48f67ad81b96ac182fbe0a2e130b96c3fc3515f45a772179754a1b1f2709a,2025,10,0.066427045
eb1e3003aa02a1e14fcb8615970e05c0e8a3f7bd502e936b27d6afaaa7ac75f4,2025,5,0.024775375
eb1e3003aa02a1e14fcb8615970e05c0e8a3f7bd502e936b27d6afaaa7ac75f4,2025,6,0.009994728
eb1e3003aa02a1e14fcb8615970e05c0e8a3f7bd502e936b27d6afaaa7ac75f4,2025,7,0.007924406
eb1e3003aa02a1e14fcb8615970e05c0e8a3f7bd502e936b27d6afaaa7ac75f4,2025,8,0.008999118
eb1e3003aa02a1e14fcb8615970e05c0e8a3f7bd502e936b27d6afaaa7ac75f4,2025,9,0.015845904
eb1e3003aa02a1e14fcb8615970e05c0e8a3f7bd502e936b27d6afaaa7ac75f4,2025,10,0.033722416
eb8ce3d46c5b4dfe341fa976c778f7ef497a8993d9b28a1f1c9fc959f8c06100,2025,5,0.056686837
eb8ce3d46c5b4dfe341fa976c778f7ef497a8993d9b28a1f1c9fc959f8c06100,2025,6,0.018691694
eb8ce3d46c5b4dfe341fa976c778f7ef497a8993d9b28a1f1c9fc959f8c06100,2025,7,0.013747425
eb8ce3d46c5b4dfe341fa976c778f7ef497a8993d9b28a1f1c9fc959f8c06100,2025,8,0.014921138
eb8ce3d46c5b4dfe341fa976c778f7ef497a8993d9b28a1f1c9fc959f8c06100,2025,9,0.024628025
eb8ce3d46c5b4dfe341fa976c778f7ef497a8993d9b28a1f1c9fc959f8c06100,2025,10,0.056542765
ec7026b778531a3a135ceb191f395ed1704811a287b4cddae125ab13c2d5f1eb,2025,5,0.16262451
ec7026b778531a3a135ceb191f395ed1704811a287b4cddae125ab13c2d5f1eb,2025,6,0.06270849
ec7026b778531a3a135ceb191f395ed1704811a287b4cddae125ab13c2d5f1eb,2025,7,0.041822404
ec7026b778531a3a135ceb191f395ed1704811a287b4cddae125ab13c2d5f1eb,2025,8,0.031155925
ec7026b778531a3a135ceb191f395ed1704811a287b4cddae125ab13c2d5f1eb,2025,9,0.066932246
ec7026b778531a3a135ceb191f395ed1704811a287b4cddae125ab13c2d5f1eb,2025,10,0.19945602
ed1e641ad2db3df782aa2fe9da7017d3636a9d69d691d9a768dd8bdba0e60f6e,2025,5,0.018784823
ed1e641ad2db3df782aa2fe9da7017d3636a9d69d691d9a768dd8bdba0e60f6e,2025,6,0.009083427
ed1e641ad2db3df782aa2fe9da7017d3636a9d69d691d9a768dd8bdba0e60f6e,2025,7,0.007628919
ed1e641ad2db3df782aa2fe9da7017d3636a9d69d691d9a768dd8bdba0e60f6e,2025,8,0.0077751027
ed1e641ad2db3df782aa2fe9da7017d3636a9d69d691d9a768dd8bdba0e60f6e,2025,9,0.010213051
ed1e641ad2db3df782aa2fe9da7017d3636a9d69d691d9a768dd8bdba0e60f6e,2025,10,0.026813075
ed262db88dc7bcb276bf4f16b9465dcc9e2f035419e706f1caf4b301990345b6,2025,5,0.20896068
ed262db88dc7bcb276bf4f16b9465dcc9e2f035419e706f1caf4b301990345b6,2025,6,0.059889827
ed262db88dc7bcb276bf4f16b9465dcc9e2f035419e706f1caf4b301990345b6,2025,7,0.029816324
ed262db88dc7bcb276bf4f16b9465dcc9e2f035419e706f1caf4b301990345b6,2025,8,0.05568016
ed262db88dc7bcb276bf4f16b9465dcc9e2f035419e706f1caf4b301990345b6,2025,9,0.10082379
ed262db88dc7bcb276bf4f16b9465dcc9e2f035419e706f1caf4b301990345b6,2025,10,0.25717923
ed3356c0d7df2f83f08e4aac10108e52892eda64484c26bc7fa01f01a17797ad,2025,5,0.029587183
ed3356c0d7df2f83f08e4aac10108e52892eda64484c26bc7fa01f01a17797ad,2025,6,0.004439283
ed3356c0d7df2f83f08e4aac10108e52892eda64484c26bc7fa01f01a17797ad,2025,7,0.00329237
ed3356c0d7df2f83f08e4aac10108e52892eda64484c26bc7fa01f01a17797ad,2025,8,0.0058608456
ed3356c0d7df2f83f08e4aac10108e52892eda64484c26bc7fa01f01a17797ad,2025,9,0.011548936
ed3356c0d7df2f83f08e4aac10108e52892eda64484c26bc7fa01f01a17797ad,2025,10,0.04631962
ed4624ec23b0e859369e29136fdf6bc599678036404a8be10a7c8afe457e8d83,2025,5,0.08706267
ed4624ec23b0e859369e29136fdf6bc599678036404a8be10a7c8afe457e8d83,2025,6,0.013469068
ed4624ec23b0e859369e29136fdf6bc599678036404a8be10a7c8afe457e8d83,2025,7,0.013993024
ed4624ec23b0e859369e29136fdf6bc599678036404a8be10a7c8afe457e8d83,2025,8,0.011574494
ed4624ec23b0e859369e29136fdf6bc599678036404a8be10a7c8afe457e8d83,2025,9,0.015576013
ed4624ec23b0e859369e29136fdf6bc599678036404a8be10a7c8afe457e8d83,2025,10,0.018665057
ed8bf94d964eedade9408e666c659690a016b4a0c22032ee202f3773cf8ce4da,2025,5,0.032376293
ed8bf94d964eedade9408e666c659690a016b4a0c22032ee202f3773cf8ce4da,2025,6,0.009459408
ed8bf94d964eedade9408e666c659690a016b4a0c22032ee202f3773cf8ce4da,2025,7,0.00945608
ed8bf94d964eedade9408e666c659690a016b4a0c22032ee202f3773cf8ce4da,2025,8,0.008695221
ed8bf94d964eedade9408e666c659690a016b4a0c22032ee202f3773cf8ce4da,2025,9,0.014439731
ed8bf94d964eedade9408e666c659690a016b4a0c22032ee202f3773cf8ce4da,2025,10,0.08382085
eda34df72c4c9069bc49bbaeaf18c9bbf1b3fd8b1267e9d65fe11731add05cd5,2025,5,0.13166103
eda34df72c4c9069bc49bbaeaf18c9bbf1b3fd8b1267e9d65fe11731add05cd5,2025,6,0.0792454
eda34df72c4c9069bc49bbaeaf18c9bbf1b3fd8b1267e9d65fe11731add05cd5,2025,7,0.16917165
eda34df72c4c9069bc49bbaeaf18c9bbf1b3fd8b1267e9d65fe11731add05cd5,2025,8,0.12353291
eda34df72c4c9069bc49bbaeaf18c9bbf1b3fd8b1267e9d65fe11731add05cd5,2025,9,0.12761669
eda34df72c4c9069bc49bbaeaf18c9bbf1b3fd8b1267e9d65fe11731add05cd5,2025,10,0.08902664
ee8253627511136e790034b2a853aa6d3b0d62eda41abf1bdd5fbd162a00a309,2025,5,0.03649367
ee8253627511136e790034b2a853aa6d3b0d62eda41abf1bdd5fbd162a00a309,2025,6,0.010864099
ee8253627511136e790034b2a853aa6d3b0d62eda41abf1bdd5fbd162a00a309,2025,7,0.004606106
ee8253627511136e790034b2a853aa6d3b0d62eda41abf1bdd5fbd162a00a309,2025,9,2.2819634e-20
ee8253627511136e790034b2a853aa6d3b0d62eda41abf1bdd5fbd162a00a309,2025,10,6.1774246e-19
eead1e44092013764cd087dba330ef6110f2f552e4f18c0e6ecdc012ee5e4f2d,2025,5,0.046515603
eead1e44092013764cd087dba330ef6110f2f552e4f18c0e6ecdc012ee5e4f2d,2025,6,0.03397294
eead1e44092013764cd087dba330ef6110f2f552e4f18c0e6ecdc012ee5e4f2d,2025,7,0.028431166
eead1e44092013764cd087dba330ef6110f2f552e4f18c0e6ecdc012ee5e4f2d,2025,8,0.030378895
eead1e44092013764cd087dba330ef6110f2f552e4f18c0e6ecdc012ee5e4f2d,2025,9,0.03894384
eead1e44092013764cd087dba330ef6110f2f552e4f18c0e6ecdc012ee5e4f2d,2025,10,0.073698014
ef28dea33ab170c611b031b44a05112e8f47f0f6101705840cd5914ce09c39a4,2025,5,0.035876773
ef28dea33ab170c611b031b44a05112e8f47f0f6101705840cd5914ce09c39a4,2025,6,0.021774145
ef28dea33ab170c611b031b44a05112e8f47f0f6101705840cd5914ce09c39a4,2025,7,0.020284835
ef28dea33ab170c611b031b44a05112e8f47f0f6101705840cd5914ce09c39a4,2025,8,0.02142082
ef28dea33ab170c611b031b44a05112e8f47f0f6101705840cd5914ce09c39a4,2025,9,0.0288015
ef28dea33ab170c611b031b44a05112e8f47f0f6101705840cd5914ce09c39a4,2025,10,0.062024157
ef3f42d3223ee78a2ec46b68589a324cad9eee3af88fe655424eafb0f41bcc13,2025,5,0.04561495
ef3f42d3223ee78a2ec46b68589a324cad9eee3af88fe655424eafb0f41bcc13,2025,6,0.011051268
ef3f42d3223ee78a2ec46b68589a324cad9eee3af88fe655424eafb0f41bcc13,2025,7,0.0065017776
ef3f42d3223ee78a2ec46b68589a324cad9eee3af88fe655424eafb0f41bcc13,2025,8,0.010250025
ef3f42d3223ee78a2ec46b68589a324cad9eee3af88fe655424eafb0f41bcc13,2025,9,0.013395542
ef3f42d3223ee78a2ec46b68589a324cad9eee3af88fe655424eafb0f41bcc13,2025,10,0.074508026
ef4cf50cab12cef49e71eccdc877c7dc832464d85edaa11c6e9e7bc0e46e5402,2025,5,0.066310704
ef4cf50cab12cef49e71eccdc877c7dc832464d85edaa11c6e9e7bc0e46e5402,2025,6,0.021253733
ef4cf50cab12cef49e71eccdc877c7dc832464d85edaa11c6e9e7bc0e46e5402,2025,7,0.020156533
ef4cf50cab12cef49e71eccdc877c7dc832464d85edaa11c6e9e7bc0e46e5402,2025,8,0.020055557
ef4cf50cab12cef49e71eccdc877c7dc832464d85edaa11c6e9e7bc0e46e5402,2025,9,0.027387232
ef4cf50cab12cef49e71eccdc877c7dc832464d85edaa11c6e9e7bc0e46e5402,2025,10,0.13575251
f0602f126a12e57a6c8dfa27258aa94ca3a0df2b53014722ef21c3190cc951ca,2025,5,0.01177796
f0602f126a12e57a6c8dfa27258aa94ca3a0df2b53014722ef21c3190cc951ca,2025,6,0.008044204
f0602f126a12e57a6c8dfa27258aa94ca3a0df2b53014722ef21c3190cc951ca,2025,7,0.005888333
f0602f126a12e57a6c8dfa27258aa94ca3a0df2b53014722ef21c3190cc951ca,2025,8,0.006841251
f0602f126a12e57a6c8dfa27258aa94ca3a0df2b53014722ef21c3190cc951ca,2025,9,0.008209699
f0602f126a12e57a6c8dfa27258aa94ca3a0df2b53014722ef21c3190cc951ca,2025,10,0.015872413
f07f0649d25c1f4f7ec5d313265122b7cb570822d2688ddd6773f9eff05a81bd,2025,5,0.05037426
f07f0649d25c1f4f7ec5d313265122b7cb570822d2688ddd6773f9eff05a81bd,2025,6,0.024225455
f07f0649d25c1f4f7ec5d313265122b7cb570822d2688ddd6773f9eff05a81bd,2025,7,0.023946961
f07f0649d25c1f4f7ec5d313265122b7cb570822d2688ddd6773f9eff05a81bd,2025,8,0.022207564
f07f0649d25c1f4f7ec5d313265122b7cb570822d2688ddd6773f9eff05a81bd,2025,9,0.02837322
f07f0649d25c1f4f7ec5d313265122b7cb570822d2688ddd6773f9eff05a81bd,2025,10,0.09589803
f0a6ff254c7c41448443ec4a67a9f5557ad30ff34f07a1ca62020a2a5a94545e,2025,5,0.047720972
f0a6ff254c7c41448443ec4a67a9f5557ad30ff34f07a1ca62020a2a5a94545e,2025,6,0.019810012
f0a6ff254c7c41448443ec4a67a9f5557ad30ff34f07a1ca62020a2a5a94545e,2025,9,0.16721486
f0a6ff254c7c41448443ec4a67a9f5557ad30ff34f07a1ca62020a2a5a94545e,2025,10,0.06661211
f11d8cfedee8c5925ef4a1d47a972d2df2f8d7d56a6633a86accd9444d3a0546,2025,5,0.04768947
f11d8cfedee8c5925ef4a1d47a972d2df2f8d7d56a6633a86accd9444d3a0546,2025,6,0.019433198
f11d8cfedee8c5925ef4a1d47a972d2df2f8d7d56a6633a86accd9444d3a0546,2025,7,0.016199494
f11d8cfedee8c5925ef4a1d47a972d2df2f8d7d56a6633a86accd9444d3a0546,2025,8,0.022245841
f11d8cfedee8c5925ef4a1d47a972d2df2f8d7d56a6633a86accd9444d3a0546,2025,9,0.027038148
f11d8cfedee8c5925ef4a1d47a972d2df2f8d7d56a6633a86accd9444d3a0546,2025,10,0.062231123
f13b3500f3c7be94a6347ee826ad91f49edd161b146d076d2c49a57c6b16384a,2025,5,0.051299613
f13b3500f3c7be94a6347ee826ad91f49edd161b146d076d2c49a57c6b16384a,2025,6,0.02184625
f13b3500f3c7be94a6347ee826ad91f49edd161b146d076d2c49a57c6b16384a,2025,7,0.02138588
f13b3500f3c7be94a6347ee826ad91f49edd161b146d076d2c49a57c6b16384a,2025,8,0.022653962
f13b3500f3c7be94a6347ee826ad91f49edd161b146d076d2c49a57c6b16384a,2025,9,0.021378968
f13b3500f3c7be94a6347ee826ad91f49edd161b146d076d2c49a57c6b16384a,2025,10,0.02324287
f23cba44e3343d25a040bc9e063dbc67fc5045961411b0713829887987d426df,2025,5,0.035237487
f23cba44e3343d25a040bc9e063dbc67fc5045961411b0713829887987d426df,2025,6,0.027547328
f23cba44e3343d25a040bc9e063dbc67fc5045961411b0713829887987d426df,2025,7,0.021890622
f23cba44e3343d25a040bc9e063dbc67fc5045961411b0713829887987d426df,2025,8,0.022927843
f23cba44e3343d25a040bc9e063dbc67fc5045961411b0713829887987d426df,2025,9,0.025077818
f23cba44e3343d25a040bc9e063dbc67fc5045961411b0713829887987d426df,2025,10,0.048480943
f2518e0507bbbde6389b855b1fdfb9cf77ca6417e650340dd400f9c79748539b,2025,5,0.027447958
f2518e0507bbbde6389b855b1fdfb9cf77ca6417e650340dd400f9c79748539b,2025,6,0.008084691
f2518e0507bbbde6389b855b1fdfb9cf77ca6417e650340dd400f9c79748539b,2025,7,0.007225746
f2518e0507bbbde6389b855b1fdfb9cf77ca6417e650340dd400f9c79748539b,2025,8,0.0075184316
f2518e0507bbbde6389b855b1fdfb9cf77ca6417e650340dd400f9c79748539b,2025,9,0.014266084
f2518e0507bbbde6389b855b1fdfb9cf77ca6417e650340dd400f9c79748539b,2025,10,0.054151848
f2a26575b704c72019f4145839f1ce39b9529b2ff5491ff2afee360a08ee815c,2025,5,0.010766929
f2a26575b704c72019f4145839f1ce39b9529b2ff5491ff2afee360a08ee815c,2025,6,0.005514045
f2a26575b704c72019f4145839f1ce39b9529b2ff5491ff2afee360a08ee815c,2025,7,0.0052322946
f2a26575b704c72019f4145839f1ce39b9529b2ff5491ff2afee360a08ee815c,2025,8,0.004620745
f2a26575b704c72019f4145839f1ce39b9529b2ff5491ff2afee360a08ee815c,2025,9,0.004864984
f2a26575b704c72019f4145839f1ce39b9529b2ff5491ff2afee360a08ee815c,2025,10,0.024225244
f2fc3d92b4b032eb63ad18effa30f583ae6ba47e5c661ed96dd30c680a83bb93,2025,5,0.022945244
f2fc3d92b4b032eb63ad18effa30f583ae6ba47e5c661ed96dd30c680a83bb93,2025,6,0.009297341
f2fc3d92b4b032eb63ad18effa30f583ae6ba47e5c661ed96dd30c680a83bb93,2025,7,0.007725318
f2fc3d92b4b032eb63ad18effa30f583ae6ba47e5c661ed96dd30c680a83bb93,2025,8,0.009675852
f2fc3d92b4b032eb63ad18effa30f583ae6ba47e5c661ed96dd30c680a83bb93,2025,9,0.013763769
f2fc3d92b4b032eb63ad18effa30f583ae6ba47e5c661ed96dd30c680a83bb93,2025,10,0.039309695
f33069d307c37f4ca46ce1be23d86bbe444b3b05ace0484eb7ab7b86684f188e,2025,5,0.015688037
f33069d307c37f4ca46ce1be23d86bbe444b3b05ace0484eb7ab7b86684f188e,2025,6,0.007166457
f33069d307c37f4ca46ce1be23d86bbe444b3b05ace0484eb7ab7b86684f188e,2025,7,0.009777721
f33069d307c37f4ca46ce1be23d86bbe444b3b05ace0484eb7ab7b86684f188e,2025,8,0.013068268
f33069d307c37f4ca46ce1be23d86bbe444b3b05ace0484eb7ab7b86684f188e,2025,9,0.025116075
f33069d307c37f4ca46ce1be23d86bbe444b3b05ace0484eb7ab7b86684f188e,2025,10,0.02909677
f3968cb4a6817b89379517944e4947b9bc7f19410a019cd4f0eb12236c2de72c,2025,5,0.032234196
f3968cb4a6817b89379517944e4947b9bc7f19410a019cd4f0eb12236c2de72c,2025,6,0.014072816
f3968cb4a6817b89379517944e4947b9bc7f19410a019cd4f0eb12236c2de72c,2025,7,0.012610372
f3968cb4a6817b89379517944e4947b9bc7f19410a019cd4f0eb12236c2de72c,2025,8,0.014266178
f3968cb4a6817b89379517944e4947b9bc7f19410a019cd4f0eb12236c2de72c,2025,9,0.0328003
f3968cb4a6817b89379517944e4947b9bc7f19410a019cd4f0eb12236c2de72c,2025,10,0.07849356
f39df7ac9df378fff78b705b4f4055b34a1035726ce22ceb6ee3c85a98bd7d06,2025,5,0.021933055
f39df7ac9df378fff78b705b4f4055b34a1035726ce22ceb6ee3c85a98bd7d06,2025,6,0.0047617075
f39df7ac9df378fff78b705b4f4055b34a1035726ce22ceb6ee3c85a98bd7d06,2025,7,0.0046229144
f39df7ac9df378fff78b705b4f4055b34a1035726ce22ceb6ee3c85a98bd7d06,2025,8,0.004538482
f39df7ac9df378fff78b705b4f4055b34a1035726ce22ceb6ee3c85a98bd7d06,2025,9,0.012388334
f39df7ac9df378fff78b705b4f4055b34a1035726ce22ceb6ee3c85a98bd7d06,2025,10,0.056209553
f56d840a338b79cf5a16081fc0195ba77bf126f1871db4143033d7e8e6206c12,2025,5,0.10467277
f56d840a338b79cf5a16081fc0195ba77bf126f1871db4143033d7e8e6206c12,2025,6,0.016080618
f56d840a338b79cf5a16081fc0195ba77bf126f1871db4143033d7e8e6206c12,2025,7,0.016687864
f56d840a338b79cf5a16081fc0195ba77bf126f1871db4143033d7e8e6206c12,2025,8,0.015483761
f56d840a338b79cf5a16081fc0195ba77bf126f1871db4143033d7e8e6206c12,2025,9,0.02011013
f56d840a338b79cf5a16081fc0195ba77bf126f1871db4143033d7e8e6206c12,2025,10,0.14056388
f5cf627b3797690f652485fea5f176b71aeced0fd8b84da650e97f2ca6426a5c,2025,5,0.018805549
f5cf627b3797690f652485fea5f176b71aeced0fd8b84da650e97f2ca6426a5c,2025,6,0.010514951
f5cf627b3797690f652485fea5f176b71aeced0fd8b84da650e97f2ca6426a5c,2025,7,0.0036237275
f5cf627b3797690f652485fea5f176b71aeced0fd8b84da650e97f2ca6426a5c,2025,8,0.0043965396
f5cf627b3797690f652485fea5f176b71aeced0fd8b84da650e97f2ca6426a5c,2025,9,0.017026633
f5cf627b3797690f652485fea5f176b71aeced0fd8b84da650e97f2ca6426a5c,2025,10,0.037791476
f604f6b00075b792e7f4772bb87d4bc45427bee86fb807328818f847b10def0d,2025,5,0.036394674
f604f6b00075b792e7f4772bb87d4bc45427bee86fb807328818f847b10def0d,2025,6,0.00826435
f604f6b00075b792e7f4772bb87d4bc45427bee86fb807328818f847b10def0d,2025,7,0.00794948
f604f6b00075b792e7f4772bb87d4bc45427bee86fb807328818f847b10def0d,2025,8,0.008651408
f604f6b00075b792e7f4772bb87d4bc45427bee86fb807328818f847b10def0d,2025,9,0.023416562
f604f6b00075b792e7f4772bb87d4bc45427bee86fb807328818f847b10def0d,2025,10,0.07038671
f68067f98ab55685043aa57a4f7de9efceebcfc6d1121d99820678b0763339c5,2025,5,0.060409743
f68067f98ab55685043aa57a4f7de9efceebcfc6d1121d99820678b0763339c5,2025,6,0.016408527
f68067f98ab55685043aa57a4f7de9efceebcfc6d1121d99820678b0763339c5,2025,7,0.01500799
f68067f98ab55685043aa57a4f7de9efceebcfc6d1121d99820678b0763339c5,2025,8,0.015926821
f68067f98ab55685043aa57a4f7de9efceebcfc6d1121d99820678b0763339c5,2025,9,0.031590987
f68067f98ab55685043aa57a4f7de9efceebcfc6d1121d99820678b0763339c5,2025,10,0.11921431
f6a726a12662b848041c5209b34ee14f4cafd2dd14d77c976a3cc32bd2d6d983,2025,5,0.039980404
f6a726a12662b848041c5209b34ee14f4cafd2dd14d77c976a3cc32bd2d6d983,2025,6,0.015083542
f6a726a12662b848041c5209b34ee14f4cafd2dd14d77c976a3cc32bd2d6d983,2025,7,0.012898993
f6a726a12662b848041c5209b34ee14f4cafd2dd14d77c976a3cc32bd2d6d983,2025,8,0.01430398
f6a726a12662b848041c5209b34ee14f4cafd2dd14d77c976a3cc32bd2d6d983,2025,9,0.013321823
f6a726a12662b848041c5209b34ee14f4cafd2dd14d77c976a3cc32bd2d6d983,2025,10,0.070329376
f789a51cf28de82e2128d5bd935ccf22a04ae0316a1ca7492cbdd81907c70c1c,2025,5,0.022062622
f789a51cf28de82e2128d5bd935ccf22a04ae0316a1ca7492cbdd81907c70c1c,2025,6,0.008139205
f789a51cf28de82e2128d5bd935ccf22a04ae0316a1ca7492cbdd81907c70c1c,2025,7,0.0071749166
f789a51cf28de82e2128d5bd935ccf22a04ae0316a1ca7492cbdd81907c70c1c,2025,8,0.0077412077
f789a51cf28de82e2128d5bd935ccf22a04ae0316a1ca7492cbdd81907c70c1c,2025,9,0.010107237
f789a51cf28de82e2128d5bd935ccf22a04ae0316a1ca7492cbdd81907c70c1c,2025,10,0.038149744
f80941732300ef76d680f7d02a47966a8e3ece5bb3c837609944cc240547ed05,2025,5,0.075362444
f80941732300ef76d680f7d02a47966a8e3ece5bb3c837609944cc240547ed05,2025,6,0.013698454
f80941732300ef76d680f7d02a47966a8e3ece5bb3c837609944cc240547ed05,2025,7,0.013413269
f80941732300ef76d680f7d02a47966a8e3ece5bb3c837609944cc240547ed05,2025,8,0.014716144
f80941732300ef76d680f7d02a47966a8e3ece5bb3c837609944cc240547ed05,2025,9,0.035116468
f80941732300ef76d680f7d02a47966a8e3ece5bb3c837609944cc240547ed05,2025,10,0.17902471
f8192b32a44d79619ba586e2a4e988563e2bef2d550ca9d7ba008eecf62e57c8,2025,5,0.03113475
f8192b32a44d79619ba586e2a4e988563e2bef2d550ca9d7ba008eecf62e57c8,2025,6,0.009583392
f8192b32a44d79619ba586e2a4e988563e2bef2d550ca9d7ba008eecf62e57c8,2025,7,0.009518464
f8192b32a44d79619ba586e2a4e988563e2bef2d550ca9d7ba008eecf62e57c8,2025,8,0.011555401
f8192b32a44d79619ba586e2a4e988563e2bef2d550ca9d7ba008eecf62e57c8,2025,9,0.018648922
f8192b32a44d79619ba586e2a4e988563e2bef2d550ca9d7ba008eecf62e57c8,2025,10,0.055591837
f8688ec2e8d888995c84a89a081c8942e741e0348d5ea2d7bbb9c0aee3fb715f,2025,5,0.07574762
f8688ec2e8d888995c84a89a081c8942e741e0348d5ea2d7bbb9c0aee3fb715f,2025,6,0.03016122
f8688ec2e8d888995c84a89a081c8942e741e0348d5ea2d7bbb9c0aee3fb715f,2025,7,0.025699433
f8688ec2e8d888995c84a89a081c8942e741e0348d5ea2d7bbb9c0aee3fb715f,2025,8,0.024761507
f8688ec2e8d888995c84a89a081c8942e741e0348d5ea2d7bbb9c0aee3fb715f,2025,9,0.047905263
f8688ec2e8d888995c84a89a081c8942e741e0348d5ea2d7bbb9c0aee3fb715f,2025,10,0.12165318
f950b5836c59dbf42931280439ff42893a3e187a12e7d49ffd37292c9bb7d496,2025,5,0.030993063
f950b5836c59dbf42931280439ff42893a3e187a12e7d49ffd37292c9bb7d496,2025,6,0.017123241
f950b5836c59dbf42931280439ff42893a3e187a12e7d49ffd37292c9bb7d496,2025,7,0.016955128
f950b5836c59dbf42931280439ff42893a3e187a12e7d49ffd37292c9bb7d496,2025,8,0.013684523
f950b5836c59dbf42931280439ff42893a3e187a12e7d49ffd37292c9bb7d496,2025,9,0.025340866
f950b5836c59dbf42931280439ff42893a3e187a12e7d49ffd37292c9bb7d496,2025,10,0.057997964
f97d1618b1b36051a92bffc425589855af0463af61bc5f7168b8a147f18c4dca,2025,5,0.05728634
f97d1618b1b36051a92bffc425589855af0463af61bc5f7168b8a147f18c4dca,2025,6,0.026316147
f97d1618b1b36051a92bffc425589855af0463af61bc5f7168b8a147f18c4dca,2025,7,0.03491775
f97d1618b1b36051a92bffc425589855af0463af61bc5f7168b8a147f18c4dca,2025,8,0.032836694
f97d1618b1b36051a92bffc425589855af0463af61bc5f7168b8a147f18c4dca,2025,9,0.045009814
f97d1618b1b36051a92bffc425589855af0463af61bc5f7168b8a147f18c4dca,2025,10,0.08482439
f99b61a31667174a9d7b6dbc01be6929d27a659c277c1ab22fe8b30606bb5a8d,2025,5,0.020798545
f99b61a31667174a9d7b6dbc01be6929d27a659c277c1ab22fe8b30606bb5a8d,2025,6,0.009793798
f99b61a31667174a9d7b6dbc01be6929d27a659c277c1ab22fe8b30606bb5a8d,2025,7,0.008562666
f99b61a31667174a9d7b6dbc01be6929d27a659c277c1ab22fe8b30606bb5a8d,2025,8,0.008491266
f99b61a31667174a9d7b6dbc01be6929d27a659c277c1ab22fe8b30606bb5a8d,2025,9,0.010635079
f99b61a31667174a9d7b6dbc01be6929d27a659c277c1ab22fe8b30606bb5a8d,2025,10,0.044097863
fb584dd7c99400152dfebd6c60fa883f2de3451168cd19b9d2d3a7f992a066bf,2025,5,0.02354459
fb584dd7c99400152dfebd6c60fa883f2de3451168cd19b9d2d3a7f992a066bf,2025,6,0.013117494
fb584dd7c99400152dfebd6c60fa883f2de3451168cd19b9d2d3a7f992a066bf,2025,7,0.013019173
fb584dd7c99400152dfebd6c60fa883f2de3451168cd19b9d2d3a7f992a066bf,2025,8,0.012681766
fb584dd7c99400152dfebd6c60fa883f2de3451168cd19b9d2d3a7f992a066bf,2025,9,0.019476412
fb584dd7c99400152dfebd6c60fa883f2de3451168cd19b9d2d3a7f992a066bf,2025,10,0.06579189
fba0f7b57aefffb146b7f66a98e39dcd76204553382d8a204e8ab418e357a484,2025,5,0.037731476
fba0f7b57aefffb146b7f66a98e39dcd76204553382d8a204e8ab418e357a484,2025,6,0.01604061
fba0f7b57aefffb146b7f66a98e39dcd76204553382d8a204e8ab418e357a484,2025,7,0.011403093
fba0f7b57aefffb146b7f66a98e39dcd76204553382d8a204e8ab418e357a484,2025,8,0.014792948
fba0f7b57aefffb146b7f66a98e39dcd76204553382d8a204e8ab418e357a484,2025,9,0.026900083
fba0f7b57aefffb146b7f66a98e39dcd76204553382d8a204e8ab418e357a484,2025,10,0.053252973
fbdf266dd372334fcd865972f980574608f7fc122ecf6ceda8331dbec250c537,2025,5,0.04303132
fbdf266dd372334fcd865972f980574608f7fc122ecf6ceda8331dbec250c537,2025,6,0.014617239
fbdf266dd372334fcd865972f980574608f7fc122ecf6ceda8331dbec250c537,2025,7,0.012533202
fbdf266dd372334fcd865972f980574608f7fc122ecf6ceda8331dbec250c537,2025,8,0.017065253
fbdf266dd372334fcd865972f980574608f7fc122ecf6ceda8331dbec250c537,2025,9,0.023981076
fbdf266dd372334fcd865972f980574608f7fc122ecf6ceda8331dbec250c537,2025,10,0.044739153
fc376d9b600a622120a38da673f71d121b850055851e26eb2b460450ed483720,2025,5,0.028673742
fc376d9b600a622120a38da673f71d121b850055851e26eb2b460450ed483720,2025,6,0.003766248
fc376d9b600a622120a38da673f71d121b850055851e26eb2b460450ed483720,2025,7,7.426266e-06
fc376d9b600a622120a38da673f71d121b850055851e26eb2b460450ed483720,2025,8,0.0015922576
fc376d9b600a622120a38da673f71d121b850055851e26eb2b460450ed483720,2025,9,0.012939301
fc376d9b600a622120a38da673f71d121b850055851e26eb2b460450ed483720,2025,10,0.03776624
fd2d77f969dd205ffe471e2349d3d2f54dc6e30a7d2ccd74a049a43ad656204c,2025,5,0.098275445
fd2d77f969dd205ffe471e2349d3d2f54dc6e30a7d2ccd74a049a43ad656204c,2025,6,0.039599594
fd2d77f969dd205ffe471e2349d3d2f54dc6e30a7d2ccd74a049a43ad656204c,2025,7,0.026082296
fd2d77f969dd205ffe471e2349d3d2f54dc6e30a7d2ccd74a049a43ad656204c,2025,8,0.022201372
fd2d77f969dd205ffe471e2349d3d2f54dc6e30a7d2ccd74a049a43ad656204c,2025,9,0.044441283
fd2d77f969dd205ffe471e2349d3d2f54dc6e30a7d2ccd74a049a43ad656204c,2025,10,0.12900849
fdd1157e24eae9617881107d653c75ee16234d3bb7d84f163b6da5338a8bd2c6,2025,5,0.048767257
fdd1157e24eae9617881107d653c75ee16234d3bb7d84f163b6da5338a8bd2c6,2025,6,0.007897513
fdd1157e24eae9617881107d653c75ee16234d3bb7d84f163b6da5338a8bd2c6,2025,7,0.0064694984
fdd1157e24eae9617881107d653c75ee16234d3bb7d84f163b6da5338a8bd2c6,2025,8,0.007194178
fdd1157e24eae9617881107d653c75ee16234d3bb7d84f163b6da5338a8bd2c6,2025,9,0.0081667695
fdd1157e24eae9617881107d653c75ee16234d3bb7d84f163b6da5338a8bd2c6,2025,10,0.05588915
ffd5e815486d2b094a0ff197111e96c998e11fda1626f71f176af4b1c3296d4e,2025,5,0.022203088
ffd5e815486d2b094a0ff197111e96c998e11fda1626f71f176af4b1c3296d4e,2025,6,0.01399491
ffd5e815486d2b094a0ff197111e96c998e11fda1626f71f176af4b1c3296d4e,2025,7,0.012926948
ffd5e815486d2b094a0ff197111e96c998e11fda1626f71f176af4b1c3296d4e,2025,8,0.014528241
ffd5e815486d2b094a0ff197111e96c998e11fda1626f71f176af4b1c3296d4e,2025,9,0.015132067
ffd5e815486d2b094a0ff197111e96c998e11fda1626f71f176af4b1c3296d4e,2025,10,0.04391919
