deviceId,year,month,prediction
000cc3cb7f030c3d0c481bd0e7cf42ee283012c3cb5bfc93ae46eecc5798f0fe,2025,5,0.053800493
000cc3cb7f030c3d0c481bd0e7cf42ee283012c3cb5bfc93ae46eecc5798f0fe,2025,6,0.009314089
000cc3cb7f030c3d0c481bd0e7cf42ee283012c3cb5bfc93ae46eecc5798f0fe,2025,7,0.006721073
000cc3cb7f030c3d0c481bd0e7cf42ee283012c3cb5bfc93ae46eecc5798f0fe,2025,8,0.010381177
000cc3cb7f030c3d0c481bd0e7cf42ee283012c3cb5bfc93ae46eecc5798f0fe,2025,9,0.037749812
000cc3cb7f030c3d0c481bd0e7cf42ee283012c3cb5bfc93ae46eecc5798f0fe,2025,10,0.11145908
005767201ec5d7c3336b3b4d1ffa8a72e7ca1ecdaac30fe5a99d7a76b53f9fc9,2025,5,0.04302338
005767201ec5d7c3336b3b4d1ffa8a72e7ca1ecdaac30fe5a99d7a76b53f9fc9,2025,6,0.015461978
005767201ec5d7c3336b3b4d1ffa8a72e7ca1ecdaac30fe5a99d7a76b53f9fc9,2025,7,0.015337345
005767201ec5d7c3336b3b4d1ffa8a72e7ca1ecdaac30fe5a99d7a76b53f9fc9,2025,8,0.017008837
005767201ec5d7c3336b3b4d1ffa8a72e7ca1ecdaac30fe5a99d7a76b53f9fc9,2025,9,0.027559135
005767201ec5d7c3336b3b4d1ffa8a72e7ca1ecdaac30fe5a99d7a76b53f9fc9,2025,10,0.08164916
01668c64ccc16c506a7c1a5c032e2eb5e2de48ecb284f2e1f6ac48b9de8ad5dd,2025,5,0.02646694
01668c64ccc16c506a7c1a5c032e2eb5e2de48ecb284f2e1f6ac48b9de8ad5dd,2025,6,0.013990395
01668c64ccc16c506a7c1a5c032e2eb5e2de48ecb284f2e1f6ac48b9de8ad5dd,2025,7,0.012364361
01668c64ccc16c506a7c1a5c032e2eb5e2de48ecb284f2e1f6ac48b9de8ad5dd,2025,8,0.012719773
01668c64ccc16c506a7c1a5c032e2eb5e2de48ecb284f2e1f6ac48b9de8ad5dd,2025,9,0.017730441
01668c64ccc16c506a7c1a5c032e2eb5e2de48ecb284f2e1f6ac48b9de8ad5dd,2025,10,0.05450345
01bf745bf2df0312bd5ff2234c0e9dedc39ad0bac9bcfcc89f1f92902934f571,2025,5,0.042871427
01bf745bf2df0312bd5ff2234c0e9dedc39ad0bac9bcfcc89f1f92902934f571,2025,6,0.016805207
01bf745bf2df0312bd5ff2234c0e9dedc39ad0bac9bcfcc89f1f92902934f571,2025,7,0.012970005
01bf745bf2df0312bd5ff2234c0e9dedc39ad0bac9bcfcc89f1f92902934f571,2025,8,0.015133739
01bf745bf2df0312bd5ff2234c0e9dedc39ad0bac9bcfcc89f1f92902934f571,2025,9,0.022623787
01bf745bf2df0312bd5ff2234c0e9dedc39ad0bac9bcfcc89f1f92902934f571,2025,10,0.06488867
02e4ad5d8d0016d35a003ea6df7e10fe27093aba81c64a4ac50c762a15bb1449,2025,5,0.022293583
02e4ad5d8d0016d35a003ea6df7e10fe27093aba81c64a4ac50c762a15bb1449,2025,6,0.012008364
02e4ad5d8d0016d35a003ea6df7e10fe27093aba81c64a4ac50c762a15bb1449,2025,7,0.011922507
02e4ad5d8d0016d35a003ea6df7e10fe27093aba81c64a4ac50c762a15bb1449,2025,8,0.008897575
02e4ad5d8d0016d35a003ea6df7e10fe27093aba81c64a4ac50c762a15bb1449,2025,9,0.009144529
02e4ad5d8d0016d35a003ea6df7e10fe27093aba81c64a4ac50c762a15bb1449,2025,10,0.057794183
038e22575abaab48161b77e91fc9f635bceb292bfa3e43ecf1eeabce9e48c7d7,2025,5,0.051699832
038e22575abaab48161b77e91fc9f635bceb292bfa3e43ecf1eeabce9e48c7d7,2025,6,0.013173929
038e22575abaab48161b77e91fc9f635bceb292bfa3e43ecf1eeabce9e48c7d7,2025,7,0.012020651
038e22575abaab48161b77e91fc9f635bceb292bfa3e43ecf1eeabce9e48c7d7,2025,8,0.012311762
038e22575abaab48161b77e91fc9f635bceb292bfa3e43ecf1eeabce9e48c7d7,2025,9,0.022962581
038e22575abaab48161b77e91fc9f635bceb292bfa3e43ecf1eeabce9e48c7d7,2025,10,0.08205535
04709b6cb733ccadc6db546d80a63ba064e13f0817781bad0d37c59d83cae480,2025,5,0.08926088
04709b6cb733ccadc6db546d80a63ba064e13f0817781bad0d37c59d83cae480,2025,6,0.037868496
04709b6cb733ccadc6db546d80a63ba064e13f0817781bad0d37c59d83cae480,2025,7,0.03180606
04709b6cb733ccadc6db546d80a63ba064e13f0817781bad0d37c59d83cae480,2025,8,0.032103803
04709b6cb733ccadc6db546d80a63ba064e13f0817781bad0d37c59d83cae480,2025,9,0.068902135
04709b6cb733ccadc6db546d80a63ba064e13f0817781bad0d37c59d83cae480,2025,10,0.27972412
0598231b0a5f5adf5f851bd2b77bc6203802dc009e1dff416fa3fe0001112f92,2025,5,0.016045768
0598231b0a5f5adf5f851bd2b77bc6203802dc009e1dff416fa3fe0001112f92,2025,6,0.013681781
0598231b0a5f5adf5f851bd2b77bc6203802dc009e1dff416fa3fe0001112f92,2025,7,0.012584047
0598231b0a5f5adf5f851bd2b77bc6203802dc009e1dff416fa3fe0001112f92,2025,8,0.013663529
0598231b0a5f5adf5f851bd2b77bc6203802dc009e1dff416fa3fe0001112f92,2025,9,0.014316593
0598231b0a5f5adf5f851bd2b77bc6203802dc009e1dff416fa3fe0001112f92,2025,10,0.016790792
05defed45c441db90efd2f2b6236c6aefed530c01edd985f1974de7d9cb7c9cb,2025,5,0.03948472
05defed45c441db90efd2f2b6236c6aefed530c01edd985f1974de7d9cb7c9cb,2025,6,0.00820983
05defed45c441db90efd2f2b6236c6aefed530c01edd985f1974de7d9cb7c9cb,2025,7,0.0063002626
05defed45c441db90efd2f2b6236c6aefed530c01edd985f1974de7d9cb7c9cb,2025,8,0.005668423
05defed45c441db90efd2f2b6236c6aefed530c01edd985f1974de7d9cb7c9cb,2025,9,0.013054487
05defed45c441db90efd2f2b6236c6aefed530c01edd985f1974de7d9cb7c9cb,2025,10,0.05967271
06b3fada57ea8ba46e0df50a4f9fddbd6d08ae17b9f833d0cdb7b6ecf625a3b7,2025,5,0.062595166
06b3fada57ea8ba46e0df50a4f9fddbd6d08ae17b9f833d0cdb7b6ecf625a3b7,2025,6,0.009837356
06b3fada57ea8ba46e0df50a4f9fddbd6d08ae17b9f833d0cdb7b6ecf625a3b7,2025,7,0.009496979
06b3fada57ea8ba46e0df50a4f9fddbd6d08ae17b9f833d0cdb7b6ecf625a3b7,2025,8,0.009040306
06b3fada57ea8ba46e0df50a4f9fddbd6d08ae17b9f833d0cdb7b6ecf625a3b7,2025,9,0.028244771
06b3fada57ea8ba46e0df50a4f9fddbd6d08ae17b9f833d0cdb7b6ecf625a3b7,2025,10,0.0841528
06faeae7b722179f1063a5fb71c13525c119948b4fd00dc85cd3bd3cdf63c3c6,2025,5,0.029145792
06faeae7b722179f1063a5fb71c13525c119948b4fd00dc85cd3bd3cdf63c3c6,2025,6,0.010676253
06faeae7b722179f1063a5fb71c13525c119948b4fd00dc85cd3bd3cdf63c3c6,2025,7,0.018327251
06faeae7b722179f1063a5fb71c13525c119948b4fd00dc85cd3bd3cdf63c3c6,2025,8,0.015092528
06faeae7b722179f1063a5fb71c13525c119948b4fd00dc85cd3bd3cdf63c3c6,2025,9,0.034339346
06faeae7b722179f1063a5fb71c13525c119948b4fd00dc85cd3bd3cdf63c3c6,2025,10,0.061753113
072315fe40a4b83ac5693af583ec4735f2f192a7ec5addcf647b133a34b83e8c,2025,5,0.01615099
072315fe40a4b83ac5693af583ec4735f2f192a7ec5addcf647b133a34b83e8c,2025,6,0.0039620795
072315fe40a4b83ac5693af583ec4735f2f192a7ec5addcf647b133a34b83e8c,2025,7,0.0036332405
072315fe40a4b83ac5693af583ec4735f2f192a7ec5addcf647b133a34b83e8c,2025,8,0.0038794868
072315fe40a4b83ac5693af583ec4735f2f192a7ec5addcf647b133a34b83e8c,2025,9,0.0065636938
072315fe40a4b83ac5693af583ec4735f2f192a7ec5addcf647b133a34b83e8c,2025,10,0.02248516
0763fb405523c26bb33f06a9ba5c1439f8029bee0c81135f362c8e0371e037e7,2025,5,0.049782604
0763fb405523c26bb33f06a9ba5c1439f8029bee0c81135f362c8e0371e037e7,2025,6,0.029304015
0763fb405523c26bb33f06a9ba5c1439f8029bee0c81135f362c8e0371e037e7,2025,7,0.033072878
0763fb405523c26bb33f06a9ba5c1439f8029bee0c81135f362c8e0371e037e7,2025,8,0.024501411
0763fb405523c26bb33f06a9ba5c1439f8029bee0c81135f362c8e0371e037e7,2025,9,0.0384919
0763fb405523c26bb33f06a9ba5c1439f8029bee0c81135f362c8e0371e037e7,2025,10,0.079856604
07d16d2a3bc4b13439e957b3c44755149177e159aabcc524eec112f7d7ab57cc,2025,5,0.02382132
07d16d2a3bc4b13439e957b3c44755149177e159aabcc524eec112f7d7ab57cc,2025,6,0.008847017
07d16d2a3bc4b13439e957b3c44755149177e159aabcc524eec112f7d7ab57cc,2025,7,0.0067071645
07d16d2a3bc4b13439e957b3c44755149177e159aabcc524eec112f7d7ab57cc,2025,8,0.006671884
07d16d2a3bc4b13439e957b3c44755149177e159aabcc524eec112f7d7ab57cc,2025,9,0.01098615
07d16d2a3bc4b13439e957b3c44755149177e159aabcc524eec112f7d7ab57cc,2025,10,0.036178786
07f52c577626daee77665500a709f6cac0dfcd6ad395a9081670d281d00b5e9d,2025,5,0.099741645
07f52c577626daee77665500a709f6cac0dfcd6ad395a9081670d281d00b5e9d,2025,6,0.029177183
07f52c577626daee77665500a709f6cac0dfcd6ad395a9081670d281d00b5e9d,2025,7,0.02845101
07f52c577626daee77665500a709f6cac0dfcd6ad395a9081670d281d00b5e9d,2025,8,0.029242972
07f52c577626daee77665500a709f6cac0dfcd6ad395a9081670d281d00b5e9d,2025,9,0.05153109
07f52c577626daee77665500a709f6cac0dfcd6ad395a9081670d281d00b5e9d,2025,10,0.2273156
0885a9a12cc676f39135d3d8ca80b2ddfbc6b662d6ae44f16bebd0a7b90a087c,2025,5,0.048093002
0885a9a12cc676f39135d3d8ca80b2ddfbc6b662d6ae44f16bebd0a7b90a087c,2025,6,0.010228735
0885a9a12cc676f39135d3d8ca80b2ddfbc6b662d6ae44f16bebd0a7b90a087c,2025,7,0.00852953
0885a9a12cc676f39135d3d8ca80b2ddfbc6b662d6ae44f16bebd0a7b90a087c,2025,8,0.009446902
0885a9a12cc676f39135d3d8ca80b2ddfbc6b662d6ae44f16bebd0a7b90a087c,2025,9,0.009582232
0885a9a12cc676f39135d3d8ca80b2ddfbc6b662d6ae44f16bebd0a7b90a087c,2025,10,0.116853975
098344689a0dc9c51d460f142c9e480746dedd3806ca874fae480d27064050d6,2025,5,0.13227524
098344689a0dc9c51d460f142c9e480746dedd3806ca874fae480d27064050d6,2025,6,0.07994898
098344689a0dc9c51d460f142c9e480746dedd3806ca874fae480d27064050d6,2025,7,0.06501696
098344689a0dc9c51d460f142c9e480746dedd3806ca874fae480d27064050d6,2025,8,0.065676235
098344689a0dc9c51d460f142c9e480746dedd3806ca874fae480d27064050d6,2025,9,0.08336583
098344689a0dc9c51d460f142c9e480746dedd3806ca874fae480d27064050d6,2025,10,0.24440517
0a945614f4eeacaca5e3c3a00eefabf932024f140b60b17f2c06e35a34a51130,2025,5,0.031175517
0a945614f4eeacaca5e3c3a00eefabf932024f140b60b17f2c06e35a34a51130,2025,6,0.008594186
0a945614f4eeacaca5e3c3a00eefabf932024f140b60b17f2c06e35a34a51130,2025,7,0.007387328
0a945614f4eeacaca5e3c3a00eefabf932024f140b60b17f2c06e35a34a51130,2025,8,0.00977424
0a945614f4eeacaca5e3c3a00eefabf932024f140b60b17f2c06e35a34a51130,2025,9,0.018993393
0a945614f4eeacaca5e3c3a00eefabf932024f140b60b17f2c06e35a34a51130,2025,10,0.07091129
0aabc0b2d6128734daa5f06e17aa787b13e484c10d613dd8501cc30b5c34903c,2025,5,0.034522247
0aabc0b2d6128734daa5f06e17aa787b13e484c10d613dd8501cc30b5c34903c,2025,6,0.010886196
0aabc0b2d6128734daa5f06e17aa787b13e484c10d613dd8501cc30b5c34903c,2025,7,0.009234494
0aabc0b2d6128734daa5f06e17aa787b13e484c10d613dd8501cc30b5c34903c,2025,8,0.010206731
0aabc0b2d6128734daa5f06e17aa787b13e484c10d613dd8501cc30b5c34903c,2025,9,0.015084918
0aabc0b2d6128734daa5f06e17aa787b13e484c10d613dd8501cc30b5c34903c,2025,10,0.04613477
0ada54a258cb3354d54252c76b14a6eaa7f7f76b4edd720d017e45c143f41dcf,2025,5,0.044267952
0ada54a258cb3354d54252c76b14a6eaa7f7f76b4edd720d017e45c143f41dcf,2025,6,0.01595672
0ada54a258cb3354d54252c76b14a6eaa7f7f76b4edd720d017e45c143f41dcf,2025,7,0.014222152
0ada54a258cb3354d54252c76b14a6eaa7f7f76b4edd720d017e45c143f41dcf,2025,8,0.015063435
0ada54a258cb3354d54252c76b14a6eaa7f7f76b4edd720d017e45c143f41dcf,2025,9,0.022630272
0ada54a258cb3354d54252c76b14a6eaa7f7f76b4edd720d017e45c143f41dcf,2025,10,0.086299405
0c15b2a8d63edb726b95e6fe2121e7ceddb327ed41dd72a7d1460d3b7c31ba8c,2025,5,0.055846654
0c15b2a8d63edb726b95e6fe2121e7ceddb327ed41dd72a7d1460d3b7c31ba8c,2025,6,0.010577564
0c15b2a8d63edb726b95e6fe2121e7ceddb327ed41dd72a7d1460d3b7c31ba8c,2025,7,0.008601424
0c15b2a8d63edb726b95e6fe2121e7ceddb327ed41dd72a7d1460d3b7c31ba8c,2025,8,0.011932408
0c15b2a8d63edb726b95e6fe2121e7ceddb327ed41dd72a7d1460d3b7c31ba8c,2025,9,0.03185576
0c15b2a8d63edb726b95e6fe2121e7ceddb327ed41dd72a7d1460d3b7c31ba8c,2025,10,0.119628444
0c27d0c347716bded0cb740f3598bb2665317046bb3fe08106f36273f00e091b,2025,5,0.027376575
0c27d0c347716bded0cb740f3598bb2665317046bb3fe08106f36273f00e091b,2025,6,0.017796475
0c27d0c347716bded0cb740f3598bb2665317046bb3fe08106f36273f00e091b,2025,7,0.014661081
0c27d0c347716bded0cb740f3598bb2665317046bb3fe08106f36273f00e091b,2025,8,0.017847545
0c27d0c347716bded0cb740f3598bb2665317046bb3fe08106f36273f00e091b,2025,9,0.025308345
0c27d0c347716bded0cb740f3598bb2665317046bb3fe08106f36273f00e091b,2025,10,0.08037741
0c5b3a6a5f2eeb053d37ea02b1ac102e4d910a2e0278db7b0d191e86b4075c31,2025,5,0.004763434
0c5b3a6a5f2eeb053d37ea02b1ac102e4d910a2e0278db7b0d191e86b4075c31,2025,6,0.002460487
0c5b3a6a5f2eeb053d37ea02b1ac102e4d910a2e0278db7b0d191e86b4075c31,2025,7,0.0018111707
0c5b3a6a5f2eeb053d37ea02b1ac102e4d910a2e0278db7b0d191e86b4075c31,2025,8,0.0028719497
0c5b3a6a5f2eeb053d37ea02b1ac102e4d910a2e0278db7b0d191e86b4075c31,2025,9,0.010264715
0c5b3a6a5f2eeb053d37ea02b1ac102e4d910a2e0278db7b0d191e86b4075c31,2025,10,0.056356933
0c9170249a105041d8796f0755653d5bc78f98e10a27fe4e89078aa04dbdacf2,2025,5,0.026773652
0c9170249a105041d8796f0755653d5bc78f98e10a27fe4e89078aa04dbdacf2,2025,6,0.024308998
0c9170249a105041d8796f0755653d5bc78f98e10a27fe4e89078aa04dbdacf2,2025,7,0.024099834
0c9170249a105041d8796f0755653d5bc78f98e10a27fe4e89078aa04dbdacf2,2025,8,0.029087177
0c9170249a105041d8796f0755653d5bc78f98e10a27fe4e89078aa04dbdacf2,2025,9,0.0332183
0c9170249a105041d8796f0755653d5bc78f98e10a27fe4e89078aa04dbdacf2,2025,10,0.041401245
0ce1c71b58b94d46cb4a93a10a11107d5a9a0bd2ca42e2868c70b7c37562429a,2025,5,0.030947791
0ce1c71b58b94d46cb4a93a10a11107d5a9a0bd2ca42e2868c70b7c37562429a,2025,6,0.018406548
0ce1c71b58b94d46cb4a93a10a11107d5a9a0bd2ca42e2868c70b7c37562429a,2025,7,0.016352918
0ce1c71b58b94d46cb4a93a10a11107d5a9a0bd2ca42e2868c70b7c37562429a,2025,8,0.015163813
0ce1c71b58b94d46cb4a93a10a11107d5a9a0bd2ca42e2868c70b7c37562429a,2025,9,0.018246466
0ce1c71b58b94d46cb4a93a10a11107d5a9a0bd2ca42e2868c70b7c37562429a,2025,10,0.065132804
0d2b3ada515d6f4d5d38a4bf607d2ea79b075d95203d90b99950570831757560,2025,5,0.03224477
0d2b3ada515d6f4d5d38a4bf607d2ea79b075d95203d90b99950570831757560,2025,6,0.011106508
0d2b3ada515d6f4d5d38a4bf607d2ea79b075d95203d90b99950570831757560,2025,7,0.007512842
0d2b3ada515d6f4d5d38a4bf607d2ea79b075d95203d90b99950570831757560,2025,8,0.008072618
0d2b3ada515d6f4d5d38a4bf607d2ea79b075d95203d90b99950570831757560,2025,9,0.013793414
0d2b3ada515d6f4d5d38a4bf607d2ea79b075d95203d90b99950570831757560,2025,10,0.05379839
0dda423dd55c0ff884f41d386d60ee9bfe029feb02d436ee3e7edcac759227b7,2025,5,0.21534425
0dda423dd55c0ff884f41d386d60ee9bfe029feb02d436ee3e7edcac759227b7,2025,6,0.041656934
0dda423dd55c0ff884f41d386d60ee9bfe029feb02d436ee3e7edcac759227b7,2025,7,0.039393593
0dda423dd55c0ff884f41d386d60ee9bfe029feb02d436ee3e7edcac759227b7,2025,8,0.04802849
0dda423dd55c0ff884f41d386d60ee9bfe029feb02d436ee3e7edcac759227b7,2025,9,0.09521915
0dda423dd55c0ff884f41d386d60ee9bfe029feb02d436ee3e7edcac759227b7,2025,10,0.32035947
0e3f26c7c5c051b0cd5ea8db0916d24b69415ec5a657bed6e1d1c1725e8777cc,2025,5,0.04482696
0e3f26c7c5c051b0cd5ea8db0916d24b69415ec5a657bed6e1d1c1725e8777cc,2025,6,0.017225396
0e3f26c7c5c051b0cd5ea8db0916d24b69415ec5a657bed6e1d1c1725e8777cc,2025,7,0.009006979
0e3f26c7c5c051b0cd5ea8db0916d24b69415ec5a657bed6e1d1c1725e8777cc,2025,8,0.015212184
0e3f26c7c5c051b0cd5ea8db0916d24b69415ec5a657bed6e1d1c1725e8777cc,2025,9,0.007144056
0e3f26c7c5c051b0cd5ea8db0916d24b69415ec5a657bed6e1d1c1725e8777cc,2025,10,0.06161665
0e7218204aef3c93ecd8269d5227e54fb7b1ccc42943ace5df76a427a1fbe4fe,2025,5,0.0045450865
0e7218204aef3c93ecd8269d5227e54fb7b1ccc42943ace5df76a427a1fbe4fe,2025,6,0.003156023
0e7218204aef3c93ecd8269d5227e54fb7b1ccc42943ace5df76a427a1fbe4fe,2025,7,5.1993997e-05
0e7218204aef3c93ecd8269d5227e54fb7b1ccc42943ace5df76a427a1fbe4fe,2025,8,8.267673e-05
0e7218204aef3c93ecd8269d5227e54fb7b1ccc42943ace5df76a427a1fbe4fe,2025,9,5.1217095e-05
0e7218204aef3c93ecd8269d5227e54fb7b1ccc42943ace5df76a427a1fbe4fe,2025,10,0.012220744
0e9cfa33f51cd2c8be835ead10d8e8b74267672d9c134c86e154c470f2851611,2025,5,0.04605703
0e9cfa33f51cd2c8be835ead10d8e8b74267672d9c134c86e154c470f2851611,2025,6,0.008847002
0e9cfa33f51cd2c8be835ead10d8e8b74267672d9c134c86e154c470f2851611,2025,7,0.0067171627
0e9cfa33f51cd2c8be835ead10d8e8b74267672d9c134c86e154c470f2851611,2025,8,0.013729536
0e9cfa33f51cd2c8be835ead10d8e8b74267672d9c134c86e154c470f2851611,2025,9,0.029432787
0e9cfa33f51cd2c8be835ead10d8e8b74267672d9c134c86e154c470f2851611,2025,10,0.08586199
0f4e07f004cb53e0a09f97bdb3505f87ce01bddca9f9725d62bac30f8fc51095,2025,5,0.06067871
0f4e07f004cb53e0a09f97bdb3505f87ce01bddca9f9725d62bac30f8fc51095,2025,6,0.016853418
0f4e07f004cb53e0a09f97bdb3505f87ce01bddca9f9725d62bac30f8fc51095,2025,7,0.012811643
0f4e07f004cb53e0a09f97bdb3505f87ce01bddca9f9725d62bac30f8fc51095,2025,8,0.017733218
0f4e07f004cb53e0a09f97bdb3505f87ce01bddca9f9725d62bac30f8fc51095,2025,9,0.03137525
0f4e07f004cb53e0a09f97bdb3505f87ce01bddca9f9725d62bac30f8fc51095,2025,10,0.12743239
0f642d3ef94b53e0da9c8f88594173e327c47711b04a903124575e0393f569c1,2025,5,0.04980787
0f642d3ef94b53e0da9c8f88594173e327c47711b04a903124575e0393f569c1,2025,6,0.014395229
0f642d3ef94b53e0da9c8f88594173e327c47711b04a903124575e0393f569c1,2025,7,0.011889038
0f642d3ef94b53e0da9c8f88594173e327c47711b04a903124575e0393f569c1,2025,8,0.016330825
0f642d3ef94b53e0da9c8f88594173e327c47711b04a903124575e0393f569c1,2025,9,0.030992724
0f642d3ef94b53e0da9c8f88594173e327c47711b04a903124575e0393f569c1,2025,10,0.09358912
102b41529d89930b1efdc352095d7b0f50464a197c250dc667d3ae631ffee802,2025,5,0.01741778
102b41529d89930b1efdc352095d7b0f50464a197c250dc667d3ae631ffee802,2025,6,0.010838496
102b41529d89930b1efdc352095d7b0f50464a197c250dc667d3ae631ffee802,2025,7,0.009094677
102b41529d89930b1efdc352095d7b0f50464a197c250dc667d3ae631ffee802,2025,8,0.010026217
102b41529d89930b1efdc352095d7b0f50464a197c250dc667d3ae631ffee802,2025,9,0.012325802
102b41529d89930b1efdc352095d7b0f50464a197c250dc667d3ae631ffee802,2025,10,0.022408186
103c88a3e1be420059e43bd34da4fb30890b796a0de2e7d06916da035a6bd335,2025,5,0.08524283
103c88a3e1be420059e43bd34da4fb30890b796a0de2e7d06916da035a6bd335,2025,6,0.028070206
103c88a3e1be420059e43bd34da4fb30890b796a0de2e7d06916da035a6bd335,2025,7,0.030715657
103c88a3e1be420059e43bd34da4fb30890b796a0de2e7d06916da035a6bd335,2025,8,0.03183928
103c88a3e1be420059e43bd34da4fb30890b796a0de2e7d06916da035a6bd335,2025,9,0.06742138
103c88a3e1be420059e43bd34da4fb30890b796a0de2e7d06916da035a6bd335,2025,10,0.10920027
10482655ebdcde8848ee29b151f6c17ea3ff7711da7b5c9ee51e44e84b27fd5f,2025,5,0.019551884
10482655ebdcde8848ee29b151f6c17ea3ff7711da7b5c9ee51e44e84b27fd5f,2025,6,0.0037897457
10482655ebdcde8848ee29b151f6c17ea3ff7711da7b5c9ee51e44e84b27fd5f,2025,7,0.005845336
10482655ebdcde8848ee29b151f6c17ea3ff7711da7b5c9ee51e44e84b27fd5f,2025,8,0.0065082014
10482655ebdcde8848ee29b151f6c17ea3ff7711da7b5c9ee51e44e84b27fd5f,2025,9,0.012033579
10482655ebdcde8848ee29b151f6c17ea3ff7711da7b5c9ee51e44e84b27fd5f,2025,10,0.049864374
11f6fbc0b2f72ccd7f371629d1b9f78f1d10f2ab5cdb1980d6cd3ec38124de8b,2025,5,0.06417562
11f6fbc0b2f72ccd7f371629d1b9f78f1d10f2ab5cdb1980d6cd3ec38124de8b,2025,6,0.022434786
11f6fbc0b2f72ccd7f371629d1b9f78f1d10f2ab5cdb1980d6cd3ec38124de8b,2025,7,0.01376735
11f6fbc0b2f72ccd7f371629d1b9f78f1d10f2ab5cdb1980d6cd3ec38124de8b,2025,8,0.018315736
11f6fbc0b2f72ccd7f371629d1b9f78f1d10f2ab5cdb1980d6cd3ec38124de8b,2025,9,0.034027565
11f6fbc0b2f72ccd7f371629d1b9f78f1d10f2ab5cdb1980d6cd3ec38124de8b,2025,10,0.10072252
12018d8a1808381c6d1c08b5c853ceb374260c9ca6ccfb4e586c5bf9d57170d7,2025,5,0.042596504
12018d8a1808381c6d1c08b5c853ceb374260c9ca6ccfb4e586c5bf9d57170d7,2025,6,0.01277909
12018d8a1808381c6d1c08b5c853ceb374260c9ca6ccfb4e586c5bf9d57170d7,2025,7,0.004546731
12018d8a1808381c6d1c08b5c853ceb374260c9ca6ccfb4e586c5bf9d57170d7,2025,8,0.009113721
12018d8a1808381c6d1c08b5c853ceb374260c9ca6ccfb4e586c5bf9d57170d7,2025,9,0.01984421
12018d8a1808381c6d1c08b5c853ceb374260c9ca6ccfb4e586c5bf9d57170d7,2025,10,0.05971325
12e748d3536a3e4284a85495f16006975eac0d02fc78c8b9c0ffd3795d48d62e,2025,5,0.10330177
12e748d3536a3e4284a85495f16006975eac0d02fc78c8b9c0ffd3795d48d62e,2025,6,0.09147264
12e748d3536a3e4284a85495f16006975eac0d02fc78c8b9c0ffd3795d48d62e,2025,7,0.08855688
12e748d3536a3e4284a85495f16006975eac0d02fc78c8b9c0ffd3795d48d62e,2025,8,0.09441143
12e748d3536a3e4284a85495f16006975eac0d02fc78c8b9c0ffd3795d48d62e,2025,9,0.10703816
12e748d3536a3e4284a85495f16006975eac0d02fc78c8b9c0ffd3795d48d62e,2025,10,0.31082997
133442486089c95a545fe095fbfbebd659f1d4882e90f3b4281a32acb4313502,2025,5,0.04835038
133442486089c95a545fe095fbfbebd659f1d4882e90f3b4281a32acb4313502,2025,6,0.024940258
133442486089c95a545fe095fbfbebd659f1d4882e90f3b4281a32acb4313502,2025,7,0.022940079
133442486089c95a545fe095fbfbebd659f1d4882e90f3b4281a32acb4313502,2025,8,0.026443586
133442486089c95a545fe095fbfbebd659f1d4882e90f3b4281a32acb4313502,2025,9,0.030059455
133442486089c95a545fe095fbfbebd659f1d4882e90f3b4281a32acb4313502,2025,10,0.06770777
13c2e18398ed70f1f04a3d54ef251093784211619d8f56d4aeeafa428c8c6c37,2025,5,0.025521632
13c2e18398ed70f1f04a3d54ef251093784211619d8f56d4aeeafa428c8c6c37,2025,6,0.0065409765
13c2e18398ed70f1f04a3d54ef251093784211619d8f56d4aeeafa428c8c6c37,2025,7,0.0069142547
13c2e18398ed70f1f04a3d54ef251093784211619d8f56d4aeeafa428c8c6c37,2025,8,0.010037005
13c2e18398ed70f1f04a3d54ef251093784211619d8f56d4aeeafa428c8c6c37,2025,9,0.011633991
13c2e18398ed70f1f04a3d54ef251093784211619d8f56d4aeeafa428c8c6c37,2025,10,0.043455195
14576f8f6451a81dadf5ebd03fd76cefc3622757cc32310d5775812d5eb2bfea,2025,5,0.057022143
14576f8f6451a81dadf5ebd03fd76cefc3622757cc32310d5775812d5eb2bfea,2025,6,0.017683623
14576f8f6451a81dadf5ebd03fd76cefc3622757cc32310d5775812d5eb2bfea,2025,7,0.009396891
14576f8f6451a81dadf5ebd03fd76cefc3622757cc32310d5775812d5eb2bfea,2025,8,0.01866167
14bc5f67e6438932bf6acd89f0531529eb9a1f9aa090048175762f25128af963,2025,5,0.031443086
14bc5f67e6438932bf6acd89f0531529eb9a1f9aa090048175762f25128af963,2025,6,0.0039804205
14bc5f67e6438932bf6acd89f0531529eb9a1f9aa090048175762f25128af963,2025,7,0.004175394
14bc5f67e6438932bf6acd89f0531529eb9a1f9aa090048175762f25128af963,2025,8,0.0043207863
14bc5f67e6438932bf6acd89f0531529eb9a1f9aa090048175762f25128af963,2025,9,0.011640796
14bc5f67e6438932bf6acd89f0531529eb9a1f9aa090048175762f25128af963,2025,10,0.067035355
1567d24062afaa9c12e8a33780baf3506210c4632eff2f34afe645b50f41cd8f,2025,5,0.020045226
1567d24062afaa9c12e8a33780baf3506210c4632eff2f34afe645b50f41cd8f,2025,6,0.016377922
1567d24062afaa9c12e8a33780baf3506210c4632eff2f34afe645b50f41cd8f,2025,7,0.013822842
1567d24062afaa9c12e8a33780baf3506210c4632eff2f34afe645b50f41cd8f,2025,8,0.013492953
1567d24062afaa9c12e8a33780baf3506210c4632eff2f34afe645b50f41cd8f,2025,9,0.016380172
1567d24062afaa9c12e8a33780baf3506210c4632eff2f34afe645b50f41cd8f,2025,10,0.04114716
15f8cea0f8f5a0000591564658ef762d6b623105d0b716d8fac3a1ada679fc0d,2025,5,0.04997914
15f8cea0f8f5a0000591564658ef762d6b623105d0b716d8fac3a1ada679fc0d,2025,6,0.037637994
15f8cea0f8f5a0000591564658ef762d6b623105d0b716d8fac3a1ada679fc0d,2025,7,0.035258524
15f8cea0f8f5a0000591564658ef762d6b623105d0b716d8fac3a1ada679fc0d,2025,8,0.03172584
15f8cea0f8f5a0000591564658ef762d6b623105d0b716d8fac3a1ada679fc0d,2025,9,0.038336914
15f8cea0f8f5a0000591564658ef762d6b623105d0b716d8fac3a1ada679fc0d,2025,10,0.053600386
165d0ccedc583e2f61aab2e0c7f2cbdddf987769cb9d744ec53b39fe722c6555,2025,5,0.015217243
165d0ccedc583e2f61aab2e0c7f2cbdddf987769cb9d744ec53b39fe722c6555,2025,6,0.005244212
165d0ccedc583e2f61aab2e0c7f2cbdddf987769cb9d744ec53b39fe722c6555,2025,7,0.005035589
165d0ccedc583e2f61aab2e0c7f2cbdddf987769cb9d744ec53b39fe722c6555,2025,8,0.0053499914
165d0ccedc583e2f61aab2e0c7f2cbdddf987769cb9d744ec53b39fe722c6555,2025,9,0.007940063
165d0ccedc583e2f61aab2e0c7f2cbdddf987769cb9d744ec53b39fe722c6555,2025,10,0.02652436
16654eae2d44b2e4d12caa7a530ed6aaa9beebc0998b1e32cc07a3123f4f6a9a,2025,5,0.13411473
16654eae2d44b2e4d12caa7a530ed6aaa9beebc0998b1e32cc07a3123f4f6a9a,2025,6,0.035106607
16654eae2d44b2e4d12caa7a530ed6aaa9beebc0998b1e32cc07a3123f4f6a9a,2025,7,0.021926455
16654eae2d44b2e4d12caa7a530ed6aaa9beebc0998b1e32cc07a3123f4f6a9a,2025,8,0.032935526
16654eae2d44b2e4d12caa7a530ed6aaa9beebc0998b1e32cc07a3123f4f6a9a,2025,9,0.039521888
16654eae2d44b2e4d12caa7a530ed6aaa9beebc0998b1e32cc07a3123f4f6a9a,2025,10,0.18550885
16c474e4e178269258a79e12c41174380457d05fa1dbe06756621cd4d8d56955,2025,5,0.08823885
16c474e4e178269258a79e12c41174380457d05fa1dbe06756621cd4d8d56955,2025,6,0.026108192
16c474e4e178269258a79e12c41174380457d05fa1dbe06756621cd4d8d56955,2025,7,0.025179904
16c474e4e178269258a79e12c41174380457d05fa1dbe06756621cd4d8d56955,2025,8,0.040534835
16c474e4e178269258a79e12c41174380457d05fa1dbe06756621cd4d8d56955,2025,9,0.037746113
16c474e4e178269258a79e12c41174380457d05fa1dbe06756621cd4d8d56955,2025,10,0.1041606
1703c37039d3bcbd02ed0afcdbaed1fb049e60758c3079f57498b7fc3abfef53,2025,5,0.0495245
1703c37039d3bcbd02ed0afcdbaed1fb049e60758c3079f57498b7fc3abfef53,2025,6,0.015981667
1703c37039d3bcbd02ed0afcdbaed1fb049e60758c3079f57498b7fc3abfef53,2025,7,0.013921721
1703c37039d3bcbd02ed0afcdbaed1fb049e60758c3079f57498b7fc3abfef53,2025,8,0.020611277
1703c37039d3bcbd02ed0afcdbaed1fb049e60758c3079f57498b7fc3abfef53,2025,9,0.052259173
1703c37039d3bcbd02ed0afcdbaed1fb049e60758c3079f57498b7fc3abfef53,2025,10,0.20563146
17850655b0581bd2624172a36cf7dea0c58924d84f44a03cb1f2b593743947c7,2025,5,0.07800088
17850655b0581bd2624172a36cf7dea0c58924d84f44a03cb1f2b593743947c7,2025,6,0.07558912
17850655b0581bd2624172a36cf7dea0c58924d84f44a03cb1f2b593743947c7,2025,7,0.07192591
17850655b0581bd2624172a36cf7dea0c58924d84f44a03cb1f2b593743947c7,2025,8,0.07014771
17850655b0581bd2624172a36cf7dea0c58924d84f44a03cb1f2b593743947c7,2025,9,0.077820316
17850655b0581bd2624172a36cf7dea0c58924d84f44a03cb1f2b593743947c7,2025,10,0.07630191
17ca3943eb703954ecd459dde27cadf1b9a091c95f2fad38ebc2c6ca44f84dd6,2025,5,0.016176647
17ca3943eb703954ecd459dde27cadf1b9a091c95f2fad38ebc2c6ca44f84dd6,2025,6,0.007913672
17ca3943eb703954ecd459dde27cadf1b9a091c95f2fad38ebc2c6ca44f84dd6,2025,7,0.007195423
17ca3943eb703954ecd459dde27cadf1b9a091c95f2fad38ebc2c6ca44f84dd6,2025,8,0.007818442
17ca3943eb703954ecd459dde27cadf1b9a091c95f2fad38ebc2c6ca44f84dd6,2025,9,0.009566912
17ca3943eb703954ecd459dde27cadf1b9a091c95f2fad38ebc2c6ca44f84dd6,2025,10,0.022046363
17d3019303758e85944ab8dab4647197ba66c2dd377ff4e8e9bcaaa4ddf863be,2025,5,0.1243813
17d3019303758e85944ab8dab4647197ba66c2dd377ff4e8e9bcaaa4ddf863be,2025,6,0.024994908
17d3019303758e85944ab8dab4647197ba66c2dd377ff4e8e9bcaaa4ddf863be,2025,7,0.013517162
17d3019303758e85944ab8dab4647197ba66c2dd377ff4e8e9bcaaa4ddf863be,2025,8,0.019711403
17d3019303758e85944ab8dab4647197ba66c2dd377ff4e8e9bcaaa4ddf863be,2025,9,0.07052972
17d3019303758e85944ab8dab4647197ba66c2dd377ff4e8e9bcaaa4ddf863be,2025,10,0.18379189
185f05182b13c28cbd41f1ddb0699d0b084ca32b877ad45ad4646759a6e91ca1,2025,5,0.15463446
185f05182b13c28cbd41f1ddb0699d0b084ca32b877ad45ad4646759a6e91ca1,2025,6,0.025509732
185f05182b13c28cbd41f1ddb0699d0b084ca32b877ad45ad4646759a6e91ca1,2025,7,0.022716708
185f05182b13c28cbd41f1ddb0699d0b084ca32b877ad45ad4646759a6e91ca1,2025,8,0.020169016
185f05182b13c28cbd41f1ddb0699d0b084ca32b877ad45ad4646759a6e91ca1,2025,9,0.04916065
185f05182b13c28cbd41f1ddb0699d0b084ca32b877ad45ad4646759a6e91ca1,2025,10,0.2081335
18add0f86c38f3c293a0e54676ab9b6310420ee0375a5c25f8447b440edc14d9,2025,5,0.032392666
18add0f86c38f3c293a0e54676ab9b6310420ee0375a5c25f8447b440edc14d9,2025,6,0.0054662623
18add0f86c38f3c293a0e54676ab9b6310420ee0375a5c25f8447b440edc14d9,2025,7,0.0036416478
18add0f86c38f3c293a0e54676ab9b6310420ee0375a5c25f8447b440edc14d9,2025,8,0.0044564256
18add0f86c38f3c293a0e54676ab9b6310420ee0375a5c25f8447b440edc14d9,2025,9,0.014648253
18add0f86c38f3c293a0e54676ab9b6310420ee0375a5c25f8447b440edc14d9,2025,10,0.07862975
18fc2668662f38f6de78663698b4c6ce54b4af559b519fdecfbec42b61dd0ec6,2025,5,0.25076985
18fc2668662f38f6de78663698b4c6ce54b4af559b519fdecfbec42b61dd0ec6,2025,6,0.073152594
18fc2668662f38f6de78663698b4c6ce54b4af559b519fdecfbec42b61dd0ec6,2025,7,0.06443909
18fc2668662f38f6de78663698b4c6ce54b4af559b519fdecfbec42b61dd0ec6,2025,8,0.06786875
18fc2668662f38f6de78663698b4c6ce54b4af559b519fdecfbec42b61dd0ec6,2025,9,0.09487416
18fc2668662f38f6de78663698b4c6ce54b4af559b519fdecfbec42b61dd0ec6,2025,10,0.23038186
18ff959e735b2ee6d06d6be523d669294ad47b31dffd98389067ff1077b7788e,2025,5,0.019143168
18ff959e735b2ee6d06d6be523d669294ad47b31dffd98389067ff1077b7788e,2025,6,0.0072334204
18ff959e735b2ee6d06d6be523d669294ad47b31dffd98389067ff1077b7788e,2025,7,0.0071646753
18ff959e735b2ee6d06d6be523d669294ad47b31dffd98389067ff1077b7788e,2025,8,0.007577412
18ff959e735b2ee6d06d6be523d669294ad47b31dffd98389067ff1077b7788e,2025,9,0.007764418
18ff959e735b2ee6d06d6be523d669294ad47b31dffd98389067ff1077b7788e,2025,10,0.053596962
198f7bb9ff2ca4470858cce4f8ba47cbf727c9d4d9220ffd1e692d0d346ada2b,2025,5,0.3281435
198f7bb9ff2ca4470858cce4f8ba47cbf727c9d4d9220ffd1e692d0d346ada2b,2025,6,0.1184882
198f7bb9ff2ca4470858cce4f8ba47cbf727c9d4d9220ffd1e692d0d346ada2b,2025,7,0.10058247
198f7bb9ff2ca4470858cce4f8ba47cbf727c9d4d9220ffd1e692d0d346ada2b,2025,8,0.114733756
198f7bb9ff2ca4470858cce4f8ba47cbf727c9d4d9220ffd1e692d0d346ada2b,2025,9,0.14441803
198f7bb9ff2ca4470858cce4f8ba47cbf727c9d4d9220ffd1e692d0d346ada2b,2025,10,0.4224427
1a12333e3e72289eb9eb8e9372a84f0f3743190de373f4f386244c988a9c9245,2025,5,0.022646919
1a12333e3e72289eb9eb8e9372a84f0f3743190de373f4f386244c988a9c9245,2025,6,0.011772056
1a12333e3e72289eb9eb8e9372a84f0f3743190de373f4f386244c988a9c9245,2025,7,0.010405108
1a12333e3e72289eb9eb8e9372a84f0f3743190de373f4f386244c988a9c9245,2025,8,0.009968615
1a12333e3e72289eb9eb8e9372a84f0f3743190de373f4f386244c988a9c9245,2025,9,0.0128056025
1a12333e3e72289eb9eb8e9372a84f0f3743190de373f4f386244c988a9c9245,2025,10,0.03729002
1a95ba3dd8f58ad30387dfa1a04ba5227701a294f08c7e555da9e13bec93c683,2025,5,0.0343234
1a95ba3dd8f58ad30387dfa1a04ba5227701a294f08c7e555da9e13bec93c683,2025,6,0.01210844
1a95ba3dd8f58ad30387dfa1a04ba5227701a294f08c7e555da9e13bec93c683,2025,7,0.011500402
1a95ba3dd8f58ad30387dfa1a04ba5227701a294f08c7e555da9e13bec93c683,2025,8,0.011947638
1a95ba3dd8f58ad30387dfa1a04ba5227701a294f08c7e555da9e13bec93c683,2025,9,0.016560165
1a95ba3dd8f58ad30387dfa1a04ba5227701a294f08c7e555da9e13bec93c683,2025,10,0.059562437
1ac45a6db45883a73aa94405bccc12ff28f4ee81642df89795c1e9d96b8a2c15,2025,5,0.1205294
1ac45a6db45883a73aa94405bccc12ff28f4ee81642df89795c1e9d96b8a2c15,2025,6,0.020372778
1ac45a6db45883a73aa94405bccc12ff28f4ee81642df89795c1e9d96b8a2c15,2025,7,0.01240513
1ac45a6db45883a73aa94405bccc12ff28f4ee81642df89795c1e9d96b8a2c15,2025,8,0.011590165
1ac45a6db45883a73aa94405bccc12ff28f4ee81642df89795c1e9d96b8a2c15,2025,9,0.043105446
1ac45a6db45883a73aa94405bccc12ff28f4ee81642df89795c1e9d96b8a2c15,2025,10,0.19247815
1b0bdbd3d6b5d6718db963ce8a985d31567b24db9b390e6a0c1dd6a18d8b852e,2025,5,0.027628947
1b0bdbd3d6b5d6718db963ce8a985d31567b24db9b390e6a0c1dd6a18d8b852e,2025,6,0.009829293
1b0bdbd3d6b5d6718db963ce8a985d31567b24db9b390e6a0c1dd6a18d8b852e,2025,7,0.007277614
1b0bdbd3d6b5d6718db963ce8a985d31567b24db9b390e6a0c1dd6a18d8b852e,2025,8,0.010794163
1b0bdbd3d6b5d6718db963ce8a985d31567b24db9b390e6a0c1dd6a18d8b852e,2025,9,0.015586397
1b0bdbd3d6b5d6718db963ce8a985d31567b24db9b390e6a0c1dd6a18d8b852e,2025,10,0.038164075
1bab6344197a4f94a48a3880a733607751d155667d4b28b0c5535a43050144c9,2025,5,0.055291295
1bab6344197a4f94a48a3880a733607751d155667d4b28b0c5535a43050144c9,2025,6,0.009153897
1bab6344197a4f94a48a3880a733607751d155667d4b28b0c5535a43050144c9,2025,7,0.004783462
1bab6344197a4f94a48a3880a733607751d155667d4b28b0c5535a43050144c9,2025,8,0.0054070773
1bab6344197a4f94a48a3880a733607751d155667d4b28b0c5535a43050144c9,2025,9,0.005119337
1bab6344197a4f94a48a3880a733607751d155667d4b28b0c5535a43050144c9,2025,10,0.07574015
1c2daed41137082791639e9b3e5a9b4ebed993363a8c6883669118de397830f1,2025,5,0.039001692
1c2daed41137082791639e9b3e5a9b4ebed993363a8c6883669118de397830f1,2025,6,0.011453201
1c2daed41137082791639e9b3e5a9b4ebed993363a8c6883669118de397830f1,2025,7,0.010255942
1c2daed41137082791639e9b3e5a9b4ebed993363a8c6883669118de397830f1,2025,8,0.010739235
1c2daed41137082791639e9b3e5a9b4ebed993363a8c6883669118de397830f1,2025,9,0.017332166
1c2daed41137082791639e9b3e5a9b4ebed993363a8c6883669118de397830f1,2025,10,0.07297676
1d30563b84b1944f5844c74964a5bdc4af99e8e15115f97ac3c7ec136c65b998,2025,5,0.048470177
1d30563b84b1944f5844c74964a5bdc4af99e8e15115f97ac3c7ec136c65b998,2025,6,0.01148969
1d30563b84b1944f5844c74964a5bdc4af99e8e15115f97ac3c7ec136c65b998,2025,7,0.007838192
1d30563b84b1944f5844c74964a5bdc4af99e8e15115f97ac3c7ec136c65b998,2025,8,0.011313869
1d30563b84b1944f5844c74964a5bdc4af99e8e15115f97ac3c7ec136c65b998,2025,9,0.02200125
1d30563b84b1944f5844c74964a5bdc4af99e8e15115f97ac3c7ec136c65b998,2025,10,0.06881668
1d604cefd1c2467e1fb1382248e2e4e564cca4c2ea5eb1470727fb7aa80f22ac,2025,5,0.02657113
1d604cefd1c2467e1fb1382248e2e4e564cca4c2ea5eb1470727fb7aa80f22ac,2025,6,0.00755984
1d604cefd1c2467e1fb1382248e2e4e564cca4c2ea5eb1470727fb7aa80f22ac,2025,7,0.0060097347
1d604cefd1c2467e1fb1382248e2e4e564cca4c2ea5eb1470727fb7aa80f22ac,2025,8,0.008941328
1d604cefd1c2467e1fb1382248e2e4e564cca4c2ea5eb1470727fb7aa80f22ac,2025,9,0.013020087
1d604cefd1c2467e1fb1382248e2e4e564cca4c2ea5eb1470727fb7aa80f22ac,2025,10,0.04469719
1dfcee1ecd30aa0c3d3693b3b9b24a15e5280aa538d1a07992922dce71873dc6,2025,5,0.028329298
1dfcee1ecd30aa0c3d3693b3b9b24a15e5280aa538d1a07992922dce71873dc6,2025,6,0.0089918785
1dfcee1ecd30aa0c3d3693b3b9b24a15e5280aa538d1a07992922dce71873dc6,2025,7,0.0015917246
1dfcee1ecd30aa0c3d3693b3b9b24a15e5280aa538d1a07992922dce71873dc6,2025,8,0.0033623378
1dfcee1ecd30aa0c3d3693b3b9b24a15e5280aa538d1a07992922dce71873dc6,2025,9,0.017909482
1dfcee1ecd30aa0c3d3693b3b9b24a15e5280aa538d1a07992922dce71873dc6,2025,10,0.073098555
1e119fa0bf78a5fa4b045f53c4a445217f29dc17cc1a7615cac5e932f9ca7ab2,2025,5,0.03132199
1e119fa0bf78a5fa4b045f53c4a445217f29dc17cc1a7615cac5e932f9ca7ab2,2025,6,0.017661953
1e119fa0bf78a5fa4b045f53c4a445217f29dc17cc1a7615cac5e932f9ca7ab2,2025,7,0.012049396
1e119fa0bf78a5fa4b045f53c4a445217f29dc17cc1a7615cac5e932f9ca7ab2,2025,8,0.01424912
1e119fa0bf78a5fa4b045f53c4a445217f29dc17cc1a7615cac5e932f9ca7ab2,2025,9,0.017301612
1e119fa0bf78a5fa4b045f53c4a445217f29dc17cc1a7615cac5e932f9ca7ab2,2025,10,0.043111593
1e88b35a6b5de3e7c7a8b5a6e6f1b99b3f148c641689e86d03bc251b47caff6a,2025,5,0.10281598
1e88b35a6b5de3e7c7a8b5a6e6f1b99b3f148c641689e86d03bc251b47caff6a,2025,6,0.00020504768
1e88b35a6b5de3e7c7a8b5a6e6f1b99b3f148c641689e86d03bc251b47caff6a,2025,7,0.00020059173
1e88b35a6b5de3e7c7a8b5a6e6f1b99b3f148c641689e86d03bc251b47caff6a,2025,8,0.0001894271
1e88b35a6b5de3e7c7a8b5a6e6f1b99b3f148c641689e86d03bc251b47caff6a,2025,9,0.023160076
1e88b35a6b5de3e7c7a8b5a6e6f1b99b3f148c641689e86d03bc251b47caff6a,2025,10,0.29584894
1f28d4344a37b03c1a4cd94b7854d90f8a203cf444b9e314581029d854acef44,2025,5,0.051101316
1f28d4344a37b03c1a4cd94b7854d90f8a203cf444b9e314581029d854acef44,2025,6,0.014268452
1f28d4344a37b03c1a4cd94b7854d90f8a203cf444b9e314581029d854acef44,2025,7,0.013806658
1f28d4344a37b03c1a4cd94b7854d90f8a203cf444b9e314581029d854acef44,2025,8,0.009519975
1f28d4344a37b03c1a4cd94b7854d90f8a203cf444b9e314581029d854acef44,2025,9,0.028975079
1f28d4344a37b03c1a4cd94b7854d90f8a203cf444b9e314581029d854acef44,2025,10,0.10201523
1fb177ca9ac51164d927b31a8e3c6dc9709d7d860f323ac15bf4d3c5743e6a16,2025,5,0.032539137
1fb177ca9ac51164d927b31a8e3c6dc9709d7d860f323ac15bf4d3c5743e6a16,2025,6,0.0067475704
1fb177ca9ac51164d927b31a8e3c6dc9709d7d860f323ac15bf4d3c5743e6a16,2025,7,0.0064046946
1fb177ca9ac51164d927b31a8e3c6dc9709d7d860f323ac15bf4d3c5743e6a16,2025,8,0.006352347
1fb177ca9ac51164d927b31a8e3c6dc9709d7d860f323ac15bf4d3c5743e6a16,2025,9,0.014975431
1fb177ca9ac51164d927b31a8e3c6dc9709d7d860f323ac15bf4d3c5743e6a16,2025,10,0.05862323
1fb21182f9b0eabeeb1135494cea38feff3168c55cf6bc2b13f8bec1a53990c7,2025,5,0.038467303
1fb21182f9b0eabeeb1135494cea38feff3168c55cf6bc2b13f8bec1a53990c7,2025,6,0.01082945
1fb21182f9b0eabeeb1135494cea38feff3168c55cf6bc2b13f8bec1a53990c7,2025,7,0.010542891
1fb21182f9b0eabeeb1135494cea38feff3168c55cf6bc2b13f8bec1a53990c7,2025,8,0.010885914
1fb21182f9b0eabeeb1135494cea38feff3168c55cf6bc2b13f8bec1a53990c7,2025,9,0.027328232
1fb21182f9b0eabeeb1135494cea38feff3168c55cf6bc2b13f8bec1a53990c7,2025,10,0.097982585
204b1d05f9aaf0b6f2f942829362033a80a2f888b45327224211b38e688a7490,2025,5,0.023117544
204b1d05f9aaf0b6f2f942829362033a80a2f888b45327224211b38e688a7490,2025,6,0.014448784
204b1d05f9aaf0b6f2f942829362033a80a2f888b45327224211b38e688a7490,2025,7,0.013160071
204b1d05f9aaf0b6f2f942829362033a80a2f888b45327224211b38e688a7490,2025,8,0.013117894
204b1d05f9aaf0b6f2f942829362033a80a2f888b45327224211b38e688a7490,2025,9,0.015438729
204b1d05f9aaf0b6f2f942829362033a80a2f888b45327224211b38e688a7490,2025,10,0.021415578
205b5419584613fbd563122b584157c97778bee6421a23bcbd498361cf710cd5,2025,5,0.23359352
205b5419584613fbd563122b584157c97778bee6421a23bcbd498361cf710cd5,2025,6,0.07976241
205b5419584613fbd563122b584157c97778bee6421a23bcbd498361cf710cd5,2025,8,0.09542936
205b5419584613fbd563122b584157c97778bee6421a23bcbd498361cf710cd5,2025,9,0.12916255
205b5419584613fbd563122b584157c97778bee6421a23bcbd498361cf710cd5,2025,10,0.4587993
206548e7726c160851c278f88d925940a27fc5371b793a5c3bb40bc8510d7563,2025,5,0.011465837
206548e7726c160851c278f88d925940a27fc5371b793a5c3bb40bc8510d7563,2025,6,0.0017266128
206548e7726c160851c278f88d925940a27fc5371b793a5c3bb40bc8510d7563,2025,7,0.0017085683
206548e7726c160851c278f88d925940a27fc5371b793a5c3bb40bc8510d7563,2025,8,0.007945203
206548e7726c160851c278f88d925940a27fc5371b793a5c3bb40bc8510d7563,2025,9,0.011228305
206548e7726c160851c278f88d925940a27fc5371b793a5c3bb40bc8510d7563,2025,10,0.033994682
208a80472324952234163a51d880179e717cd11858258c7a0c3f0dac02f90813,2025,5,0.06797284
208a80472324952234163a51d880179e717cd11858258c7a0c3f0dac02f90813,2025,6,0.006686237
208a80472324952234163a51d880179e717cd11858258c7a0c3f0dac02f90813,2025,7,0.0055976436
208a80472324952234163a51d880179e717cd11858258c7a0c3f0dac02f90813,2025,8,0.0039375583
208a80472324952234163a51d880179e717cd11858258c7a0c3f0dac02f90813,2025,9,0.02713356
208a80472324952234163a51d880179e717cd11858258c7a0c3f0dac02f90813,2025,10,0.1562872
20cb03ed08c2c273297f285a46736fe34099f7f574770bc41cf864229629f196,2025,5,0.045852743
20cb03ed08c2c273297f285a46736fe34099f7f574770bc41cf864229629f196,2025,6,0.0069361296
20cb03ed08c2c273297f285a46736fe34099f7f574770bc41cf864229629f196,2025,7,0.005591045
20cb03ed08c2c273297f285a46736fe34099f7f574770bc41cf864229629f196,2025,8,0.006456448
20cb03ed08c2c273297f285a46736fe34099f7f574770bc41cf864229629f196,2025,9,0.013208417
20cb03ed08c2c273297f285a46736fe34099f7f574770bc41cf864229629f196,2025,10,0.07554853
212d47a69a99aef80089b45b095e9e069b306307e3fcdd305226190326872503,2025,5,0.07304991
212d47a69a99aef80089b45b095e9e069b306307e3fcdd305226190326872503,2025,6,0.00701047
212d47a69a99aef80089b45b095e9e069b306307e3fcdd305226190326872503,2025,7,0.005653234
212d47a69a99aef80089b45b095e9e069b306307e3fcdd305226190326872503,2025,8,0.008033446
212d47a69a99aef80089b45b095e9e069b306307e3fcdd305226190326872503,2025,9,0.029467773
212d47a69a99aef80089b45b095e9e069b306307e3fcdd305226190326872503,2025,10,0.11826776
21924093004faedfa6b705eb9bbbe3aae5b847cebd496afbd0556b566fefc492,2025,5,0.065488875
21924093004faedfa6b705eb9bbbe3aae5b847cebd496afbd0556b566fefc492,2025,6,0.014499286
21924093004faedfa6b705eb9bbbe3aae5b847cebd496afbd0556b566fefc492,2025,7,0.013346854
21924093004faedfa6b705eb9bbbe3aae5b847cebd496afbd0556b566fefc492,2025,8,0.014978827
21924093004faedfa6b705eb9bbbe3aae5b847cebd496afbd0556b566fefc492,2025,9,0.037749212
21924093004faedfa6b705eb9bbbe3aae5b847cebd496afbd0556b566fefc492,2025,10,0.08666654
21fea7d6a7180eb1c89d5a8dd6916ab1e04c8b8e5ef8411e6abb2eb44d8c010f,2025,5,0.024613794
21fea7d6a7180eb1c89d5a8dd6916ab1e04c8b8e5ef8411e6abb2eb44d8c010f,2025,6,0.0077872165
21fea7d6a7180eb1c89d5a8dd6916ab1e04c8b8e5ef8411e6abb2eb44d8c010f,2025,7,0.008362366
21fea7d6a7180eb1c89d5a8dd6916ab1e04c8b8e5ef8411e6abb2eb44d8c010f,2025,8,0.0129464995
21fea7d6a7180eb1c89d5a8dd6916ab1e04c8b8e5ef8411e6abb2eb44d8c010f,2025,9,0.009922661
21fea7d6a7180eb1c89d5a8dd6916ab1e04c8b8e5ef8411e6abb2eb44d8c010f,2025,10,0.025837945
22fddca25da25662c314f24182ba3eda9b168b2a9e20634cb6964a8f0aaf3d8d,2025,5,0.016911156
22fddca25da25662c314f24182ba3eda9b168b2a9e20634cb6964a8f0aaf3d8d,2025,6,0.0020859572
22fddca25da25662c314f24182ba3eda9b168b2a9e20634cb6964a8f0aaf3d8d,2025,7,0.0027047545
22fddca25da25662c314f24182ba3eda9b168b2a9e20634cb6964a8f0aaf3d8d,2025,8,0.0025393385
22fddca25da25662c314f24182ba3eda9b168b2a9e20634cb6964a8f0aaf3d8d,2025,9,0.0060764374
22fddca25da25662c314f24182ba3eda9b168b2a9e20634cb6964a8f0aaf3d8d,2025,10,0.046219148
22fe4c7ed6b24b49afc5e8a1bc0c9ed5bb81fb546421d428798128d8fcf40cbe,2025,5,0.031691
22fe4c7ed6b24b49afc5e8a1bc0c9ed5bb81fb546421d428798128d8fcf40cbe,2025,6,0.0065197237
22fe4c7ed6b24b49afc5e8a1bc0c9ed5bb81fb546421d428798128d8fcf40cbe,2025,7,0.005628179
22fe4c7ed6b24b49afc5e8a1bc0c9ed5bb81fb546421d428798128d8fcf40cbe,2025,8,0.006148417
22fe4c7ed6b24b49afc5e8a1bc0c9ed5bb81fb546421d428798128d8fcf40cbe,2025,9,0.00621963
22fe4c7ed6b24b49afc5e8a1bc0c9ed5bb81fb546421d428798128d8fcf40cbe,2025,10,0.06665435
2307fcd4c6efe48f1cb0fb1c479d5bb1c5dd030c24e1ba617377f375ed66ec81,2025,5,0.049036656
2307fcd4c6efe48f1cb0fb1c479d5bb1c5dd030c24e1ba617377f375ed66ec81,2025,6,0.013378861
2307fcd4c6efe48f1cb0fb1c479d5bb1c5dd030c24e1ba617377f375ed66ec81,2025,7,0.008755637
2307fcd4c6efe48f1cb0fb1c479d5bb1c5dd030c24e1ba617377f375ed66ec81,2025,8,0.008483423
2307fcd4c6efe48f1cb0fb1c479d5bb1c5dd030c24e1ba617377f375ed66ec81,2025,9,0.01445279
2307fcd4c6efe48f1cb0fb1c479d5bb1c5dd030c24e1ba617377f375ed66ec81,2025,10,0.0828541
236912683d7434f867b414417bdf2d8ebea293f139bb38b1af1215901f900e99,2025,5,0.056747954
236912683d7434f867b414417bdf2d8ebea293f139bb38b1af1215901f900e99,2025,6,0.01639512
236912683d7434f867b414417bdf2d8ebea293f139bb38b1af1215901f900e99,2025,7,0.01177085
236912683d7434f867b414417bdf2d8ebea293f139bb38b1af1215901f900e99,2025,8,0.017201055
236912683d7434f867b414417bdf2d8ebea293f139bb38b1af1215901f900e99,2025,9,0.023515081
236912683d7434f867b414417bdf2d8ebea293f139bb38b1af1215901f900e99,2025,10,0.07386667
24400872cdc267a4643531322106f2b0b62cd69fdca362c3abe7bea28924e513,2025,5,0.012025346
24400872cdc267a4643531322106f2b0b62cd69fdca362c3abe7bea28924e513,2025,6,0.009137705
24400872cdc267a4643531322106f2b0b62cd69fdca362c3abe7bea28924e513,2025,7,0.009239596
24400872cdc267a4643531322106f2b0b62cd69fdca362c3abe7bea28924e513,2025,8,0.008853004
24400872cdc267a4643531322106f2b0b62cd69fdca362c3abe7bea28924e513,2025,9,0.010163224
24400872cdc267a4643531322106f2b0b62cd69fdca362c3abe7bea28924e513,2025,10,0.02423995
24d73cde386f0ffaa646a301bae62a36b623fbad7867789ca1e78f98ba505cde,2025,5,0.025405824
24d73cde386f0ffaa646a301bae62a36b623fbad7867789ca1e78f98ba505cde,2025,6,0.006829536
24d73cde386f0ffaa646a301bae62a36b623fbad7867789ca1e78f98ba505cde,2025,7,0.005344044
24d73cde386f0ffaa646a301bae62a36b623fbad7867789ca1e78f98ba505cde,2025,8,0.006386979
24d73cde386f0ffaa646a301bae62a36b623fbad7867789ca1e78f98ba505cde,2025,9,0.011930661
24d73cde386f0ffaa646a301bae62a36b623fbad7867789ca1e78f98ba505cde,2025,10,0.040241268
25ed3d2359d3509aba1c90d746c800802f5dbd101683b4afba1b568711dbf61b,2025,5,0.049676325
25ed3d2359d3509aba1c90d746c800802f5dbd101683b4afba1b568711dbf61b,2025,6,0.01165827
25ed3d2359d3509aba1c90d746c800802f5dbd101683b4afba1b568711dbf61b,2025,7,0.010673478
25f8c604dad29e6676c854482f1f13362f005cd33b1c4e63198b1f5b9f4bbb08,2025,5,0.028475422
25f8c604dad29e6676c854482f1f13362f005cd33b1c4e63198b1f5b9f4bbb08,2025,6,0.012761868
25f8c604dad29e6676c854482f1f13362f005cd33b1c4e63198b1f5b9f4bbb08,2025,7,0.010889254
25f8c604dad29e6676c854482f1f13362f005cd33b1c4e63198b1f5b9f4bbb08,2025,8,0.011970343
25f8c604dad29e6676c854482f1f13362f005cd33b1c4e63198b1f5b9f4bbb08,2025,9,0.022469433
25f8c604dad29e6676c854482f1f13362f005cd33b1c4e63198b1f5b9f4bbb08,2025,10,0.043152586
2783c80382125f5fa4b8f085257d7c59ec7e5971a893809d6834627d183e7564,2025,5,0.008657153
2783c80382125f5fa4b8f085257d7c59ec7e5971a893809d6834627d183e7564,2025,6,0.003996561
2783c80382125f5fa4b8f085257d7c59ec7e5971a893809d6834627d183e7564,2025,7,0.026780149
2783c80382125f5fa4b8f085257d7c59ec7e5971a893809d6834627d183e7564,2025,8,0.02677879
2783c80382125f5fa4b8f085257d7c59ec7e5971a893809d6834627d183e7564,2025,9,0.036282763
2783c80382125f5fa4b8f085257d7c59ec7e5971a893809d6834627d183e7564,2025,10,0.01270557
2834c60ea574db1f5ace19f5f04990969b6f29845768f009fdc3728885f8ad28,2025,5,0.047086295
2834c60ea574db1f5ace19f5f04990969b6f29845768f009fdc3728885f8ad28,2025,6,0.015888998
2834c60ea574db1f5ace19f5f04990969b6f29845768f009fdc3728885f8ad28,2025,7,0.010370781
2834c60ea574db1f5ace19f5f04990969b6f29845768f009fdc3728885f8ad28,2025,8,0.014618933
2834c60ea574db1f5ace19f5f04990969b6f29845768f009fdc3728885f8ad28,2025,9,0.011704366
28cc876c18f6306471872b765b81db4828a734e6aca73c08a56d5b94acb51e41,2025,5,0.065981336
28cc876c18f6306471872b765b81db4828a734e6aca73c08a56d5b94acb51e41,2025,6,0.031127634
28cc876c18f6306471872b765b81db4828a734e6aca73c08a56d5b94acb51e41,2025,7,0.02616821
28cc876c18f6306471872b765b81db4828a734e6aca73c08a56d5b94acb51e41,2025,8,0.026152665
28cc876c18f6306471872b765b81db4828a734e6aca73c08a56d5b94acb51e41,2025,9,0.037224397
28cc876c18f6306471872b765b81db4828a734e6aca73c08a56d5b94acb51e41,2025,10,0.08107604
29111e59f9768cec2feb6f19c2ccb7c3aa53a87a86090443dd595a20e79f96b0,2025,5,0.021927126
29111e59f9768cec2feb6f19c2ccb7c3aa53a87a86090443dd595a20e79f96b0,2025,6,0.006687812
29111e59f9768cec2feb6f19c2ccb7c3aa53a87a86090443dd595a20e79f96b0,2025,7,0.006145
29111e59f9768cec2feb6f19c2ccb7c3aa53a87a86090443dd595a20e79f96b0,2025,8,0.0064767604
29111e59f9768cec2feb6f19c2ccb7c3aa53a87a86090443dd595a20e79f96b0,2025,9,0.011263862
29111e59f9768cec2feb6f19c2ccb7c3aa53a87a86090443dd595a20e79f96b0,2025,10,0.08811064
291e5f9499091e82c2fccd7636e6ba1b30943b0fa63206ba932c9674e5b2191a,2025,5,0.030450601
291e5f9499091e82c2fccd7636e6ba1b30943b0fa63206ba932c9674e5b2191a,2025,6,0.021620877
291e5f9499091e82c2fccd7636e6ba1b30943b0fa63206ba932c9674e5b2191a,2025,7,0.021371204
291e5f9499091e82c2fccd7636e6ba1b30943b0fa63206ba932c9674e5b2191a,2025,8,0.02138697
291e5f9499091e82c2fccd7636e6ba1b30943b0fa63206ba932c9674e5b2191a,2025,9,0.018296635
291e5f9499091e82c2fccd7636e6ba1b30943b0fa63206ba932c9674e5b2191a,2025,10,0.078904405
2a7cc7b36f3fd5304aee465509ec185589668957335a207587e6ce7823b810c9,2025,5,0.07799341
2a7cc7b36f3fd5304aee465509ec185589668957335a207587e6ce7823b810c9,2025,6,0.030058885
2a7cc7b36f3fd5304aee465509ec185589668957335a207587e6ce7823b810c9,2025,7,0.029868457
2a7cc7b36f3fd5304aee465509ec185589668957335a207587e6ce7823b810c9,2025,8,0.034118637
2a7cc7b36f3fd5304aee465509ec185589668957335a207587e6ce7823b810c9,2025,9,0.041225787
2a7cc7b36f3fd5304aee465509ec185589668957335a207587e6ce7823b810c9,2025,10,0.10486835
2acc99c56dfd119de625d097f267d065386b788924e5c1c4a30dd7e4bd1df32c,2025,5,0.04794993
2acc99c56dfd119de625d097f267d065386b788924e5c1c4a30dd7e4bd1df32c,2025,6,0.038984742
2acc99c56dfd119de625d097f267d065386b788924e5c1c4a30dd7e4bd1df32c,2025,7,0.029914038
2acc99c56dfd119de625d097f267d065386b788924e5c1c4a30dd7e4bd1df32c,2025,8,0.031469848
2acc99c56dfd119de625d097f267d065386b788924e5c1c4a30dd7e4bd1df32c,2025,9,0.040737137
2acc99c56dfd119de625d097f267d065386b788924e5c1c4a30dd7e4bd1df32c,2025,10,0.07147199
2af49612cb24e82dea25d86b0542a8c4f65f872df0e4df2f286ce14412ba51da,2025,5,0.024583597
2af49612cb24e82dea25d86b0542a8c4f65f872df0e4df2f286ce14412ba51da,2025,6,0.018390467
2af49612cb24e82dea25d86b0542a8c4f65f872df0e4df2f286ce14412ba51da,2025,7,0.017539248
2af49612cb24e82dea25d86b0542a8c4f65f872df0e4df2f286ce14412ba51da,2025,8,0.017795928
2af49612cb24e82dea25d86b0542a8c4f65f872df0e4df2f286ce14412ba51da,2025,9,0.021097627
2af49612cb24e82dea25d86b0542a8c4f65f872df0e4df2f286ce14412ba51da,2025,10,0.029324265
2b0bae6c5a97eae766948b56124f177e4c69fb693dd3e6b0ebdd97b316cd5b8e,2025,5,0.1693115
2b0bae6c5a97eae766948b56124f177e4c69fb693dd3e6b0ebdd97b316cd5b8e,2025,6,0.06444057
2b0bae6c5a97eae766948b56124f177e4c69fb693dd3e6b0ebdd97b316cd5b8e,2025,7,0.03939028
2b0bae6c5a97eae766948b56124f177e4c69fb693dd3e6b0ebdd97b316cd5b8e,2025,8,0.05871592
2b0bae6c5a97eae766948b56124f177e4c69fb693dd3e6b0ebdd97b316cd5b8e,2025,9,0.6386089
2b0bae6c5a97eae766948b56124f177e4c69fb693dd3e6b0ebdd97b316cd5b8e,2025,10,0.2837514
2b6cc01a05292397d20f7a64b2b399197d04057091b776522c198f7dd2bd60a3,2025,5,0.068011805
2b6cc01a05292397d20f7a64b2b399197d04057091b776522c198f7dd2bd60a3,2025,6,0.041010797
2b6cc01a05292397d20f7a64b2b399197d04057091b776522c198f7dd2bd60a3,2025,7,0.03704212
2cef14b2ef876bbe6a7f96f546c29f9c58486e84d46b78628533cecd23bc9e2a,2025,5,0.031815346
2cef14b2ef876bbe6a7f96f546c29f9c58486e84d46b78628533cecd23bc9e2a,2025,6,0.013153485
2cef14b2ef876bbe6a7f96f546c29f9c58486e84d46b78628533cecd23bc9e2a,2025,7,0.01158394
2cef14b2ef876bbe6a7f96f546c29f9c58486e84d46b78628533cecd23bc9e2a,2025,8,0.013577452
2cef14b2ef876bbe6a7f96f546c29f9c58486e84d46b78628533cecd23bc9e2a,2025,9,0.018666854
2cef14b2ef876bbe6a7f96f546c29f9c58486e84d46b78628533cecd23bc9e2a,2025,10,0.05418903
2d92349ca7b2cee4ce10ef699d0b9d4b5472a88ad79eee5901517adbe84ac4bf,2025,5,0.03952189
2d92349ca7b2cee4ce10ef699d0b9d4b5472a88ad79eee5901517adbe84ac4bf,2025,6,0.010457585
2d92349ca7b2cee4ce10ef699d0b9d4b5472a88ad79eee5901517adbe84ac4bf,2025,7,0.009469572
2d92349ca7b2cee4ce10ef699d0b9d4b5472a88ad79eee5901517adbe84ac4bf,2025,8,0.009897729
2d92349ca7b2cee4ce10ef699d0b9d4b5472a88ad79eee5901517adbe84ac4bf,2025,9,0.013067041
2d92349ca7b2cee4ce10ef699d0b9d4b5472a88ad79eee5901517adbe84ac4bf,2025,10,0.06489352
2db6ffabfe05bc31e652f9aca8fc07fdf7dc1ee8378fbed1f38acda617d0124b,2025,5,0.009574388
2db6ffabfe05bc31e652f9aca8fc07fdf7dc1ee8378fbed1f38acda617d0124b,2025,6,0.006502491
2db6ffabfe05bc31e652f9aca8fc07fdf7dc1ee8378fbed1f38acda617d0124b,2025,7,0.005456683
2db6ffabfe05bc31e652f9aca8fc07fdf7dc1ee8378fbed1f38acda617d0124b,2025,8,0.006739226
2db6ffabfe05bc31e652f9aca8fc07fdf7dc1ee8378fbed1f38acda617d0124b,2025,9,0.0071167876
2db6ffabfe05bc31e652f9aca8fc07fdf7dc1ee8378fbed1f38acda617d0124b,2025,10,0.026456077
2deddf91e23ce0eb30b5a5bd79bcd402ea2f5c1f1f561ac0b02a8db0e0445a20,2025,5,0.051126037
2deddf91e23ce0eb30b5a5bd79bcd402ea2f5c1f1f561ac0b02a8db0e0445a20,2025,6,0.01450499
2deddf91e23ce0eb30b5a5bd79bcd402ea2f5c1f1f561ac0b02a8db0e0445a20,2025,7,0.013801158
2deddf91e23ce0eb30b5a5bd79bcd402ea2f5c1f1f561ac0b02a8db0e0445a20,2025,8,0.015581044
2deddf91e23ce0eb30b5a5bd79bcd402ea2f5c1f1f561ac0b02a8db0e0445a20,2025,9,0.03323693
2deddf91e23ce0eb30b5a5bd79bcd402ea2f5c1f1f561ac0b02a8db0e0445a20,2025,10,0.06916463
2e57824ff509c2947ee779e7a148aa1648d210faca36ad9c3480fa29b3662aeb,2025,5,0.04348856
2e57824ff509c2947ee779e7a148aa1648d210faca36ad9c3480fa29b3662aeb,2025,6,0.012869317
2e57824ff509c2947ee779e7a148aa1648d210faca36ad9c3480fa29b3662aeb,2025,7,0.009790929
2e57824ff509c2947ee779e7a148aa1648d210faca36ad9c3480fa29b3662aeb,2025,8,0.010046395
2e57824ff509c2947ee779e7a148aa1648d210faca36ad9c3480fa29b3662aeb,2025,9,0.014960961
2e57824ff509c2947ee779e7a148aa1648d210faca36ad9c3480fa29b3662aeb,2025,10,0.06969491
2e5899725451ac295cef925b80989f27e3bbc8629c99eefbd75a179469e45d08,2025,5,0.042664953
2e5899725451ac295cef925b80989f27e3bbc8629c99eefbd75a179469e45d08,2025,6,0.010652167
2e5899725451ac295cef925b80989f27e3bbc8629c99eefbd75a179469e45d08,2025,7,0.007132852
2e5899725451ac295cef925b80989f27e3bbc8629c99eefbd75a179469e45d08,2025,8,0.008612091
2e5899725451ac295cef925b80989f27e3bbc8629c99eefbd75a179469e45d08,2025,9,0.015771497
2e5899725451ac295cef925b80989f27e3bbc8629c99eefbd75a179469e45d08,2025,10,0.059588082
2f225c810bccba58ea71a9a4f61c0d7d274596f37ff2621a7d721b75ad9d0ad2,2025,5,0.05519291
2f225c810bccba58ea71a9a4f61c0d7d274596f37ff2621a7d721b75ad9d0ad2,2025,6,0.0107686175
2f225c810bccba58ea71a9a4f61c0d7d274596f37ff2621a7d721b75ad9d0ad2,2025,7,0.0073412554
2f225c810bccba58ea71a9a4f61c0d7d274596f37ff2621a7d721b75ad9d0ad2,2025,8,0.01176152
2f225c810bccba58ea71a9a4f61c0d7d274596f37ff2621a7d721b75ad9d0ad2,2025,9,0.017257582
2f225c810bccba58ea71a9a4f61c0d7d274596f37ff2621a7d721b75ad9d0ad2,2025,10,0.07653067
2f4653bb7d5e259e0beac6345d1f86ccfbad729347fd7587a87345ecc469af26,2025,5,0.08276429
2f4653bb7d5e259e0beac6345d1f86ccfbad729347fd7587a87345ecc469af26,2025,6,0.011595656
2f4653bb7d5e259e0beac6345d1f86ccfbad729347fd7587a87345ecc469af26,2025,7,0.01035611
2f4653bb7d5e259e0beac6345d1f86ccfbad729347fd7587a87345ecc469af26,2025,8,0.011227763
2f4653bb7d5e259e0beac6345d1f86ccfbad729347fd7587a87345ecc469af26,2025,9,0.039414145
2f4653bb7d5e259e0beac6345d1f86ccfbad729347fd7587a87345ecc469af26,2025,10,0.1515014
2f679e2e349815a33168e22db3a5ef7ad4a7d31799a9ba2297b409a9d6645f0f,2025,5,0.081268415
2f679e2e349815a33168e22db3a5ef7ad4a7d31799a9ba2297b409a9d6645f0f,2025,6,0.009118311
2f679e2e349815a33168e22db3a5ef7ad4a7d31799a9ba2297b409a9d6645f0f,2025,7,0.0050400994
2f679e2e349815a33168e22db3a5ef7ad4a7d31799a9ba2297b409a9d6645f0f,2025,8,0.004364139
2f679e2e349815a33168e22db3a5ef7ad4a7d31799a9ba2297b409a9d6645f0f,2025,9,0.029371843
2f679e2e349815a33168e22db3a5ef7ad4a7d31799a9ba2297b409a9d6645f0f,2025,10,0.04984814
2ff0e3b07bcf42e03f9e105342628a6ae9b9ab9f27ef4c4ed1e4b2736bbc07eb,2025,5,0.05838134
2ff0e3b07bcf42e03f9e105342628a6ae9b9ab9f27ef4c4ed1e4b2736bbc07eb,2025,6,0.013059131
2ff0e3b07bcf42e03f9e105342628a6ae9b9ab9f27ef4c4ed1e4b2736bbc07eb,2025,7,0.010540098
2ff0e3b07bcf42e03f9e105342628a6ae9b9ab9f27ef4c4ed1e4b2736bbc07eb,2025,8,0.0119013935
2ff0e3b07bcf42e03f9e105342628a6ae9b9ab9f27ef4c4ed1e4b2736bbc07eb,2025,9,0.033120286
2ff0e3b07bcf42e03f9e105342628a6ae9b9ab9f27ef4c4ed1e4b2736bbc07eb,2025,10,0.13940103
303139e8eac0761e54dfe312a46f8f9f437179662ec636c6343ec14efa9475e5,2025,5,0.20085374
303139e8eac0761e54dfe312a46f8f9f437179662ec636c6343ec14efa9475e5,2025,6,0.047167867
303139e8eac0761e54dfe312a46f8f9f437179662ec636c6343ec14efa9475e5,2025,7,0.031143202
303139e8eac0761e54dfe312a46f8f9f437179662ec636c6343ec14efa9475e5,2025,8,0.03825465
303139e8eac0761e54dfe312a46f8f9f437179662ec636c6343ec14efa9475e5,2025,9,0.116373256
303139e8eac0761e54dfe312a46f8f9f437179662ec636c6343ec14efa9475e5,2025,10,0.37552324
3131a9acf44291fa477e8871c254a7726e7d1236e6d98a37340f6212f7e3bab6,2025,5,0.048856955
3131a9acf44291fa477e8871c254a7726e7d1236e6d98a37340f6212f7e3bab6,2025,6,0.017444473
3131a9acf44291fa477e8871c254a7726e7d1236e6d98a37340f6212f7e3bab6,2025,7,0.012210553
3131a9acf44291fa477e8871c254a7726e7d1236e6d98a37340f6212f7e3bab6,2025,8,0.0123355435
3131a9acf44291fa477e8871c254a7726e7d1236e6d98a37340f6212f7e3bab6,2025,9,0.018768618
3131a9acf44291fa477e8871c254a7726e7d1236e6d98a37340f6212f7e3bab6,2025,10,0.07935353
319a4da0c0eec04feecb2dcba71bf7ca044677a06ab46f60f859c6255152b175,2025,5,0.03845955
319a4da0c0eec04feecb2dcba71bf7ca044677a06ab46f60f859c6255152b175,2025,6,0.00809601
319a4da0c0eec04feecb2dcba71bf7ca044677a06ab46f60f859c6255152b175,2025,7,0.006563807
319a4da0c0eec04feecb2dcba71bf7ca044677a06ab46f60f859c6255152b175,2025,8,0.0072474577
319a4da0c0eec04feecb2dcba71bf7ca044677a06ab46f60f859c6255152b175,2025,9,0.014430615
319a4da0c0eec04feecb2dcba71bf7ca044677a06ab46f60f859c6255152b175,2025,10,0.06421981
3287fd72caa9d4c030242e2ce8025bf922aa5e84acb01ec0b1c8d0642159cda4,2025,5,0.03837524
3287fd72caa9d4c030242e2ce8025bf922aa5e84acb01ec0b1c8d0642159cda4,2025,6,1.3749248e-05
3287fd72caa9d4c030242e2ce8025bf922aa5e84acb01ec0b1c8d0642159cda4,2025,7,1.33381245e-05
3287fd72caa9d4c030242e2ce8025bf922aa5e84acb01ec0b1c8d0642159cda4,2025,8,4.722232e-06
3287fd72caa9d4c030242e2ce8025bf922aa5e84acb01ec0b1c8d0642159cda4,2025,9,0.018571395
3287fd72caa9d4c030242e2ce8025bf922aa5e84acb01ec0b1c8d0642159cda4,2025,10,0.09465077
32ce77f250bae7a0f8dbe78f95730f9ae7efa2aabd7882402e2158bd08fbf70c,2025,5,0.18683517
32ce77f250bae7a0f8dbe78f95730f9ae7efa2aabd7882402e2158bd08fbf70c,2025,6,0.06877408
32ce77f250bae7a0f8dbe78f95730f9ae7efa2aabd7882402e2158bd08fbf70c,2025,7,0.05268926
32ce77f250bae7a0f8dbe78f95730f9ae7efa2aabd7882402e2158bd08fbf70c,2025,8,0.06642603
32ce77f250bae7a0f8dbe78f95730f9ae7efa2aabd7882402e2158bd08fbf70c,2025,9,0.101633705
32ce77f250bae7a0f8dbe78f95730f9ae7efa2aabd7882402e2158bd08fbf70c,2025,10,0.29331812
32f3aa73fd1c75615c31e4b9aa8d05433c3de42c42f85288cb676c550111432c,2025,5,0.1276601
32f3aa73fd1c75615c31e4b9aa8d05433c3de42c42f85288cb676c550111432c,2025,6,0.037734114
32f3aa73fd1c75615c31e4b9aa8d05433c3de42c42f85288cb676c550111432c,2025,7,0.03537639
32f3aa73fd1c75615c31e4b9aa8d05433c3de42c42f85288cb676c550111432c,2025,8,0.040172078
32f3aa73fd1c75615c31e4b9aa8d05433c3de42c42f85288cb676c550111432c,2025,9,0.39149153
32f3aa73fd1c75615c31e4b9aa8d05433c3de42c42f85288cb676c550111432c,2025,10,0.60624
338bae248897479ebd7357a87696415492a3126f36189cf86bd6bb80df1b1f3d,2025,5,0.056997217
338bae248897479ebd7357a87696415492a3126f36189cf86bd6bb80df1b1f3d,2025,6,0.012038174
338bae248897479ebd7357a87696415492a3126f36189cf86bd6bb80df1b1f3d,2025,7,0.010583987
338bae248897479ebd7357a87696415492a3126f36189cf86bd6bb80df1b1f3d,2025,8,0.010048776
338bae248897479ebd7357a87696415492a3126f36189cf86bd6bb80df1b1f3d,2025,9,0.019260406
338bae248897479ebd7357a87696415492a3126f36189cf86bd6bb80df1b1f3d,2025,10,0.0894885
338c7a6ce833d3218fc8104d5d103aae715c5ba616e84385bf38053491bba555,2025,5,0.02766052
338c7a6ce833d3218fc8104d5d103aae715c5ba616e84385bf38053491bba555,2025,6,0.009210381
338c7a6ce833d3218fc8104d5d103aae715c5ba616e84385bf38053491bba555,2025,7,0.008607726
338c7a6ce833d3218fc8104d5d103aae715c5ba616e84385bf38053491bba555,2025,8,0.009160097
338c7a6ce833d3218fc8104d5d103aae715c5ba616e84385bf38053491bba555,2025,9,0.012700083
338c7a6ce833d3218fc8104d5d103aae715c5ba616e84385bf38053491bba555,2025,10,0.04675124
34506b15f2ca9972858a05daf5590a773fd316dd08de047b117e607cb233edaa,2025,5,0.013313429
34506b15f2ca9972858a05daf5590a773fd316dd08de047b117e607cb233edaa,2025,6,0.005892064
34506b15f2ca9972858a05daf5590a773fd316dd08de047b117e607cb233edaa,2025,7,0.006025286
34506b15f2ca9972858a05daf5590a773fd316dd08de047b117e607cb233edaa,2025,8,0.0052594994
34506b15f2ca9972858a05daf5590a773fd316dd08de047b117e607cb233edaa,2025,9,0.009056321
34506b15f2ca9972858a05daf5590a773fd316dd08de047b117e607cb233edaa,2025,10,0.008254211
348f25ee74e33787399e1bbd74b3a8911d20efd1bc2029ac1a37c4908f5e7b0e,2025,5,0.039969306
348f25ee74e33787399e1bbd74b3a8911d20efd1bc2029ac1a37c4908f5e7b0e,2025,6,0.011182365
348f25ee74e33787399e1bbd74b3a8911d20efd1bc2029ac1a37c4908f5e7b0e,2025,7,0.010764481
348f25ee74e33787399e1bbd74b3a8911d20efd1bc2029ac1a37c4908f5e7b0e,2025,8,0.01098637
348f25ee74e33787399e1bbd74b3a8911d20efd1bc2029ac1a37c4908f5e7b0e,2025,9,0.016683178
348f25ee74e33787399e1bbd74b3a8911d20efd1bc2029ac1a37c4908f5e7b0e,2025,10,0.05935833
34a0d35cae2857af0f77cae41962c9db7633121f28ade7987a6cc36c750bb413,2025,5,0.03612848
34a0d35cae2857af0f77cae41962c9db7633121f28ade7987a6cc36c750bb413,2025,6,0.0077252607
34a0d35cae2857af0f77cae41962c9db7633121f28ade7987a6cc36c750bb413,2025,7,0.0067180633
34a0d35cae2857af0f77cae41962c9db7633121f28ade7987a6cc36c750bb413,2025,8,0.005015925
34a0d35cae2857af0f77cae41962c9db7633121f28ade7987a6cc36c750bb413,2025,9,0.009097642
34a0d35cae2857af0f77cae41962c9db7633121f28ade7987a6cc36c750bb413,2025,10,0.05965313
34e6bf95ee25411045391c633fbeca9bc16266a6fb581c9129c1f541ddff9e4b,2025,5,0.04904384
34e6bf95ee25411045391c633fbeca9bc16266a6fb581c9129c1f541ddff9e4b,2025,6,0.01194407
34e6bf95ee25411045391c633fbeca9bc16266a6fb581c9129c1f541ddff9e4b,2025,7,0.0101141
34e6bf95ee25411045391c633fbeca9bc16266a6fb581c9129c1f541ddff9e4b,2025,8,0.014374184
34e6bf95ee25411045391c633fbeca9bc16266a6fb581c9129c1f541ddff9e4b,2025,9,0.037320584
34e6bf95ee25411045391c633fbeca9bc16266a6fb581c9129c1f541ddff9e4b,2025,10,0.105660245
34f28ac8caafa19c5eec8faf455fb85fedcda7d74384c953dec5baa99a28b57d,2025,5,0.08631342
34f28ac8caafa19c5eec8faf455fb85fedcda7d74384c953dec5baa99a28b57d,2025,6,0.008127511
34f28ac8caafa19c5eec8faf455fb85fedcda7d74384c953dec5baa99a28b57d,2025,7,0.006539292
34f28ac8caafa19c5eec8faf455fb85fedcda7d74384c953dec5baa99a28b57d,2025,8,0.0066303136
34f28ac8caafa19c5eec8faf455fb85fedcda7d74384c953dec5baa99a28b57d,2025,9,0.018878601
34f28ac8caafa19c5eec8faf455fb85fedcda7d74384c953dec5baa99a28b57d,2025,10,0.14718099
354c0ce9ecdbb10d27db86b239e50f448cb9669b19050cdef7f506d8defb3459,2025,5,0.082492925
354c0ce9ecdbb10d27db86b239e50f448cb9669b19050cdef7f506d8defb3459,2025,6,0.049140595
354c0ce9ecdbb10d27db86b239e50f448cb9669b19050cdef7f506d8defb3459,2025,7,0.04027298
354c0ce9ecdbb10d27db86b239e50f448cb9669b19050cdef7f506d8defb3459,2025,8,0.041164678
354c0ce9ecdbb10d27db86b239e50f448cb9669b19050cdef7f506d8defb3459,2025,9,0.0791672
354c0ce9ecdbb10d27db86b239e50f448cb9669b19050cdef7f506d8defb3459,2025,10,0.19488671
3575eed39a80848ee2587bebb0845364db00e97d0cacc180c01b17c8c5b6bee8,2025,5,0.017971987
3575eed39a80848ee2587bebb0845364db00e97d0cacc180c01b17c8c5b6bee8,2025,6,0.011641731
3575eed39a80848ee2587bebb0845364db00e97d0cacc180c01b17c8c5b6bee8,2025,7,0.014628477
3575eed39a80848ee2587bebb0845364db00e97d0cacc180c01b17c8c5b6bee8,2025,8,0.01730351
3575eed39a80848ee2587bebb0845364db00e97d0cacc180c01b17c8c5b6bee8,2025,9,0.014863135
3575eed39a80848ee2587bebb0845364db00e97d0cacc180c01b17c8c5b6bee8,2025,10,0.027658723
358bcff063e97065c7a01e811bad97b69442dd982b6ef8f973a34e4a50ba8812,2025,5,0.050377607
358bcff063e97065c7a01e811bad97b69442dd982b6ef8f973a34e4a50ba8812,2025,6,0.0184412
358bcff063e97065c7a01e811bad97b69442dd982b6ef8f973a34e4a50ba8812,2025,7,0.013183949
358bcff063e97065c7a01e811bad97b69442dd982b6ef8f973a34e4a50ba8812,2025,8,0.016427595
358bcff063e97065c7a01e811bad97b69442dd982b6ef8f973a34e4a50ba8812,2025,9,0.022961184
358bcff063e97065c7a01e811bad97b69442dd982b6ef8f973a34e4a50ba8812,2025,10,0.060076434
359d295b8157bba6e09eaab8ff68737d107ad6130e024665f84f09e185d34222,2025,5,0.04325683
359d295b8157bba6e09eaab8ff68737d107ad6130e024665f84f09e185d34222,2025,6,0.02039591
359d295b8157bba6e09eaab8ff68737d107ad6130e024665f84f09e185d34222,2025,7,0.018407067
359d295b8157bba6e09eaab8ff68737d107ad6130e024665f84f09e185d34222,2025,8,0.010576313
359d295b8157bba6e09eaab8ff68737d107ad6130e024665f84f09e185d34222,2025,9,0.015851213
359d295b8157bba6e09eaab8ff68737d107ad6130e024665f84f09e185d34222,2025,10,0.0484086
35e4e6e3dad687948b473d5752866561801d6006701519a0b2e26fdd37af6298,2025,5,0.014952255
35e4e6e3dad687948b473d5752866561801d6006701519a0b2e26fdd37af6298,2025,6,0.0048184814
35e4e6e3dad687948b473d5752866561801d6006701519a0b2e26fdd37af6298,2025,7,0.0036944489
35e4e6e3dad687948b473d5752866561801d6006701519a0b2e26fdd37af6298,2025,8,0.004526632
35e4e6e3dad687948b473d5752866561801d6006701519a0b2e26fdd37af6298,2025,9,0.008204681
35e4e6e3dad687948b473d5752866561801d6006701519a0b2e26fdd37af6298,2025,10,0.037392695
3614998a112ef27de23e4e54b4afa56a377712e95abee30e7ff94e0646c49d14,2025,5,0.044785336
3614998a112ef27de23e4e54b4afa56a377712e95abee30e7ff94e0646c49d14,2025,6,0.016029425
3614998a112ef27de23e4e54b4afa56a377712e95abee30e7ff94e0646c49d14,2025,7,0.014168675
3614998a112ef27de23e4e54b4afa56a377712e95abee30e7ff94e0646c49d14,2025,8,0.018067775
3614998a112ef27de23e4e54b4afa56a377712e95abee30e7ff94e0646c49d14,2025,9,0.031850636
3614998a112ef27de23e4e54b4afa56a377712e95abee30e7ff94e0646c49d14,2025,10,0.07444567
36bac08315f0d89e69ff8732ca8f37f4341d54ca94bc569daea80490ce9bc2ff,2025,5,0.2668911
36bac08315f0d89e69ff8732ca8f37f4341d54ca94bc569daea80490ce9bc2ff,2025,6,0.1944041
36bac08315f0d89e69ff8732ca8f37f4341d54ca94bc569daea80490ce9bc2ff,2025,7,0.18781781
36bac08315f0d89e69ff8732ca8f37f4341d54ca94bc569daea80490ce9bc2ff,2025,8,0.18655853
36bac08315f0d89e69ff8732ca8f37f4341d54ca94bc569daea80490ce9bc2ff,2025,9,0.41117305
37499ac7c21e70871c56a65695c53f7f9a83ffa9f61140a77bbc7de8d53e4b7b,2025,5,0.077615894
37499ac7c21e70871c56a65695c53f7f9a83ffa9f61140a77bbc7de8d53e4b7b,2025,6,0.030447278
37499ac7c21e70871c56a65695c53f7f9a83ffa9f61140a77bbc7de8d53e4b7b,2025,7,2.8611346e-05
37499ac7c21e70871c56a65695c53f7f9a83ffa9f61140a77bbc7de8d53e4b7b,2025,8,0.024434792
37499ac7c21e70871c56a65695c53f7f9a83ffa9f61140a77bbc7de8d53e4b7b,2025,9,0.02536009
376e93ee848fd174b21e1598a436eaf5181f320015debb65779d397fbb9ba199,2025,5,0.1750297
376e93ee848fd174b21e1598a436eaf5181f320015debb65779d397fbb9ba199,2025,6,0.028688166
376e93ee848fd174b21e1598a436eaf5181f320015debb65779d397fbb9ba199,2025,7,0.018260907
376e93ee848fd174b21e1598a436eaf5181f320015debb65779d397fbb9ba199,2025,8,0.0366245
376e93ee848fd174b21e1598a436eaf5181f320015debb65779d397fbb9ba199,2025,9,0.08913325
376e93ee848fd174b21e1598a436eaf5181f320015debb65779d397fbb9ba199,2025,10,0.28453428
37a3b79e39c2a5d921c00b1eabaf1e0f8117fe0548b105f4764580b04ef38f2a,2025,5,0.04895616
37a3b79e39c2a5d921c00b1eabaf1e0f8117fe0548b105f4764580b04ef38f2a,2025,6,0.010718618
37a3b79e39c2a5d921c00b1eabaf1e0f8117fe0548b105f4764580b04ef38f2a,2025,9,0.15323845
37a3b79e39c2a5d921c00b1eabaf1e0f8117fe0548b105f4764580b04ef38f2a,2025,10,0.08433963
37e51db6b1d3d8bdb8e6c7688509e2d0ca683dc2b4fd2cb2149d0f5395a1d1d7,2025,5,0.018168671
37e51db6b1d3d8bdb8e6c7688509e2d0ca683dc2b4fd2cb2149d0f5395a1d1d7,2025,6,0.00977959
37e51db6b1d3d8bdb8e6c7688509e2d0ca683dc2b4fd2cb2149d0f5395a1d1d7,2025,7,0.009812312
37e51db6b1d3d8bdb8e6c7688509e2d0ca683dc2b4fd2cb2149d0f5395a1d1d7,2025,8,0.012010823
37e51db6b1d3d8bdb8e6c7688509e2d0ca683dc2b4fd2cb2149d0f5395a1d1d7,2025,9,0.009486549
37e51db6b1d3d8bdb8e6c7688509e2d0ca683dc2b4fd2cb2149d0f5395a1d1d7,2025,10,0.05742215
387ed82fb8a86970192a0a1de86fbf3bb6daccf0fe74c9c9565d325d2a21887b,2025,5,0.032035276
387ed82fb8a86970192a0a1de86fbf3bb6daccf0fe74c9c9565d325d2a21887b,2025,6,0.01546542
387ed82fb8a86970192a0a1de86fbf3bb6daccf0fe74c9c9565d325d2a21887b,2025,7,0.014434117
387ed82fb8a86970192a0a1de86fbf3bb6daccf0fe74c9c9565d325d2a21887b,2025,8,0.012936767
387ed82fb8a86970192a0a1de86fbf3bb6daccf0fe74c9c9565d325d2a21887b,2025,9,0.018348398
387ed82fb8a86970192a0a1de86fbf3bb6daccf0fe74c9c9565d325d2a21887b,2025,10,0.056661032
390086226c2fa53164c5eb905aca34719d5171ca44ce1c76e6501708ace1f402,2025,5,0.18742129
390086226c2fa53164c5eb905aca34719d5171ca44ce1c76e6501708ace1f402,2025,6,0.0014922573
390086226c2fa53164c5eb905aca34719d5171ca44ce1c76e6501708ace1f402,2025,7,0.0013452164
390086226c2fa53164c5eb905aca34719d5171ca44ce1c76e6501708ace1f402,2025,8,0.00487333
390086226c2fa53164c5eb905aca34719d5171ca44ce1c76e6501708ace1f402,2025,9,0.05101155
390086226c2fa53164c5eb905aca34719d5171ca44ce1c76e6501708ace1f402,2025,10,0.2888324
390d8bca8ff15aa7b8739e96d0bbd174d240ffb4c3ca254e1f2e93839dbf0705,2025,5,0.031235613
390d8bca8ff15aa7b8739e96d0bbd174d240ffb4c3ca254e1f2e93839dbf0705,2025,6,0.009810297
390d8bca8ff15aa7b8739e96d0bbd174d240ffb4c3ca254e1f2e93839dbf0705,2025,7,0.00860854
390d8bca8ff15aa7b8739e96d0bbd174d240ffb4c3ca254e1f2e93839dbf0705,2025,8,0.013212003
390d8bca8ff15aa7b8739e96d0bbd174d240ffb4c3ca254e1f2e93839dbf0705,2025,9,0.026323318
390d8bca8ff15aa7b8739e96d0bbd174d240ffb4c3ca254e1f2e93839dbf0705,2025,10,0.0588708
3984783c0469008842604048d4a09bd672b372563c421950c1afc63100b00af1,2025,5,0.04224687
3984783c0469008842604048d4a09bd672b372563c421950c1afc63100b00af1,2025,6,0.017596712
3984783c0469008842604048d4a09bd672b372563c421950c1afc63100b00af1,2025,7,0.016636593
3984783c0469008842604048d4a09bd672b372563c421950c1afc63100b00af1,2025,8,0.017406952
3984783c0469008842604048d4a09bd672b372563c421950c1afc63100b00af1,2025,9,0.041676942
3984783c0469008842604048d4a09bd672b372563c421950c1afc63100b00af1,2025,10,0.14798465
39b7c55a2447ee58847fdf1fbc214fe19ff6554b466a4248b17836a04398bc57,2025,5,0.03561745
39b7c55a2447ee58847fdf1fbc214fe19ff6554b466a4248b17836a04398bc57,2025,6,0.01289831
39b7c55a2447ee58847fdf1fbc214fe19ff6554b466a4248b17836a04398bc57,2025,7,0.031162906
39b7c55a2447ee58847fdf1fbc214fe19ff6554b466a4248b17836a04398bc57,2025,8,0.014289845
39b7c55a2447ee58847fdf1fbc214fe19ff6554b466a4248b17836a04398bc57,2025,9,0.01800547
39b7c55a2447ee58847fdf1fbc214fe19ff6554b466a4248b17836a04398bc57,2025,10,0.04212951
39f66f2f9807fb085eea698935dd568d0ef41ecbaeffe234a2f9544bcc705653,2025,5,0.021618783
39f66f2f9807fb085eea698935dd568d0ef41ecbaeffe234a2f9544bcc705653,2025,6,0.008091643
39f66f2f9807fb085eea698935dd568d0ef41ecbaeffe234a2f9544bcc705653,2025,7,0.0056393854
39f66f2f9807fb085eea698935dd568d0ef41ecbaeffe234a2f9544bcc705653,2025,8,0.006684241
39f66f2f9807fb085eea698935dd568d0ef41ecbaeffe234a2f9544bcc705653,2025,9,0.008255101
39f66f2f9807fb085eea698935dd568d0ef41ecbaeffe234a2f9544bcc705653,2025,10,0.049969245
3a7f8db3395fbfc8ff18dd7a569c25fba5cb6b6b8027b0a40197a8bdc2a89112,2025,5,0.12644918
3a7f8db3395fbfc8ff18dd7a569c25fba5cb6b6b8027b0a40197a8bdc2a89112,2025,6,0.021847285
3a7f8db3395fbfc8ff18dd7a569c25fba5cb6b6b8027b0a40197a8bdc2a89112,2025,7,0.017656544
3a7f8db3395fbfc8ff18dd7a569c25fba5cb6b6b8027b0a40197a8bdc2a89112,2025,8,0.02068531
3a7f8db3395fbfc8ff18dd7a569c25fba5cb6b6b8027b0a40197a8bdc2a89112,2025,9,0.03353511
3a7f8db3395fbfc8ff18dd7a569c25fba5cb6b6b8027b0a40197a8bdc2a89112,2025,10,0.15816842
3b4a3a48242c58022ffcedf96c284b20cf360dcff974b14716a36a4e5115389e,2025,5,0.27805215
3b4a3a48242c58022ffcedf96c284b20cf360dcff974b14716a36a4e5115389e,2025,6,0.03709325
3b4a3a48242c58022ffcedf96c284b20cf360dcff974b14716a36a4e5115389e,2025,7,0.031401582
3b4a3a48242c58022ffcedf96c284b20cf360dcff974b14716a36a4e5115389e,2025,8,0.05707326
3b4a3a48242c58022ffcedf96c284b20cf360dcff974b14716a36a4e5115389e,2025,9,0.14076923
3b4a3a48242c58022ffcedf96c284b20cf360dcff974b14716a36a4e5115389e,2025,10,0.34107545
3b91bd7cb605703d3e1bc2b7327a0f02941d1bcc73d8b074aa26c117a1e04d11,2025,5,0.10415602
3b91bd7cb605703d3e1bc2b7327a0f02941d1bcc73d8b074aa26c117a1e04d11,2025,6,0.030894343
3b91bd7cb605703d3e1bc2b7327a0f02941d1bcc73d8b074aa26c117a1e04d11,2025,7,0.027551834
3b91bd7cb605703d3e1bc2b7327a0f02941d1bcc73d8b074aa26c117a1e04d11,2025,8,0.029835973
3b91bd7cb605703d3e1bc2b7327a0f02941d1bcc73d8b074aa26c117a1e04d11,2025,9,0.06264049
3b91bd7cb605703d3e1bc2b7327a0f02941d1bcc73d8b074aa26c117a1e04d11,2025,10,0.24984014
3b9c69e51bb2908a9c9b922475a4d8c1f9c98571909fe67cb49dceab0aa9893f,2025,5,0.04401148
3b9c69e51bb2908a9c9b922475a4d8c1f9c98571909fe67cb49dceab0aa9893f,2025,6,0.013611924
3b9c69e51bb2908a9c9b922475a4d8c1f9c98571909fe67cb49dceab0aa9893f,2025,7,0.004853477
3b9c69e51bb2908a9c9b922475a4d8c1f9c98571909fe67cb49dceab0aa9893f,2025,8,0.0054620295
3b9c69e51bb2908a9c9b922475a4d8c1f9c98571909fe67cb49dceab0aa9893f,2025,9,0.044673573
3b9c69e51bb2908a9c9b922475a4d8c1f9c98571909fe67cb49dceab0aa9893f,2025,10,0.051489297
3c62cc5f1379633332d484687800908f08158e54a20ff8b833a42452c0ff8017,2025,5,0.08012331
3c62cc5f1379633332d484687800908f08158e54a20ff8b833a42452c0ff8017,2025,6,0.016874332
3c62cc5f1379633332d484687800908f08158e54a20ff8b833a42452c0ff8017,2025,7,0.016628975
3c62cc5f1379633332d484687800908f08158e54a20ff8b833a42452c0ff8017,2025,8,0.0153269665
3c62cc5f1379633332d484687800908f08158e54a20ff8b833a42452c0ff8017,2025,9,0.029652044
3c62cc5f1379633332d484687800908f08158e54a20ff8b833a42452c0ff8017,2025,10,0.18481843
3da91accf817df33c1a023b666792fb425b56e618f0cd6a1ed513257f17f1303,2025,5,0.026640376
3da91accf817df33c1a023b666792fb425b56e618f0cd6a1ed513257f17f1303,2025,6,0.010590685
3da91accf817df33c1a023b666792fb425b56e618f0cd6a1ed513257f17f1303,2025,7,0.010600016
3da91accf817df33c1a023b666792fb425b56e618f0cd6a1ed513257f17f1303,2025,8,0.013292917
3da91accf817df33c1a023b666792fb425b56e618f0cd6a1ed513257f17f1303,2025,9,0.017222928
3da91accf817df33c1a023b666792fb425b56e618f0cd6a1ed513257f17f1303,2025,10,0.03782598
3e48ef633fbf96aa9e940caaf72705b2433a030ad070592ec22a440e8d3deb1a,2025,5,0.064284764
3e48ef633fbf96aa9e940caaf72705b2433a030ad070592ec22a440e8d3deb1a,2025,6,0.0049572
3e48ef633fbf96aa9e940caaf72705b2433a030ad070592ec22a440e8d3deb1a,2025,7,0.010069377
3e48ef633fbf96aa9e940caaf72705b2433a030ad070592ec22a440e8d3deb1a,2025,8,0.011813372
3e48ef633fbf96aa9e940caaf72705b2433a030ad070592ec22a440e8d3deb1a,2025,9,0.025024584
3e48ef633fbf96aa9e940caaf72705b2433a030ad070592ec22a440e8d3deb1a,2025,10,0.09068307
3e730a396a0a8a4793d084c553f85abd88e155dc87f6efa446581f07dbc739d5,2025,5,0.03132471
3e730a396a0a8a4793d084c553f85abd88e155dc87f6efa446581f07dbc739d5,2025,6,0.0120404195
3e730a396a0a8a4793d084c553f85abd88e155dc87f6efa446581f07dbc739d5,2025,7,0.012685625
3e730a396a0a8a4793d084c553f85abd88e155dc87f6efa446581f07dbc739d5,2025,8,0.014663056
3e730a396a0a8a4793d084c553f85abd88e155dc87f6efa446581f07dbc739d5,2025,9,0.029896608
3e730a396a0a8a4793d084c553f85abd88e155dc87f6efa446581f07dbc739d5,2025,10,0.13549542
3ee8c7afb655816646ef0c29c14a66d18ce8b22ae67a53d099bed895f4cec758,2025,5,0.031889524
3ee8c7afb655816646ef0c29c14a66d18ce8b22ae67a53d099bed895f4cec758,2025,6,0.017198056
3ee8c7afb655816646ef0c29c14a66d18ce8b22ae67a53d099bed895f4cec758,2025,7,0.013980812
3ee8c7afb655816646ef0c29c14a66d18ce8b22ae67a53d099bed895f4cec758,2025,8,0.015278957
3ee8c7afb655816646ef0c29c14a66d18ce8b22ae67a53d099bed895f4cec758,2025,9,0.010469155
3ee8c7afb655816646ef0c29c14a66d18ce8b22ae67a53d099bed895f4cec758,2025,10,0.043218497
3ef46eb74164137a17b29db6388168faf6dcda4baf9d0524efecbfd8db0d5517,2025,5,0.0130020995
3ef46eb74164137a17b29db6388168faf6dcda4baf9d0524efecbfd8db0d5517,2025,6,0.0047131875
3ef46eb74164137a17b29db6388168faf6dcda4baf9d0524efecbfd8db0d5517,2025,7,0.004289492
3ef46eb74164137a17b29db6388168faf6dcda4baf9d0524efecbfd8db0d5517,2025,8,0.004155482
3ef46eb74164137a17b29db6388168faf6dcda4baf9d0524efecbfd8db0d5517,2025,9,0.005565503
3ef46eb74164137a17b29db6388168faf6dcda4baf9d0524efecbfd8db0d5517,2025,10,0.027164167
3f9633e720d2fdfcf21484040253527613ad178c22890973f11e1fc63ec2da24,2025,5,0.060946815
3f9633e720d2fdfcf21484040253527613ad178c22890973f11e1fc63ec2da24,2025,6,0.033049457
3f9633e720d2fdfcf21484040253527613ad178c22890973f11e1fc63ec2da24,2025,7,0.030286014
3f9633e720d2fdfcf21484040253527613ad178c22890973f11e1fc63ec2da24,2025,8,0.03135124
3f9633e720d2fdfcf21484040253527613ad178c22890973f11e1fc63ec2da24,2025,9,0.05935371
3f9633e720d2fdfcf21484040253527613ad178c22890973f11e1fc63ec2da24,2025,10,0.2809032
3fe9b43d3c2ca4dca68a63316d8b786a814646bdd3938fb7435ccc9152facc56,2025,5,0.014001984
3fe9b43d3c2ca4dca68a63316d8b786a814646bdd3938fb7435ccc9152facc56,2025,6,0.0012977644
3fe9b43d3c2ca4dca68a63316d8b786a814646bdd3938fb7435ccc9152facc56,2025,7,0.0010625721
3fe9b43d3c2ca4dca68a63316d8b786a814646bdd3938fb7435ccc9152facc56,2025,8,0.0013159937
3fe9b43d3c2ca4dca68a63316d8b786a814646bdd3938fb7435ccc9152facc56,2025,9,0.013640214
3fe9b43d3c2ca4dca68a63316d8b786a814646bdd3938fb7435ccc9152facc56,2025,10,0.030830026
3ff350a18ed265ac520cb332d5a57705ed906254540e7a2e2b89bf5ae0db5194,2025,5,0.072720416
3ff350a18ed265ac520cb332d5a57705ed906254540e7a2e2b89bf5ae0db5194,2025,6,0.012357507
3ff350a18ed265ac520cb332d5a57705ed906254540e7a2e2b89bf5ae0db5194,2025,7,0.0093223015
3ff350a18ed265ac520cb332d5a57705ed906254540e7a2e2b89bf5ae0db5194,2025,8,0.015562445
3ff350a18ed265ac520cb332d5a57705ed906254540e7a2e2b89bf5ae0db5194,2025,9,0.044394385
3ff350a18ed265ac520cb332d5a57705ed906254540e7a2e2b89bf5ae0db5194,2025,10,0.18106084
41263e6b4d2d77ff2afaeab5f1eaae1a6556bd56d083c6adbcb97f6e5d259208,2025,5,0.062330566
41263e6b4d2d77ff2afaeab5f1eaae1a6556bd56d083c6adbcb97f6e5d259208,2025,6,0.049723927
41263e6b4d2d77ff2afaeab5f1eaae1a6556bd56d083c6adbcb97f6e5d259208,2025,7,0.043898385
41263e6b4d2d77ff2afaeab5f1eaae1a6556bd56d083c6adbcb97f6e5d259208,2025,8,0.044866752
41263e6b4d2d77ff2afaeab5f1eaae1a6556bd56d083c6adbcb97f6e5d259208,2025,9,0.049235214
41263e6b4d2d77ff2afaeab5f1eaae1a6556bd56d083c6adbcb97f6e5d259208,2025,10,0.09143
4186e304b2c4ae0e5752520f7b33626441b3fd8e1495a52f07c235143cbb8c18,2025,5,0.12420333
4186e304b2c4ae0e5752520f7b33626441b3fd8e1495a52f07c235143cbb8c18,2025,6,0.05892212
4186e304b2c4ae0e5752520f7b33626441b3fd8e1495a52f07c235143cbb8c18,2025,7,0.051528208
4186e304b2c4ae0e5752520f7b33626441b3fd8e1495a52f07c235143cbb8c18,2025,8,0.046133373
4186e304b2c4ae0e5752520f7b33626441b3fd8e1495a52f07c235143cbb8c18,2025,9,0.07331231
4186e304b2c4ae0e5752520f7b33626441b3fd8e1495a52f07c235143cbb8c18,2025,10,0.29639888
41ee9e6aa5b78b35b6a2cbf8bc962d02125d43ac63ce3c41f929fa3884680aa1,2025,5,0.028425487
41ee9e6aa5b78b35b6a2cbf8bc962d02125d43ac63ce3c41f929fa3884680aa1,2025,6,0.0059894775
41ee9e6aa5b78b35b6a2cbf8bc962d02125d43ac63ce3c41f929fa3884680aa1,2025,7,0.005836404
41ee9e6aa5b78b35b6a2cbf8bc962d02125d43ac63ce3c41f929fa3884680aa1,2025,8,0.0059974263
41ee9e6aa5b78b35b6a2cbf8bc962d02125d43ac63ce3c41f929fa3884680aa1,2025,9,0.008313204
41ee9e6aa5b78b35b6a2cbf8bc962d02125d43ac63ce3c41f929fa3884680aa1,2025,10,0.03531833
425b5ff504d8283ba697eccac3ce392eb1ceb74584ff153787d152a20355123e,2025,5,0.056488317
425b5ff504d8283ba697eccac3ce392eb1ceb74584ff153787d152a20355123e,2025,6,0.008656381
425b5ff504d8283ba697eccac3ce392eb1ceb74584ff153787d152a20355123e,2025,7,0.009652457
425b5ff504d8283ba697eccac3ce392eb1ceb74584ff153787d152a20355123e,2025,8,0.009275892
425b5ff504d8283ba697eccac3ce392eb1ceb74584ff153787d152a20355123e,2025,9,0.013417408
425b5ff504d8283ba697eccac3ce392eb1ceb74584ff153787d152a20355123e,2025,10,0.07629081
42b6d6e9cfb211fe155f1d3d938b707bb7524462ba407716e62fe7a0f5fc5eb6,2025,5,0.044415526
42b6d6e9cfb211fe155f1d3d938b707bb7524462ba407716e62fe7a0f5fc5eb6,2025,6,0.014780678
42b6d6e9cfb211fe155f1d3d938b707bb7524462ba407716e62fe7a0f5fc5eb6,2025,7,0.009564736
42b6d6e9cfb211fe155f1d3d938b707bb7524462ba407716e62fe7a0f5fc5eb6,2025,8,0.012029789
42b6d6e9cfb211fe155f1d3d938b707bb7524462ba407716e62fe7a0f5fc5eb6,2025,9,0.019994048
42b6d6e9cfb211fe155f1d3d938b707bb7524462ba407716e62fe7a0f5fc5eb6,2025,10,0.062344547
436ff8e761381556134b93e03d687ead23b920a9a06875fedbc58ad44938c7bc,2025,5,0.11571485
436ff8e761381556134b93e03d687ead23b920a9a06875fedbc58ad44938c7bc,2025,6,0.038198255
436ff8e761381556134b93e03d687ead23b920a9a06875fedbc58ad44938c7bc,2025,7,0.028679837
436ff8e761381556134b93e03d687ead23b920a9a06875fedbc58ad44938c7bc,2025,8,0.027045172
436ff8e761381556134b93e03d687ead23b920a9a06875fedbc58ad44938c7bc,2025,9,0.052170083
436ff8e761381556134b93e03d687ead23b920a9a06875fedbc58ad44938c7bc,2025,10,0.18684977
44704dd20023628fdf92c9262437e1baa1fa7aa301c9d4c1c573dc0545b5ed47,2025,5,0.018520864
44704dd20023628fdf92c9262437e1baa1fa7aa301c9d4c1c573dc0545b5ed47,2025,6,0.0069130105
44704dd20023628fdf92c9262437e1baa1fa7aa301c9d4c1c573dc0545b5ed47,2025,7,0.004947343
44704dd20023628fdf92c9262437e1baa1fa7aa301c9d4c1c573dc0545b5ed47,2025,8,0.008509181
44704dd20023628fdf92c9262437e1baa1fa7aa301c9d4c1c573dc0545b5ed47,2025,9,0.006584533
44704dd20023628fdf92c9262437e1baa1fa7aa301c9d4c1c573dc0545b5ed47,2025,10,0.048175365
44e71bf11fdaaee10d16cdce41c7fc206dc5e9a6e668fa894e2c0b690ec117ef,2025,5,0.06032312
44e71bf11fdaaee10d16cdce41c7fc206dc5e9a6e668fa894e2c0b690ec117ef,2025,6,0.025960036
44e71bf11fdaaee10d16cdce41c7fc206dc5e9a6e668fa894e2c0b690ec117ef,2025,7,0.019971376
44e71bf11fdaaee10d16cdce41c7fc206dc5e9a6e668fa894e2c0b690ec117ef,2025,8,0.026980707
44e71bf11fdaaee10d16cdce41c7fc206dc5e9a6e668fa894e2c0b690ec117ef,2025,9,0.037680566
44e71bf11fdaaee10d16cdce41c7fc206dc5e9a6e668fa894e2c0b690ec117ef,2025,10,0.08143376
44f25830b97ac76fb65e0f243d37398a50929a89265c981d24c394301a376457,2025,5,0.046494458
44f25830b97ac76fb65e0f243d37398a50929a89265c981d24c394301a376457,2025,6,0.037523743
44f25830b97ac76fb65e0f243d37398a50929a89265c981d24c394301a376457,2025,7,0.025574269
44f25830b97ac76fb65e0f243d37398a50929a89265c981d24c394301a376457,2025,8,0.035825405
44f25830b97ac76fb65e0f243d37398a50929a89265c981d24c394301a376457,2025,9,0.040274892
44f25830b97ac76fb65e0f243d37398a50929a89265c981d24c394301a376457,2025,10,0.07207784
45201bdadf9f1726bf9ad3bb4950620d2cbdc34cc431128c4c73113bbb4c2ad5,2025,5,0.064151414
45201bdadf9f1726bf9ad3bb4950620d2cbdc34cc431128c4c73113bbb4c2ad5,2025,6,0.008929645
45201bdadf9f1726bf9ad3bb4950620d2cbdc34cc431128c4c73113bbb4c2ad5,2025,7,0.008653963
45201bdadf9f1726bf9ad3bb4950620d2cbdc34cc431128c4c73113bbb4c2ad5,2025,8,0.011206023
45201bdadf9f1726bf9ad3bb4950620d2cbdc34cc431128c4c73113bbb4c2ad5,2025,9,0.032441188
45201bdadf9f1726bf9ad3bb4950620d2cbdc34cc431128c4c73113bbb4c2ad5,2025,10,0.13557094
4545a55de1e7d46fbfdbd79201cb8f87d94b7852232c6313f3a6a280dad7e260,2025,5,0.14536919
4545a55de1e7d46fbfdbd79201cb8f87d94b7852232c6313f3a6a280dad7e260,2025,6,0.043881305
4545a55de1e7d46fbfdbd79201cb8f87d94b7852232c6313f3a6a280dad7e260,2025,7,0.045780353
4545a55de1e7d46fbfdbd79201cb8f87d94b7852232c6313f3a6a280dad7e260,2025,8,0.047874033
4545a55de1e7d46fbfdbd79201cb8f87d94b7852232c6313f3a6a280dad7e260,2025,9,0.065626144
4545a55de1e7d46fbfdbd79201cb8f87d94b7852232c6313f3a6a280dad7e260,2025,10,0.29003856
454b7fa1d685c14098b72d3a9772499258ea9e3f78147229fa3873fd052d9514,2025,5,0.007432762
454b7fa1d685c14098b72d3a9772499258ea9e3f78147229fa3873fd052d9514,2025,6,1.9515477e-05
454b7fa1d685c14098b72d3a9772499258ea9e3f78147229fa3873fd052d9514,2025,7,0.003547204
454b7fa1d685c14098b72d3a9772499258ea9e3f78147229fa3873fd052d9514,2025,8,0.0012228037
454b7fa1d685c14098b72d3a9772499258ea9e3f78147229fa3873fd052d9514,2025,9,0.0023923474
454b7fa1d685c14098b72d3a9772499258ea9e3f78147229fa3873fd052d9514,2025,10,0.05294168
4594caeb1648fb9612ead8e023290c0b3b53d80911bdaf2ed2d8ee3056abb919,2025,5,0.0386514
4594caeb1648fb9612ead8e023290c0b3b53d80911bdaf2ed2d8ee3056abb919,2025,6,0.03552307
4594caeb1648fb9612ead8e023290c0b3b53d80911bdaf2ed2d8ee3056abb919,2025,7,0.034188174
4594caeb1648fb9612ead8e023290c0b3b53d80911bdaf2ed2d8ee3056abb919,2025,8,0.033139843
4594caeb1648fb9612ead8e023290c0b3b53d80911bdaf2ed2d8ee3056abb919,2025,9,0.02707936
4594caeb1648fb9612ead8e023290c0b3b53d80911bdaf2ed2d8ee3056abb919,2025,10,0.07515629
467f0552c3cff389f15c8ab2f458db768f93d6a799f31121f04ad48e2ade598f,2025,5,0.042916335
467f0552c3cff389f15c8ab2f458db768f93d6a799f31121f04ad48e2ade598f,2025,6,0.013328106
467f0552c3cff389f15c8ab2f458db768f93d6a799f31121f04ad48e2ade598f,2025,7,0.010525489
467f0552c3cff389f15c8ab2f458db768f93d6a799f31121f04ad48e2ade598f,2025,8,0.009500083
467f0552c3cff389f15c8ab2f458db768f93d6a799f31121f04ad48e2ade598f,2025,9,0.01299087
467f0552c3cff389f15c8ab2f458db768f93d6a799f31121f04ad48e2ade598f,2025,10,0.09079951
46b2fdc61c53bb21fbc92e47ec56d95ee8bb1e6ad6374ec2a1d7ae23851ed5f4,2025,5,0.022814263
46b2fdc61c53bb21fbc92e47ec56d95ee8bb1e6ad6374ec2a1d7ae23851ed5f4,2025,6,0.002119057
46b2fdc61c53bb21fbc92e47ec56d95ee8bb1e6ad6374ec2a1d7ae23851ed5f4,2025,7,0.002761209
46b2fdc61c53bb21fbc92e47ec56d95ee8bb1e6ad6374ec2a1d7ae23851ed5f4,2025,8,0.0028668914
46b2fdc61c53bb21fbc92e47ec56d95ee8bb1e6ad6374ec2a1d7ae23851ed5f4,2025,9,0.01319983
46b2fdc61c53bb21fbc92e47ec56d95ee8bb1e6ad6374ec2a1d7ae23851ed5f4,2025,10,0.064922184
46ef8778e229b5a977dfa1a24b1707c9a917a42c88863febdaa3c276d35161cf,2025,5,0.037614617
46ef8778e229b5a977dfa1a24b1707c9a917a42c88863febdaa3c276d35161cf,2025,6,0.018460296
46ef8778e229b5a977dfa1a24b1707c9a917a42c88863febdaa3c276d35161cf,2025,7,0.013278748
46ef8778e229b5a977dfa1a24b1707c9a917a42c88863febdaa3c276d35161cf,2025,8,0.010658773
46ef8778e229b5a977dfa1a24b1707c9a917a42c88863febdaa3c276d35161cf,2025,9,0.02460893
46ef8778e229b5a977dfa1a24b1707c9a917a42c88863febdaa3c276d35161cf,2025,10,0.055990845
476b3192a806e8592bb26ad6832de8d4a9660fdec646aeaed67c221e7bf7d785,2025,5,0.047921427
476b3192a806e8592bb26ad6832de8d4a9660fdec646aeaed67c221e7bf7d785,2025,6,0.017052779
476b3192a806e8592bb26ad6832de8d4a9660fdec646aeaed67c221e7bf7d785,2025,7,0.013772777
476b3192a806e8592bb26ad6832de8d4a9660fdec646aeaed67c221e7bf7d785,2025,8,0.01404226
476b3192a806e8592bb26ad6832de8d4a9660fdec646aeaed67c221e7bf7d785,2025,9,0.018591728
476b3192a806e8592bb26ad6832de8d4a9660fdec646aeaed67c221e7bf7d785,2025,10,0.059737593
4813366536f7a4dc92db8199af0527edc48224551bf36ca75715547fa8c44087,2025,5,0.01638473
4813366536f7a4dc92db8199af0527edc48224551bf36ca75715547fa8c44087,2025,6,0.0021371725
4813366536f7a4dc92db8199af0527edc48224551bf36ca75715547fa8c44087,2025,7,0.001430706
4813366536f7a4dc92db8199af0527edc48224551bf36ca75715547fa8c44087,2025,8,0.0026953241
4813366536f7a4dc92db8199af0527edc48224551bf36ca75715547fa8c44087,2025,9,0.006497083
4813366536f7a4dc92db8199af0527edc48224551bf36ca75715547fa8c44087,2025,10,0.04106501
48730f85b98bcc69d80200e6850a085d3982e6b4e6b986bd2b7505457df9ea5d,2025,5,0.16824037
48730f85b98bcc69d80200e6850a085d3982e6b4e6b986bd2b7505457df9ea5d,2025,6,0.069959305
48730f85b98bcc69d80200e6850a085d3982e6b4e6b986bd2b7505457df9ea5d,2025,7,0.073117524
48730f85b98bcc69d80200e6850a085d3982e6b4e6b986bd2b7505457df9ea5d,2025,8,0.05566256
48730f85b98bcc69d80200e6850a085d3982e6b4e6b986bd2b7505457df9ea5d,2025,9,0.11576057
48730f85b98bcc69d80200e6850a085d3982e6b4e6b986bd2b7505457df9ea5d,2025,10,0.26833594
489e46b7423ee5b55b6065baa533fb15f09b6a840d5c0fad7b2321ea4b91c044,2025,5,0.23338032
489e46b7423ee5b55b6065baa533fb15f09b6a840d5c0fad7b2321ea4b91c044,2025,6,0.07300801
489e46b7423ee5b55b6065baa533fb15f09b6a840d5c0fad7b2321ea4b91c044,2025,7,0.031850632
489e46b7423ee5b55b6065baa533fb15f09b6a840d5c0fad7b2321ea4b91c044,2025,8,0.035231125
489e46b7423ee5b55b6065baa533fb15f09b6a840d5c0fad7b2321ea4b91c044,2025,9,0.055454917
489e46b7423ee5b55b6065baa533fb15f09b6a840d5c0fad7b2321ea4b91c044,2025,10,0.31517437
49a012ede59eeb918505ebd1446df33fc6995cfe22d2dcd9c738d2028e69df74,2025,5,0.06673755
49a012ede59eeb918505ebd1446df33fc6995cfe22d2dcd9c738d2028e69df74,2025,6,0.022155007
49a012ede59eeb918505ebd1446df33fc6995cfe22d2dcd9c738d2028e69df74,2025,7,0.01661933
49a012ede59eeb918505ebd1446df33fc6995cfe22d2dcd9c738d2028e69df74,2025,8,0.02409204
49a012ede59eeb918505ebd1446df33fc6995cfe22d2dcd9c738d2028e69df74,2025,9,0.034460045
49a012ede59eeb918505ebd1446df33fc6995cfe22d2dcd9c738d2028e69df74,2025,10,0.09357068
49ca5c0bc2fd2ae92716ef7c7f9a503d175cce10935d3e402273cf555f9395e3,2025,5,0.0110439295
49ca5c0bc2fd2ae92716ef7c7f9a503d175cce10935d3e402273cf555f9395e3,2025,6,0.008786736
49ca5c0bc2fd2ae92716ef7c7f9a503d175cce10935d3e402273cf555f9395e3,2025,7,0.0082545765
49ca5c0bc2fd2ae92716ef7c7f9a503d175cce10935d3e402273cf555f9395e3,2025,8,0.008855316
49ca5c0bc2fd2ae92716ef7c7f9a503d175cce10935d3e402273cf555f9395e3,2025,9,0.008680145
49ca5c0bc2fd2ae92716ef7c7f9a503d175cce10935d3e402273cf555f9395e3,2025,10,0.07469644
4a2486f092d8b6332a49237a39e6375113e0853e45e09a53bcaa2d92545d11d8,2025,5,0.034297902
4a2486f092d8b6332a49237a39e6375113e0853e45e09a53bcaa2d92545d11d8,2025,6,0.0041078525
4a2486f092d8b6332a49237a39e6375113e0853e45e09a53bcaa2d92545d11d8,2025,7,0.0038946313
4a2486f092d8b6332a49237a39e6375113e0853e45e09a53bcaa2d92545d11d8,2025,8,0.00447687
4a2486f092d8b6332a49237a39e6375113e0853e45e09a53bcaa2d92545d11d8,2025,9,0.009683306
4a2486f092d8b6332a49237a39e6375113e0853e45e09a53bcaa2d92545d11d8,2025,10,0.067574054
4a53848a816b86c97ed0e5ab3bacbc838b31a0bb7b5eda25216367a0cdb5e5e6,2025,5,0.11594299
4a53848a816b86c97ed0e5ab3bacbc838b31a0bb7b5eda25216367a0cdb5e5e6,2025,6,0.041880127
4a53848a816b86c97ed0e5ab3bacbc838b31a0bb7b5eda25216367a0cdb5e5e6,2025,7,0.03470413
4a53848a816b86c97ed0e5ab3bacbc838b31a0bb7b5eda25216367a0cdb5e5e6,2025,8,0.040897742
4a53848a816b86c97ed0e5ab3bacbc838b31a0bb7b5eda25216367a0cdb5e5e6,2025,9,0.06375986
4a53848a816b86c97ed0e5ab3bacbc838b31a0bb7b5eda25216367a0cdb5e5e6,2025,10,0.19225863
4a7a4d6667f74a35be53d549c707d5cb234171e87a5a7d739b1d83cfc9dd8101,2025,5,0.098927096
4a7a4d6667f74a35be53d549c707d5cb234171e87a5a7d739b1d83cfc9dd8101,2025,6,0.020106666
4a7a4d6667f74a35be53d549c707d5cb234171e87a5a7d739b1d83cfc9dd8101,2025,7,0.024704142
4a7a4d6667f74a35be53d549c707d5cb234171e87a5a7d739b1d83cfc9dd8101,2025,8,0.021907976
4a7a4d6667f74a35be53d549c707d5cb234171e87a5a7d739b1d83cfc9dd8101,2025,9,0.046100855
4a7a4d6667f74a35be53d549c707d5cb234171e87a5a7d739b1d83cfc9dd8101,2025,10,0.42399296
4ab7fc96ae2057834d60316464ddd37939a7891b12eb5612187a52ba4f1b2891,2025,5,0.11800279
4ab7fc96ae2057834d60316464ddd37939a7891b12eb5612187a52ba4f1b2891,2025,6,0.051064044
4ab7fc96ae2057834d60316464ddd37939a7891b12eb5612187a52ba4f1b2891,2025,7,0.046110768
4ab7fc96ae2057834d60316464ddd37939a7891b12eb5612187a52ba4f1b2891,2025,8,0.045374624
4ab7fc96ae2057834d60316464ddd37939a7891b12eb5612187a52ba4f1b2891,2025,9,0.06112325
4ab7fc96ae2057834d60316464ddd37939a7891b12eb5612187a52ba4f1b2891,2025,10,0.42944822
4ba3ceb00aaef7482726672f3395ba9b59cd4932e821c1600b239ae16c06faee,2025,5,0.023831537
4ba3ceb00aaef7482726672f3395ba9b59cd4932e821c1600b239ae16c06faee,2025,6,0.009912485
4ba3ceb00aaef7482726672f3395ba9b59cd4932e821c1600b239ae16c06faee,2025,7,0.009008894
4ba3ceb00aaef7482726672f3395ba9b59cd4932e821c1600b239ae16c06faee,2025,8,0.009601832
4ba3ceb00aaef7482726672f3395ba9b59cd4932e821c1600b239ae16c06faee,2025,9,0.010810661
4ba3ceb00aaef7482726672f3395ba9b59cd4932e821c1600b239ae16c06faee,2025,10,0.0454488
4c3060494e9e119ed3ada598dfc992dc04454cabf4877e618cb774f9fcbd089e,2025,5,0.03224295
4c3060494e9e119ed3ada598dfc992dc04454cabf4877e618cb774f9fcbd089e,2025,6,0.025028799
4c3060494e9e119ed3ada598dfc992dc04454cabf4877e618cb774f9fcbd089e,2025,7,0.024795443
4c3060494e9e119ed3ada598dfc992dc04454cabf4877e618cb774f9fcbd089e,2025,8,0.030871078
4c3060494e9e119ed3ada598dfc992dc04454cabf4877e618cb774f9fcbd089e,2025,9,0.03313272
4c3060494e9e119ed3ada598dfc992dc04454cabf4877e618cb774f9fcbd089e,2025,10,0.06345802
4ca8dee072a5e5b75b514073d514272a8d907f8d9eb507c4bc5755198b4d0e9a,2025,5,0.025630398
4ca8dee072a5e5b75b514073d514272a8d907f8d9eb507c4bc5755198b4d0e9a,2025,6,0.013524633
4ca8dee072a5e5b75b514073d514272a8d907f8d9eb507c4bc5755198b4d0e9a,2025,7,0.014809267
4ca8dee072a5e5b75b514073d514272a8d907f8d9eb507c4bc5755198b4d0e9a,2025,8,0.015197666
4ca8dee072a5e5b75b514073d514272a8d907f8d9eb507c4bc5755198b4d0e9a,2025,9,0.019212393
4ca8dee072a5e5b75b514073d514272a8d907f8d9eb507c4bc5755198b4d0e9a,2025,10,0.05263321
4cc35df334b04ebde7a2eda3b209e062b4328b191d7150ca68e9a16aea677796,2025,5,0.040537562
4cc35df334b04ebde7a2eda3b209e062b4328b191d7150ca68e9a16aea677796,2025,6,0.022626713
4cc35df334b04ebde7a2eda3b209e062b4328b191d7150ca68e9a16aea677796,2025,7,0.020545186
4cc35df334b04ebde7a2eda3b209e062b4328b191d7150ca68e9a16aea677796,2025,8,0.026046868
4cc35df334b04ebde7a2eda3b209e062b4328b191d7150ca68e9a16aea677796,2025,9,0.030535307
4cc35df334b04ebde7a2eda3b209e062b4328b191d7150ca68e9a16aea677796,2025,10,0.04934244
4cc57d274d9cb3adb0cfe4cacdd36792b1da182f218a8e3895aa28877a717fea,2025,5,0.08290104
4cc57d274d9cb3adb0cfe4cacdd36792b1da182f218a8e3895aa28877a717fea,2025,6,0.013751127
4cc57d274d9cb3adb0cfe4cacdd36792b1da182f218a8e3895aa28877a717fea,2025,7,0.014130674
4cc57d274d9cb3adb0cfe4cacdd36792b1da182f218a8e3895aa28877a717fea,2025,8,0.024240995
4cc57d274d9cb3adb0cfe4cacdd36792b1da182f218a8e3895aa28877a717fea,2025,9,0.04503247
4cc57d274d9cb3adb0cfe4cacdd36792b1da182f218a8e3895aa28877a717fea,2025,10,0.16648118
4d4ef227e9d6176b9e37e74794d76d206164b7123dcbd8ae37ca2f89ebbce49c,2025,5,0.02904718
4d4ef227e9d6176b9e37e74794d76d206164b7123dcbd8ae37ca2f89ebbce49c,2025,6,0.014106021
4d4ef227e9d6176b9e37e74794d76d206164b7123dcbd8ae37ca2f89ebbce49c,2025,7,0.015521318
4d4ef227e9d6176b9e37e74794d76d206164b7123dcbd8ae37ca2f89ebbce49c,2025,8,0.016949015
4d4ef227e9d6176b9e37e74794d76d206164b7123dcbd8ae37ca2f89ebbce49c,2025,9,0.019411664
4d4ef227e9d6176b9e37e74794d76d206164b7123dcbd8ae37ca2f89ebbce49c,2025,10,0.045063525
4dba8a848d516ffed0b9db5b7c649db5991a8a2ea7a691982abbc624978a3f49,2025,5,0.063534826
4dba8a848d516ffed0b9db5b7c649db5991a8a2ea7a691982abbc624978a3f49,2025,6,0.005958864
4dba8a848d516ffed0b9db5b7c649db5991a8a2ea7a691982abbc624978a3f49,2025,7,0.0055664214
4dba8a848d516ffed0b9db5b7c649db5991a8a2ea7a691982abbc624978a3f49,2025,8,0.0062850034
4dba8a848d516ffed0b9db5b7c649db5991a8a2ea7a691982abbc624978a3f49,2025,9,0.008143409
4dba8a848d516ffed0b9db5b7c649db5991a8a2ea7a691982abbc624978a3f49,2025,10,0.14648454
4e682b6948823199e29cbc6324ed3a54a6d2734440d698123530a0d91df992d4,2025,5,0.027971724
4e682b6948823199e29cbc6324ed3a54a6d2734440d698123530a0d91df992d4,2025,6,0.020631224
4e682b6948823199e29cbc6324ed3a54a6d2734440d698123530a0d91df992d4,2025,7,0.02071233
4e682b6948823199e29cbc6324ed3a54a6d2734440d698123530a0d91df992d4,2025,8,0.019850565
4e682b6948823199e29cbc6324ed3a54a6d2734440d698123530a0d91df992d4,2025,9,0.020604873
4e682b6948823199e29cbc6324ed3a54a6d2734440d698123530a0d91df992d4,2025,10,0.07220875
4f0a4f1ae4eb28fef935354891265c2c92815420169f4f7b85ec1b7685f46665,2025,5,0.016247492
4f0a4f1ae4eb28fef935354891265c2c92815420169f4f7b85ec1b7685f46665,2025,6,0.0048429575
4f0a4f1ae4eb28fef935354891265c2c92815420169f4f7b85ec1b7685f46665,2025,7,0.0050630546
4f0a4f1ae4eb28fef935354891265c2c92815420169f4f7b85ec1b7685f46665,2025,8,0.0068863556
4f0a4f1ae4eb28fef935354891265c2c92815420169f4f7b85ec1b7685f46665,2025,9,0.009841393
4f0a4f1ae4eb28fef935354891265c2c92815420169f4f7b85ec1b7685f46665,2025,10,0.043097883
4f25ac5dd8c64401ae4d0eab78a88aab3f5dfdc86fe2802bbf56f1692d27e056,2025,5,0.17534295
4f25ac5dd8c64401ae4d0eab78a88aab3f5dfdc86fe2802bbf56f1692d27e056,2025,6,0.028661527
4f25ac5dd8c64401ae4d0eab78a88aab3f5dfdc86fe2802bbf56f1692d27e056,2025,7,0.02828357
4f25ac5dd8c64401ae4d0eab78a88aab3f5dfdc86fe2802bbf56f1692d27e056,2025,8,0.02921821
4f25ac5dd8c64401ae4d0eab78a88aab3f5dfdc86fe2802bbf56f1692d27e056,2025,9,0.06277167
4f25ac5dd8c64401ae4d0eab78a88aab3f5dfdc86fe2802bbf56f1692d27e056,2025,10,0.25135347
4f83c82309523058b6962b22fa9c6f380a741a512ac7faac8ed6c0473ee28f1d,2025,5,0.16605459
4f83c82309523058b6962b22fa9c6f380a741a512ac7faac8ed6c0473ee28f1d,2025,6,0.07454813
4f83c82309523058b6962b22fa9c6f380a741a512ac7faac8ed6c0473ee28f1d,2025,7,0.080564916
4f83c82309523058b6962b22fa9c6f380a741a512ac7faac8ed6c0473ee28f1d,2025,8,0.086840905
4f83c82309523058b6962b22fa9c6f380a741a512ac7faac8ed6c0473ee28f1d,2025,9,0.07228473
4f83c82309523058b6962b22fa9c6f380a741a512ac7faac8ed6c0473ee28f1d,2025,10,0.26229763
4f8b7573bd4d18f5a769d47d5502594af03424e17da078905fb78f94dabe49a3,2025,5,0.058576748
4f8b7573bd4d18f5a769d47d5502594af03424e17da078905fb78f94dabe49a3,2025,6,0.014776118
4f8b7573bd4d18f5a769d47d5502594af03424e17da078905fb78f94dabe49a3,2025,7,0.013833316
4f8b7573bd4d18f5a769d47d5502594af03424e17da078905fb78f94dabe49a3,2025,8,0.0141907735
4f8b7573bd4d18f5a769d47d5502594af03424e17da078905fb78f94dabe49a3,2025,9,0.027517973
4f8b7573bd4d18f5a769d47d5502594af03424e17da078905fb78f94dabe49a3,2025,10,0.0834609
505cec8055870ba248936866035f31c885549575133ff2e57db40e13573cc510,2025,5,0.021574017
505cec8055870ba248936866035f31c885549575133ff2e57db40e13573cc510,2025,6,0.012128567
505cec8055870ba248936866035f31c885549575133ff2e57db40e13573cc510,2025,7,0.010954945
505cec8055870ba248936866035f31c885549575133ff2e57db40e13573cc510,2025,8,0.010221669
505cec8055870ba248936866035f31c885549575133ff2e57db40e13573cc510,2025,9,0.015891017
505cec8055870ba248936866035f31c885549575133ff2e57db40e13573cc510,2025,10,0.047593538
50cabd611d5fb597fda9ba8744f20c95890e92febfb88bacd77518f28b76dbaf,2025,5,0.052671395
50cabd611d5fb597fda9ba8744f20c95890e92febfb88bacd77518f28b76dbaf,2025,6,0.01017829
50cabd611d5fb597fda9ba8744f20c95890e92febfb88bacd77518f28b76dbaf,2025,7,0.00798758
50cabd611d5fb597fda9ba8744f20c95890e92febfb88bacd77518f28b76dbaf,2025,8,0.008366818
50cabd611d5fb597fda9ba8744f20c95890e92febfb88bacd77518f28b76dbaf,2025,9,0.013189476
517d9cc76601f48794af477b42c6faf6d1bc1ffbc3e0a95c365525e24fff7102,2025,5,0.037355885
517d9cc76601f48794af477b42c6faf6d1bc1ffbc3e0a95c365525e24fff7102,2025,6,0.0087074125
517d9cc76601f48794af477b42c6faf6d1bc1ffbc3e0a95c365525e24fff7102,2025,7,0.0077659925
517d9cc76601f48794af477b42c6faf6d1bc1ffbc3e0a95c365525e24fff7102,2025,8,0.010122186
517d9cc76601f48794af477b42c6faf6d1bc1ffbc3e0a95c365525e24fff7102,2025,9,0.022590257
517d9cc76601f48794af477b42c6faf6d1bc1ffbc3e0a95c365525e24fff7102,2025,10,0.0611573
523dab51adeebba76556261f0810d6d75ed31f3df58fba1a2e4f696de54396ac,2025,5,0.02176974
523dab51adeebba76556261f0810d6d75ed31f3df58fba1a2e4f696de54396ac,2025,6,0.007341479
523dab51adeebba76556261f0810d6d75ed31f3df58fba1a2e4f696de54396ac,2025,7,0.0063564484
523dab51adeebba76556261f0810d6d75ed31f3df58fba1a2e4f696de54396ac,2025,8,0.007033158
523dab51adeebba76556261f0810d6d75ed31f3df58fba1a2e4f696de54396ac,2025,9,0.009162442
523dab51adeebba76556261f0810d6d75ed31f3df58fba1a2e4f696de54396ac,2025,10,0.029605765
5320f3b81b6e9ed63ef121e7cc60331945abaf8db9551d49321a3dec30f6c9bf,2025,5,0.07725906
5320f3b81b6e9ed63ef121e7cc60331945abaf8db9551d49321a3dec30f6c9bf,2025,6,0.013377381
5320f3b81b6e9ed63ef121e7cc60331945abaf8db9551d49321a3dec30f6c9bf,2025,7,0.013164006
5320f3b81b6e9ed63ef121e7cc60331945abaf8db9551d49321a3dec30f6c9bf,2025,8,0.013359135
5320f3b81b6e9ed63ef121e7cc60331945abaf8db9551d49321a3dec30f6c9bf,2025,9,0.010994813
5320f3b81b6e9ed63ef121e7cc60331945abaf8db9551d49321a3dec30f6c9bf,2025,10,0.14132312
533f97005c0cfa15c5dfa3f79154e5dff9a6b89ebeaf7dae85abf51b38eb0753,2025,5,0.068473294
533f97005c0cfa15c5dfa3f79154e5dff9a6b89ebeaf7dae85abf51b38eb0753,2025,6,0.012811438
533f97005c0cfa15c5dfa3f79154e5dff9a6b89ebeaf7dae85abf51b38eb0753,2025,7,0.004244669
533f97005c0cfa15c5dfa3f79154e5dff9a6b89ebeaf7dae85abf51b38eb0753,2025,8,0.004577917
533f97005c0cfa15c5dfa3f79154e5dff9a6b89ebeaf7dae85abf51b38eb0753,2025,9,0.013751544
533f97005c0cfa15c5dfa3f79154e5dff9a6b89ebeaf7dae85abf51b38eb0753,2025,10,0.076696426
53721a4d86e523d8f97d0f4c895bbbc5dc673145fc8105b70d6fe4f71d6fb543,2025,5,0.10761095
53721a4d86e523d8f97d0f4c895bbbc5dc673145fc8105b70d6fe4f71d6fb543,2025,6,0.0097959675
53721a4d86e523d8f97d0f4c895bbbc5dc673145fc8105b70d6fe4f71d6fb543,2025,7,0.011582932
53721a4d86e523d8f97d0f4c895bbbc5dc673145fc8105b70d6fe4f71d6fb543,2025,8,0.010610416
53721a4d86e523d8f97d0f4c895bbbc5dc673145fc8105b70d6fe4f71d6fb543,2025,9,0.037099216
53721a4d86e523d8f97d0f4c895bbbc5dc673145fc8105b70d6fe4f71d6fb543,2025,10,0.19193956
54390e6a5d05207123f733426abf4016e8b908d6cb692d80faf87426b8bb1bc6,2025,5,0.003239868
54390e6a5d05207123f733426abf4016e8b908d6cb692d80faf87426b8bb1bc6,2025,6,6.256121e-05
54390e6a5d05207123f733426abf4016e8b908d6cb692d80faf87426b8bb1bc6,2025,7,5.7520578e-05
54390e6a5d05207123f733426abf4016e8b908d6cb692d80faf87426b8bb1bc6,2025,8,6.599148e-05
54390e6a5d05207123f733426abf4016e8b908d6cb692d80faf87426b8bb1bc6,2025,9,8.6718916e-05
54390e6a5d05207123f733426abf4016e8b908d6cb692d80faf87426b8bb1bc6,2025,10,4.4145097e-05
5470f4e2eb4941a970035e6c883967845e6e85acfb7db272abe6c702aecdf002,2025,5,0.036974903
5470f4e2eb4941a970035e6c883967845e6e85acfb7db272abe6c702aecdf002,2025,6,0.01447676
5470f4e2eb4941a970035e6c883967845e6e85acfb7db272abe6c702aecdf002,2025,7,0.0129694715
5470f4e2eb4941a970035e6c883967845e6e85acfb7db272abe6c702aecdf002,2025,8,0.013902928
5470f4e2eb4941a970035e6c883967845e6e85acfb7db272abe6c702aecdf002,2025,9,0.017677536
5470f4e2eb4941a970035e6c883967845e6e85acfb7db272abe6c702aecdf002,2025,10,0.0561205
5545ab6fcf21d2a3b3a338eb0ab52ec090f35c4a766ef55fa0a4c8607fe6bb6c,2025,5,0.011240469
5545ab6fcf21d2a3b3a338eb0ab52ec090f35c4a766ef55fa0a4c8607fe6bb6c,2025,6,0.008755401
5545ab6fcf21d2a3b3a338eb0ab52ec090f35c4a766ef55fa0a4c8607fe6bb6c,2025,7,0.007036331
5545ab6fcf21d2a3b3a338eb0ab52ec090f35c4a766ef55fa0a4c8607fe6bb6c,2025,8,0.0083495015
5545ab6fcf21d2a3b3a338eb0ab52ec090f35c4a766ef55fa0a4c8607fe6bb6c,2025,9,0.011306567
5545ab6fcf21d2a3b3a338eb0ab52ec090f35c4a766ef55fa0a4c8607fe6bb6c,2025,10,0.02615018
55630d4249cb25530ec503d923aa0dec68fb91f0ce6cde50423eefd1eb852c9a,2025,5,0.00910855
55630d4249cb25530ec503d923aa0dec68fb91f0ce6cde50423eefd1eb852c9a,2025,6,0.004997333
55630d4249cb25530ec503d923aa0dec68fb91f0ce6cde50423eefd1eb852c9a,2025,7,0.0046314085
55630d4249cb25530ec503d923aa0dec68fb91f0ce6cde50423eefd1eb852c9a,2025,8,0.004797598
55630d4249cb25530ec503d923aa0dec68fb91f0ce6cde50423eefd1eb852c9a,2025,9,0.0055167587
55630d4249cb25530ec503d923aa0dec68fb91f0ce6cde50423eefd1eb852c9a,2025,10,0.031897627
55800e8dff57a438a5048017412519dc461aa797eb7de4f2a096ac0a2fb91dbd,2025,5,0.031305227
55800e8dff57a438a5048017412519dc461aa797eb7de4f2a096ac0a2fb91dbd,2025,6,0.0037205622
55800e8dff57a438a5048017412519dc461aa797eb7de4f2a096ac0a2fb91dbd,2025,7,0.0037112006
55800e8dff57a438a5048017412519dc461aa797eb7de4f2a096ac0a2fb91dbd,2025,8,0.0029445426
55800e8dff57a438a5048017412519dc461aa797eb7de4f2a096ac0a2fb91dbd,2025,9,0.012215295
55800e8dff57a438a5048017412519dc461aa797eb7de4f2a096ac0a2fb91dbd,2025,10,0.06429645
56b42ee217ab8ea2210a6e214cb13ca97d0a387c6f0d4acb79c1397ade9f3860,2025,5,0.041675556
56b42ee217ab8ea2210a6e214cb13ca97d0a387c6f0d4acb79c1397ade9f3860,2025,6,0.005615927
56b42ee217ab8ea2210a6e214cb13ca97d0a387c6f0d4acb79c1397ade9f3860,2025,7,0.004942988
56b42ee217ab8ea2210a6e214cb13ca97d0a387c6f0d4acb79c1397ade9f3860,2025,8,0.004841214
56b42ee217ab8ea2210a6e214cb13ca97d0a387c6f0d4acb79c1397ade9f3860,2025,9,0.01954247
56b42ee217ab8ea2210a6e214cb13ca97d0a387c6f0d4acb79c1397ade9f3860,2025,10,0.0952183
56bd92b09a813495134ac6d10f5e782789cfefee0b2fc53c385efeee199eec99,2025,5,0.12545082
56bd92b09a813495134ac6d10f5e782789cfefee0b2fc53c385efeee199eec99,2025,6,0.034288824
56bd92b09a813495134ac6d10f5e782789cfefee0b2fc53c385efeee199eec99,2025,7,0.030432269
56bd92b09a813495134ac6d10f5e782789cfefee0b2fc53c385efeee199eec99,2025,8,0.035221662
56bd92b09a813495134ac6d10f5e782789cfefee0b2fc53c385efeee199eec99,2025,9,0.058465514
56bd92b09a813495134ac6d10f5e782789cfefee0b2fc53c385efeee199eec99,2025,10,0.20856401
57759d9cd850c1c1a07c24f46c3cf47f6469420986bb049cca476d2316ca5cc6,2025,5,0.038244635
57759d9cd850c1c1a07c24f46c3cf47f6469420986bb049cca476d2316ca5cc6,2025,6,0.0070299683
57759d9cd850c1c1a07c24f46c3cf47f6469420986bb049cca476d2316ca5cc6,2025,7,0.0040871953
57759d9cd850c1c1a07c24f46c3cf47f6469420986bb049cca476d2316ca5cc6,2025,8,0.0041867713
57759d9cd850c1c1a07c24f46c3cf47f6469420986bb049cca476d2316ca5cc6,2025,9,0.021981057
57759d9cd850c1c1a07c24f46c3cf47f6469420986bb049cca476d2316ca5cc6,2025,10,0.04663675
57830d21168320b1159d9fa5ddea9c32ed78fb8bbd3361a37461c7af875ab9fd,2025,5,0.01422936
57830d21168320b1159d9fa5ddea9c32ed78fb8bbd3361a37461c7af875ab9fd,2025,6,0.008473988
57830d21168320b1159d9fa5ddea9c32ed78fb8bbd3361a37461c7af875ab9fd,2025,7,0.007634782
57830d21168320b1159d9fa5ddea9c32ed78fb8bbd3361a37461c7af875ab9fd,2025,8,0.0080701895
57830d21168320b1159d9fa5ddea9c32ed78fb8bbd3361a37461c7af875ab9fd,2025,9,0.014357156
57830d21168320b1159d9fa5ddea9c32ed78fb8bbd3361a37461c7af875ab9fd,2025,10,0.027821828
57ad7d4729eac1e5d053e22153f65597eb940dc6c45a6e473bc3d84b1ae20d6c,2025,5,0.24848872
57ad7d4729eac1e5d053e22153f65597eb940dc6c45a6e473bc3d84b1ae20d6c,2025,6,0.07945221
57ad7d4729eac1e5d053e22153f65597eb940dc6c45a6e473bc3d84b1ae20d6c,2025,7,0.06450525
57ad7d4729eac1e5d053e22153f65597eb940dc6c45a6e473bc3d84b1ae20d6c,2025,8,0.07542883
57ad7d4729eac1e5d053e22153f65597eb940dc6c45a6e473bc3d84b1ae20d6c,2025,9,0.08288856
57ad7d4729eac1e5d053e22153f65597eb940dc6c45a6e473bc3d84b1ae20d6c,2025,10,0.16227016
57e1f592de6d1c5ff494d51ce570ac76c198b9e5bfd2794006a37cfd39b7d3a5,2025,5,0.024148623
57e1f592de6d1c5ff494d51ce570ac76c198b9e5bfd2794006a37cfd39b7d3a5,2025,6,0.011010235
57e1f592de6d1c5ff494d51ce570ac76c198b9e5bfd2794006a37cfd39b7d3a5,2025,7,0.010225138
57e1f592de6d1c5ff494d51ce570ac76c198b9e5bfd2794006a37cfd39b7d3a5,2025,8,0.011942851
57e1f592de6d1c5ff494d51ce570ac76c198b9e5bfd2794006a37cfd39b7d3a5,2025,9,0.01627146
57e1f592de6d1c5ff494d51ce570ac76c198b9e5bfd2794006a37cfd39b7d3a5,2025,10,0.054835446
588f57b50001201d45ddccc8c41e273f65c4fb3a5e6500d0d5b896aa695621b3,2025,5,0.019521542
588f57b50001201d45ddccc8c41e273f65c4fb3a5e6500d0d5b896aa695621b3,2025,6,0.010560006
588f57b50001201d45ddccc8c41e273f65c4fb3a5e6500d0d5b896aa695621b3,2025,7,0.009513134
588f57b50001201d45ddccc8c41e273f65c4fb3a5e6500d0d5b896aa695621b3,2025,8,0.009581476
588f57b50001201d45ddccc8c41e273f65c4fb3a5e6500d0d5b896aa695621b3,2025,9,0.012670857
588f57b50001201d45ddccc8c41e273f65c4fb3a5e6500d0d5b896aa695621b3,2025,10,0.034451354
59050c52b7e28aba19f7a4ca026db3e53aef86f84df0486b2cbadea29ce72492,2025,5,0.034946803
59050c52b7e28aba19f7a4ca026db3e53aef86f84df0486b2cbadea29ce72492,2025,6,0.0059008575
59050c52b7e28aba19f7a4ca026db3e53aef86f84df0486b2cbadea29ce72492,2025,7,0.004941979
59050c52b7e28aba19f7a4ca026db3e53aef86f84df0486b2cbadea29ce72492,2025,8,0.0071430313
59050c52b7e28aba19f7a4ca026db3e53aef86f84df0486b2cbadea29ce72492,2025,9,0.013703334
59050c52b7e28aba19f7a4ca026db3e53aef86f84df0486b2cbadea29ce72492,2025,10,0.052961163
59e21223b9464c29968868cca28e4c34fabfc8521b0a77672e127a8ea6fe63fa,2025,5,0.07848419
59e21223b9464c29968868cca28e4c34fabfc8521b0a77672e127a8ea6fe63fa,2025,6,0.018471546
59e21223b9464c29968868cca28e4c34fabfc8521b0a77672e127a8ea6fe63fa,2025,7,0.010440699
59e21223b9464c29968868cca28e4c34fabfc8521b0a77672e127a8ea6fe63fa,2025,8,0.010362286
59e21223b9464c29968868cca28e4c34fabfc8521b0a77672e127a8ea6fe63fa,2025,9,0.02055188
59e21223b9464c29968868cca28e4c34fabfc8521b0a77672e127a8ea6fe63fa,2025,10,0.08492172
59fd23aa206ea7d99c5d9cab9bc125e1713c88c5fc51e5f196118728f4a9c5df,2025,5,0.04229696
59fd23aa206ea7d99c5d9cab9bc125e1713c88c5fc51e5f196118728f4a9c5df,2025,6,0.012788
59fd23aa206ea7d99c5d9cab9bc125e1713c88c5fc51e5f196118728f4a9c5df,2025,7,0.010403709
59fd23aa206ea7d99c5d9cab9bc125e1713c88c5fc51e5f196118728f4a9c5df,2025,8,0.012821784
59fd23aa206ea7d99c5d9cab9bc125e1713c88c5fc51e5f196118728f4a9c5df,2025,9,0.02010073
59fd23aa206ea7d99c5d9cab9bc125e1713c88c5fc51e5f196118728f4a9c5df,2025,10,0.05648702
5a07ce9c5fcc80da55b4c1cead1167688d043c0c21e996abfbcc3e6ed32c06c0,2025,5,0.026813665
5a07ce9c5fcc80da55b4c1cead1167688d043c0c21e996abfbcc3e6ed32c06c0,2025,6,0.010956645
5a07ce9c5fcc80da55b4c1cead1167688d043c0c21e996abfbcc3e6ed32c06c0,2025,7,0.0110972915
5a07ce9c5fcc80da55b4c1cead1167688d043c0c21e996abfbcc3e6ed32c06c0,2025,8,0.010956365
5a07ce9c5fcc80da55b4c1cead1167688d043c0c21e996abfbcc3e6ed32c06c0,2025,9,0.013085899
5a07ce9c5fcc80da55b4c1cead1167688d043c0c21e996abfbcc3e6ed32c06c0,2025,10,0.04776518
5aa7c9db489efe318f3f6f41a484f366b5fd8a13c4bf0eb7d33a6307b9535646,2025,5,0.017702898
5aa7c9db489efe318f3f6f41a484f366b5fd8a13c4bf0eb7d33a6307b9535646,2025,6,0.0056948825
5aa7c9db489efe318f3f6f41a484f366b5fd8a13c4bf0eb7d33a6307b9535646,2025,7,0.0045923437
5aa7c9db489efe318f3f6f41a484f366b5fd8a13c4bf0eb7d33a6307b9535646,2025,8,0.003647522
5aa7c9db489efe318f3f6f41a484f366b5fd8a13c4bf0eb7d33a6307b9535646,2025,9,0.01038588
5aa7c9db489efe318f3f6f41a484f366b5fd8a13c4bf0eb7d33a6307b9535646,2025,10,0.034612633
5b03b2f6c400846d942696bc54df19745c10fc5ee044f1654b16317b5bfa06be,2025,5,0.033139832
5b03b2f6c400846d942696bc54df19745c10fc5ee044f1654b16317b5bfa06be,2025,6,0.01091084
5b03b2f6c400846d942696bc54df19745c10fc5ee044f1654b16317b5bfa06be,2025,7,0.007383467
5b03b2f6c400846d942696bc54df19745c10fc5ee044f1654b16317b5bfa06be,2025,8,0.00980599
5b03b2f6c400846d942696bc54df19745c10fc5ee044f1654b16317b5bfa06be,2025,9,0.019046037
5b03b2f6c400846d942696bc54df19745c10fc5ee044f1654b16317b5bfa06be,2025,10,0.073595084
5b3858ba768144be08debf49316052877f2af36e7eada6946ef9022e28a2fd1a,2025,5,0.2916925
5b3858ba768144be08debf49316052877f2af36e7eada6946ef9022e28a2fd1a,2025,6,0.038006924
5b3858ba768144be08debf49316052877f2af36e7eada6946ef9022e28a2fd1a,2025,7,0.022008304
5b3858ba768144be08debf49316052877f2af36e7eada6946ef9022e28a2fd1a,2025,8,0.034559462
5b3858ba768144be08debf49316052877f2af36e7eada6946ef9022e28a2fd1a,2025,9,0.09097242
5b3858ba768144be08debf49316052877f2af36e7eada6946ef9022e28a2fd1a,2025,10,0.37405846
5b41533f785e07c78fe2cd6544a42022eafcd74d941d75086d31739e159026d4,2025,5,0.03007192
5b41533f785e07c78fe2cd6544a42022eafcd74d941d75086d31739e159026d4,2025,6,0.012898476
5b41533f785e07c78fe2cd6544a42022eafcd74d941d75086d31739e159026d4,2025,7,0.010743416
5b41533f785e07c78fe2cd6544a42022eafcd74d941d75086d31739e159026d4,2025,8,0.011680233
5b41533f785e07c78fe2cd6544a42022eafcd74d941d75086d31739e159026d4,2025,9,0.015327019
5b41533f785e07c78fe2cd6544a42022eafcd74d941d75086d31739e159026d4,2025,10,0.04479838
5b7a81d5dfc407034deb1aa280feebeaab899969e4b565d765e5f8036974aa5a,2025,5,0.024199948
5b7a81d5dfc407034deb1aa280feebeaab899969e4b565d765e5f8036974aa5a,2025,6,0.00478899
5b7a81d5dfc407034deb1aa280feebeaab899969e4b565d765e5f8036974aa5a,2025,7,0.0035459877
5b7a81d5dfc407034deb1aa280feebeaab899969e4b565d765e5f8036974aa5a,2025,8,0.0033470897
5b7a81d5dfc407034deb1aa280feebeaab899969e4b565d765e5f8036974aa5a,2025,9,0.009266263
5b7a81d5dfc407034deb1aa280feebeaab899969e4b565d765e5f8036974aa5a,2025,10,0.027906653
5bfdd623bfd03a2c1b7ac18dd3e8e7493f2b33b30278675c3a9facb5a760772a,2025,5,0.022511212
5bfdd623bfd03a2c1b7ac18dd3e8e7493f2b33b30278675c3a9facb5a760772a,2025,6,0.006480318
5bfdd623bfd03a2c1b7ac18dd3e8e7493f2b33b30278675c3a9facb5a760772a,2025,7,0.005326669
5bfdd623bfd03a2c1b7ac18dd3e8e7493f2b33b30278675c3a9facb5a760772a,2025,8,0.005610495
5bfdd623bfd03a2c1b7ac18dd3e8e7493f2b33b30278675c3a9facb5a760772a,2025,9,0.02380634
5bfdd623bfd03a2c1b7ac18dd3e8e7493f2b33b30278675c3a9facb5a760772a,2025,10,0.05068885
5cf0d095281a25413ac106fe116c1e57f23e24cc370014fc11825831e6947428,2025,5,0.03537615
5cf0d095281a25413ac106fe116c1e57f23e24cc370014fc11825831e6947428,2025,6,0.013939766
5cf0d095281a25413ac106fe116c1e57f23e24cc370014fc11825831e6947428,2025,7,0.012698948
5cf0d095281a25413ac106fe116c1e57f23e24cc370014fc11825831e6947428,2025,8,0.0127002355
5cf0d095281a25413ac106fe116c1e57f23e24cc370014fc11825831e6947428,2025,9,0.016551955
5cf0d095281a25413ac106fe116c1e57f23e24cc370014fc11825831e6947428,2025,10,0.058159478
5ecc19fefa39630b967d96cb9290f5a667cd21bf49f4c9e454c7f6190fdf9dce,2025,5,0.04802366
5ecc19fefa39630b967d96cb9290f5a667cd21bf49f4c9e454c7f6190fdf9dce,2025,6,0.020787217
5ecc19fefa39630b967d96cb9290f5a667cd21bf49f4c9e454c7f6190fdf9dce,2025,7,0.015443517
5ecc19fefa39630b967d96cb9290f5a667cd21bf49f4c9e454c7f6190fdf9dce,2025,8,0.022168562
5ecc19fefa39630b967d96cb9290f5a667cd21bf49f4c9e454c7f6190fdf9dce,2025,9,0.022562565
5ecc19fefa39630b967d96cb9290f5a667cd21bf49f4c9e454c7f6190fdf9dce,2025,10,0.07112948
5f9825a2690b37cce56f4a82d25a4030786fe903f495f5100d943c2b8cc6a1d9,2025,5,0.069997184
5f9825a2690b37cce56f4a82d25a4030786fe903f495f5100d943c2b8cc6a1d9,2025,6,0.02285789
5f9825a2690b37cce56f4a82d25a4030786fe903f495f5100d943c2b8cc6a1d9,2025,7,0.025941025
5f9825a2690b37cce56f4a82d25a4030786fe903f495f5100d943c2b8cc6a1d9,2025,8,0.028002208
5f9825a2690b37cce56f4a82d25a4030786fe903f495f5100d943c2b8cc6a1d9,2025,9,0.027019095
5f9825a2690b37cce56f4a82d25a4030786fe903f495f5100d943c2b8cc6a1d9,2025,10,0.08301927
5fc8fe40f253c5522657a9fd70bb37c6a7ff4643c59cd64018ed5d576cf1be63,2025,5,0.052959498
5fc8fe40f253c5522657a9fd70bb37c6a7ff4643c59cd64018ed5d576cf1be63,2025,6,0.011013989
5fc8fe40f253c5522657a9fd70bb37c6a7ff4643c59cd64018ed5d576cf1be63,2025,7,0.011157624
5fc8fe40f253c5522657a9fd70bb37c6a7ff4643c59cd64018ed5d576cf1be63,2025,8,0.011652239
5fc8fe40f253c5522657a9fd70bb37c6a7ff4643c59cd64018ed5d576cf1be63,2025,9,0.029543672
5fc8fe40f253c5522657a9fd70bb37c6a7ff4643c59cd64018ed5d576cf1be63,2025,10,0.10133585
60bcd9b88089f8b9ac9dbf85fe94fd5c3225b55bdb214f46e8a40d08e096d51f,2025,5,0.3559333
60bcd9b88089f8b9ac9dbf85fe94fd5c3225b55bdb214f46e8a40d08e096d51f,2025,6,0.3109026
60bcd9b88089f8b9ac9dbf85fe94fd5c3225b55bdb214f46e8a40d08e096d51f,2025,7,0.27931723
60bcd9b88089f8b9ac9dbf85fe94fd5c3225b55bdb214f46e8a40d08e096d51f,2025,8,0.2967316
60bcd9b88089f8b9ac9dbf85fe94fd5c3225b55bdb214f46e8a40d08e096d51f,2025,9,0.32945403
60bcd9b88089f8b9ac9dbf85fe94fd5c3225b55bdb214f46e8a40d08e096d51f,2025,10,0.41334954
60c5b163f2f9c8555febf4fda3ecf8dffa45120e1cfbcd05dd25721bc262a995,2025,5,0.03381538
60c5b163f2f9c8555febf4fda3ecf8dffa45120e1cfbcd05dd25721bc262a995,2025,6,0.00804637
60c5b163f2f9c8555febf4fda3ecf8dffa45120e1cfbcd05dd25721bc262a995,2025,7,0.008166785
60c5b163f2f9c8555febf4fda3ecf8dffa45120e1cfbcd05dd25721bc262a995,2025,8,0.008413286
60c5b163f2f9c8555febf4fda3ecf8dffa45120e1cfbcd05dd25721bc262a995,2025,9,0.014239146
60c5b163f2f9c8555febf4fda3ecf8dffa45120e1cfbcd05dd25721bc262a995,2025,10,0.053293675
60e7edb5d6edb57d84945a6e346c6f4e0f7917f57a13fb9ac38b70434199f822,2025,5,0.049011216
60e7edb5d6edb57d84945a6e346c6f4e0f7917f57a13fb9ac38b70434199f822,2025,6,0.013083376
60e7edb5d6edb57d84945a6e346c6f4e0f7917f57a13fb9ac38b70434199f822,2025,7,0.012114957
60e7edb5d6edb57d84945a6e346c6f4e0f7917f57a13fb9ac38b70434199f822,2025,8,0.013212325
60e7edb5d6edb57d84945a6e346c6f4e0f7917f57a13fb9ac38b70434199f822,2025,9,0.021197205
60e7edb5d6edb57d84945a6e346c6f4e0f7917f57a13fb9ac38b70434199f822,2025,10,0.09990606
615bf3d6f36d251cb9e14425615f8e2e365542fe9dc9ecd5dd2e98fa5a5d35e5,2025,5,0.036592383
615bf3d6f36d251cb9e14425615f8e2e365542fe9dc9ecd5dd2e98fa5a5d35e5,2025,6,0.010157085
615bf3d6f36d251cb9e14425615f8e2e365542fe9dc9ecd5dd2e98fa5a5d35e5,2025,7,0.009677496
615bf3d6f36d251cb9e14425615f8e2e365542fe9dc9ecd5dd2e98fa5a5d35e5,2025,8,0.009830658
615bf3d6f36d251cb9e14425615f8e2e365542fe9dc9ecd5dd2e98fa5a5d35e5,2025,9,0.016679017
615bf3d6f36d251cb9e14425615f8e2e365542fe9dc9ecd5dd2e98fa5a5d35e5,2025,10,0.057990607
61898ee235e5962a9291a7a1b991269e79d37401af402bcc21c0ba708e5ef86a,2025,5,0.029325293
61898ee235e5962a9291a7a1b991269e79d37401af402bcc21c0ba708e5ef86a,2025,6,0.012540158
61898ee235e5962a9291a7a1b991269e79d37401af402bcc21c0ba708e5ef86a,2025,7,0.0129075125
61898ee235e5962a9291a7a1b991269e79d37401af402bcc21c0ba708e5ef86a,2025,8,0.0130755985
61898ee235e5962a9291a7a1b991269e79d37401af402bcc21c0ba708e5ef86a,2025,9,0.017745713
61898ee235e5962a9291a7a1b991269e79d37401af402bcc21c0ba708e5ef86a,2025,10,0.06704185
61e4cc7d07e2597a412b5a4d76b6abf624b45d0658ebaa8554f9f10e83fae126,2025,5,0.051750362
61e4cc7d07e2597a412b5a4d76b6abf624b45d0658ebaa8554f9f10e83fae126,2025,6,0.01322562
61e4cc7d07e2597a412b5a4d76b6abf624b45d0658ebaa8554f9f10e83fae126,2025,7,0.011764896
61e4cc7d07e2597a412b5a4d76b6abf624b45d0658ebaa8554f9f10e83fae126,2025,8,0.01230685
61e4cc7d07e2597a412b5a4d76b6abf624b45d0658ebaa8554f9f10e83fae126,2025,9,0.013759583
61e4cc7d07e2597a412b5a4d76b6abf624b45d0658ebaa8554f9f10e83fae126,2025,10,0.07715313
61eb8b7e6725b2ecd5b694c37e61194886c4258db398459aed173d9e4083ca02,2025,5,0.030167518
61eb8b7e6725b2ecd5b694c37e61194886c4258db398459aed173d9e4083ca02,2025,6,0.027610274
61eb8b7e6725b2ecd5b694c37e61194886c4258db398459aed173d9e4083ca02,2025,7,0.023908354
61eb8b7e6725b2ecd5b694c37e61194886c4258db398459aed173d9e4083ca02,2025,8,0.026559597
61eb8b7e6725b2ecd5b694c37e61194886c4258db398459aed173d9e4083ca02,2025,9,0.028218338
61eb8b7e6725b2ecd5b694c37e61194886c4258db398459aed173d9e4083ca02,2025,10,0.0657748
620db3de55dd5ad5a4c84aa60649c93b1ce72290172e7e8af9e22116544bfbaf,2025,5,0.03938451
620db3de55dd5ad5a4c84aa60649c93b1ce72290172e7e8af9e22116544bfbaf,2025,6,0.02672729
620db3de55dd5ad5a4c84aa60649c93b1ce72290172e7e8af9e22116544bfbaf,2025,7,0.022953404
620db3de55dd5ad5a4c84aa60649c93b1ce72290172e7e8af9e22116544bfbaf,2025,8,0.014311512
620db3de55dd5ad5a4c84aa60649c93b1ce72290172e7e8af9e22116544bfbaf,2025,9,0.021160625
620db3de55dd5ad5a4c84aa60649c93b1ce72290172e7e8af9e22116544bfbaf,2025,10,0.037473787
6307f0a62336512f6d63464c85eb14bac28566846dfcde80440c49734b4fc7bf,2025,5,0.035486475
6307f0a62336512f6d63464c85eb14bac28566846dfcde80440c49734b4fc7bf,2025,6,0.0057948288
6307f0a62336512f6d63464c85eb14bac28566846dfcde80440c49734b4fc7bf,2025,7,0.0059273005
6307f0a62336512f6d63464c85eb14bac28566846dfcde80440c49734b4fc7bf,2025,8,0.0065855533
6307f0a62336512f6d63464c85eb14bac28566846dfcde80440c49734b4fc7bf,2025,9,0.01725722
6307f0a62336512f6d63464c85eb14bac28566846dfcde80440c49734b4fc7bf,2025,10,0.08741955
63084611d343a86e43ca476a23410f4f82cd22651f479a700f525766235558df,2025,5,0.03468201
63084611d343a86e43ca476a23410f4f82cd22651f479a700f525766235558df,2025,6,0.011001396
63084611d343a86e43ca476a23410f4f82cd22651f479a700f525766235558df,2025,7,0.008306502
63084611d343a86e43ca476a23410f4f82cd22651f479a700f525766235558df,2025,8,0.0106216585
63084611d343a86e43ca476a23410f4f82cd22651f479a700f525766235558df,2025,9,0.017775308
63084611d343a86e43ca476a23410f4f82cd22651f479a700f525766235558df,2025,10,0.047015224
633d3575fa7767edfb0a71626b48acb0761ccb8c8639e6231554cdd95745d85d,2025,5,0.17871787
633d3575fa7767edfb0a71626b48acb0761ccb8c8639e6231554cdd95745d85d,2025,6,0.02704386
633d3575fa7767edfb0a71626b48acb0761ccb8c8639e6231554cdd95745d85d,2025,7,0.033187486
633d3575fa7767edfb0a71626b48acb0761ccb8c8639e6231554cdd95745d85d,2025,8,0.04309501
633d3575fa7767edfb0a71626b48acb0761ccb8c8639e6231554cdd95745d85d,2025,9,0.08460836
633d3575fa7767edfb0a71626b48acb0761ccb8c8639e6231554cdd95745d85d,2025,10,0.29123512
633ea077a4f502548f8fc9ec02da5360d6f4647862878e539130f2e2d7444164,2025,5,0.023151066
633ea077a4f502548f8fc9ec02da5360d6f4647862878e539130f2e2d7444164,2025,6,0.016228493
633ea077a4f502548f8fc9ec02da5360d6f4647862878e539130f2e2d7444164,2025,7,0.014433483
633ea077a4f502548f8fc9ec02da5360d6f4647862878e539130f2e2d7444164,2025,8,0.015041725
633ea077a4f502548f8fc9ec02da5360d6f4647862878e539130f2e2d7444164,2025,9,0.017822139
633ea077a4f502548f8fc9ec02da5360d6f4647862878e539130f2e2d7444164,2025,10,0.04040636
63dd53d33b345b620673bf853e517ddc2c91235e8e15c0ccec551d34b8ecc210,2025,5,0.049020533
63dd53d33b345b620673bf853e517ddc2c91235e8e15c0ccec551d34b8ecc210,2025,6,0.000130187
63dd53d33b345b620673bf853e517ddc2c91235e8e15c0ccec551d34b8ecc210,2025,7,0.00014441309
63dd53d33b345b620673bf853e517ddc2c91235e8e15c0ccec551d34b8ecc210,2025,8,0.00013858618
63dd53d33b345b620673bf853e517ddc2c91235e8e15c0ccec551d34b8ecc210,2025,9,0.011951235
63dd53d33b345b620673bf853e517ddc2c91235e8e15c0ccec551d34b8ecc210,2025,10,0.2877412
63f34050039b27e299e62b4eacfc6482e44bc6a130446efec848a548d21aedf3,2025,5,0.139205
63f34050039b27e299e62b4eacfc6482e44bc6a130446efec848a548d21aedf3,2025,6,0.089593925
63f34050039b27e299e62b4eacfc6482e44bc6a130446efec848a548d21aedf3,2025,7,0.11305277
63f34050039b27e299e62b4eacfc6482e44bc6a130446efec848a548d21aedf3,2025,8,0.12948644
63f34050039b27e299e62b4eacfc6482e44bc6a130446efec848a548d21aedf3,2025,9,0.11432752
63f34050039b27e299e62b4eacfc6482e44bc6a130446efec848a548d21aedf3,2025,10,0.18243553
63fda78c4fbd335f7c85c0dab6926090b02ccdc24eeb5fef6d7c2330d449f8d3,2025,5,0.031022144
63fda78c4fbd335f7c85c0dab6926090b02ccdc24eeb5fef6d7c2330d449f8d3,2025,6,0.011400307
63fda78c4fbd335f7c85c0dab6926090b02ccdc24eeb5fef6d7c2330d449f8d3,2025,7,0.008952529
63fda78c4fbd335f7c85c0dab6926090b02ccdc24eeb5fef6d7c2330d449f8d3,2025,8,0.009621882
63fda78c4fbd335f7c85c0dab6926090b02ccdc24eeb5fef6d7c2330d449f8d3,2025,9,0.011393569
63fda78c4fbd335f7c85c0dab6926090b02ccdc24eeb5fef6d7c2330d449f8d3,2025,10,0.04280154
6401974d764381f21fee84cbab820123e2fbb908730abc77e591ae326f046e58,2025,5,0.035821676
6401974d764381f21fee84cbab820123e2fbb908730abc77e591ae326f046e58,2025,6,0.015840344
6401974d764381f21fee84cbab820123e2fbb908730abc77e591ae326f046e58,2025,7,0.015037117
6401974d764381f21fee84cbab820123e2fbb908730abc77e591ae326f046e58,2025,8,0.015094265
6401974d764381f21fee84cbab820123e2fbb908730abc77e591ae326f046e58,2025,9,0.018352639
6401974d764381f21fee84cbab820123e2fbb908730abc77e591ae326f046e58,2025,10,0.06053343
653ffec4ec62bb9e892b954580d5a75f50cdc2a7bc1bc109f616ccc4a16d136c,2025,5,0.039757997
653ffec4ec62bb9e892b954580d5a75f50cdc2a7bc1bc109f616ccc4a16d136c,2025,6,0.012218975
653ffec4ec62bb9e892b954580d5a75f50cdc2a7bc1bc109f616ccc4a16d136c,2025,7,0.011969963
653ffec4ec62bb9e892b954580d5a75f50cdc2a7bc1bc109f616ccc4a16d136c,2025,8,0.010253462
653ffec4ec62bb9e892b954580d5a75f50cdc2a7bc1bc109f616ccc4a16d136c,2025,9,0.02110412
653ffec4ec62bb9e892b954580d5a75f50cdc2a7bc1bc109f616ccc4a16d136c,2025,10,0.08185887
6569ec289bfff6260f75287e8507b1b8a23bb3b4e996c079b2ee399c08144033,2025,5,0.02892585
6569ec289bfff6260f75287e8507b1b8a23bb3b4e996c079b2ee399c08144033,2025,6,0.008429282
6569ec289bfff6260f75287e8507b1b8a23bb3b4e996c079b2ee399c08144033,2025,7,0.008170682
6569ec289bfff6260f75287e8507b1b8a23bb3b4e996c079b2ee399c08144033,2025,8,0.008528725
6569ec289bfff6260f75287e8507b1b8a23bb3b4e996c079b2ee399c08144033,2025,9,0.021434959
6569ec289bfff6260f75287e8507b1b8a23bb3b4e996c079b2ee399c08144033,2025,10,0.096213
669ad444bf902b0518da32fe225456e46a89593fcb35621838d7c1508dbdc491,2025,5,0.069204144
669ad444bf902b0518da32fe225456e46a89593fcb35621838d7c1508dbdc491,2025,6,0.017077507
669ad444bf902b0518da32fe225456e46a89593fcb35621838d7c1508dbdc491,2025,7,0.015796805
669ad444bf902b0518da32fe225456e46a89593fcb35621838d7c1508dbdc491,2025,8,0.015310694
669ad444bf902b0518da32fe225456e46a89593fcb35621838d7c1508dbdc491,2025,9,0.030725494
669ad444bf902b0518da32fe225456e46a89593fcb35621838d7c1508dbdc491,2025,10,0.11434743
66e4d6f3af1f9c8f3f2ed5f1143c4358bb53ca3df4f64189dec51276ff03712a,2025,5,0.035140645
66e4d6f3af1f9c8f3f2ed5f1143c4358bb53ca3df4f64189dec51276ff03712a,2025,6,0.0058744363
66e4d6f3af1f9c8f3f2ed5f1143c4358bb53ca3df4f64189dec51276ff03712a,2025,7,0.0046994262
66e4d6f3af1f9c8f3f2ed5f1143c4358bb53ca3df4f64189dec51276ff03712a,2025,8,0.005456142
66e4d6f3af1f9c8f3f2ed5f1143c4358bb53ca3df4f64189dec51276ff03712a,2025,9,0.008963911
66e4d6f3af1f9c8f3f2ed5f1143c4358bb53ca3df4f64189dec51276ff03712a,2025,10,0.036536448
6730c0d7b2f79408d56eedefa827ded1388ed88efc60562e50ba2193cd890b5d,2025,5,0.17436439
6730c0d7b2f79408d56eedefa827ded1388ed88efc60562e50ba2193cd890b5d,2025,6,0.11061677
6730c0d7b2f79408d56eedefa827ded1388ed88efc60562e50ba2193cd890b5d,2025,7,0.040975157
6730c0d7b2f79408d56eedefa827ded1388ed88efc60562e50ba2193cd890b5d,2025,8,0.087271444
6730c0d7b2f79408d56eedefa827ded1388ed88efc60562e50ba2193cd890b5d,2025,9,0.82757884
6730c0d7b2f79408d56eedefa827ded1388ed88efc60562e50ba2193cd890b5d,2025,10,0.33134535
6780433405283f4759d260e09daa877085ad32cdedfe860a8a2248529267b67b,2025,5,0.044679727
6780433405283f4759d260e09daa877085ad32cdedfe860a8a2248529267b67b,2025,6,0.015418172
6780433405283f4759d260e09daa877085ad32cdedfe860a8a2248529267b67b,2025,7,0.009002301
6780433405283f4759d260e09daa877085ad32cdedfe860a8a2248529267b67b,2025,8,0.010417773
6780433405283f4759d260e09daa877085ad32cdedfe860a8a2248529267b67b,2025,9,0.019293498
6780433405283f4759d260e09daa877085ad32cdedfe860a8a2248529267b67b,2025,10,0.06198876
6887e4e49a02c50159170e203487f2c9fcef838ccbd6b1a7d33d52b4301a60f5,2025,5,0.024825228
6887e4e49a02c50159170e203487f2c9fcef838ccbd6b1a7d33d52b4301a60f5,2025,6,0.012588734
6887e4e49a02c50159170e203487f2c9fcef838ccbd6b1a7d33d52b4301a60f5,2025,7,0.010604101
6887e4e49a02c50159170e203487f2c9fcef838ccbd6b1a7d33d52b4301a60f5,2025,8,0.012376004
6887e4e49a02c50159170e203487f2c9fcef838ccbd6b1a7d33d52b4301a60f5,2025,9,0.0146481395
6887e4e49a02c50159170e203487f2c9fcef838ccbd6b1a7d33d52b4301a60f5,2025,10,0.036938194
68f47e7f7e22a510cce68978eaa4c4234dd9a420465b7beeb1587ef04a7723b2,2025,5,0.0094251465
68f47e7f7e22a510cce68978eaa4c4234dd9a420465b7beeb1587ef04a7723b2,2025,6,0.006105742
68f47e7f7e22a510cce68978eaa4c4234dd9a420465b7beeb1587ef04a7723b2,2025,7,0.0043332684
68f47e7f7e22a510cce68978eaa4c4234dd9a420465b7beeb1587ef04a7723b2,2025,8,0.005133243
68f47e7f7e22a510cce68978eaa4c4234dd9a420465b7beeb1587ef04a7723b2,2025,9,0.00596903
68f47e7f7e22a510cce68978eaa4c4234dd9a420465b7beeb1587ef04a7723b2,2025,10,0.009972797
696f6f188b1c6491b90746200a08ed319ee13e0253df72e0190948f493f3a78f,2025,5,0.046512246
696f6f188b1c6491b90746200a08ed319ee13e0253df72e0190948f493f3a78f,2025,6,0.009374756
696f6f188b1c6491b90746200a08ed319ee13e0253df72e0190948f493f3a78f,2025,7,0.008475041
696f6f188b1c6491b90746200a08ed319ee13e0253df72e0190948f493f3a78f,2025,8,0.009057586
696f6f188b1c6491b90746200a08ed319ee13e0253df72e0190948f493f3a78f,2025,9,0.018730972
696f6f188b1c6491b90746200a08ed319ee13e0253df72e0190948f493f3a78f,2025,10,0.07736161
69820f08bacb31021869ea9c31c22f8f98de5e767e98837861978c89cd4c1a92,2025,5,0.040059336
69820f08bacb31021869ea9c31c22f8f98de5e767e98837861978c89cd4c1a92,2025,6,0.025369374
69820f08bacb31021869ea9c31c22f8f98de5e767e98837861978c89cd4c1a92,2025,7,0.019785995
69820f08bacb31021869ea9c31c22f8f98de5e767e98837861978c89cd4c1a92,2025,8,0.017586887
69820f08bacb31021869ea9c31c22f8f98de5e767e98837861978c89cd4c1a92,2025,9,0.017833184
69820f08bacb31021869ea9c31c22f8f98de5e767e98837861978c89cd4c1a92,2025,10,0.16735603
698eb5a34e46d7f48992e83ec6d320b1cfbe8bc915d8ce633eadf82e19b14a2e,2025,5,0.11838464
698eb5a34e46d7f48992e83ec6d320b1cfbe8bc915d8ce633eadf82e19b14a2e,2025,6,0.024368713
698eb5a34e46d7f48992e83ec6d320b1cfbe8bc915d8ce633eadf82e19b14a2e,2025,7,0.019301435
698eb5a34e46d7f48992e83ec6d320b1cfbe8bc915d8ce633eadf82e19b14a2e,2025,8,0.025386961
698eb5a34e46d7f48992e83ec6d320b1cfbe8bc915d8ce633eadf82e19b14a2e,2025,9,0.05712721
698eb5a34e46d7f48992e83ec6d320b1cfbe8bc915d8ce633eadf82e19b14a2e,2025,10,0.21741326
69c05e7476797b80bfeab38bc04f236394c64f2bf5040e18055d5388fe5bc848,2025,5,0.061214875
69c05e7476797b80bfeab38bc04f236394c64f2bf5040e18055d5388fe5bc848,2025,6,0.012657654
69c05e7476797b80bfeab38bc04f236394c64f2bf5040e18055d5388fe5bc848,2025,7,0.010627822
69c05e7476797b80bfeab38bc04f236394c64f2bf5040e18055d5388fe5bc848,2025,8,0.013980288
69c05e7476797b80bfeab38bc04f236394c64f2bf5040e18055d5388fe5bc848,2025,9,0.01992289
69c05e7476797b80bfeab38bc04f236394c64f2bf5040e18055d5388fe5bc848,2025,10,0.10884501
69d14ebd254eb604199310ab58f11e27c82144bb6d67f2fc26630ab3b6b971f8,2025,5,0.033516895
69d14ebd254eb604199310ab58f11e27c82144bb6d67f2fc26630ab3b6b971f8,2025,6,0.011297395
69d14ebd254eb604199310ab58f11e27c82144bb6d67f2fc26630ab3b6b971f8,2025,7,0.010371412
69d14ebd254eb604199310ab58f11e27c82144bb6d67f2fc26630ab3b6b971f8,2025,8,1.2908866e-05
69d14ebd254eb604199310ab58f11e27c82144bb6d67f2fc26630ab3b6b971f8,2025,9,0.0011258349
69d14ebd254eb604199310ab58f11e27c82144bb6d67f2fc26630ab3b6b971f8,2025,10,0.05459483
69e0fc024e792126e0dbf9e0daef25a3c0ec8fe2bf933675f39045e5b5431fb1,2025,5,0.031869654
69e0fc024e792126e0dbf9e0daef25a3c0ec8fe2bf933675f39045e5b5431fb1,2025,6,0.00990189
69e0fc024e792126e0dbf9e0daef25a3c0ec8fe2bf933675f39045e5b5431fb1,2025,7,0.008956472
69e0fc024e792126e0dbf9e0daef25a3c0ec8fe2bf933675f39045e5b5431fb1,2025,8,0.009250173
69e0fc024e792126e0dbf9e0daef25a3c0ec8fe2bf933675f39045e5b5431fb1,2025,9,0.012864787
69e0fc024e792126e0dbf9e0daef25a3c0ec8fe2bf933675f39045e5b5431fb1,2025,10,0.059719857
69f8cef692bb7826f36be0150d6f9e7e62619fbc3b3f3b829d0665b7b083bd17,2025,5,0.01606099
69f8cef692bb7826f36be0150d6f9e7e62619fbc3b3f3b829d0665b7b083bd17,2025,6,0.006250771
69f8cef692bb7826f36be0150d6f9e7e62619fbc3b3f3b829d0665b7b083bd17,2025,7,0.0057814126
69f8cef692bb7826f36be0150d6f9e7e62619fbc3b3f3b829d0665b7b083bd17,2025,8,0.00561131
69f8cef692bb7826f36be0150d6f9e7e62619fbc3b3f3b829d0665b7b083bd17,2025,9,0.007874623
69f8cef692bb7826f36be0150d6f9e7e62619fbc3b3f3b829d0665b7b083bd17,2025,10,0.021303568
6a5fc8fee54d17b65fb2592cb25248a06fe15486c85737c8ce7634622df88744,2025,5,0.040496707
6a5fc8fee54d17b65fb2592cb25248a06fe15486c85737c8ce7634622df88744,2025,6,0.012046868
6a5fc8fee54d17b65fb2592cb25248a06fe15486c85737c8ce7634622df88744,2025,7,0.013242707
6a5fc8fee54d17b65fb2592cb25248a06fe15486c85737c8ce7634622df88744,2025,8,0.010373812
6a5fc8fee54d17b65fb2592cb25248a06fe15486c85737c8ce7634622df88744,2025,9,0.017870177
6a5fc8fee54d17b65fb2592cb25248a06fe15486c85737c8ce7634622df88744,2025,10,0.065979935
6a630abe7015118cb015b444dec0edc6405c595a5660fc0a51a18ee6d202937a,2025,5,0.18374324
6a630abe7015118cb015b444dec0edc6405c595a5660fc0a51a18ee6d202937a,2025,6,0.067378685
6a630abe7015118cb015b444dec0edc6405c595a5660fc0a51a18ee6d202937a,2025,7,0.047942787
6a630abe7015118cb015b444dec0edc6405c595a5660fc0a51a18ee6d202937a,2025,8,0.046299376
6a630abe7015118cb015b444dec0edc6405c595a5660fc0a51a18ee6d202937a,2025,9,0.10030437
6a630abe7015118cb015b444dec0edc6405c595a5660fc0a51a18ee6d202937a,2025,10,0.30137175
6a6e86387c8a642bc619f7227f760010ede1266fa4d721a6b872a0104fe31630,2025,5,0.04063614
6a6e86387c8a642bc619f7227f760010ede1266fa4d721a6b872a0104fe31630,2025,6,0.008161329
6a6e86387c8a642bc619f7227f760010ede1266fa4d721a6b872a0104fe31630,2025,7,0.006487492
6a6e86387c8a642bc619f7227f760010ede1266fa4d721a6b872a0104fe31630,2025,8,0.007414004
6a6e86387c8a642bc619f7227f760010ede1266fa4d721a6b872a0104fe31630,2025,9,0.008164881
6a6e86387c8a642bc619f7227f760010ede1266fa4d721a6b872a0104fe31630,2025,10,0.05267591
6afe380c6f7c55daf6d36269c987e1634e13920efead12f642e609eff4ff3d33,2025,5,0.15705581
6afe380c6f7c55daf6d36269c987e1634e13920efead12f642e609eff4ff3d33,2025,6,0.03825039
6afe380c6f7c55daf6d36269c987e1634e13920efead12f642e609eff4ff3d33,2025,7,0.03823795
6afe380c6f7c55daf6d36269c987e1634e13920efead12f642e609eff4ff3d33,2025,8,0.038902562
6afe380c6f7c55daf6d36269c987e1634e13920efead12f642e609eff4ff3d33,2025,9,0.06671902
6afe380c6f7c55daf6d36269c987e1634e13920efead12f642e609eff4ff3d33,2025,10,0.24373768
6b1e4898c2e5c156efca8bc21afadd3d3af3ea5bad72e4b1c2da70bf0a9959f7,2025,5,0.059806142
6b1e4898c2e5c156efca8bc21afadd3d3af3ea5bad72e4b1c2da70bf0a9959f7,2025,6,0.0068994835
6b1e4898c2e5c156efca8bc21afadd3d3af3ea5bad72e4b1c2da70bf0a9959f7,2025,7,0.00804422
6b1e4898c2e5c156efca8bc21afadd3d3af3ea5bad72e4b1c2da70bf0a9959f7,2025,8,0.0065847146
6b1e4898c2e5c156efca8bc21afadd3d3af3ea5bad72e4b1c2da70bf0a9959f7,2025,9,0.02257073
6b1e4898c2e5c156efca8bc21afadd3d3af3ea5bad72e4b1c2da70bf0a9959f7,2025,10,0.13826358
6b689913c5234101564398be4d41bd18fc5f4bd3ceccfd64b34bfd966384d8bd,2025,5,0.032846443
6b689913c5234101564398be4d41bd18fc5f4bd3ceccfd64b34bfd966384d8bd,2025,6,0.008140624
6b689913c5234101564398be4d41bd18fc5f4bd3ceccfd64b34bfd966384d8bd,2025,7,0.0040793563
6b689913c5234101564398be4d41bd18fc5f4bd3ceccfd64b34bfd966384d8bd,2025,8,0.006261389
6b689913c5234101564398be4d41bd18fc5f4bd3ceccfd64b34bfd966384d8bd,2025,9,0.017415714
6b689913c5234101564398be4d41bd18fc5f4bd3ceccfd64b34bfd966384d8bd,2025,10,0.048278913
6c2918253e6eb0fd6297a3b3ddc6928ba7b308a26e98114755a59af7ed75ad12,2025,5,0.0088431435
6c2918253e6eb0fd6297a3b3ddc6928ba7b308a26e98114755a59af7ed75ad12,2025,6,0.0038115354
6c2918253e6eb0fd6297a3b3ddc6928ba7b308a26e98114755a59af7ed75ad12,2025,7,0.002715903
6c2918253e6eb0fd6297a3b3ddc6928ba7b308a26e98114755a59af7ed75ad12,2025,8,0.0043571983
6c2918253e6eb0fd6297a3b3ddc6928ba7b308a26e98114755a59af7ed75ad12,2025,9,0.005472018
6c2918253e6eb0fd6297a3b3ddc6928ba7b308a26e98114755a59af7ed75ad12,2025,10,0.016132468
6c6ee3bc1a5e0fa54a5e47686db0c97758ecad7da150f75888b4b8ab7113ae2d,2025,5,0.018109122
6c6ee3bc1a5e0fa54a5e47686db0c97758ecad7da150f75888b4b8ab7113ae2d,2025,6,0.007823025
6c6ee3bc1a5e0fa54a5e47686db0c97758ecad7da150f75888b4b8ab7113ae2d,2025,7,0.0070171487
6c6ee3bc1a5e0fa54a5e47686db0c97758ecad7da150f75888b4b8ab7113ae2d,2025,8,0.00645498
6c6ee3bc1a5e0fa54a5e47686db0c97758ecad7da150f75888b4b8ab7113ae2d,2025,9,0.00895603
6c6ee3bc1a5e0fa54a5e47686db0c97758ecad7da150f75888b4b8ab7113ae2d,2025,10,0.058730226
6e15d4b316aa7e4348fe16853a5f0e1e4b24fd1594b26618669a2e6920c74e71,2025,5,0.0052820123
6e15d4b316aa7e4348fe16853a5f0e1e4b24fd1594b26618669a2e6920c74e71,2025,6,0.003859911
6e15d4b316aa7e4348fe16853a5f0e1e4b24fd1594b26618669a2e6920c74e71,2025,7,0.004260289
6e15d4b316aa7e4348fe16853a5f0e1e4b24fd1594b26618669a2e6920c74e71,2025,8,0.0046355813
6e15d4b316aa7e4348fe16853a5f0e1e4b24fd1594b26618669a2e6920c74e71,2025,9,0.0044012647
6e15d4b316aa7e4348fe16853a5f0e1e4b24fd1594b26618669a2e6920c74e71,2025,10,0.025678333
6e78aeef54d8b0985defdc754c6405863d767ca8995f5c09cf1d40846323ec34,2025,5,0.010397812
6e78aeef54d8b0985defdc754c6405863d767ca8995f5c09cf1d40846323ec34,2025,6,0.008171461
6e78aeef54d8b0985defdc754c6405863d767ca8995f5c09cf1d40846323ec34,2025,7,0.005964029
6e78aeef54d8b0985defdc754c6405863d767ca8995f5c09cf1d40846323ec34,2025,8,0.007131034
6e78aeef54d8b0985defdc754c6405863d767ca8995f5c09cf1d40846323ec34,2025,9,0.009188223
6e78aeef54d8b0985defdc754c6405863d767ca8995f5c09cf1d40846323ec34,2025,10,0.022398943
6ef609f0a0697323e251bebd617c8db832f19418ff215ce8f9a4ce9823a2b0eb,2025,5,0.06033675
6ef609f0a0697323e251bebd617c8db832f19418ff215ce8f9a4ce9823a2b0eb,2025,6,0.0010636618
6ef609f0a0697323e251bebd617c8db832f19418ff215ce8f9a4ce9823a2b0eb,2025,7,0.0007853608
6ef609f0a0697323e251bebd617c8db832f19418ff215ce8f9a4ce9823a2b0eb,2025,8,0.0059856316
6ef609f0a0697323e251bebd617c8db832f19418ff215ce8f9a4ce9823a2b0eb,2025,9,0.02743107
6ef609f0a0697323e251bebd617c8db832f19418ff215ce8f9a4ce9823a2b0eb,2025,10,0.0076825744
6f318e7f114646acb0f736ee2da72f0cef5cc74801eed18bb041692b9a5c468e,2025,5,0.0047305087
6f318e7f114646acb0f736ee2da72f0cef5cc74801eed18bb041692b9a5c468e,2025,6,0.0029962484
6f318e7f114646acb0f736ee2da72f0cef5cc74801eed18bb041692b9a5c468e,2025,7,0.006651248
6f318e7f114646acb0f736ee2da72f0cef5cc74801eed18bb041692b9a5c468e,2025,8,0.0040887063
6f318e7f114646acb0f736ee2da72f0cef5cc74801eed18bb041692b9a5c468e,2025,9,0.006615059
6f318e7f114646acb0f736ee2da72f0cef5cc74801eed18bb041692b9a5c468e,2025,10,0.012728927
6f3e46a47c3f459d1b3faa837f3eab34ce4332cd19fda99d0cc0a48f84e65dbf,2025,5,0.03723428
6f3e46a47c3f459d1b3faa837f3eab34ce4332cd19fda99d0cc0a48f84e65dbf,2025,6,0.014279838
6f3e46a47c3f459d1b3faa837f3eab34ce4332cd19fda99d0cc0a48f84e65dbf,2025,7,0.013005487
6f3e46a47c3f459d1b3faa837f3eab34ce4332cd19fda99d0cc0a48f84e65dbf,2025,8,0.016464759
6f3e46a47c3f459d1b3faa837f3eab34ce4332cd19fda99d0cc0a48f84e65dbf,2025,9,0.019874644
6f3e46a47c3f459d1b3faa837f3eab34ce4332cd19fda99d0cc0a48f84e65dbf,2025,10,0.046406396
6fa817294f5b18334e9e73c5452cf2a6cbc144215fcd05dd284650588a3e21e2,2025,5,0.012733619
6fa817294f5b18334e9e73c5452cf2a6cbc144215fcd05dd284650588a3e21e2,2025,6,0.009441427
6fa817294f5b18334e9e73c5452cf2a6cbc144215fcd05dd284650588a3e21e2,2025,7,0.00897658
6fa817294f5b18334e9e73c5452cf2a6cbc144215fcd05dd284650588a3e21e2,2025,8,0.008408906
6fa817294f5b18334e9e73c5452cf2a6cbc144215fcd05dd284650588a3e21e2,2025,9,0.009878812
6fa817294f5b18334e9e73c5452cf2a6cbc144215fcd05dd284650588a3e21e2,2025,10,0.013192367
6fb2cfe238cb14c3c30b8f4b1935e46a9dd6085361712eb76e0e7a5695b7d12e,2025,5,0.07127922
6fb2cfe238cb14c3c30b8f4b1935e46a9dd6085361712eb76e0e7a5695b7d12e,2025,6,0.017703695
6fb2cfe238cb14c3c30b8f4b1935e46a9dd6085361712eb76e0e7a5695b7d12e,2025,7,0.015515373
6fb2cfe238cb14c3c30b8f4b1935e46a9dd6085361712eb76e0e7a5695b7d12e,2025,8,0.016415011
6fb2cfe238cb14c3c30b8f4b1935e46a9dd6085361712eb76e0e7a5695b7d12e,2025,9,0.031725388
6fb2cfe238cb14c3c30b8f4b1935e46a9dd6085361712eb76e0e7a5695b7d12e,2025,10,0.14846292
70469e7c314d85ff3c18d1185610ee825859863576a244093dded63efa5202df,2025,5,0.02550265
70469e7c314d85ff3c18d1185610ee825859863576a244093dded63efa5202df,2025,6,0.01933908
70469e7c314d85ff3c18d1185610ee825859863576a244093dded63efa5202df,2025,7,0.016904667
70469e7c314d85ff3c18d1185610ee825859863576a244093dded63efa5202df,2025,8,0.017157616
70469e7c314d85ff3c18d1185610ee825859863576a244093dded63efa5202df,2025,9,0.019023152
70469e7c314d85ff3c18d1185610ee825859863576a244093dded63efa5202df,2025,10,0.06599235
70dcbe6d52d4efb68e6bc3477634c7a0712ce37a92f287791e5540fcde97700d,2025,5,0.33965474
70dcbe6d52d4efb68e6bc3477634c7a0712ce37a92f287791e5540fcde97700d,2025,6,0.092148736
70dcbe6d52d4efb68e6bc3477634c7a0712ce37a92f287791e5540fcde97700d,2025,7,0.025120553
70dcbe6d52d4efb68e6bc3477634c7a0712ce37a92f287791e5540fcde97700d,2025,8,0.03181807
70dcbe6d52d4efb68e6bc3477634c7a0712ce37a92f287791e5540fcde97700d,2025,9,0.11749376
70dcbe6d52d4efb68e6bc3477634c7a0712ce37a92f287791e5540fcde97700d,2025,10,0.44252813
70ed61338cfd87ed0f6c261febffb4b0f87f45d4928a63a08caa1ec5744587c5,2025,5,0.03460051
70ed61338cfd87ed0f6c261febffb4b0f87f45d4928a63a08caa1ec5744587c5,2025,6,0.013862521
70ed61338cfd87ed0f6c261febffb4b0f87f45d4928a63a08caa1ec5744587c5,2025,7,0.015496466
70ed61338cfd87ed0f6c261febffb4b0f87f45d4928a63a08caa1ec5744587c5,2025,8,0.020242449
70ed61338cfd87ed0f6c261febffb4b0f87f45d4928a63a08caa1ec5744587c5,2025,9,0.016097564
70ed61338cfd87ed0f6c261febffb4b0f87f45d4928a63a08caa1ec5744587c5,2025,10,0.046273366
70f65d2ba52879b28289e8af67b8c5d15f9e75d95d96d492f7d09b4af67c40fb,2025,5,0.036378678
70f65d2ba52879b28289e8af67b8c5d15f9e75d95d96d492f7d09b4af67c40fb,2025,6,0.019428428
70f65d2ba52879b28289e8af67b8c5d15f9e75d95d96d492f7d09b4af67c40fb,2025,7,0.01595808
70f65d2ba52879b28289e8af67b8c5d15f9e75d95d96d492f7d09b4af67c40fb,2025,8,0.019574078
70f65d2ba52879b28289e8af67b8c5d15f9e75d95d96d492f7d09b4af67c40fb,2025,9,0.020045582
70f65d2ba52879b28289e8af67b8c5d15f9e75d95d96d492f7d09b4af67c40fb,2025,10,0.0639405
710e2dde55e73655d78c59da8baf74111571f361fef2cb8971d4ab4b8ed7385d,2025,5,0.09999794
710e2dde55e73655d78c59da8baf74111571f361fef2cb8971d4ab4b8ed7385d,2025,6,0.024573127
710e2dde55e73655d78c59da8baf74111571f361fef2cb8971d4ab4b8ed7385d,2025,7,0.02450122
710e2dde55e73655d78c59da8baf74111571f361fef2cb8971d4ab4b8ed7385d,2025,8,0.035368796
710e2dde55e73655d78c59da8baf74111571f361fef2cb8971d4ab4b8ed7385d,2025,9,0.08571582
710e2dde55e73655d78c59da8baf74111571f361fef2cb8971d4ab4b8ed7385d,2025,10,0.118802436
71263d72e305efb1233636376f875eff5329861430eaa3412da846040cd3110a,2025,5,0.27730983
71263d72e305efb1233636376f875eff5329861430eaa3412da846040cd3110a,2025,6,0.18167816
71263d72e305efb1233636376f875eff5329861430eaa3412da846040cd3110a,2025,7,0.14719851
71263d72e305efb1233636376f875eff5329861430eaa3412da846040cd3110a,2025,8,0.1529705
71263d72e305efb1233636376f875eff5329861430eaa3412da846040cd3110a,2025,9,0.1793898
71263d72e305efb1233636376f875eff5329861430eaa3412da846040cd3110a,2025,10,0.348945
7160aa2f29f80e2da9373427f4108fadc007f46d3097c4ec2ff5417d383747f1,2025,5,0.06902137
7160aa2f29f80e2da9373427f4108fadc007f46d3097c4ec2ff5417d383747f1,2025,6,0.02829652
7160aa2f29f80e2da9373427f4108fadc007f46d3097c4ec2ff5417d383747f1,2025,7,0.022455472
7160aa2f29f80e2da9373427f4108fadc007f46d3097c4ec2ff5417d383747f1,2025,8,0.02840579
7160aa2f29f80e2da9373427f4108fadc007f46d3097c4ec2ff5417d383747f1,2025,9,0.041727114
7160aa2f29f80e2da9373427f4108fadc007f46d3097c4ec2ff5417d383747f1,2025,10,0.09081651
71b156919b185254d3948e61264937954b65e556e35cb7c14f0cd61ca254aa0d,2025,5,0.0952592
71b156919b185254d3948e61264937954b65e556e35cb7c14f0cd61ca254aa0d,2025,6,0.026477525
71b156919b185254d3948e61264937954b65e556e35cb7c14f0cd61ca254aa0d,2025,7,0.021603804
71b156919b185254d3948e61264937954b65e556e35cb7c14f0cd61ca254aa0d,2025,8,0.02372236
71b156919b185254d3948e61264937954b65e556e35cb7c14f0cd61ca254aa0d,2025,9,0.043449704
71b156919b185254d3948e61264937954b65e556e35cb7c14f0cd61ca254aa0d,2025,10,0.17423488
71c29af71f9e87db5395b943b6a0c6be1ac6adc1380a2d751248515b5e45e725,2025,5,0.015983015
71c29af71f9e87db5395b943b6a0c6be1ac6adc1380a2d751248515b5e45e725,2025,6,0.0056822062
71c29af71f9e87db5395b943b6a0c6be1ac6adc1380a2d751248515b5e45e725,2025,7,0.005504412
71c29af71f9e87db5395b943b6a0c6be1ac6adc1380a2d751248515b5e45e725,2025,8,0.006776232
71c29af71f9e87db5395b943b6a0c6be1ac6adc1380a2d751248515b5e45e725,2025,9,0.0089997575
71c29af71f9e87db5395b943b6a0c6be1ac6adc1380a2d751248515b5e45e725,2025,10,0.0275844
71e933de062f206b3c75ab7e2f85d8cbcad40c0e2be9c9f6f041d73f0e8349e1,2025,5,0.3127296
71e933de062f206b3c75ab7e2f85d8cbcad40c0e2be9c9f6f041d73f0e8349e1,2025,9,0.42359656
71e933de062f206b3c75ab7e2f85d8cbcad40c0e2be9c9f6f041d73f0e8349e1,2025,10,0.44959316
72405c0889bc08c89d6d69113c6f63e65732cad88b75a6977cd2f6082ee33985,2025,5,0.05554426
72405c0889bc08c89d6d69113c6f63e65732cad88b75a6977cd2f6082ee33985,2025,6,0.0044843727
72405c0889bc08c89d6d69113c6f63e65732cad88b75a6977cd2f6082ee33985,2025,7,6.1998006e-05
72405c0889bc08c89d6d69113c6f63e65732cad88b75a6977cd2f6082ee33985,2025,8,0.0009881798
72405c0889bc08c89d6d69113c6f63e65732cad88b75a6977cd2f6082ee33985,2025,9,0.019999573
72405c0889bc08c89d6d69113c6f63e65732cad88b75a6977cd2f6082ee33985,2025,10,0.11187343
73144ae467ce94f9c8520c90777099ffc84121445df3c5e80e3bc5a503faf4cb,2025,5,0.04507833
73144ae467ce94f9c8520c90777099ffc84121445df3c5e80e3bc5a503faf4cb,2025,6,0.0020503544
73144ae467ce94f9c8520c90777099ffc84121445df3c5e80e3bc5a503faf4cb,2025,7,0.0023444768
73144ae467ce94f9c8520c90777099ffc84121445df3c5e80e3bc5a503faf4cb,2025,8,0.00087410084
73144ae467ce94f9c8520c90777099ffc84121445df3c5e80e3bc5a503faf4cb,2025,9,0.002422988
73144ae467ce94f9c8520c90777099ffc84121445df3c5e80e3bc5a503faf4cb,2025,10,0.07051268
74c4c9731fb6623ddfd21d43eae848b41a7a2726f0eaf8c8ca77a6760b53f7e0,2025,5,0.053746335
74c4c9731fb6623ddfd21d43eae848b41a7a2726f0eaf8c8ca77a6760b53f7e0,2025,6,0.043025814
74c4c9731fb6623ddfd21d43eae848b41a7a2726f0eaf8c8ca77a6760b53f7e0,2025,7,0.040760897
74c4c9731fb6623ddfd21d43eae848b41a7a2726f0eaf8c8ca77a6760b53f7e0,2025,8,0.04207912
74c4c9731fb6623ddfd21d43eae848b41a7a2726f0eaf8c8ca77a6760b53f7e0,2025,9,0.04914736
74c4c9731fb6623ddfd21d43eae848b41a7a2726f0eaf8c8ca77a6760b53f7e0,2025,10,0.08084029
74c808200b3dca1c5a41ab4253d38db83a58ad8919b2af77c1067286eb46c05a,2025,5,0.02235489
74c808200b3dca1c5a41ab4253d38db83a58ad8919b2af77c1067286eb46c05a,2025,6,0.013016892
74c808200b3dca1c5a41ab4253d38db83a58ad8919b2af77c1067286eb46c05a,2025,7,0.01287871
74c808200b3dca1c5a41ab4253d38db83a58ad8919b2af77c1067286eb46c05a,2025,8,0.011411374
74c808200b3dca1c5a41ab4253d38db83a58ad8919b2af77c1067286eb46c05a,2025,9,0.014572272
74c808200b3dca1c5a41ab4253d38db83a58ad8919b2af77c1067286eb46c05a,2025,10,0.032407727
74e55ff2c60ee88175a5f91249c06e4c427b01c4f98d882bca16de659d884db9,2025,5,0.028937103
74e55ff2c60ee88175a5f91249c06e4c427b01c4f98d882bca16de659d884db9,2025,6,0.01523187
74e55ff2c60ee88175a5f91249c06e4c427b01c4f98d882bca16de659d884db9,2025,7,0.014221592
74e55ff2c60ee88175a5f91249c06e4c427b01c4f98d882bca16de659d884db9,2025,8,0.013872062
74e55ff2c60ee88175a5f91249c06e4c427b01c4f98d882bca16de659d884db9,2025,9,0.01893171
74e55ff2c60ee88175a5f91249c06e4c427b01c4f98d882bca16de659d884db9,2025,10,0.03904997
74e98c12be3c126527211e699149b6dcde1262a402bfede71c6de4fdf82821df,2025,5,0.025736593
74e98c12be3c126527211e699149b6dcde1262a402bfede71c6de4fdf82821df,2025,6,0.0055550993
74e98c12be3c126527211e699149b6dcde1262a402bfede71c6de4fdf82821df,2025,7,0.004038638
74e98c12be3c126527211e699149b6dcde1262a402bfede71c6de4fdf82821df,2025,8,0.007053352
74e98c12be3c126527211e699149b6dcde1262a402bfede71c6de4fdf82821df,2025,9,0.011730884
74e98c12be3c126527211e699149b6dcde1262a402bfede71c6de4fdf82821df,2025,10,0.041142937
7527d67e80c036d9aa28cd5d772268ed4334ccfd41641b489a8e6f84b80fda9c,2025,5,0.13840143
7527d67e80c036d9aa28cd5d772268ed4334ccfd41641b489a8e6f84b80fda9c,2025,6,0.08016133
7527d67e80c036d9aa28cd5d772268ed4334ccfd41641b489a8e6f84b80fda9c,2025,8,0.04615104
7527d67e80c036d9aa28cd5d772268ed4334ccfd41641b489a8e6f84b80fda9c,2025,9,0.042901207
7527d67e80c036d9aa28cd5d772268ed4334ccfd41641b489a8e6f84b80fda9c,2025,10,0.26855254
75b0cf86a6aa154310ce9d05bc92be21e08d2a000bffa3c428398017a462a9c4,2025,5,0.10230545
75b0cf86a6aa154310ce9d05bc92be21e08d2a000bffa3c428398017a462a9c4,2025,6,0.01919138
75b0cf86a6aa154310ce9d05bc92be21e08d2a000bffa3c428398017a462a9c4,2025,7,0.01642461
75b0cf86a6aa154310ce9d05bc92be21e08d2a000bffa3c428398017a462a9c4,2025,8,0.021578077
75b0cf86a6aa154310ce9d05bc92be21e08d2a000bffa3c428398017a462a9c4,2025,9,0.05294607
75b0cf86a6aa154310ce9d05bc92be21e08d2a000bffa3c428398017a462a9c4,2025,10,0.24964772
76326c158c33a93160207835b621299a9ad72efb7c97fddd42912b13c8e634a1,2025,5,0.047419664
76326c158c33a93160207835b621299a9ad72efb7c97fddd42912b13c8e634a1,2025,6,0.023585426
76326c158c33a93160207835b621299a9ad72efb7c97fddd42912b13c8e634a1,2025,7,0.014356703
76326c158c33a93160207835b621299a9ad72efb7c97fddd42912b13c8e634a1,2025,8,0.021337416
76326c158c33a93160207835b621299a9ad72efb7c97fddd42912b13c8e634a1,2025,9,0.029542137
76326c158c33a93160207835b621299a9ad72efb7c97fddd42912b13c8e634a1,2025,10,0.08256382
76727470e47156895ef493f602b1ad673cba245e483a74edaba1455f61acad7d,2025,5,0.045391962
76727470e47156895ef493f602b1ad673cba245e483a74edaba1455f61acad7d,2025,6,0.01847507
76727470e47156895ef493f602b1ad673cba245e483a74edaba1455f61acad7d,2025,7,0.01897874
76727470e47156895ef493f602b1ad673cba245e483a74edaba1455f61acad7d,2025,8,0.020256605
76727470e47156895ef493f602b1ad673cba245e483a74edaba1455f61acad7d,2025,9,0.031967323
76727470e47156895ef493f602b1ad673cba245e483a74edaba1455f61acad7d,2025,10,0.08373891
77132faa98c1a4b2bd1cc58d88cfc4a3204d2669a26c0fd547d7135a633273ef,2025,5,0.058497906
77132faa98c1a4b2bd1cc58d88cfc4a3204d2669a26c0fd547d7135a633273ef,2025,6,0.022187676
77132faa98c1a4b2bd1cc58d88cfc4a3204d2669a26c0fd547d7135a633273ef,2025,7,0.011032467
77132faa98c1a4b2bd1cc58d88cfc4a3204d2669a26c0fd547d7135a633273ef,2025,8,0.018966539
77132faa98c1a4b2bd1cc58d88cfc4a3204d2669a26c0fd547d7135a633273ef,2025,9,0.02344336
77132faa98c1a4b2bd1cc58d88cfc4a3204d2669a26c0fd547d7135a633273ef,2025,10,0.07976307
77463e0dcdf0b3652f57698ef8200ec1d0f3749b526d8d846f09b53cac08bbd3,2025,5,0.047627907
77463e0dcdf0b3652f57698ef8200ec1d0f3749b526d8d846f09b53cac08bbd3,2025,6,0.016838333
77463e0dcdf0b3652f57698ef8200ec1d0f3749b526d8d846f09b53cac08bbd3,2025,7,0.014364427
77463e0dcdf0b3652f57698ef8200ec1d0f3749b526d8d846f09b53cac08bbd3,2025,8,0.015493505
77463e0dcdf0b3652f57698ef8200ec1d0f3749b526d8d846f09b53cac08bbd3,2025,9,0.022832833
77463e0dcdf0b3652f57698ef8200ec1d0f3749b526d8d846f09b53cac08bbd3,2025,10,0.06556065
778843daebfb8b05af553da99db7801fac6e67639e2de5f268278334082deb69,2025,5,0.027836908
778843daebfb8b05af553da99db7801fac6e67639e2de5f268278334082deb69,2025,6,0.0055493587
778843daebfb8b05af553da99db7801fac6e67639e2de5f268278334082deb69,2025,7,0.0059009492
778843daebfb8b05af553da99db7801fac6e67639e2de5f268278334082deb69,2025,8,0.006018336
778843daebfb8b05af553da99db7801fac6e67639e2de5f268278334082deb69,2025,9,0.004672609
778843daebfb8b05af553da99db7801fac6e67639e2de5f268278334082deb69,2025,10,0.03909477
783742b60984c6acfc4e39a54232b05ae629d44cca7aeea1cb68d1d3303a5a1d,2025,5,0.037948377
783742b60984c6acfc4e39a54232b05ae629d44cca7aeea1cb68d1d3303a5a1d,2025,6,0.0051135393
783742b60984c6acfc4e39a54232b05ae629d44cca7aeea1cb68d1d3303a5a1d,2025,7,0.0042367983
783742b60984c6acfc4e39a54232b05ae629d44cca7aeea1cb68d1d3303a5a1d,2025,8,0.0045112683
783742b60984c6acfc4e39a54232b05ae629d44cca7aeea1cb68d1d3303a5a1d,2025,9,0.01544381
783742b60984c6acfc4e39a54232b05ae629d44cca7aeea1cb68d1d3303a5a1d,2025,10,0.10496695
7926fe030fb4a9c8772d2b9627671d76c51bfc6037a643fab829d720c54bc4cf,2025,5,0.08325025
7926fe030fb4a9c8772d2b9627671d76c51bfc6037a643fab829d720c54bc4cf,2025,6,0.023515984
7926fe030fb4a9c8772d2b9627671d76c51bfc6037a643fab829d720c54bc4cf,2025,7,0.016474595
7926fe030fb4a9c8772d2b9627671d76c51bfc6037a643fab829d720c54bc4cf,2025,8,0.024936618
7926fe030fb4a9c8772d2b9627671d76c51bfc6037a643fab829d720c54bc4cf,2025,9,0.043376587
7926fe030fb4a9c8772d2b9627671d76c51bfc6037a643fab829d720c54bc4cf,2025,10,0.13570106
798754d7dfb241c31f5e6b0e6ccd08ce0239f6f642db5cf13dd21242cedbaae6,2025,5,0.11834402
798754d7dfb241c31f5e6b0e6ccd08ce0239f6f642db5cf13dd21242cedbaae6,2025,6,0.020429391
798754d7dfb241c31f5e6b0e6ccd08ce0239f6f642db5cf13dd21242cedbaae6,2025,7,0.021148536
798754d7dfb241c31f5e6b0e6ccd08ce0239f6f642db5cf13dd21242cedbaae6,2025,8,0.027965778
798754d7dfb241c31f5e6b0e6ccd08ce0239f6f642db5cf13dd21242cedbaae6,2025,9,0.046695948
798754d7dfb241c31f5e6b0e6ccd08ce0239f6f642db5cf13dd21242cedbaae6,2025,10,0.2450463
799352e4a8d866c56181661e2bc421fb2b0488a1f2ad851bd8c5cd63e4577b96,2025,5,0.010442294
799352e4a8d866c56181661e2bc421fb2b0488a1f2ad851bd8c5cd63e4577b96,2025,6,0.007970521
799352e4a8d866c56181661e2bc421fb2b0488a1f2ad851bd8c5cd63e4577b96,2025,7,0.0062789875
799352e4a8d866c56181661e2bc421fb2b0488a1f2ad851bd8c5cd63e4577b96,2025,8,0.006320844
799352e4a8d866c56181661e2bc421fb2b0488a1f2ad851bd8c5cd63e4577b96,2025,9,0.0070031853
799352e4a8d866c56181661e2bc421fb2b0488a1f2ad851bd8c5cd63e4577b96,2025,10,0.009617331
7a28f140111e10487016375f2680453048e722e6801ee8f7b67bc1853272cc40,2025,5,0.024731036
7a28f140111e10487016375f2680453048e722e6801ee8f7b67bc1853272cc40,2025,6,0.012642812
7a28f140111e10487016375f2680453048e722e6801ee8f7b67bc1853272cc40,2025,7,0.012734663
7a28f140111e10487016375f2680453048e722e6801ee8f7b67bc1853272cc40,2025,8,0.012372968
7a28f140111e10487016375f2680453048e722e6801ee8f7b67bc1853272cc40,2025,9,0.015303073
7a28f140111e10487016375f2680453048e722e6801ee8f7b67bc1853272cc40,2025,10,0.042052265
7a8e8d84b96b97dbe98b4b98be67614cee0619f74d00f80aa5590481be1cc73f,2025,5,0.03585704
7a8e8d84b96b97dbe98b4b98be67614cee0619f74d00f80aa5590481be1cc73f,2025,6,0.00769967
7a8e8d84b96b97dbe98b4b98be67614cee0619f74d00f80aa5590481be1cc73f,2025,7,0.0128555475
7a8e8d84b96b97dbe98b4b98be67614cee0619f74d00f80aa5590481be1cc73f,2025,8,0.010713833
7a8e8d84b96b97dbe98b4b98be67614cee0619f74d00f80aa5590481be1cc73f,2025,9,0.021975936
7a8e8d84b96b97dbe98b4b98be67614cee0619f74d00f80aa5590481be1cc73f,2025,10,0.08367626
7ab3ecb4748facf74ff376eba5a42870e796da85593e79b733a6bda8fe1c222c,2025,5,0.015738476
7ab3ecb4748facf74ff376eba5a42870e796da85593e79b733a6bda8fe1c222c,2025,6,0.008388196
7ab3ecb4748facf74ff376eba5a42870e796da85593e79b733a6bda8fe1c222c,2025,7,0.0075423615
7ab3ecb4748facf74ff376eba5a42870e796da85593e79b733a6bda8fe1c222c,2025,8,0.008760744
7ab3ecb4748facf74ff376eba5a42870e796da85593e79b733a6bda8fe1c222c,2025,9,0.011461966
7ab3ecb4748facf74ff376eba5a42870e796da85593e79b733a6bda8fe1c222c,2025,10,0.061858047
7b7114f4a20dccaa21ff15b69110d7b3910b5246e14491420402079ef91a28b1,2025,5,0.028918473
7b7114f4a20dccaa21ff15b69110d7b3910b5246e14491420402079ef91a28b1,2025,6,0.032708444
7b7114f4a20dccaa21ff15b69110d7b3910b5246e14491420402079ef91a28b1,2025,7,0.011800381
7b7114f4a20dccaa21ff15b69110d7b3910b5246e14491420402079ef91a28b1,2025,8,0.031447336
7b7114f4a20dccaa21ff15b69110d7b3910b5246e14491420402079ef91a28b1,2025,9,0.10883733
7b7114f4a20dccaa21ff15b69110d7b3910b5246e14491420402079ef91a28b1,2025,10,0.33691508
7c4e789fc31408835cddd6a194bc4ff2e1e02bad1b356b0c32b42ac8f5629c26,2025,5,0.10344843
7c4e789fc31408835cddd6a194bc4ff2e1e02bad1b356b0c32b42ac8f5629c26,2025,6,0.044756074
7c4e789fc31408835cddd6a194bc4ff2e1e02bad1b356b0c32b42ac8f5629c26,2025,7,0.033693682
7c4e789fc31408835cddd6a194bc4ff2e1e02bad1b356b0c32b42ac8f5629c26,2025,8,0.028792458
7c4e789fc31408835cddd6a194bc4ff2e1e02bad1b356b0c32b42ac8f5629c26,2025,9,0.048535183
7c4e789fc31408835cddd6a194bc4ff2e1e02bad1b356b0c32b42ac8f5629c26,2025,10,0.13363385
7c7d3d311a4ad9a7d9b2484f3814b18a9ce7b24891abe0c3e1b44f3549e04a3d,2025,5,0.04301682
7c7d3d311a4ad9a7d9b2484f3814b18a9ce7b24891abe0c3e1b44f3549e04a3d,2025,6,0.0066443807
7c7d3d311a4ad9a7d9b2484f3814b18a9ce7b24891abe0c3e1b44f3549e04a3d,2025,7,0.0044514365
7c7d3d311a4ad9a7d9b2484f3814b18a9ce7b24891abe0c3e1b44f3549e04a3d,2025,8,0.0077633713
7c7d3d311a4ad9a7d9b2484f3814b18a9ce7b24891abe0c3e1b44f3549e04a3d,2025,9,0.025504459
7c7d3d311a4ad9a7d9b2484f3814b18a9ce7b24891abe0c3e1b44f3549e04a3d,2025,10,0.06530637
7d333bba6e72fe40b6c2f160b1ff9077f95645ff17712434189e96dcefb0294c,2025,5,0.025398118
7d333bba6e72fe40b6c2f160b1ff9077f95645ff17712434189e96dcefb0294c,2025,6,0.0125741605
7d333bba6e72fe40b6c2f160b1ff9077f95645ff17712434189e96dcefb0294c,2025,7,0.012629397
7d333bba6e72fe40b6c2f160b1ff9077f95645ff17712434189e96dcefb0294c,2025,8,0.0111336345
7d333bba6e72fe40b6c2f160b1ff9077f95645ff17712434189e96dcefb0294c,2025,9,0.0162928
7d333bba6e72fe40b6c2f160b1ff9077f95645ff17712434189e96dcefb0294c,2025,10,0.04725319
7d4d5dacfe6113d7b214710e1c6bb6abee4614b755e3c2a30f0d7bce4c14974a,2025,5,0.07120327
7d4d5dacfe6113d7b214710e1c6bb6abee4614b755e3c2a30f0d7bce4c14974a,2025,6,0.027363585
7d4d5dacfe6113d7b214710e1c6bb6abee4614b755e3c2a30f0d7bce4c14974a,2025,7,0.025195178
7d4d5dacfe6113d7b214710e1c6bb6abee4614b755e3c2a30f0d7bce4c14974a,2025,8,0.025153378
7d4d5dacfe6113d7b214710e1c6bb6abee4614b755e3c2a30f0d7bce4c14974a,2025,9,0.03508672
7d4d5dacfe6113d7b214710e1c6bb6abee4614b755e3c2a30f0d7bce4c14974a,2025,10,0.09261021
7d557fb0dc303b20765be8f5f6401b4dd439e617f895f1277009db211cd7aa46,2025,5,0.022460723
7d557fb0dc303b20765be8f5f6401b4dd439e617f895f1277009db211cd7aa46,2025,6,0.0051075104
7d557fb0dc303b20765be8f5f6401b4dd439e617f895f1277009db211cd7aa46,2025,7,0.0047522564
7d557fb0dc303b20765be8f5f6401b4dd439e617f895f1277009db211cd7aa46,2025,8,0.0050072
7d557fb0dc303b20765be8f5f6401b4dd439e617f895f1277009db211cd7aa46,2025,9,0.0118820965
7d557fb0dc303b20765be8f5f6401b4dd439e617f895f1277009db211cd7aa46,2025,10,0.043131698
7d8a27dfcfd65ced529ba5a27bc6f0030841dc589a00e37d09de069bfa3f57b0,2025,5,0.06181521
7d8a27dfcfd65ced529ba5a27bc6f0030841dc589a00e37d09de069bfa3f57b0,2025,6,0.013209203
7d8a27dfcfd65ced529ba5a27bc6f0030841dc589a00e37d09de069bfa3f57b0,2025,7,0.013010557
7d8a27dfcfd65ced529ba5a27bc6f0030841dc589a00e37d09de069bfa3f57b0,2025,8,0.011699438
7d8a27dfcfd65ced529ba5a27bc6f0030841dc589a00e37d09de069bfa3f57b0,2025,9,0.020722205
7d8a27dfcfd65ced529ba5a27bc6f0030841dc589a00e37d09de069bfa3f57b0,2025,10,0.10770522
7dbf1f9d109b8c4b211083d05adc023271a157f6ab1342e58c5ac9835cb84c06,2025,5,0.039685987
7dbf1f9d109b8c4b211083d05adc023271a157f6ab1342e58c5ac9835cb84c06,2025,6,0.007883684
7dbf1f9d109b8c4b211083d05adc023271a157f6ab1342e58c5ac9835cb84c06,2025,7,0.008608565
7dbf1f9d109b8c4b211083d05adc023271a157f6ab1342e58c5ac9835cb84c06,2025,8,0.0092222085
7dbf1f9d109b8c4b211083d05adc023271a157f6ab1342e58c5ac9835cb84c06,2025,9,0.016092608
7dbf1f9d109b8c4b211083d05adc023271a157f6ab1342e58c5ac9835cb84c06,2025,10,0.056040563
7e28613b2925f829d27ac3eb9ce8acbafcfe8d0d1b8773289266e40e6738cbd7,2025,5,0.05921599
7e28613b2925f829d27ac3eb9ce8acbafcfe8d0d1b8773289266e40e6738cbd7,2025,6,0.01122958
7e28613b2925f829d27ac3eb9ce8acbafcfe8d0d1b8773289266e40e6738cbd7,2025,7,0.010100008
7e28613b2925f829d27ac3eb9ce8acbafcfe8d0d1b8773289266e40e6738cbd7,2025,8,0.012559344
7e28613b2925f829d27ac3eb9ce8acbafcfe8d0d1b8773289266e40e6738cbd7,2025,9,0.025511552
7e28613b2925f829d27ac3eb9ce8acbafcfe8d0d1b8773289266e40e6738cbd7,2025,10,0.08690309
7e89f8a4a897a02fc8e21d76309a3a1bc43e488e053f17421376eb8765103579,2025,5,0.062077034
7e89f8a4a897a02fc8e21d76309a3a1bc43e488e053f17421376eb8765103579,2025,6,0.019389499
7e89f8a4a897a02fc8e21d76309a3a1bc43e488e053f17421376eb8765103579,2025,7,0.02761673
7e89f8a4a897a02fc8e21d76309a3a1bc43e488e053f17421376eb8765103579,2025,8,0.02426946
7e89f8a4a897a02fc8e21d76309a3a1bc43e488e053f17421376eb8765103579,2025,9,0.027100649
7e89f8a4a897a02fc8e21d76309a3a1bc43e488e053f17421376eb8765103579,2025,10,0.027695714
7f52cbc6657a81dd0e04c9b907dcef84a48f54f195b2c9b367e5bcd5e2fc06b9,2025,5,0.012393985
7f52cbc6657a81dd0e04c9b907dcef84a48f54f195b2c9b367e5bcd5e2fc06b9,2025,6,0.010800614
7f52cbc6657a81dd0e04c9b907dcef84a48f54f195b2c9b367e5bcd5e2fc06b9,2025,7,0.0075817895
7f52cbc6657a81dd0e04c9b907dcef84a48f54f195b2c9b367e5bcd5e2fc06b9,2025,8,0.009449987
7f52cbc6657a81dd0e04c9b907dcef84a48f54f195b2c9b367e5bcd5e2fc06b9,2025,9,0.014208663
7f52cbc6657a81dd0e04c9b907dcef84a48f54f195b2c9b367e5bcd5e2fc06b9,2025,10,0.052892897
8085fa2b1728040014e39862db4a4653804460b021aa8f3db01cb6abcba3d908,2025,5,0.024385437
8085fa2b1728040014e39862db4a4653804460b021aa8f3db01cb6abcba3d908,2025,6,0.012076853
8085fa2b1728040014e39862db4a4653804460b021aa8f3db01cb6abcba3d908,2025,7,0.007660519
8085fa2b1728040014e39862db4a4653804460b021aa8f3db01cb6abcba3d908,2025,8,0.010060653
8085fa2b1728040014e39862db4a4653804460b021aa8f3db01cb6abcba3d908,2025,9,0.012877669
8085fa2b1728040014e39862db4a4653804460b021aa8f3db01cb6abcba3d908,2025,10,0.02964332
80ee5b30b70748dc1f5f04e11bbd78507012ab29acb18384596f6a5f1c0039a2,2025,5,6.389523e-29
80ee5b30b70748dc1f5f04e11bbd78507012ab29acb18384596f6a5f1c0039a2,2025,6,5.700475e-33
80ee5b30b70748dc1f5f04e11bbd78507012ab29acb18384596f6a5f1c0039a2,2025,7,2.0647068e-33
80ee5b30b70748dc1f5f04e11bbd78507012ab29acb18384596f6a5f1c0039a2,2025,8,5.895846e-33
80ee5b30b70748dc1f5f04e11bbd78507012ab29acb18384596f6a5f1c0039a2,2025,9,1.2233397e-28
80ee5b30b70748dc1f5f04e11bbd78507012ab29acb18384596f6a5f1c0039a2,2025,10,1.8178486e-28
80fcd0b666af54fda2ce5c8b811f92276aad2e749cf27a3453f4a50a0a71d0a4,2025,5,0.049460236
80fcd0b666af54fda2ce5c8b811f92276aad2e749cf27a3453f4a50a0a71d0a4,2025,6,0.009434025
80fcd0b666af54fda2ce5c8b811f92276aad2e749cf27a3453f4a50a0a71d0a4,2025,7,0.009420823
80fcd0b666af54fda2ce5c8b811f92276aad2e749cf27a3453f4a50a0a71d0a4,2025,8,0.009742347
80fcd0b666af54fda2ce5c8b811f92276aad2e749cf27a3453f4a50a0a71d0a4,2025,9,0.021463817
80fcd0b666af54fda2ce5c8b811f92276aad2e749cf27a3453f4a50a0a71d0a4,2025,10,0.08438783
81329600569bf120917a69e054527cc7c73f37ca433ffd39bed6e6b54fbed4c2,2025,5,0.11028712
81329600569bf120917a69e054527cc7c73f37ca433ffd39bed6e6b54fbed4c2,2025,6,0.03889958
81329600569bf120917a69e054527cc7c73f37ca433ffd39bed6e6b54fbed4c2,2025,7,0.03767494
81329600569bf120917a69e054527cc7c73f37ca433ffd39bed6e6b54fbed4c2,2025,8,0.038469773
81329600569bf120917a69e054527cc7c73f37ca433ffd39bed6e6b54fbed4c2,2025,9,0.060818505
81329600569bf120917a69e054527cc7c73f37ca433ffd39bed6e6b54fbed4c2,2025,10,0.23933065
81a635b7fd0cf0ba59169e6237be4dd28cf778f0710a5e1dba3cbdc051d02687,2025,5,0.017375065
81a635b7fd0cf0ba59169e6237be4dd28cf778f0710a5e1dba3cbdc051d02687,2025,6,0.012683938
81a635b7fd0cf0ba59169e6237be4dd28cf778f0710a5e1dba3cbdc051d02687,2025,7,0.009240314
81a635b7fd0cf0ba59169e6237be4dd28cf778f0710a5e1dba3cbdc051d02687,2025,8,0.013198347
81a635b7fd0cf0ba59169e6237be4dd28cf778f0710a5e1dba3cbdc051d02687,2025,9,0.012240996
81a635b7fd0cf0ba59169e6237be4dd28cf778f0710a5e1dba3cbdc051d02687,2025,10,5.6329795e-06
81f94661a92ac53370bce5a144cbc6c46135c14b877f23cb9d9cd0907be1c9ad,2025,5,0.008656868
81f94661a92ac53370bce5a144cbc6c46135c14b877f23cb9d9cd0907be1c9ad,2025,6,0.0063229892
81f94661a92ac53370bce5a144cbc6c46135c14b877f23cb9d9cd0907be1c9ad,2025,7,0.0063132993
81f94661a92ac53370bce5a144cbc6c46135c14b877f23cb9d9cd0907be1c9ad,2025,8,0.010396226
81f94661a92ac53370bce5a144cbc6c46135c14b877f23cb9d9cd0907be1c9ad,2025,9,0.008196045
81f94661a92ac53370bce5a144cbc6c46135c14b877f23cb9d9cd0907be1c9ad,2025,10,0.024135452
82155ec5ad0940f39252ebe778ea5d867af2d67e4c6f56404e6ec6ff11e4e4b4,2025,5,0.034175474
82155ec5ad0940f39252ebe778ea5d867af2d67e4c6f56404e6ec6ff11e4e4b4,2025,6,0.011802022
82155ec5ad0940f39252ebe778ea5d867af2d67e4c6f56404e6ec6ff11e4e4b4,2025,7,0.009349276
82155ec5ad0940f39252ebe778ea5d867af2d67e4c6f56404e6ec6ff11e4e4b4,2025,8,0.007440292
82155ec5ad0940f39252ebe778ea5d867af2d67e4c6f56404e6ec6ff11e4e4b4,2025,9,0.010166292
82155ec5ad0940f39252ebe778ea5d867af2d67e4c6f56404e6ec6ff11e4e4b4,2025,10,0.06980159
82891cccfcd3e537164bdb544456e3f535def6f5c4dd2cb73a58c6c0ef11c406,2025,5,0.088884294
82891cccfcd3e537164bdb544456e3f535def6f5c4dd2cb73a58c6c0ef11c406,2025,6,0.011368122
82891cccfcd3e537164bdb544456e3f535def6f5c4dd2cb73a58c6c0ef11c406,2025,7,0.008288581
82891cccfcd3e537164bdb544456e3f535def6f5c4dd2cb73a58c6c0ef11c406,2025,8,0.011484739
82891cccfcd3e537164bdb544456e3f535def6f5c4dd2cb73a58c6c0ef11c406,2025,9,0.030638937
82891cccfcd3e537164bdb544456e3f535def6f5c4dd2cb73a58c6c0ef11c406,2025,10,0.152641
82ef0388ee68b8d4b4f94d722988b171998496146a56f0bcbab0e11a94f7c751,2025,5,0.03633101
82ef0388ee68b8d4b4f94d722988b171998496146a56f0bcbab0e11a94f7c751,2025,6,0.0109917885
82ef0388ee68b8d4b4f94d722988b171998496146a56f0bcbab0e11a94f7c751,2025,7,0.009436268
82ef0388ee68b8d4b4f94d722988b171998496146a56f0bcbab0e11a94f7c751,2025,8,0.0102248825
82ef0388ee68b8d4b4f94d722988b171998496146a56f0bcbab0e11a94f7c751,2025,9,0.01858036
82ef0388ee68b8d4b4f94d722988b171998496146a56f0bcbab0e11a94f7c751,2025,10,0.06926017
830deb718671ae706d4ad5965316b59c9447ab6158a59c0e22b21465c3465169,2025,5,0.22516571
830deb718671ae706d4ad5965316b59c9447ab6158a59c0e22b21465c3465169,2025,6,0.0018691061
830deb718671ae706d4ad5965316b59c9447ab6158a59c0e22b21465c3465169,2025,7,3.4330253e-05
830deb718671ae706d4ad5965316b59c9447ab6158a59c0e22b21465c3465169,2025,8,0.005217663
830deb718671ae706d4ad5965316b59c9447ab6158a59c0e22b21465c3465169,2025,9,0.045073323
830deb718671ae706d4ad5965316b59c9447ab6158a59c0e22b21465c3465169,2025,10,0.20822667
836f073d005018cab5dba8c34b11866446648fc96304bd2c51b3a10daa25c69a,2025,5,0.060682774
836f073d005018cab5dba8c34b11866446648fc96304bd2c51b3a10daa25c69a,2025,6,0.008738476
836f073d005018cab5dba8c34b11866446648fc96304bd2c51b3a10daa25c69a,2025,7,0.008750662
836f073d005018cab5dba8c34b11866446648fc96304bd2c51b3a10daa25c69a,2025,8,0.014800686
836f073d005018cab5dba8c34b11866446648fc96304bd2c51b3a10daa25c69a,2025,9,0.0393959
836f073d005018cab5dba8c34b11866446648fc96304bd2c51b3a10daa25c69a,2025,10,0.08354717
84088011a5445196a0d121760f03c4b58b7f357eb2342604f34b471efde637a6,2025,5,0.005527631
84088011a5445196a0d121760f03c4b58b7f357eb2342604f34b471efde637a6,2025,6,0.0076059354
84088011a5445196a0d121760f03c4b58b7f357eb2342604f34b471efde637a6,2025,7,0.00605769
84088011a5445196a0d121760f03c4b58b7f357eb2342604f34b471efde637a6,2025,8,0.0065687923
84088011a5445196a0d121760f03c4b58b7f357eb2342604f34b471efde637a6,2025,9,0.011135433
84088011a5445196a0d121760f03c4b58b7f357eb2342604f34b471efde637a6,2025,10,0.0046179136
8433bdbeb21722fba87b9d2ab2b572c87c5a8c2672243d92cf9ad5db29fb27af,2025,5,0.056396388
8433bdbeb21722fba87b9d2ab2b572c87c5a8c2672243d92cf9ad5db29fb27af,2025,6,0.026251607
8433bdbeb21722fba87b9d2ab2b572c87c5a8c2672243d92cf9ad5db29fb27af,2025,7,0.020107886
8433bdbeb21722fba87b9d2ab2b572c87c5a8c2672243d92cf9ad5db29fb27af,2025,8,0.02375473
8433bdbeb21722fba87b9d2ab2b572c87c5a8c2672243d92cf9ad5db29fb27af,2025,9,0.0330329
8433bdbeb21722fba87b9d2ab2b572c87c5a8c2672243d92cf9ad5db29fb27af,2025,10,0.068893164
8485db42c24af4edc81c722e9f9d22fe8be5cc77da4ec80a1f3260bf87e436c5,2025,5,0.031144299
8485db42c24af4edc81c722e9f9d22fe8be5cc77da4ec80a1f3260bf87e436c5,2025,6,0.0070339506
8485db42c24af4edc81c722e9f9d22fe8be5cc77da4ec80a1f3260bf87e436c5,2025,7,0.0040309546
8485db42c24af4edc81c722e9f9d22fe8be5cc77da4ec80a1f3260bf87e436c5,2025,8,0.0064180293
8485db42c24af4edc81c722e9f9d22fe8be5cc77da4ec80a1f3260bf87e436c5,2025,9,0.009517754
8485db42c24af4edc81c722e9f9d22fe8be5cc77da4ec80a1f3260bf87e436c5,2025,10,0.040155634
848d46cbf1fa6046f2be1ef3df5455b4edea2e1aace909f1e9f2013035e06afa,2025,5,0.02617049
848d46cbf1fa6046f2be1ef3df5455b4edea2e1aace909f1e9f2013035e06afa,2025,6,0.011624654
848d46cbf1fa6046f2be1ef3df5455b4edea2e1aace909f1e9f2013035e06afa,2025,7,0.010352878
848d46cbf1fa6046f2be1ef3df5455b4edea2e1aace909f1e9f2013035e06afa,2025,8,0.0107192
848d46cbf1fa6046f2be1ef3df5455b4edea2e1aace909f1e9f2013035e06afa,2025,9,0.02201342
848d46cbf1fa6046f2be1ef3df5455b4edea2e1aace909f1e9f2013035e06afa,2025,10,0.044708263
851c4764aec28bb45c6926f142f52221643b44c40e40db7369b33e471c1ce911,2025,5,0.096338876
851c4764aec28bb45c6926f142f52221643b44c40e40db7369b33e471c1ce911,2025,6,0.08686956
851c4764aec28bb45c6926f142f52221643b44c40e40db7369b33e471c1ce911,2025,7,0.08257077
851c4764aec28bb45c6926f142f52221643b44c40e40db7369b33e471c1ce911,2025,8,0.07616961
851c4764aec28bb45c6926f142f52221643b44c40e40db7369b33e471c1ce911,2025,9,0.065334
851c4764aec28bb45c6926f142f52221643b44c40e40db7369b33e471c1ce911,2025,10,0.17106777
85d1c5bb5d78773fe8cf3dd25df08cfd0dae749349879b570a3ea6fc638dfcd8,2025,5,0.02374819
85d1c5bb5d78773fe8cf3dd25df08cfd0dae749349879b570a3ea6fc638dfcd8,2025,6,0.00969943
85d1c5bb5d78773fe8cf3dd25df08cfd0dae749349879b570a3ea6fc638dfcd8,2025,7,0.007842825
85d1c5bb5d78773fe8cf3dd25df08cfd0dae749349879b570a3ea6fc638dfcd8,2025,8,0.011405806
85d1c5bb5d78773fe8cf3dd25df08cfd0dae749349879b570a3ea6fc638dfcd8,2025,9,0.017771972
85d1c5bb5d78773fe8cf3dd25df08cfd0dae749349879b570a3ea6fc638dfcd8,2025,10,0.04696486
8610c3c6f79a7ee379a6021d5e1cbd5c8da63dfbbd641ed874bf020ee2bd222a,2025,5,0.12307691
8610c3c6f79a7ee379a6021d5e1cbd5c8da63dfbbd641ed874bf020ee2bd222a,2025,6,0.045272063
8610c3c6f79a7ee379a6021d5e1cbd5c8da63dfbbd641ed874bf020ee2bd222a,2025,7,0.050335083
8610c3c6f79a7ee379a6021d5e1cbd5c8da63dfbbd641ed874bf020ee2bd222a,2025,8,0.054752376
8610c3c6f79a7ee379a6021d5e1cbd5c8da63dfbbd641ed874bf020ee2bd222a,2025,9,0.091005936
8610c3c6f79a7ee379a6021d5e1cbd5c8da63dfbbd641ed874bf020ee2bd222a,2025,10,0.24201578
86df9ecd74bcea02a3a00e713e391bd45d11a32281de57652442df2d3052548c,2025,5,0.046772707
86df9ecd74bcea02a3a00e713e391bd45d11a32281de57652442df2d3052548c,2025,6,0.0141881155
86df9ecd74bcea02a3a00e713e391bd45d11a32281de57652442df2d3052548c,2025,7,0.01347178
86df9ecd74bcea02a3a00e713e391bd45d11a32281de57652442df2d3052548c,2025,8,0.016189095
86df9ecd74bcea02a3a00e713e391bd45d11a32281de57652442df2d3052548c,2025,9,0.01667562
86df9ecd74bcea02a3a00e713e391bd45d11a32281de57652442df2d3052548c,2025,10,0.06901571
87077566d8c7a23eefc015de590d0f4459ed54fede583d0fa4a72fc94ba0610d,2025,5,0.059939586
87077566d8c7a23eefc015de590d0f4459ed54fede583d0fa4a72fc94ba0610d,2025,6,0.0029999474
87077566d8c7a23eefc015de590d0f4459ed54fede583d0fa4a72fc94ba0610d,2025,7,0.0016486178
87077566d8c7a23eefc015de590d0f4459ed54fede583d0fa4a72fc94ba0610d,2025,8,0.0018958928
87077566d8c7a23eefc015de590d0f4459ed54fede583d0fa4a72fc94ba0610d,2025,9,0.0026346096
87077566d8c7a23eefc015de590d0f4459ed54fede583d0fa4a72fc94ba0610d,2025,10,0.071240135
8721996c036dcca5223d33295e214836d1e575d0ea332abffd811a5a7dcc1a59,2025,5,0.01978016
8721996c036dcca5223d33295e214836d1e575d0ea332abffd811a5a7dcc1a59,2025,6,0.013232348
8721996c036dcca5223d33295e214836d1e575d0ea332abffd811a5a7dcc1a59,2025,7,0.013392273
8721996c036dcca5223d33295e214836d1e575d0ea332abffd811a5a7dcc1a59,2025,8,0.014227815
8721996c036dcca5223d33295e214836d1e575d0ea332abffd811a5a7dcc1a59,2025,9,0.014709209
8721996c036dcca5223d33295e214836d1e575d0ea332abffd811a5a7dcc1a59,2025,10,0.025724499
87d4f48b07ca4cf08972b5568c4455137ff1f367a0b22369540d06f971ec0912,2025,5,0.01454924
87d4f48b07ca4cf08972b5568c4455137ff1f367a0b22369540d06f971ec0912,2025,6,0.008374305
87d4f48b07ca4cf08972b5568c4455137ff1f367a0b22369540d06f971ec0912,2025,7,0.007274337
87d4f48b07ca4cf08972b5568c4455137ff1f367a0b22369540d06f971ec0912,2025,8,0.007426395
87d4f48b07ca4cf08972b5568c4455137ff1f367a0b22369540d06f971ec0912,2025,9,0.008668914
87d4f48b07ca4cf08972b5568c4455137ff1f367a0b22369540d06f971ec0912,2025,10,0.017031249
87fe31c01844105e2f6b7c62517825ed7f721465b2bfc5c38aec38ef274f1961,2025,5,0.016949005
87fe31c01844105e2f6b7c62517825ed7f721465b2bfc5c38aec38ef274f1961,2025,6,0.010552136
87fe31c01844105e2f6b7c62517825ed7f721465b2bfc5c38aec38ef274f1961,2025,7,0.0077985874
87fe31c01844105e2f6b7c62517825ed7f721465b2bfc5c38aec38ef274f1961,2025,8,0.008953643
87fe31c01844105e2f6b7c62517825ed7f721465b2bfc5c38aec38ef274f1961,2025,9,0.014527761
87fe31c01844105e2f6b7c62517825ed7f721465b2bfc5c38aec38ef274f1961,2025,10,0.03447652
882f119ffc7fae6dbf06488b196a1b2d438bb0374177536a677fb8e14e2778fb,2025,5,0.021653982
882f119ffc7fae6dbf06488b196a1b2d438bb0374177536a677fb8e14e2778fb,2025,6,0.006026938
882f119ffc7fae6dbf06488b196a1b2d438bb0374177536a677fb8e14e2778fb,2025,7,0.0058434606
882f119ffc7fae6dbf06488b196a1b2d438bb0374177536a677fb8e14e2778fb,2025,8,0.0065580974
882f119ffc7fae6dbf06488b196a1b2d438bb0374177536a677fb8e14e2778fb,2025,9,0.010252307
882f119ffc7fae6dbf06488b196a1b2d438bb0374177536a677fb8e14e2778fb,2025,10,0.058115546
884a4ba105c92c2022cf8e35ce5be843fbed06bbaf12e65e07ccdeeb2841bf64,2025,5,0.05003398
884a4ba105c92c2022cf8e35ce5be843fbed06bbaf12e65e07ccdeeb2841bf64,2025,6,0.021867031
884a4ba105c92c2022cf8e35ce5be843fbed06bbaf12e65e07ccdeeb2841bf64,2025,7,0.016031638
884a4ba105c92c2022cf8e35ce5be843fbed06bbaf12e65e07ccdeeb2841bf64,2025,8,0.017704472
884a4ba105c92c2022cf8e35ce5be843fbed06bbaf12e65e07ccdeeb2841bf64,2025,9,0.023352863
884a4ba105c92c2022cf8e35ce5be843fbed06bbaf12e65e07ccdeeb2841bf64,2025,10,0.060224436
89fa9f3445cbe7e97d5bdfaf70b0b47b15dcd123fbbe4bbf7668755eb124fce7,2025,5,0.027982615
89fa9f3445cbe7e97d5bdfaf70b0b47b15dcd123fbbe4bbf7668755eb124fce7,2025,6,0.024632864
89fa9f3445cbe7e97d5bdfaf70b0b47b15dcd123fbbe4bbf7668755eb124fce7,2025,7,0.022632498
89fa9f3445cbe7e97d5bdfaf70b0b47b15dcd123fbbe4bbf7668755eb124fce7,2025,8,0.025329368
89fa9f3445cbe7e97d5bdfaf70b0b47b15dcd123fbbe4bbf7668755eb124fce7,2025,9,0.026258241
89fa9f3445cbe7e97d5bdfaf70b0b47b15dcd123fbbe4bbf7668755eb124fce7,2025,10,0.024180917
8a5e4d375f7dc1f526f9ab58d8abbd0c94aa10114cc32052ea100eb2b0b3110f,2025,5,0.11695019
8a5e4d375f7dc1f526f9ab58d8abbd0c94aa10114cc32052ea100eb2b0b3110f,2025,6,0.018353164
8a5e4d375f7dc1f526f9ab58d8abbd0c94aa10114cc32052ea100eb2b0b3110f,2025,7,0.0133996615
8a5e4d375f7dc1f526f9ab58d8abbd0c94aa10114cc32052ea100eb2b0b3110f,2025,8,0.023584047
8a5e4d375f7dc1f526f9ab58d8abbd0c94aa10114cc32052ea100eb2b0b3110f,2025,9,0.041942824
8a5e4d375f7dc1f526f9ab58d8abbd0c94aa10114cc32052ea100eb2b0b3110f,2025,10,0.14737153
8a7075007898e838b4d60378b99a0494076e0235eef8d74ffb67ac9eaa37c632,2025,5,0.040560823
8a7075007898e838b4d60378b99a0494076e0235eef8d74ffb67ac9eaa37c632,2025,6,0.0026708376
8a7075007898e838b4d60378b99a0494076e0235eef8d74ffb67ac9eaa37c632,2025,7,0.00010631996
8a7075007898e838b4d60378b99a0494076e0235eef8d74ffb67ac9eaa37c632,2025,8,1.3373983e-05
8a7075007898e838b4d60378b99a0494076e0235eef8d74ffb67ac9eaa37c632,2025,9,3.202395e-06
8a7075007898e838b4d60378b99a0494076e0235eef8d74ffb67ac9eaa37c632,2025,10,0.0048117233
8afcdbb643a722b76be0c76297cef9df2642c5d0c6c29513475996f2add953aa,2025,5,0.039485015
8afcdbb643a722b76be0c76297cef9df2642c5d0c6c29513475996f2add953aa,2025,6,0.014744621
8afcdbb643a722b76be0c76297cef9df2642c5d0c6c29513475996f2add953aa,2025,7,0.011196604
8afcdbb643a722b76be0c76297cef9df2642c5d0c6c29513475996f2add953aa,2025,8,0.014355219
8afcdbb643a722b76be0c76297cef9df2642c5d0c6c29513475996f2add953aa,2025,9,0.025379255
8afcdbb643a722b76be0c76297cef9df2642c5d0c6c29513475996f2add953aa,2025,10,0.05357877
8b2de4ed5a0c1a537f2ac9b0f3088ec3a0bef64805f4a6be4f823cc53c3a0750,2025,5,0.017829558
8b2de4ed5a0c1a537f2ac9b0f3088ec3a0bef64805f4a6be4f823cc53c3a0750,2025,6,0.0063231955
8b2de4ed5a0c1a537f2ac9b0f3088ec3a0bef64805f4a6be4f823cc53c3a0750,2025,7,0.0042308406
8b2de4ed5a0c1a537f2ac9b0f3088ec3a0bef64805f4a6be4f823cc53c3a0750,2025,8,0.0036390861
8b2de4ed5a0c1a537f2ac9b0f3088ec3a0bef64805f4a6be4f823cc53c3a0750,2025,9,0.0074455724
8b2de4ed5a0c1a537f2ac9b0f3088ec3a0bef64805f4a6be4f823cc53c3a0750,2025,10,0.029409193
8b940fb8b78eddf960dbd5026201f431b7e6c998444858d42b9d16c118849bcc,2025,5,0.038108874
8b940fb8b78eddf960dbd5026201f431b7e6c998444858d42b9d16c118849bcc,2025,6,0.013921673
8b940fb8b78eddf960dbd5026201f431b7e6c998444858d42b9d16c118849bcc,2025,7,0.011156716
8b940fb8b78eddf960dbd5026201f431b7e6c998444858d42b9d16c118849bcc,2025,8,0.010527005
8b940fb8b78eddf960dbd5026201f431b7e6c998444858d42b9d16c118849bcc,2025,9,0.01447956
8b940fb8b78eddf960dbd5026201f431b7e6c998444858d42b9d16c118849bcc,2025,10,0.12034376
8bb04c45bab48601fb733cc5e2796657096fc30c9d8d651c59bd7fbf3f6fbf8d,2025,5,0.027453672
8bb04c45bab48601fb733cc5e2796657096fc30c9d8d651c59bd7fbf3f6fbf8d,2025,6,0.0073641837
8bb04c45bab48601fb733cc5e2796657096fc30c9d8d651c59bd7fbf3f6fbf8d,2025,7,0.004930286
8bb04c45bab48601fb733cc5e2796657096fc30c9d8d651c59bd7fbf3f6fbf8d,2025,8,0.0057068495
8bb04c45bab48601fb733cc5e2796657096fc30c9d8d651c59bd7fbf3f6fbf8d,2025,9,0.0145333605
8bb04c45bab48601fb733cc5e2796657096fc30c9d8d651c59bd7fbf3f6fbf8d,2025,10,0.059384517
8c24ffa8d5f665711287280168acf9e8c2a971d118ca50e3da5b638d33f867dc,2025,5,0.032920834
8c24ffa8d5f665711287280168acf9e8c2a971d118ca50e3da5b638d33f867dc,2025,6,0.009789802
8c24ffa8d5f665711287280168acf9e8c2a971d118ca50e3da5b638d33f867dc,2025,7,0.008563826
8c24ffa8d5f665711287280168acf9e8c2a971d118ca50e3da5b638d33f867dc,2025,8,0.0074349907
8c24ffa8d5f665711287280168acf9e8c2a971d118ca50e3da5b638d33f867dc,2025,9,0.01918085
8c24ffa8d5f665711287280168acf9e8c2a971d118ca50e3da5b638d33f867dc,2025,10,0.06530945
8c42ab318fdbd97583a88225adea8f69ef9158f054213498924cf7d79b714757,2025,5,0.05014004
8c42ab318fdbd97583a88225adea8f69ef9158f054213498924cf7d79b714757,2025,6,0.01245593
8c42ab318fdbd97583a88225adea8f69ef9158f054213498924cf7d79b714757,2025,7,0.0059594843
8c42ab318fdbd97583a88225adea8f69ef9158f054213498924cf7d79b714757,2025,8,0.011105468
8c42ab318fdbd97583a88225adea8f69ef9158f054213498924cf7d79b714757,2025,9,0.019628746
8c42ab318fdbd97583a88225adea8f69ef9158f054213498924cf7d79b714757,2025,10,0.058151327
8c872721bc8525814ad8ec0ae7bbcd09be4da55b1c93c33e360eaa4b82ac608f,2025,5,0.030853117
8c872721bc8525814ad8ec0ae7bbcd09be4da55b1c93c33e360eaa4b82ac608f,2025,6,0.010941794
8c872721bc8525814ad8ec0ae7bbcd09be4da55b1c93c33e360eaa4b82ac608f,2025,7,0.011975019
8c872721bc8525814ad8ec0ae7bbcd09be4da55b1c93c33e360eaa4b82ac608f,2025,8,0.011502017
8c872721bc8525814ad8ec0ae7bbcd09be4da55b1c93c33e360eaa4b82ac608f,2025,9,0.020730162
8c872721bc8525814ad8ec0ae7bbcd09be4da55b1c93c33e360eaa4b82ac608f,2025,10,0.06934538
8d0e8fca04595dc54b813d58afe65358b0706f2cf2a4baf52cb9eee8579d5f68,2025,5,0.20073584
8d0e8fca04595dc54b813d58afe65358b0706f2cf2a4baf52cb9eee8579d5f68,2025,7,0.061705697
8d0e8fca04595dc54b813d58afe65358b0706f2cf2a4baf52cb9eee8579d5f68,2025,8,0.064679116
8d0e8fca04595dc54b813d58afe65358b0706f2cf2a4baf52cb9eee8579d5f68,2025,9,0.11085437
8d0e8fca04595dc54b813d58afe65358b0706f2cf2a4baf52cb9eee8579d5f68,2025,10,0.23880574
8da8db61492f10a095483cb461b60d9a99358045b6a1996230b469015f08c93c,2025,5,0.045475364
8da8db61492f10a095483cb461b60d9a99358045b6a1996230b469015f08c93c,2025,6,0.0017384167
8da8db61492f10a095483cb461b60d9a99358045b6a1996230b469015f08c93c,2025,7,0.0020641983
8da8db61492f10a095483cb461b60d9a99358045b6a1996230b469015f08c93c,2025,8,0.0031984414
8da8db61492f10a095483cb461b60d9a99358045b6a1996230b469015f08c93c,2025,9,0.022116423
8da8db61492f10a095483cb461b60d9a99358045b6a1996230b469015f08c93c,2025,10,0.09856319
8dbcf79959941f46205681e840149b92d81e0d2772768cef86ec12f81e985dcb,2025,5,0.038868703
8dbcf79959941f46205681e840149b92d81e0d2772768cef86ec12f81e985dcb,2025,6,0.009432795
8dbcf79959941f46205681e840149b92d81e0d2772768cef86ec12f81e985dcb,2025,8,0.0018067554
8dbcf79959941f46205681e840149b92d81e0d2772768cef86ec12f81e985dcb,2025,9,0.032612003
8dbcf79959941f46205681e840149b92d81e0d2772768cef86ec12f81e985dcb,2025,10,0.081862345
8e8927635d8b096b01db328425a04ca07f9a9f82a1226ca581b493ce7ee97b7a,2025,5,0.010207281
8e8927635d8b096b01db328425a04ca07f9a9f82a1226ca581b493ce7ee97b7a,2025,6,0.006932467
8e8927635d8b096b01db328425a04ca07f9a9f82a1226ca581b493ce7ee97b7a,2025,7,0.006578205
8e8927635d8b096b01db328425a04ca07f9a9f82a1226ca581b493ce7ee97b7a,2025,8,0.0072438773
8e8927635d8b096b01db328425a04ca07f9a9f82a1226ca581b493ce7ee97b7a,2025,9,0.008115532
8e8927635d8b096b01db328425a04ca07f9a9f82a1226ca581b493ce7ee97b7a,2025,10,0.01203935
8eb20ad555ad9b4a7b20dfa68a27966efc9aa7a2acdb588c9855a1bb02251428,2025,5,0.103399396
8eb20ad555ad9b4a7b20dfa68a27966efc9aa7a2acdb588c9855a1bb02251428,2025,6,0.020981751
8eb20ad555ad9b4a7b20dfa68a27966efc9aa7a2acdb588c9855a1bb02251428,2025,7,0.021028446
8eb20ad555ad9b4a7b20dfa68a27966efc9aa7a2acdb588c9855a1bb02251428,2025,8,0.02364775
8eb20ad555ad9b4a7b20dfa68a27966efc9aa7a2acdb588c9855a1bb02251428,2025,9,0.053662088
8eb20ad555ad9b4a7b20dfa68a27966efc9aa7a2acdb588c9855a1bb02251428,2025,10,0.16702007
8ec51680758c9b98c7e1d0cfbf59a889ccc92a781c1bbe5ed14d19d01161745e,2025,5,0.032301053
8ec51680758c9b98c7e1d0cfbf59a889ccc92a781c1bbe5ed14d19d01161745e,2025,6,0.008806144
8ec51680758c9b98c7e1d0cfbf59a889ccc92a781c1bbe5ed14d19d01161745e,2025,7,0.006172678
8ec51680758c9b98c7e1d0cfbf59a889ccc92a781c1bbe5ed14d19d01161745e,2025,8,0.008864347
8ec51680758c9b98c7e1d0cfbf59a889ccc92a781c1bbe5ed14d19d01161745e,2025,9,0.017241556
8ec51680758c9b98c7e1d0cfbf59a889ccc92a781c1bbe5ed14d19d01161745e,2025,10,0.042249113
8eec8250480b57138ce52d2502b2e704ab55a67e966ef4d8483490f65ce2e185,2025,5,0.018337358
8eec8250480b57138ce52d2502b2e704ab55a67e966ef4d8483490f65ce2e185,2025,6,0.0048099677
8eec8250480b57138ce52d2502b2e704ab55a67e966ef4d8483490f65ce2e185,2025,7,0.018299405
8eec8250480b57138ce52d2502b2e704ab55a67e966ef4d8483490f65ce2e185,2025,10,0.004330197
8f5fc10e102027696d808c845ecfdbd79a5197a6372a5e6ab5a4688a33064001,2025,5,0.022128379
8f5fc10e102027696d808c845ecfdbd79a5197a6372a5e6ab5a4688a33064001,2025,6,0.01791204
8f5fc10e102027696d808c845ecfdbd79a5197a6372a5e6ab5a4688a33064001,2025,7,0.015409848
8f5fc10e102027696d808c845ecfdbd79a5197a6372a5e6ab5a4688a33064001,2025,8,0.016803352
8f5fc10e102027696d808c845ecfdbd79a5197a6372a5e6ab5a4688a33064001,2025,9,0.022713812
8f5fc10e102027696d808c845ecfdbd79a5197a6372a5e6ab5a4688a33064001,2025,10,0.09126985
8f7425a2facbce1dd6c1d1d3cbcbf2c7056c12566e0974307ac878536498d196,2025,5,0.026007803
8f7425a2facbce1dd6c1d1d3cbcbf2c7056c12566e0974307ac878536498d196,2025,6,0.00430218
8f7425a2facbce1dd6c1d1d3cbcbf2c7056c12566e0974307ac878536498d196,2025,7,0.0036169237
8f7425a2facbce1dd6c1d1d3cbcbf2c7056c12566e0974307ac878536498d196,2025,8,0.00430267
8f7425a2facbce1dd6c1d1d3cbcbf2c7056c12566e0974307ac878536498d196,2025,9,0.011041126
8f7425a2facbce1dd6c1d1d3cbcbf2c7056c12566e0974307ac878536498d196,2025,10,0.04717682
8fa8da384822ef47da21f2ce985c6dd81b4298fa982b4e7bf1873adfde8d554a,2025,5,0.0611323
8fa8da384822ef47da21f2ce985c6dd81b4298fa982b4e7bf1873adfde8d554a,2025,6,0.031177228
8fa8da384822ef47da21f2ce985c6dd81b4298fa982b4e7bf1873adfde8d554a,2025,7,0.015035971
8fa8da384822ef47da21f2ce985c6dd81b4298fa982b4e7bf1873adfde8d554a,2025,8,0.018568154
8fa8da384822ef47da21f2ce985c6dd81b4298fa982b4e7bf1873adfde8d554a,2025,9,0.034231167
8fa8da384822ef47da21f2ce985c6dd81b4298fa982b4e7bf1873adfde8d554a,2025,10,0.07019408
8fc50b80a0f13aff7fa6bfdfd70155df2c050872fe6f640ba6db379bfec2f67b,2025,5,0.03785989
8fc50b80a0f13aff7fa6bfdfd70155df2c050872fe6f640ba6db379bfec2f67b,2025,6,0.021811783
8fc50b80a0f13aff7fa6bfdfd70155df2c050872fe6f640ba6db379bfec2f67b,2025,7,0.015745208
8fc50b80a0f13aff7fa6bfdfd70155df2c050872fe6f640ba6db379bfec2f67b,2025,8,0.022617068
8fc50b80a0f13aff7fa6bfdfd70155df2c050872fe6f640ba6db379bfec2f67b,2025,9,0.024250442
8fc50b80a0f13aff7fa6bfdfd70155df2c050872fe6f640ba6db379bfec2f67b,2025,10,0.066878736
9020d74cfc53a2caed885b6d6c8f95474aa7a5ad02569e4bfc778ec75e7559c4,2025,5,0.009061842
9020d74cfc53a2caed885b6d6c8f95474aa7a5ad02569e4bfc778ec75e7559c4,2025,6,0.0045697056
9020d74cfc53a2caed885b6d6c8f95474aa7a5ad02569e4bfc778ec75e7559c4,2025,7,0.0050762785
9020d74cfc53a2caed885b6d6c8f95474aa7a5ad02569e4bfc778ec75e7559c4,2025,8,0.004276992
9020d74cfc53a2caed885b6d6c8f95474aa7a5ad02569e4bfc778ec75e7559c4,2025,9,0.0059271273
9020d74cfc53a2caed885b6d6c8f95474aa7a5ad02569e4bfc778ec75e7559c4,2025,10,0.015037659
90618b8c15ff47d173421da1a64eae95dc1584bb86c7289d4a210b2cb7d7cbbe,2025,5,0.20143074
90618b8c15ff47d173421da1a64eae95dc1584bb86c7289d4a210b2cb7d7cbbe,2025,6,0.08031873
90618b8c15ff47d173421da1a64eae95dc1584bb86c7289d4a210b2cb7d7cbbe,2025,7,0.07648641
90618b8c15ff47d173421da1a64eae95dc1584bb86c7289d4a210b2cb7d7cbbe,2025,8,0.073999085
90618b8c15ff47d173421da1a64eae95dc1584bb86c7289d4a210b2cb7d7cbbe,2025,9,0.099284485
90618b8c15ff47d173421da1a64eae95dc1584bb86c7289d4a210b2cb7d7cbbe,2025,10,0.24228103
91271dfcff8505336f8e98b848e6adb02695c88aeeb5ee8a8efe6ed11332cd09,2025,5,0.0011341465
91271dfcff8505336f8e98b848e6adb02695c88aeeb5ee8a8efe6ed11332cd09,2025,6,0.0008340677
91271dfcff8505336f8e98b848e6adb02695c88aeeb5ee8a8efe6ed11332cd09,2025,7,0.0022260516
91271dfcff8505336f8e98b848e6adb02695c88aeeb5ee8a8efe6ed11332cd09,2025,8,0.001117044
91271dfcff8505336f8e98b848e6adb02695c88aeeb5ee8a8efe6ed11332cd09,2025,9,0.0014092169
91271dfcff8505336f8e98b848e6adb02695c88aeeb5ee8a8efe6ed11332cd09,2025,10,0.0018317776
91359fa9a66735679d86a3f28ec7a12916988ab4e980c1c64f0cda446065b198,2025,5,0.03857658
91359fa9a66735679d86a3f28ec7a12916988ab4e980c1c64f0cda446065b198,2025,6,0.009996607
91359fa9a66735679d86a3f28ec7a12916988ab4e980c1c64f0cda446065b198,2025,7,0.008587451
91359fa9a66735679d86a3f28ec7a12916988ab4e980c1c64f0cda446065b198,2025,8,0.008699066
91359fa9a66735679d86a3f28ec7a12916988ab4e980c1c64f0cda446065b198,2025,9,0.011492602
91359fa9a66735679d86a3f28ec7a12916988ab4e980c1c64f0cda446065b198,2025,10,0.05098454
914a2c3929dedb0fa04fa84d3eb443540fe3820dcf86cb3ef8bbb47fb0006101,2025,5,0.062346764
914a2c3929dedb0fa04fa84d3eb443540fe3820dcf86cb3ef8bbb47fb0006101,2025,6,0.012999729
914a2c3929dedb0fa04fa84d3eb443540fe3820dcf86cb3ef8bbb47fb0006101,2025,7,0.008453881
914a2c3929dedb0fa04fa84d3eb443540fe3820dcf86cb3ef8bbb47fb0006101,2025,8,0.00891324
914a2c3929dedb0fa04fa84d3eb443540fe3820dcf86cb3ef8bbb47fb0006101,2025,9,0.02710899
914a2c3929dedb0fa04fa84d3eb443540fe3820dcf86cb3ef8bbb47fb0006101,2025,10,0.108640574
915b66859b83ebf269117b1f1164dd621dd97899bdde69dbd90dee3b4958adb4,2025,5,0.04549113
915b66859b83ebf269117b1f1164dd621dd97899bdde69dbd90dee3b4958adb4,2025,6,0.010322828
915b66859b83ebf269117b1f1164dd621dd97899bdde69dbd90dee3b4958adb4,2025,7,0.007452974
915b66859b83ebf269117b1f1164dd621dd97899bdde69dbd90dee3b4958adb4,2025,8,0.0082795685
915b66859b83ebf269117b1f1164dd621dd97899bdde69dbd90dee3b4958adb4,2025,9,0.020139001
915b66859b83ebf269117b1f1164dd621dd97899bdde69dbd90dee3b4958adb4,2025,10,0.061074916
92edd7dda3afab5147e1e42e46b7f4c3baf3aaef7c92a9085ac6df384bf06d35,2025,5,0.025092347
92edd7dda3afab5147e1e42e46b7f4c3baf3aaef7c92a9085ac6df384bf06d35,2025,6,0.0080323955
92edd7dda3afab5147e1e42e46b7f4c3baf3aaef7c92a9085ac6df384bf06d35,2025,7,0.010765079
92edd7dda3afab5147e1e42e46b7f4c3baf3aaef7c92a9085ac6df384bf06d35,2025,8,0.012679823
92edd7dda3afab5147e1e42e46b7f4c3baf3aaef7c92a9085ac6df384bf06d35,2025,9,0.012945916
92edd7dda3afab5147e1e42e46b7f4c3baf3aaef7c92a9085ac6df384bf06d35,2025,10,0.025732948
93994583a213359d175a517cecd0a77ce5d37e9d4d91b5a1965f037bb218cafc,2025,5,0.009098936
93994583a213359d175a517cecd0a77ce5d37e9d4d91b5a1965f037bb218cafc,2025,6,0.006475445
93994583a213359d175a517cecd0a77ce5d37e9d4d91b5a1965f037bb218cafc,2025,7,0.0045064273
93994583a213359d175a517cecd0a77ce5d37e9d4d91b5a1965f037bb218cafc,2025,8,0.005766123
93994583a213359d175a517cecd0a77ce5d37e9d4d91b5a1965f037bb218cafc,2025,9,0.0068206796
93994583a213359d175a517cecd0a77ce5d37e9d4d91b5a1965f037bb218cafc,2025,10,0.009948765
93ad1e23564ab23c59364911c75955fcb23050e4a32d99b2062b1bd994354db0,2025,5,0.04043795
93ad1e23564ab23c59364911c75955fcb23050e4a32d99b2062b1bd994354db0,2025,6,0.0059056706
93ad1e23564ab23c59364911c75955fcb23050e4a32d99b2062b1bd994354db0,2025,7,0.0053244736
93ad1e23564ab23c59364911c75955fcb23050e4a32d99b2062b1bd994354db0,2025,8,0.0060641984
93ad1e23564ab23c59364911c75955fcb23050e4a32d99b2062b1bd994354db0,2025,9,0.018572062
93ad1e23564ab23c59364911c75955fcb23050e4a32d99b2062b1bd994354db0,2025,10,0.09056667
9479dd76e74cbfbfad11a3900be9799061405347e158a1d91f9400b0793b3695,2025,5,0.044322036
9479dd76e74cbfbfad11a3900be9799061405347e158a1d91f9400b0793b3695,2025,6,0.012362363
9479dd76e74cbfbfad11a3900be9799061405347e158a1d91f9400b0793b3695,2025,7,0.0074310484
9479dd76e74cbfbfad11a3900be9799061405347e158a1d91f9400b0793b3695,2025,8,0.0086559085
9479dd76e74cbfbfad11a3900be9799061405347e158a1d91f9400b0793b3695,2025,9,0.016269611
9479dd76e74cbfbfad11a3900be9799061405347e158a1d91f9400b0793b3695,2025,10,0.05329228
948af1e02703a676e3cec85891e700667e47ad4eaa716ec02200d78f61f9ae2d,2025,5,0.034778632
948af1e02703a676e3cec85891e700667e47ad4eaa716ec02200d78f61f9ae2d,2025,6,0.016857496
948af1e02703a676e3cec85891e700667e47ad4eaa716ec02200d78f61f9ae2d,2025,7,0.01724417
948af1e02703a676e3cec85891e700667e47ad4eaa716ec02200d78f61f9ae2d,2025,8,0.0157898
948af1e02703a676e3cec85891e700667e47ad4eaa716ec02200d78f61f9ae2d,2025,9,0.017784297
948af1e02703a676e3cec85891e700667e47ad4eaa716ec02200d78f61f9ae2d,2025,10,0.041368622
94beb94fa6b41b953653c02fa14e63f04ca9ca33fafc3dc33cf6dcb97563c2eb,2025,5,0.041578412
94beb94fa6b41b953653c02fa14e63f04ca9ca33fafc3dc33cf6dcb97563c2eb,2025,6,0.01863697
94beb94fa6b41b953653c02fa14e63f04ca9ca33fafc3dc33cf6dcb97563c2eb,2025,7,0.014525157
94beb94fa6b41b953653c02fa14e63f04ca9ca33fafc3dc33cf6dcb97563c2eb,2025,8,0.016428633
94beb94fa6b41b953653c02fa14e63f04ca9ca33fafc3dc33cf6dcb97563c2eb,2025,9,0.024715882
94beb94fa6b41b953653c02fa14e63f04ca9ca33fafc3dc33cf6dcb97563c2eb,2025,10,0.05865655
9711fe8bb9113e897738d66c4dfd3c35e36ffe8fbdd76469305503a0980b48b4,2025,5,0.048553955
9711fe8bb9113e897738d66c4dfd3c35e36ffe8fbdd76469305503a0980b48b4,2025,6,0.010146086
9711fe8bb9113e897738d66c4dfd3c35e36ffe8fbdd76469305503a0980b48b4,2025,7,0.008996265
9711fe8bb9113e897738d66c4dfd3c35e36ffe8fbdd76469305503a0980b48b4,2025,8,0.0095161395
9711fe8bb9113e897738d66c4dfd3c35e36ffe8fbdd76469305503a0980b48b4,2025,9,0.017667564
9711fe8bb9113e897738d66c4dfd3c35e36ffe8fbdd76469305503a0980b48b4,2025,10,0.075814806
97502d2649bf0c80a7f2f2f33824491349da81e3bd57d048f32e9b4a8c455a02,2025,5,0.04816594
97502d2649bf0c80a7f2f2f33824491349da81e3bd57d048f32e9b4a8c455a02,2025,6,0.027787622
97502d2649bf0c80a7f2f2f33824491349da81e3bd57d048f32e9b4a8c455a02,2025,7,0.023215065
97502d2649bf0c80a7f2f2f33824491349da81e3bd57d048f32e9b4a8c455a02,2025,8,0.025980165
97502d2649bf0c80a7f2f2f33824491349da81e3bd57d048f32e9b4a8c455a02,2025,9,0.031173747
97502d2649bf0c80a7f2f2f33824491349da81e3bd57d048f32e9b4a8c455a02,2025,10,0.078361675
97caf03b948cfdc0559e4d0698fcca0f5613b4358213d13f7d6a959896ef183d,2025,5,0.028325334
97caf03b948cfdc0559e4d0698fcca0f5613b4358213d13f7d6a959896ef183d,2025,6,0.009437395
97caf03b948cfdc0559e4d0698fcca0f5613b4358213d13f7d6a959896ef183d,2025,7,0.007166953
97caf03b948cfdc0559e4d0698fcca0f5613b4358213d13f7d6a959896ef183d,2025,8,0.007864163
97caf03b948cfdc0559e4d0698fcca0f5613b4358213d13f7d6a959896ef183d,2025,9,0.02294286
97caf03b948cfdc0559e4d0698fcca0f5613b4358213d13f7d6a959896ef183d,2025,10,0.073817454
9836b6354391c6892c17b1d7e36230d122fb5f5c5b741044e00bbed4335a1596,2025,6,0.01546401
9836b6354391c6892c17b1d7e36230d122fb5f5c5b741044e00bbed4335a1596,2025,7,0.013674282
9836b6354391c6892c17b1d7e36230d122fb5f5c5b741044e00bbed4335a1596,2025,8,0.017672002
98805955713adb3f453ca0546fda4c7cb09fc02631cb02ee7985931b9ab239b5,2025,5,0.12018272
98805955713adb3f453ca0546fda4c7cb09fc02631cb02ee7985931b9ab239b5,2025,6,0.024894293
98805955713adb3f453ca0546fda4c7cb09fc02631cb02ee7985931b9ab239b5,2025,7,0.019013392
98805955713adb3f453ca0546fda4c7cb09fc02631cb02ee7985931b9ab239b5,2025,8,0.020085922
98805955713adb3f453ca0546fda4c7cb09fc02631cb02ee7985931b9ab239b5,2025,9,0.04801636
98805955713adb3f453ca0546fda4c7cb09fc02631cb02ee7985931b9ab239b5,2025,10,0.23220322
98a57b57501e851063684121ee8f1a59eb75739202b75d4fdb94e5f9b2f94142,2025,5,0.05794299
98a57b57501e851063684121ee8f1a59eb75739202b75d4fdb94e5f9b2f94142,2025,6,0.025070215
98a57b57501e851063684121ee8f1a59eb75739202b75d4fdb94e5f9b2f94142,2025,7,0.027313514
98a57b57501e851063684121ee8f1a59eb75739202b75d4fdb94e5f9b2f94142,2025,8,0.030868616
98a57b57501e851063684121ee8f1a59eb75739202b75d4fdb94e5f9b2f94142,2025,9,0.039609727
98a57b57501e851063684121ee8f1a59eb75739202b75d4fdb94e5f9b2f94142,2025,10,0.09949695
98cca12d1d7fefe024a10b867c0612443fb3e6e8b92c1a2aead45e8e4222c2f1,2025,5,0.015899418
98cca12d1d7fefe024a10b867c0612443fb3e6e8b92c1a2aead45e8e4222c2f1,2025,6,0.012143692
98cca12d1d7fefe024a10b867c0612443fb3e6e8b92c1a2aead45e8e4222c2f1,2025,7,0.008010626
98cca12d1d7fefe024a10b867c0612443fb3e6e8b92c1a2aead45e8e4222c2f1,2025,8,0.008766855
98cca12d1d7fefe024a10b867c0612443fb3e6e8b92c1a2aead45e8e4222c2f1,2025,9,0.017125191
98cca12d1d7fefe024a10b867c0612443fb3e6e8b92c1a2aead45e8e4222c2f1,2025,10,0.051893532
99227597e9f2a5fb40af23fc56c90593f1f2fe408eb2b6d9922d40be079e8af4,2025,5,0.02684173
99227597e9f2a5fb40af23fc56c90593f1f2fe408eb2b6d9922d40be079e8af4,2025,6,0.012521042
99227597e9f2a5fb40af23fc56c90593f1f2fe408eb2b6d9922d40be079e8af4,2025,7,0.0061601223
99227597e9f2a5fb40af23fc56c90593f1f2fe408eb2b6d9922d40be079e8af4,2025,8,0.0080924705
99227597e9f2a5fb40af23fc56c90593f1f2fe408eb2b6d9922d40be079e8af4,2025,9,0.021145228
99227597e9f2a5fb40af23fc56c90593f1f2fe408eb2b6d9922d40be079e8af4,2025,10,0.081355765
999ce16b08d81fba880b792aa98dd9f086d4d9cf375705dec8c0a6a37caf7aa3,2025,5,0.020414947
999ce16b08d81fba880b792aa98dd9f086d4d9cf375705dec8c0a6a37caf7aa3,2025,6,0.007067795
999ce16b08d81fba880b792aa98dd9f086d4d9cf375705dec8c0a6a37caf7aa3,2025,7,0.0063575865
999ce16b08d81fba880b792aa98dd9f086d4d9cf375705dec8c0a6a37caf7aa3,2025,8,0.0059471102
999ce16b08d81fba880b792aa98dd9f086d4d9cf375705dec8c0a6a37caf7aa3,2025,9,0.009583452
999ce16b08d81fba880b792aa98dd9f086d4d9cf375705dec8c0a6a37caf7aa3,2025,10,0.036486845
9a013014140296eb6520905ce306b97e604c67e54bbad500e7811dd3ecb56a1e,2025,5,0.03423227
9a013014140296eb6520905ce306b97e604c67e54bbad500e7811dd3ecb56a1e,2025,6,0.04967716
9a013014140296eb6520905ce306b97e604c67e54bbad500e7811dd3ecb56a1e,2025,7,0.034852512
9a013014140296eb6520905ce306b97e604c67e54bbad500e7811dd3ecb56a1e,2025,8,0.033216495
9a013014140296eb6520905ce306b97e604c67e54bbad500e7811dd3ecb56a1e,2025,9,0.0078094113
9a013014140296eb6520905ce306b97e604c67e54bbad500e7811dd3ecb56a1e,2025,10,0.043165363
9a39cc47e02ee2772a76e56c404337212ff31bcfbc3f612c1dd361ef2417eb53,2025,5,0.05542197
9a39cc47e02ee2772a76e56c404337212ff31bcfbc3f612c1dd361ef2417eb53,2025,6,0.017297773
9a39cc47e02ee2772a76e56c404337212ff31bcfbc3f612c1dd361ef2417eb53,2025,7,0.011385605
9a39cc47e02ee2772a76e56c404337212ff31bcfbc3f612c1dd361ef2417eb53,2025,8,0.015076102
9a39cc47e02ee2772a76e56c404337212ff31bcfbc3f612c1dd361ef2417eb53,2025,9,0.027595507
9a39cc47e02ee2772a76e56c404337212ff31bcfbc3f612c1dd361ef2417eb53,2025,10,0.07593192
9a6821caed7fda542fdb93818acb59edd88e30cdaf1dc16217ef84ffc9496381,2025,5,0.091473036
9a6821caed7fda542fdb93818acb59edd88e30cdaf1dc16217ef84ffc9496381,2025,6,0.031252876
9a6821caed7fda542fdb93818acb59edd88e30cdaf1dc16217ef84ffc9496381,2025,8,0.01652322
9a6821caed7fda542fdb93818acb59edd88e30cdaf1dc16217ef84ffc9496381,2025,9,0.049170326
9a6821caed7fda542fdb93818acb59edd88e30cdaf1dc16217ef84ffc9496381,2025,10,0.18504864
9a766b77fac8848b645484a60f7b0290c7c8d26f946e39f71cf470c705c07d1c,2025,5,0.031626385
9a766b77fac8848b645484a60f7b0290c7c8d26f946e39f71cf470c705c07d1c,2025,6,0.010067365
9a766b77fac8848b645484a60f7b0290c7c8d26f946e39f71cf470c705c07d1c,2025,7,0.008095589
9a766b77fac8848b645484a60f7b0290c7c8d26f946e39f71cf470c705c07d1c,2025,8,0.009080217
9a766b77fac8848b645484a60f7b0290c7c8d26f946e39f71cf470c705c07d1c,2025,9,0.018354263
9a766b77fac8848b645484a60f7b0290c7c8d26f946e39f71cf470c705c07d1c,2025,10,0.056431882
9a9d8b929854a20cc457efd93e900c19a96465ec56ea24a73d0618cb53ed122a,2025,5,0.031439513
9a9d8b929854a20cc457efd93e900c19a96465ec56ea24a73d0618cb53ed122a,2025,6,0.012408729
9a9d8b929854a20cc457efd93e900c19a96465ec56ea24a73d0618cb53ed122a,2025,7,0.010984505
9a9d8b929854a20cc457efd93e900c19a96465ec56ea24a73d0618cb53ed122a,2025,8,0.009726553
9a9d8b929854a20cc457efd93e900c19a96465ec56ea24a73d0618cb53ed122a,2025,9,0.018474672
9a9d8b929854a20cc457efd93e900c19a96465ec56ea24a73d0618cb53ed122a,2025,10,0.05452974
9adeeb22f7320abe9d5f6ec40a1bf25a8c86bfc50392ced546f8ac21ba70defa,2025,5,0.044711974
9adeeb22f7320abe9d5f6ec40a1bf25a8c86bfc50392ced546f8ac21ba70defa,2025,6,0.011820771
9adeeb22f7320abe9d5f6ec40a1bf25a8c86bfc50392ced546f8ac21ba70defa,2025,7,0.010373047
9adeeb22f7320abe9d5f6ec40a1bf25a8c86bfc50392ced546f8ac21ba70defa,2025,8,0.011269372
9adeeb22f7320abe9d5f6ec40a1bf25a8c86bfc50392ced546f8ac21ba70defa,2025,9,0.018218284
9adeeb22f7320abe9d5f6ec40a1bf25a8c86bfc50392ced546f8ac21ba70defa,2025,10,0.058671083
9bc96449d98bff1f0aeb76be90dbb3c7b1b0482c4a1af1db6f9600f2c22cee25,2025,5,0.039144497
9bc96449d98bff1f0aeb76be90dbb3c7b1b0482c4a1af1db6f9600f2c22cee25,2025,6,0.012050087
9bc96449d98bff1f0aeb76be90dbb3c7b1b0482c4a1af1db6f9600f2c22cee25,2025,7,0.012342997
9bc96449d98bff1f0aeb76be90dbb3c7b1b0482c4a1af1db6f9600f2c22cee25,2025,8,0.011914452
9bc96449d98bff1f0aeb76be90dbb3c7b1b0482c4a1af1db6f9600f2c22cee25,2025,9,0.011412528
9bc96449d98bff1f0aeb76be90dbb3c7b1b0482c4a1af1db6f9600f2c22cee25,2025,10,0.073938936
9c0f33d6df35167d7237d9a4e6f3a0b1a62b99cf32dbc366653d252371978c93,2025,5,0.06305774
9c0f33d6df35167d7237d9a4e6f3a0b1a62b99cf32dbc366653d252371978c93,2025,6,0.02221992
9c0f33d6df35167d7237d9a4e6f3a0b1a62b99cf32dbc366653d252371978c93,2025,7,0.011013895
9c0f33d6df35167d7237d9a4e6f3a0b1a62b99cf32dbc366653d252371978c93,2025,8,0.012298611
9c0f33d6df35167d7237d9a4e6f3a0b1a62b99cf32dbc366653d252371978c93,2025,9,0.02753843
9c0f33d6df35167d7237d9a4e6f3a0b1a62b99cf32dbc366653d252371978c93,2025,10,0.084022604
9e34b5ddb5d8e086ab0aa6ed8bc837f24f4c2770cd6b5abd5be49916b79e1aef,2025,5,0.039693307
9e34b5ddb5d8e086ab0aa6ed8bc837f24f4c2770cd6b5abd5be49916b79e1aef,2025,6,0.031824213
9e34b5ddb5d8e086ab0aa6ed8bc837f24f4c2770cd6b5abd5be49916b79e1aef,2025,7,0.034137953
9e34b5ddb5d8e086ab0aa6ed8bc837f24f4c2770cd6b5abd5be49916b79e1aef,2025,8,0.035240185
9e34b5ddb5d8e086ab0aa6ed8bc837f24f4c2770cd6b5abd5be49916b79e1aef,2025,9,0.054030605
9e34b5ddb5d8e086ab0aa6ed8bc837f24f4c2770cd6b5abd5be49916b79e1aef,2025,10,0.4549109
9f08acd9d1bb66b0264fb426b34be99596958e1aef903117595321ece7fd21f9,2025,5,0.067670114
9f08acd9d1bb66b0264fb426b34be99596958e1aef903117595321ece7fd21f9,2025,6,0.014368493
9f08acd9d1bb66b0264fb426b34be99596958e1aef903117595321ece7fd21f9,2025,7,0.007660755
9f08acd9d1bb66b0264fb426b34be99596958e1aef903117595321ece7fd21f9,2025,8,0.0050609033
9f08acd9d1bb66b0264fb426b34be99596958e1aef903117595321ece7fd21f9,2025,9,0.030041609
9f08acd9d1bb66b0264fb426b34be99596958e1aef903117595321ece7fd21f9,2025,10,0.09999673
9f2d671f91899fa075c3cd2040aa44c030ea57df2737f34bbdaab20272fc6ccf,2025,5,0.036048345
9f2d671f91899fa075c3cd2040aa44c030ea57df2737f34bbdaab20272fc6ccf,2025,6,0.017947517
9f2d671f91899fa075c3cd2040aa44c030ea57df2737f34bbdaab20272fc6ccf,2025,7,0.013532385
9f2d671f91899fa075c3cd2040aa44c030ea57df2737f34bbdaab20272fc6ccf,2025,8,0.014772142
9f2d671f91899fa075c3cd2040aa44c030ea57df2737f34bbdaab20272fc6ccf,2025,9,0.013279758
9f2d671f91899fa075c3cd2040aa44c030ea57df2737f34bbdaab20272fc6ccf,2025,10,0.028925003
9f4c138a71268068ed9cf9721562173fc68296ce9efe7c164c9a3d772fceda53,2025,5,0.06652974
9f4c138a71268068ed9cf9721562173fc68296ce9efe7c164c9a3d772fceda53,2025,6,0.014504714
9f4c138a71268068ed9cf9721562173fc68296ce9efe7c164c9a3d772fceda53,2025,7,0.00959017
9f4c138a71268068ed9cf9721562173fc68296ce9efe7c164c9a3d772fceda53,2025,8,0.010963405
9f4c138a71268068ed9cf9721562173fc68296ce9efe7c164c9a3d772fceda53,2025,9,0.029639997
9f4c138a71268068ed9cf9721562173fc68296ce9efe7c164c9a3d772fceda53,2025,10,0.10810763
9f77b260b4457d56ded9d2f88ec35acd38b554e8b6ca619b17afa751c3fca312,2025,5,0.018942205
9f77b260b4457d56ded9d2f88ec35acd38b554e8b6ca619b17afa751c3fca312,2025,6,0.010708273
9f77b260b4457d56ded9d2f88ec35acd38b554e8b6ca619b17afa751c3fca312,2025,7,0.0076394817
9f77b260b4457d56ded9d2f88ec35acd38b554e8b6ca619b17afa751c3fca312,2025,8,0.00865256
9f77b260b4457d56ded9d2f88ec35acd38b554e8b6ca619b17afa751c3fca312,2025,9,0.01352735
9f77b260b4457d56ded9d2f88ec35acd38b554e8b6ca619b17afa751c3fca312,2025,10,0.034012992
9ff46a473bd014e712a0a72eaaf94c3058520c3fe82448228258a78380423644,2025,5,0.020038161
9ff46a473bd014e712a0a72eaaf94c3058520c3fe82448228258a78380423644,2025,6,0.009317225
9ff46a473bd014e712a0a72eaaf94c3058520c3fe82448228258a78380423644,2025,7,0.00904428
9ff46a473bd014e712a0a72eaaf94c3058520c3fe82448228258a78380423644,2025,8,0.009425047
9ff46a473bd014e712a0a72eaaf94c3058520c3fe82448228258a78380423644,2025,9,0.013631689
9ff46a473bd014e712a0a72eaaf94c3058520c3fe82448228258a78380423644,2025,10,0.047950182
a00b23f6f0a68ef1be19ad616ee2e4e9cccb4087bd9235a8fb4eac1cd84f9b08,2025,5,0.054192662
a00b23f6f0a68ef1be19ad616ee2e4e9cccb4087bd9235a8fb4eac1cd84f9b08,2025,6,0.014182802
a00b23f6f0a68ef1be19ad616ee2e4e9cccb4087bd9235a8fb4eac1cd84f9b08,2025,7,0.014652678
a00b23f6f0a68ef1be19ad616ee2e4e9cccb4087bd9235a8fb4eac1cd84f9b08,2025,8,0.015599869
a00b23f6f0a68ef1be19ad616ee2e4e9cccb4087bd9235a8fb4eac1cd84f9b08,2025,9,0.025252866
a00b23f6f0a68ef1be19ad616ee2e4e9cccb4087bd9235a8fb4eac1cd84f9b08,2025,10,0.093312964
a0bb066db36b3bb377be1823909fd7351a1d5a5b8dcd54ff32eb2399cdb97a05,2025,5,0.016510563
a0bb066db36b3bb377be1823909fd7351a1d5a5b8dcd54ff32eb2399cdb97a05,2025,6,0.0064219916
a0bb066db36b3bb377be1823909fd7351a1d5a5b8dcd54ff32eb2399cdb97a05,2025,7,0.007284611
a0bb066db36b3bb377be1823909fd7351a1d5a5b8dcd54ff32eb2399cdb97a05,2025,8,0.007539089
a0bb066db36b3bb377be1823909fd7351a1d5a5b8dcd54ff32eb2399cdb97a05,2025,9,0.009108634
a0bb066db36b3bb377be1823909fd7351a1d5a5b8dcd54ff32eb2399cdb97a05,2025,10,0.019757831
a1a182aafaa302988f9783884b9d998f845e4d2cd85a6c4d60b33443516ed907,2025,5,0.023936223
a1a182aafaa302988f9783884b9d998f845e4d2cd85a6c4d60b33443516ed907,2025,6,0.020376865
a1a182aafaa302988f9783884b9d998f845e4d2cd85a6c4d60b33443516ed907,2025,7,0.0003392842
a1a182aafaa302988f9783884b9d998f845e4d2cd85a6c4d60b33443516ed907,2025,8,5.3960855e-05
a1a182aafaa302988f9783884b9d998f845e4d2cd85a6c4d60b33443516ed907,2025,9,0.014784259
a1a182aafaa302988f9783884b9d998f845e4d2cd85a6c4d60b33443516ed907,2025,10,0.02220728
a1e748d39eacbd986d1bb521cdeebe465be79332ce21bb0c26cca8f32c52f4ae,2025,5,0.03828783
a1e748d39eacbd986d1bb521cdeebe465be79332ce21bb0c26cca8f32c52f4ae,2025,6,0.017038083
a1e748d39eacbd986d1bb521cdeebe465be79332ce21bb0c26cca8f32c52f4ae,2025,7,0.015671635
a1e748d39eacbd986d1bb521cdeebe465be79332ce21bb0c26cca8f32c52f4ae,2025,8,0.01699821
a1e748d39eacbd986d1bb521cdeebe465be79332ce21bb0c26cca8f32c52f4ae,2025,9,0.016711289
a1e748d39eacbd986d1bb521cdeebe465be79332ce21bb0c26cca8f32c52f4ae,2025,10,0.05092511
a20a069ea8f0aa2b0fbd36090a6a813b90b895f3b9c65f7d32f88738d27df51b,2025,5,0.08754229
a20a069ea8f0aa2b0fbd36090a6a813b90b895f3b9c65f7d32f88738d27df51b,2025,6,0.04496846
a20a069ea8f0aa2b0fbd36090a6a813b90b895f3b9c65f7d32f88738d27df51b,2025,7,0.035483524
a20a069ea8f0aa2b0fbd36090a6a813b90b895f3b9c65f7d32f88738d27df51b,2025,8,0.037999276
a20a069ea8f0aa2b0fbd36090a6a813b90b895f3b9c65f7d32f88738d27df51b,2025,9,0.05733936
a20a069ea8f0aa2b0fbd36090a6a813b90b895f3b9c65f7d32f88738d27df51b,2025,10,0.11117225
a399f49014087d241794be9a0778ffa2d3906f67570176aadadb910475472866,2025,5,0.06769089
a399f49014087d241794be9a0778ffa2d3906f67570176aadadb910475472866,2025,6,0.015939053
a399f49014087d241794be9a0778ffa2d3906f67570176aadadb910475472866,2025,7,0.011642086
a399f49014087d241794be9a0778ffa2d3906f67570176aadadb910475472866,2025,8,0.015196857
a399f49014087d241794be9a0778ffa2d3906f67570176aadadb910475472866,2025,9,0.041027714
a399f49014087d241794be9a0778ffa2d3906f67570176aadadb910475472866,2025,10,0.101172775
a45ef1c38356658825cdcf72e0dd11014fc89effbd9f9f1fcdf3141fb3698867,2025,5,0.014855385
a45ef1c38356658825cdcf72e0dd11014fc89effbd9f9f1fcdf3141fb3698867,2025,6,0.011073002
a45ef1c38356658825cdcf72e0dd11014fc89effbd9f9f1fcdf3141fb3698867,2025,7,0.010231795
a45ef1c38356658825cdcf72e0dd11014fc89effbd9f9f1fcdf3141fb3698867,2025,8,0.010412914
a45ef1c38356658825cdcf72e0dd11014fc89effbd9f9f1fcdf3141fb3698867,2025,9,0.013008775
a45ef1c38356658825cdcf72e0dd11014fc89effbd9f9f1fcdf3141fb3698867,2025,10,0.017457033
a481b282a16774eb1dd66a75ae49921226bd9e9758bb3cb0bc06be3582cc4ab9,2025,5,0.03099104
a481b282a16774eb1dd66a75ae49921226bd9e9758bb3cb0bc06be3582cc4ab9,2025,6,0.015740331
a481b282a16774eb1dd66a75ae49921226bd9e9758bb3cb0bc06be3582cc4ab9,2025,7,0.01412059
a481b282a16774eb1dd66a75ae49921226bd9e9758bb3cb0bc06be3582cc4ab9,2025,8,0.011135359
a481b282a16774eb1dd66a75ae49921226bd9e9758bb3cb0bc06be3582cc4ab9,2025,9,0.012274473
a481b282a16774eb1dd66a75ae49921226bd9e9758bb3cb0bc06be3582cc4ab9,2025,10,0.040671613
a4a44e2949a7db0f951ac94a601a1db2f5d993bcebb465efff7b810475161e17,2025,5,1.0332417e-05
a4a44e2949a7db0f951ac94a601a1db2f5d993bcebb465efff7b810475161e17,2025,6,0.049185768
a4a44e2949a7db0f951ac94a601a1db2f5d993bcebb465efff7b810475161e17,2025,7,0.011468537
a4a44e2949a7db0f951ac94a601a1db2f5d993bcebb465efff7b810475161e17,2025,8,0.07140606
a4a44e2949a7db0f951ac94a601a1db2f5d993bcebb465efff7b810475161e17,2025,9,0.08365514
a4a44e2949a7db0f951ac94a601a1db2f5d993bcebb465efff7b810475161e17,2025,10,0.13621591
a4e950b804c5a47471d822d16912d0a0c1b4c58e0bfab62eee60c4131b1fcf37,2025,5,0.026351804
a4e950b804c5a47471d822d16912d0a0c1b4c58e0bfab62eee60c4131b1fcf37,2025,6,0.007899585
a4e950b804c5a47471d822d16912d0a0c1b4c58e0bfab62eee60c4131b1fcf37,2025,7,0.0075700195
a4e950b804c5a47471d822d16912d0a0c1b4c58e0bfab62eee60c4131b1fcf37,2025,8,0.008874633
a4e950b804c5a47471d822d16912d0a0c1b4c58e0bfab62eee60c4131b1fcf37,2025,9,0.020453474
a4e950b804c5a47471d822d16912d0a0c1b4c58e0bfab62eee60c4131b1fcf37,2025,10,0.056752168
a4eb8c61c7bf9dbf75351a1de02ab2a318280471ec4b6002a9e7029c8944060b,2025,5,0.030784694
a4eb8c61c7bf9dbf75351a1de02ab2a318280471ec4b6002a9e7029c8944060b,2025,6,0.006353194
a4eb8c61c7bf9dbf75351a1de02ab2a318280471ec4b6002a9e7029c8944060b,2025,7,0.004486798
a4eb8c61c7bf9dbf75351a1de02ab2a318280471ec4b6002a9e7029c8944060b,2025,8,0.0046128663
a4eb8c61c7bf9dbf75351a1de02ab2a318280471ec4b6002a9e7029c8944060b,2025,9,0.011861795
a4eb8c61c7bf9dbf75351a1de02ab2a318280471ec4b6002a9e7029c8944060b,2025,10,0.026077705
a510e573a95b5a4c5e6c0f9d34320a0354431dbc28fa4bf72ce1c4d32df582b4,2025,5,0.060442153
a510e573a95b5a4c5e6c0f9d34320a0354431dbc28fa4bf72ce1c4d32df582b4,2025,6,0.0073845973
a510e573a95b5a4c5e6c0f9d34320a0354431dbc28fa4bf72ce1c4d32df582b4,2025,7,0.005333579
a510e573a95b5a4c5e6c0f9d34320a0354431dbc28fa4bf72ce1c4d32df582b4,2025,8,0.0052280733
a510e573a95b5a4c5e6c0f9d34320a0354431dbc28fa4bf72ce1c4d32df582b4,2025,9,0.01319549
a510e573a95b5a4c5e6c0f9d34320a0354431dbc28fa4bf72ce1c4d32df582b4,2025,10,0.086915195
a589f5aa2e5bc12a9d6bc033396484da47eaad8f5fcea21a08ab0a69391cc61b,2025,5,0.01747949
a589f5aa2e5bc12a9d6bc033396484da47eaad8f5fcea21a08ab0a69391cc61b,2025,6,0.008137822
a589f5aa2e5bc12a9d6bc033396484da47eaad8f5fcea21a08ab0a69391cc61b,2025,7,0.007219942
a589f5aa2e5bc12a9d6bc033396484da47eaad8f5fcea21a08ab0a69391cc61b,2025,8,0.0075270063
a589f5aa2e5bc12a9d6bc033396484da47eaad8f5fcea21a08ab0a69391cc61b,2025,9,0.009012475
a589f5aa2e5bc12a9d6bc033396484da47eaad8f5fcea21a08ab0a69391cc61b,2025,10,0.014610772
a5ab80309570519e79efbd6608dfce861115a862960fc0c8508142ebb6f771b3,2025,5,0.021318648
a5ab80309570519e79efbd6608dfce861115a862960fc0c8508142ebb6f771b3,2025,6,0.020459495
a5ab80309570519e79efbd6608dfce861115a862960fc0c8508142ebb6f771b3,2025,7,0.012863114
a5ab80309570519e79efbd6608dfce861115a862960fc0c8508142ebb6f771b3,2025,8,0.00933208
a5ab80309570519e79efbd6608dfce861115a862960fc0c8508142ebb6f771b3,2025,9,0.011470795
a5ab80309570519e79efbd6608dfce861115a862960fc0c8508142ebb6f771b3,2025,10,0.018002281
a5b6c0b21e6bf9815a1cb88c152ac473bc8f9e9d291a9d0c0beffe49c68c9f5a,2025,5,0.018226355
a5b6c0b21e6bf9815a1cb88c152ac473bc8f9e9d291a9d0c0beffe49c68c9f5a,2025,6,0.005243304
a5b6c0b21e6bf9815a1cb88c152ac473bc8f9e9d291a9d0c0beffe49c68c9f5a,2025,7,0.0049931277
a5b6c0b21e6bf9815a1cb88c152ac473bc8f9e9d291a9d0c0beffe49c68c9f5a,2025,8,0.0053903563
a5b6c0b21e6bf9815a1cb88c152ac473bc8f9e9d291a9d0c0beffe49c68c9f5a,2025,9,0.007095544
a5b6c0b21e6bf9815a1cb88c152ac473bc8f9e9d291a9d0c0beffe49c68c9f5a,2025,10,0.04479638
a757302ce5c2df2d89c2b25398004a14bc8d8d39157cd76399fc488338857cae,2025,5,0.0458458
a757302ce5c2df2d89c2b25398004a14bc8d8d39157cd76399fc488338857cae,2025,6,0.009074821
a757302ce5c2df2d89c2b25398004a14bc8d8d39157cd76399fc488338857cae,2025,7,0.006519331
a757302ce5c2df2d89c2b25398004a14bc8d8d39157cd76399fc488338857cae,2025,8,0.006788693
a757302ce5c2df2d89c2b25398004a14bc8d8d39157cd76399fc488338857cae,2025,9,0.0072541093
a757302ce5c2df2d89c2b25398004a14bc8d8d39157cd76399fc488338857cae,2025,10,0.041717283
a768ca572d95180820356d8a509ff055bd1c2544bc0c48d2414eb46a0e4e5e5e,2025,5,0.02222189
a768ca572d95180820356d8a509ff055bd1c2544bc0c48d2414eb46a0e4e5e5e,2025,6,0.008664105
a768ca572d95180820356d8a509ff055bd1c2544bc0c48d2414eb46a0e4e5e5e,2025,7,0.005684416
a768ca572d95180820356d8a509ff055bd1c2544bc0c48d2414eb46a0e4e5e5e,2025,8,0.007034492
a768ca572d95180820356d8a509ff055bd1c2544bc0c48d2414eb46a0e4e5e5e,2025,10,0.028628489
a7a4d156fea9611c195a04db854b962172075b2ad54e35b0feb9ea5b7b34a10f,2025,5,0.052859295
a7a4d156fea9611c195a04db854b962172075b2ad54e35b0feb9ea5b7b34a10f,2025,6,0.004660625
a7a4d156fea9611c195a04db854b962172075b2ad54e35b0feb9ea5b7b34a10f,2025,7,0.0001052271
a7a4d156fea9611c195a04db854b962172075b2ad54e35b0feb9ea5b7b34a10f,2025,8,0.037480425
a7a4d156fea9611c195a04db854b962172075b2ad54e35b0feb9ea5b7b34a10f,2025,9,0.063069455
a7a4d156fea9611c195a04db854b962172075b2ad54e35b0feb9ea5b7b34a10f,2025,10,0.087870724
a7c6b26faf3eec610f35111b1c22a6244866331977ec341c717e33d178dfd050,2025,5,0.061444364
a7c6b26faf3eec610f35111b1c22a6244866331977ec341c717e33d178dfd050,2025,6,0.011060469
a7c6b26faf3eec610f35111b1c22a6244866331977ec341c717e33d178dfd050,2025,7,0.008462209
a7c6b26faf3eec610f35111b1c22a6244866331977ec341c717e33d178dfd050,2025,8,0.009809918
a7c6b26faf3eec610f35111b1c22a6244866331977ec341c717e33d178dfd050,2025,9,0.01895955
a7c6b26faf3eec610f35111b1c22a6244866331977ec341c717e33d178dfd050,2025,10,0.09968242
ac393f6fdda5fd008b3f408680b4893cfdf0c136a5d753035f05715c3d656098,2025,5,0.046046548
ac393f6fdda5fd008b3f408680b4893cfdf0c136a5d753035f05715c3d656098,2025,6,0.018468862
ac393f6fdda5fd008b3f408680b4893cfdf0c136a5d753035f05715c3d656098,2025,7,0.016876802
ac393f6fdda5fd008b3f408680b4893cfdf0c136a5d753035f05715c3d656098,2025,8,0.01658727
ac393f6fdda5fd008b3f408680b4893cfdf0c136a5d753035f05715c3d656098,2025,9,0.030606499
ac393f6fdda5fd008b3f408680b4893cfdf0c136a5d753035f05715c3d656098,2025,10,0.0576721
ac463a709f16be59f019a1e578ef57e44a4c534991a93437a440f8deb5c80386,2025,5,0.06979602
ac463a709f16be59f019a1e578ef57e44a4c534991a93437a440f8deb5c80386,2025,6,0.010066641
ac463a709f16be59f019a1e578ef57e44a4c534991a93437a440f8deb5c80386,2025,7,0.012590174
ac463a709f16be59f019a1e578ef57e44a4c534991a93437a440f8deb5c80386,2025,8,0.01508272
ac463a709f16be59f019a1e578ef57e44a4c534991a93437a440f8deb5c80386,2025,10,0.12311213
acc55352fdcc51ad52b3063634197e51bf85aa733d6d386cb11bf130b2288641,2025,5,0.024057396
acc55352fdcc51ad52b3063634197e51bf85aa733d6d386cb11bf130b2288641,2025,6,0.007397358
acc55352fdcc51ad52b3063634197e51bf85aa733d6d386cb11bf130b2288641,2025,7,0.0046496964
acc55352fdcc51ad52b3063634197e51bf85aa733d6d386cb11bf130b2288641,2025,8,0.0070274617
acc55352fdcc51ad52b3063634197e51bf85aa733d6d386cb11bf130b2288641,2025,9,0.011563074
acc55352fdcc51ad52b3063634197e51bf85aa733d6d386cb11bf130b2288641,2025,10,0.044280864
ace601564dc43918f552a5098354769c900e7d31b25b6558479546211b743a8b,2025,5,0.051673323
ace601564dc43918f552a5098354769c900e7d31b25b6558479546211b743a8b,2025,6,0.029198194
ace601564dc43918f552a5098354769c900e7d31b25b6558479546211b743a8b,2025,7,0.025686676
ace601564dc43918f552a5098354769c900e7d31b25b6558479546211b743a8b,2025,8,0.026730932
ace601564dc43918f552a5098354769c900e7d31b25b6558479546211b743a8b,2025,9,0.043066222
ace601564dc43918f552a5098354769c900e7d31b25b6558479546211b743a8b,2025,10,0.08891303
ad5ebf9565d51c8c2d5df5dbf381ce63f9602848490390eefb0c74b2f12a94e7,2025,5,0.09602068
ad5ebf9565d51c8c2d5df5dbf381ce63f9602848490390eefb0c74b2f12a94e7,2025,6,0.04590932
ad5ebf9565d51c8c2d5df5dbf381ce63f9602848490390eefb0c74b2f12a94e7,2025,7,0.042946957
ad5ebf9565d51c8c2d5df5dbf381ce63f9602848490390eefb0c74b2f12a94e7,2025,8,0.03510632
ad5ebf9565d51c8c2d5df5dbf381ce63f9602848490390eefb0c74b2f12a94e7,2025,9,0.048574816
ad5ebf9565d51c8c2d5df5dbf381ce63f9602848490390eefb0c74b2f12a94e7,2025,10,0.12535754
ae7d8e8527cacda264b67e364ed9dd081c6631f7466e490394611754e06e5173,2025,5,0.03479713
ae7d8e8527cacda264b67e364ed9dd081c6631f7466e490394611754e06e5173,2025,6,0.010232518
ae7d8e8527cacda264b67e364ed9dd081c6631f7466e490394611754e06e5173,2025,7,0.006615127
ae7d8e8527cacda264b67e364ed9dd081c6631f7466e490394611754e06e5173,2025,8,0.0082633365
ae7d8e8527cacda264b67e364ed9dd081c6631f7466e490394611754e06e5173,2025,9,0.015872166
ae7d8e8527cacda264b67e364ed9dd081c6631f7466e490394611754e06e5173,2025,10,0.05167812
ae8abfd04d058d484de0f29965b378682071a8d25b931825d07f1b610b80f775,2025,5,0.0881942
ae8abfd04d058d484de0f29965b378682071a8d25b931825d07f1b610b80f775,2025,6,0.04098075
ae8abfd04d058d484de0f29965b378682071a8d25b931825d07f1b610b80f775,2025,7,0.03435088
ae8abfd04d058d484de0f29965b378682071a8d25b931825d07f1b610b80f775,2025,8,0.04269193
ae8abfd04d058d484de0f29965b378682071a8d25b931825d07f1b610b80f775,2025,9,0.0702754
ae8abfd04d058d484de0f29965b378682071a8d25b931825d07f1b610b80f775,2025,10,0.12329141
af05187341a019eee3445a79f465bc483549ea4d7b02e786e36df134965c4954,2025,5,0.060755353
af05187341a019eee3445a79f465bc483549ea4d7b02e786e36df134965c4954,2025,6,0.00013848476
af05187341a019eee3445a79f465bc483549ea4d7b02e786e36df134965c4954,2025,7,0.00013348981
af05187341a019eee3445a79f465bc483549ea4d7b02e786e36df134965c4954,2025,8,0.00013543236
af05187341a019eee3445a79f465bc483549ea4d7b02e786e36df134965c4954,2025,9,0.01145127
af05187341a019eee3445a79f465bc483549ea4d7b02e786e36df134965c4954,2025,10,0.11231685
afb3962e12a1787faa234dce31379934f6ade556b7a55c3708dbf68f2a9d92b4,2025,5,0.010617122
afb3962e12a1787faa234dce31379934f6ade556b7a55c3708dbf68f2a9d92b4,2025,6,0.003941303
afb3962e12a1787faa234dce31379934f6ade556b7a55c3708dbf68f2a9d92b4,2025,7,0.003392497
afb3962e12a1787faa234dce31379934f6ade556b7a55c3708dbf68f2a9d92b4,2025,8,0.003775711
afb3962e12a1787faa234dce31379934f6ade556b7a55c3708dbf68f2a9d92b4,2025,9,0.0056611346
afb3962e12a1787faa234dce31379934f6ade556b7a55c3708dbf68f2a9d92b4,2025,10,0.017791647
afbc475c0ad940f37c1c5fcab8c077fd6ad25367060c47817c87b922192d5758,2025,5,0.060836386
afbc475c0ad940f37c1c5fcab8c077fd6ad25367060c47817c87b922192d5758,2025,6,0.01747311
afbc475c0ad940f37c1c5fcab8c077fd6ad25367060c47817c87b922192d5758,2025,7,0.014590096
afbc475c0ad940f37c1c5fcab8c077fd6ad25367060c47817c87b922192d5758,2025,8,0.018246278
afbc475c0ad940f37c1c5fcab8c077fd6ad25367060c47817c87b922192d5758,2025,9,0.022840193
afbc475c0ad940f37c1c5fcab8c077fd6ad25367060c47817c87b922192d5758,2025,10,0.049154557
afc04210b979867cd9619ebea0ce6b535772b8fdbe60e3a2eab75b67014d87ce,2025,5,0.038421836
afc04210b979867cd9619ebea0ce6b535772b8fdbe60e3a2eab75b67014d87ce,2025,6,0.0108810235
afc04210b979867cd9619ebea0ce6b535772b8fdbe60e3a2eab75b67014d87ce,2025,8,0.01256312
afc04210b979867cd9619ebea0ce6b535772b8fdbe60e3a2eab75b67014d87ce,2025,9,0.010565358
afc04210b979867cd9619ebea0ce6b535772b8fdbe60e3a2eab75b67014d87ce,2025,10,0.013912452
affd305d297546533f9dfeb962870466f5c3086a9ae2e548e785f6597aef69cc,2025,5,0.011421478
affd305d297546533f9dfeb962870466f5c3086a9ae2e548e785f6597aef69cc,2025,6,0.007945107
affd305d297546533f9dfeb962870466f5c3086a9ae2e548e785f6597aef69cc,2025,7,0.0065380833
affd305d297546533f9dfeb962870466f5c3086a9ae2e548e785f6597aef69cc,2025,8,0.006927341
affd305d297546533f9dfeb962870466f5c3086a9ae2e548e785f6597aef69cc,2025,9,0.008581003
affd305d297546533f9dfeb962870466f5c3086a9ae2e548e785f6597aef69cc,2025,10,0.033470098
b097fadf1169c39654071b15699257e9d12ac5d92dd8640e52f71e0cd99f8e1d,2025,5,0.035348378
b097fadf1169c39654071b15699257e9d12ac5d92dd8640e52f71e0cd99f8e1d,2025,6,0.0006505102
b097fadf1169c39654071b15699257e9d12ac5d92dd8640e52f71e0cd99f8e1d,2025,7,0.0006493789
b097fadf1169c39654071b15699257e9d12ac5d92dd8640e52f71e0cd99f8e1d,2025,8,0.001078832
b097fadf1169c39654071b15699257e9d12ac5d92dd8640e52f71e0cd99f8e1d,2025,9,0.00967533
b097fadf1169c39654071b15699257e9d12ac5d92dd8640e52f71e0cd99f8e1d,2025,10,0.07446436
b0e95b1ca8a226927f56fe217fd04a8695ce3a1cb27b2ee786ee6867a2fb72c2,2025,5,0.0211628
b0e95b1ca8a226927f56fe217fd04a8695ce3a1cb27b2ee786ee6867a2fb72c2,2025,6,0.0028449905
b0e95b1ca8a226927f56fe217fd04a8695ce3a1cb27b2ee786ee6867a2fb72c2,2025,7,0.0028835938
b0e95b1ca8a226927f56fe217fd04a8695ce3a1cb27b2ee786ee6867a2fb72c2,2025,8,0.0022774695
b0e95b1ca8a226927f56fe217fd04a8695ce3a1cb27b2ee786ee6867a2fb72c2,2025,9,0.006392538
b0e95b1ca8a226927f56fe217fd04a8695ce3a1cb27b2ee786ee6867a2fb72c2,2025,10,0.04477407
b128e72cfa88a396700dd149910bf0d237d3f5386bfb030fd1e1e3dc5553a449,2025,5,0.078840055
b128e72cfa88a396700dd149910bf0d237d3f5386bfb030fd1e1e3dc5553a449,2025,6,0.02089629
b128e72cfa88a396700dd149910bf0d237d3f5386bfb030fd1e1e3dc5553a449,2025,7,0.021455573
b128e72cfa88a396700dd149910bf0d237d3f5386bfb030fd1e1e3dc5553a449,2025,8,0.019396668
b128e72cfa88a396700dd149910bf0d237d3f5386bfb030fd1e1e3dc5553a449,2025,9,0.045087073
b128e72cfa88a396700dd149910bf0d237d3f5386bfb030fd1e1e3dc5553a449,2025,10,0.13989969
b17da0ecb969ade91c5f3a60130a9d81f1edad9912a922537db0f2c35e4d2200,2025,5,0.018247657
b17da0ecb969ade91c5f3a60130a9d81f1edad9912a922537db0f2c35e4d2200,2025,6,0.008943396
b17da0ecb969ade91c5f3a60130a9d81f1edad9912a922537db0f2c35e4d2200,2025,7,0.008775022
b17da0ecb969ade91c5f3a60130a9d81f1edad9912a922537db0f2c35e4d2200,2025,8,0.008035724
b17da0ecb969ade91c5f3a60130a9d81f1edad9912a922537db0f2c35e4d2200,2025,9,0.009179354
b17da0ecb969ade91c5f3a60130a9d81f1edad9912a922537db0f2c35e4d2200,2025,10,0.024900282
b252cc55ff668c6f06a040323f80f7d5b03cd11ec34e7efe84e747283690c903,2025,5,0.015410654
b252cc55ff668c6f06a040323f80f7d5b03cd11ec34e7efe84e747283690c903,2025,6,0.011551704
b252cc55ff668c6f06a040323f80f7d5b03cd11ec34e7efe84e747283690c903,2025,7,0.008722255
b252cc55ff668c6f06a040323f80f7d5b03cd11ec34e7efe84e747283690c903,2025,8,0.00992404
b252cc55ff668c6f06a040323f80f7d5b03cd11ec34e7efe84e747283690c903,2025,9,0.012182128
b252cc55ff668c6f06a040323f80f7d5b03cd11ec34e7efe84e747283690c903,2025,10,0.045588486
b3b2a99704bd254d7aadf1a5ce10f093e87389ed910ce2b3195f0d39ea324558,2025,5,0.032461036
b3b2a99704bd254d7aadf1a5ce10f093e87389ed910ce2b3195f0d39ea324558,2025,6,0.0039016255
b3b2a99704bd254d7aadf1a5ce10f093e87389ed910ce2b3195f0d39ea324558,2025,7,0.0035728735
b3b2a99704bd254d7aadf1a5ce10f093e87389ed910ce2b3195f0d39ea324558,2025,8,0.0041982387
b3b2a99704bd254d7aadf1a5ce10f093e87389ed910ce2b3195f0d39ea324558,2025,9,0.0042939964
b3b2a99704bd254d7aadf1a5ce10f093e87389ed910ce2b3195f0d39ea324558,2025,10,0.013173773
b3bc9f855285b0a8b07a3fd14ca75c81a31335bf7108969fc7e44532aa24f50f,2025,5,0.029330514
b3bc9f855285b0a8b07a3fd14ca75c81a31335bf7108969fc7e44532aa24f50f,2025,6,0.008755174
b3bc9f855285b0a8b07a3fd14ca75c81a31335bf7108969fc7e44532aa24f50f,2025,7,0.008602884
b3bc9f855285b0a8b07a3fd14ca75c81a31335bf7108969fc7e44532aa24f50f,2025,8,0.0094925035
b3bc9f855285b0a8b07a3fd14ca75c81a31335bf7108969fc7e44532aa24f50f,2025,9,0.009791505
b3bc9f855285b0a8b07a3fd14ca75c81a31335bf7108969fc7e44532aa24f50f,2025,10,0.0185834
b3d6c532cf41ea137f82789690a7b75068a4213f32dd32114ba124f70a5a71cc,2025,5,0.033857323
b3d6c532cf41ea137f82789690a7b75068a4213f32dd32114ba124f70a5a71cc,2025,6,0.0065131816
b3d6c532cf41ea137f82789690a7b75068a4213f32dd32114ba124f70a5a71cc,2025,7,0.0071500763
b3d6c532cf41ea137f82789690a7b75068a4213f32dd32114ba124f70a5a71cc,2025,8,0.0060971742
b3d6c532cf41ea137f82789690a7b75068a4213f32dd32114ba124f70a5a71cc,2025,9,0.011981333
b3d6c532cf41ea137f82789690a7b75068a4213f32dd32114ba124f70a5a71cc,2025,10,0.06702777
b426bc99abaad863998e8ffa7c12c1297a08087ccb45b45fb2938dc6d1de9c0c,2025,5,0.03009136
b426bc99abaad863998e8ffa7c12c1297a08087ccb45b45fb2938dc6d1de9c0c,2025,6,0.0011124365
b426bc99abaad863998e8ffa7c12c1297a08087ccb45b45fb2938dc6d1de9c0c,2025,7,0.009869242
b426bc99abaad863998e8ffa7c12c1297a08087ccb45b45fb2938dc6d1de9c0c,2025,8,0.010119869
b426bc99abaad863998e8ffa7c12c1297a08087ccb45b45fb2938dc6d1de9c0c,2025,9,0.01844391
b426bc99abaad863998e8ffa7c12c1297a08087ccb45b45fb2938dc6d1de9c0c,2025,10,0.05243807
b43329c4bf64454cf35a531ce4f904ca99540eba9f4a3f07b0e95e45c55e863a,2025,5,0.079425156
b43329c4bf64454cf35a531ce4f904ca99540eba9f4a3f07b0e95e45c55e863a,2025,6,0.023783334
b43329c4bf64454cf35a531ce4f904ca99540eba9f4a3f07b0e95e45c55e863a,2025,7,0.009178191
b43329c4bf64454cf35a531ce4f904ca99540eba9f4a3f07b0e95e45c55e863a,2025,8,0.006893554
b43329c4bf64454cf35a531ce4f904ca99540eba9f4a3f07b0e95e45c55e863a,2025,9,0.04601939
b43329c4bf64454cf35a531ce4f904ca99540eba9f4a3f07b0e95e45c55e863a,2025,10,0.11053222
b497aed52529d4a9e2d85855125e128766cc54e81449b49e7d51b859e68398ba,2025,5,0.04830894
b497aed52529d4a9e2d85855125e128766cc54e81449b49e7d51b859e68398ba,2025,6,0.042334717
b497aed52529d4a9e2d85855125e128766cc54e81449b49e7d51b859e68398ba,2025,7,0.040651247
b497aed52529d4a9e2d85855125e128766cc54e81449b49e7d51b859e68398ba,2025,8,0.045077592
b497aed52529d4a9e2d85855125e128766cc54e81449b49e7d51b859e68398ba,2025,9,0.049766548
b497aed52529d4a9e2d85855125e128766cc54e81449b49e7d51b859e68398ba,2025,10,0.05726244
b4cf2f30ddfb74ee95a1c4b65eca3d6cee67b1277940a2161e74e2689aaf0ea2,2025,5,0.031002257
b4cf2f30ddfb74ee95a1c4b65eca3d6cee67b1277940a2161e74e2689aaf0ea2,2025,6,0.00853634
b4cf2f30ddfb74ee95a1c4b65eca3d6cee67b1277940a2161e74e2689aaf0ea2,2025,7,0.008598731
b4cf2f30ddfb74ee95a1c4b65eca3d6cee67b1277940a2161e74e2689aaf0ea2,2025,8,0.008819676
b4cf2f30ddfb74ee95a1c4b65eca3d6cee67b1277940a2161e74e2689aaf0ea2,2025,9,0.010651271
b4cf2f30ddfb74ee95a1c4b65eca3d6cee67b1277940a2161e74e2689aaf0ea2,2025,10,0.02582584
b4e4dd2b048f23482c0c24faab06af90edc68f1815afca69227735da8b822981,2025,5,0.027106905
b4e4dd2b048f23482c0c24faab06af90edc68f1815afca69227735da8b822981,2025,6,0.012396788
b4e4dd2b048f23482c0c24faab06af90edc68f1815afca69227735da8b822981,2025,7,0.009419852
b4e4dd2b048f23482c0c24faab06af90edc68f1815afca69227735da8b822981,2025,8,0.015230285
b4e4dd2b048f23482c0c24faab06af90edc68f1815afca69227735da8b822981,2025,9,0.014554314
b4e4dd2b048f23482c0c24faab06af90edc68f1815afca69227735da8b822981,2025,10,0.045712326
b6b5f765ecb2db140065fca2e86999f822b7c7b2cbd4df0e558d2eac3090fb5b,2025,5,1.3007748e-05
b6b5f765ecb2db140065fca2e86999f822b7c7b2cbd4df0e558d2eac3090fb5b,2025,6,1.5824013e-05
b6b5f765ecb2db140065fca2e86999f822b7c7b2cbd4df0e558d2eac3090fb5b,2025,7,1.6326452e-05
b6b5f765ecb2db140065fca2e86999f822b7c7b2cbd4df0e558d2eac3090fb5b,2025,8,1.6258444e-05
b6b5f765ecb2db140065fca2e86999f822b7c7b2cbd4df0e558d2eac3090fb5b,2025,9,1.28679785e-05
b6b5f765ecb2db140065fca2e86999f822b7c7b2cbd4df0e558d2eac3090fb5b,2025,10,0.0036025536
b71a1a11d206212b3dd1f9c983938d58f0e5eddf8407a38e7c6893c22bb5dda3,2025,5,0.08025879
b71a1a11d206212b3dd1f9c983938d58f0e5eddf8407a38e7c6893c22bb5dda3,2025,6,0.01254356
b71a1a11d206212b3dd1f9c983938d58f0e5eddf8407a38e7c6893c22bb5dda3,2025,7,0.01377019
b71a1a11d206212b3dd1f9c983938d58f0e5eddf8407a38e7c6893c22bb5dda3,2025,8,0.017910171
b71a1a11d206212b3dd1f9c983938d58f0e5eddf8407a38e7c6893c22bb5dda3,2025,9,0.027800892
b71a1a11d206212b3dd1f9c983938d58f0e5eddf8407a38e7c6893c22bb5dda3,2025,10,0.117759645
b71ce712d9e5a68a24a8babad55855cd6eb5d2ef282ca956532066de744dc216,2025,5,0.042173646
b71ce712d9e5a68a24a8babad55855cd6eb5d2ef282ca956532066de744dc216,2025,6,0.009948912
b71ce712d9e5a68a24a8babad55855cd6eb5d2ef282ca956532066de744dc216,2025,7,0.009372436
b71ce712d9e5a68a24a8babad55855cd6eb5d2ef282ca956532066de744dc216,2025,8,0.012822375
b71ce712d9e5a68a24a8babad55855cd6eb5d2ef282ca956532066de744dc216,2025,9,0.036032107
b71ce712d9e5a68a24a8babad55855cd6eb5d2ef282ca956532066de744dc216,2025,10,0.07992211
b87c8e1e69a3dd2d020e5084c1994279f9bd610383cd1405ce8efa4d2635a4ee,2025,5,0.06725635
b87c8e1e69a3dd2d020e5084c1994279f9bd610383cd1405ce8efa4d2635a4ee,2025,6,0.024441514
b87c8e1e69a3dd2d020e5084c1994279f9bd610383cd1405ce8efa4d2635a4ee,2025,7,0.01118262
b87c8e1e69a3dd2d020e5084c1994279f9bd610383cd1405ce8efa4d2635a4ee,2025,8,0.010750936
b87c8e1e69a3dd2d020e5084c1994279f9bd610383cd1405ce8efa4d2635a4ee,2025,9,0.024735946
b87c8e1e69a3dd2d020e5084c1994279f9bd610383cd1405ce8efa4d2635a4ee,2025,10,0.080324456
b8e7297ac2a0ce4bb520d8cfb64f27da6e1ddc397e6595d6f164da6721d8e7e1,2025,5,0.020810349
b8e7297ac2a0ce4bb520d8cfb64f27da6e1ddc397e6595d6f164da6721d8e7e1,2025,6,0.004289244
b8e7297ac2a0ce4bb520d8cfb64f27da6e1ddc397e6595d6f164da6721d8e7e1,2025,7,0.0022951127
b8e7297ac2a0ce4bb520d8cfb64f27da6e1ddc397e6595d6f164da6721d8e7e1,2025,8,0.0047789305
b8e7297ac2a0ce4bb520d8cfb64f27da6e1ddc397e6595d6f164da6721d8e7e1,2025,9,0.01049627
b8e7297ac2a0ce4bb520d8cfb64f27da6e1ddc397e6595d6f164da6721d8e7e1,2025,10,0.04038965
b91d4be15138003ce3a6715e046555f6e56bbfc124107f8d83153c29c2b9c6bf,2025,5,0.032414608
b91d4be15138003ce3a6715e046555f6e56bbfc124107f8d83153c29c2b9c6bf,2025,6,0.013081737
b91d4be15138003ce3a6715e046555f6e56bbfc124107f8d83153c29c2b9c6bf,2025,7,0.011179739
b91d4be15138003ce3a6715e046555f6e56bbfc124107f8d83153c29c2b9c6bf,2025,8,0.011308906
b91d4be15138003ce3a6715e046555f6e56bbfc124107f8d83153c29c2b9c6bf,2025,9,0.037422985
b91d4be15138003ce3a6715e046555f6e56bbfc124107f8d83153c29c2b9c6bf,2025,10,0.10166906
b9245f7fd5df062f7851a5457409a16720201f78131a927a99209b84fd2db597,2025,5,0.015389813
b9245f7fd5df062f7851a5457409a16720201f78131a927a99209b84fd2db597,2025,6,0.016508054
b9245f7fd5df062f7851a5457409a16720201f78131a927a99209b84fd2db597,2025,7,0.013133907
b9245f7fd5df062f7851a5457409a16720201f78131a927a99209b84fd2db597,2025,8,0.015042848
b9245f7fd5df062f7851a5457409a16720201f78131a927a99209b84fd2db597,2025,9,0.018756753
b9245f7fd5df062f7851a5457409a16720201f78131a927a99209b84fd2db597,2025,10,0.072465375
b993b5e3b8989d420c645eeea30718c4559898a2d034ee0c678162492c895daa,2025,5,0.13309656
b993b5e3b8989d420c645eeea30718c4559898a2d034ee0c678162492c895daa,2025,6,0.020124424
b993b5e3b8989d420c645eeea30718c4559898a2d034ee0c678162492c895daa,2025,7,0.018109025
b993b5e3b8989d420c645eeea30718c4559898a2d034ee0c678162492c895daa,2025,8,0.0208453
b993b5e3b8989d420c645eeea30718c4559898a2d034ee0c678162492c895daa,2025,9,0.03647982
b993b5e3b8989d420c645eeea30718c4559898a2d034ee0c678162492c895daa,2025,10,0.22154586
ba30b5fef6b7085e419c416d74e999df3ee83d563501424bdc0b5b1fe79ba11f,2025,5,0.25964782
ba30b5fef6b7085e419c416d74e999df3ee83d563501424bdc0b5b1fe79ba11f,2025,6,0.023638349
ba30b5fef6b7085e419c416d74e999df3ee83d563501424bdc0b5b1fe79ba11f,2025,7,0.04851668
ba30b5fef6b7085e419c416d74e999df3ee83d563501424bdc0b5b1fe79ba11f,2025,8,0.049439605
ba30b5fef6b7085e419c416d74e999df3ee83d563501424bdc0b5b1fe79ba11f,2025,9,0.050580747
ba30b5fef6b7085e419c416d74e999df3ee83d563501424bdc0b5b1fe79ba11f,2025,10,0.46860558
bd0e442d9f5c7523ef5b5ae9b7468e2b7ecf2837fa0f246eee62eadcb6470319,2025,5,0.03512166
bd0e442d9f5c7523ef5b5ae9b7468e2b7ecf2837fa0f246eee62eadcb6470319,2025,6,0.012023939
bd0e442d9f5c7523ef5b5ae9b7468e2b7ecf2837fa0f246eee62eadcb6470319,2025,7,0.010407035
bd0e442d9f5c7523ef5b5ae9b7468e2b7ecf2837fa0f246eee62eadcb6470319,2025,8,0.015402562
bd0e442d9f5c7523ef5b5ae9b7468e2b7ecf2837fa0f246eee62eadcb6470319,2025,9,0.017236771
bd0e442d9f5c7523ef5b5ae9b7468e2b7ecf2837fa0f246eee62eadcb6470319,2025,10,0.051645257
bf1009709bd89aeb038602100bec12302f1794764a5b7a528c319433dd2f8e3a,2025,5,0.025290428
bf1009709bd89aeb038602100bec12302f1794764a5b7a528c319433dd2f8e3a,2025,6,0.011758392
bf1009709bd89aeb038602100bec12302f1794764a5b7a528c319433dd2f8e3a,2025,7,0.011239799
bf1009709bd89aeb038602100bec12302f1794764a5b7a528c319433dd2f8e3a,2025,8,0.011005698
bf1009709bd89aeb038602100bec12302f1794764a5b7a528c319433dd2f8e3a,2025,9,0.012000194
bf1009709bd89aeb038602100bec12302f1794764a5b7a528c319433dd2f8e3a,2025,10,0.04296941
bfbec004c35034c070942c19f59f2b8ddd6a1d33a8e1ebce325801fdb28926bd,2025,5,0.09912465
bfbec004c35034c070942c19f59f2b8ddd6a1d33a8e1ebce325801fdb28926bd,2025,6,0.023320194
bfbec004c35034c070942c19f59f2b8ddd6a1d33a8e1ebce325801fdb28926bd,2025,7,0.021600144
bfbec004c35034c070942c19f59f2b8ddd6a1d33a8e1ebce325801fdb28926bd,2025,8,0.020895384
bfbec004c35034c070942c19f59f2b8ddd6a1d33a8e1ebce325801fdb28926bd,2025,9,0.047771815
bfbec004c35034c070942c19f59f2b8ddd6a1d33a8e1ebce325801fdb28926bd,2025,10,0.16759762
bfd5346507a6244af0fe6f7f7b7c35f52015ae83207dde158cbbe03ae12784f6,2025,5,0.04784871
bfd5346507a6244af0fe6f7f7b7c35f52015ae83207dde158cbbe03ae12784f6,2025,6,0.02696078
bfd5346507a6244af0fe6f7f7b7c35f52015ae83207dde158cbbe03ae12784f6,2025,7,0.02677456
bfd5346507a6244af0fe6f7f7b7c35f52015ae83207dde158cbbe03ae12784f6,2025,8,0.028734524
bfd5346507a6244af0fe6f7f7b7c35f52015ae83207dde158cbbe03ae12784f6,2025,9,0.02735415
bfd5346507a6244af0fe6f7f7b7c35f52015ae83207dde158cbbe03ae12784f6,2025,10,0.05992631
c077912f52227e7c99a51b47afeff14e6cefff26dcc1068a98ee9b4fc868f867,2025,5,0.03209677
c077912f52227e7c99a51b47afeff14e6cefff26dcc1068a98ee9b4fc868f867,2025,6,0.012127334
c077912f52227e7c99a51b47afeff14e6cefff26dcc1068a98ee9b4fc868f867,2025,7,0.007857977
c077912f52227e7c99a51b47afeff14e6cefff26dcc1068a98ee9b4fc868f867,2025,8,0.009425178
c077912f52227e7c99a51b47afeff14e6cefff26dcc1068a98ee9b4fc868f867,2025,9,0.014369746
c077912f52227e7c99a51b47afeff14e6cefff26dcc1068a98ee9b4fc868f867,2025,10,0.059053913
c1116094717585e830377908e382139abe75243d01bc15382b8cbe685a1e2dbb,2025,5,0.039951053
c1116094717585e830377908e382139abe75243d01bc15382b8cbe685a1e2dbb,2025,6,0.019614125
c1116094717585e830377908e382139abe75243d01bc15382b8cbe685a1e2dbb,2025,7,0.017163124
c1116094717585e830377908e382139abe75243d01bc15382b8cbe685a1e2dbb,2025,8,0.016988495
c1116094717585e830377908e382139abe75243d01bc15382b8cbe685a1e2dbb,2025,9,0.024340792
c1116094717585e830377908e382139abe75243d01bc15382b8cbe685a1e2dbb,2025,10,0.059009917
c198026d7a1ee9951f995ba0c47d429dba715a74dbdf3d99e3c89e5498406cf8,2025,5,0.058486514
c198026d7a1ee9951f995ba0c47d429dba715a74dbdf3d99e3c89e5498406cf8,2025,6,0.010639965
c198026d7a1ee9951f995ba0c47d429dba715a74dbdf3d99e3c89e5498406cf8,2025,7,0.008599712
c198026d7a1ee9951f995ba0c47d429dba715a74dbdf3d99e3c89e5498406cf8,2025,8,0.009134083
c198026d7a1ee9951f995ba0c47d429dba715a74dbdf3d99e3c89e5498406cf8,2025,9,0.022768214
c198026d7a1ee9951f995ba0c47d429dba715a74dbdf3d99e3c89e5498406cf8,2025,10,0.1036472
c1aeb16f56d61beda029610ddca160e7d878d5d4f0f7c8e92aeacfa0abe500b9,2025,5,0.08069568
c1aeb16f56d61beda029610ddca160e7d878d5d4f0f7c8e92aeacfa0abe500b9,2025,6,0.03226176
c1aeb16f56d61beda029610ddca160e7d878d5d4f0f7c8e92aeacfa0abe500b9,2025,7,0.027605284
c1aeb16f56d61beda029610ddca160e7d878d5d4f0f7c8e92aeacfa0abe500b9,2025,8,0.03213456
c1aeb16f56d61beda029610ddca160e7d878d5d4f0f7c8e92aeacfa0abe500b9,2025,9,0.041369263
c1aeb16f56d61beda029610ddca160e7d878d5d4f0f7c8e92aeacfa0abe500b9,2025,10,0.17906712
c319a8aee14c01c3a152d6d0ee04bbd512417ffc3f35f2154e813aec955ee22d,2025,5,0.023144228
c319a8aee14c01c3a152d6d0ee04bbd512417ffc3f35f2154e813aec955ee22d,2025,6,0.003917891
c319a8aee14c01c3a152d6d0ee04bbd512417ffc3f35f2154e813aec955ee22d,2025,7,0.0034128746
c319a8aee14c01c3a152d6d0ee04bbd512417ffc3f35f2154e813aec955ee22d,2025,8,0.004191976
c319a8aee14c01c3a152d6d0ee04bbd512417ffc3f35f2154e813aec955ee22d,2025,9,0.011660106
c319a8aee14c01c3a152d6d0ee04bbd512417ffc3f35f2154e813aec955ee22d,2025,10,0.044266883
c33bb14440e5f9604d08955c83c8f9f9831d17f94f6438913f2714729ed671e6,2025,5,0.022568256
c33bb14440e5f9604d08955c83c8f9f9831d17f94f6438913f2714729ed671e6,2025,6,0.009343887
c33bb14440e5f9604d08955c83c8f9f9831d17f94f6438913f2714729ed671e6,2025,7,0.011374728
c33bb14440e5f9604d08955c83c8f9f9831d17f94f6438913f2714729ed671e6,2025,8,0.01340647
c33bb14440e5f9604d08955c83c8f9f9831d17f94f6438913f2714729ed671e6,2025,9,0.012474892
c33bb14440e5f9604d08955c83c8f9f9831d17f94f6438913f2714729ed671e6,2025,10,0.05710313
c3531c4cd18d5442063a186efeb2402442de9d731f4e98a25b3a10f044b34a4c,2025,5,0.037710555
c3531c4cd18d5442063a186efeb2402442de9d731f4e98a25b3a10f044b34a4c,2025,6,0.012822557
c3531c4cd18d5442063a186efeb2402442de9d731f4e98a25b3a10f044b34a4c,2025,7,0.010057646
c3531c4cd18d5442063a186efeb2402442de9d731f4e98a25b3a10f044b34a4c,2025,8,0.010334778
c3531c4cd18d5442063a186efeb2402442de9d731f4e98a25b3a10f044b34a4c,2025,9,0.021016173
c3531c4cd18d5442063a186efeb2402442de9d731f4e98a25b3a10f044b34a4c,2025,10,0.0621675
c38adeb26eb6683864917b7538be5ea7ab7914f162f1f404d164d36e333a598b,2025,5,0.040911797
c38adeb26eb6683864917b7538be5ea7ab7914f162f1f404d164d36e333a598b,2025,6,0.009346762
c38adeb26eb6683864917b7538be5ea7ab7914f162f1f404d164d36e333a598b,2025,7,0.007814746
c38adeb26eb6683864917b7538be5ea7ab7914f162f1f404d164d36e333a598b,2025,8,0.008275872
c38adeb26eb6683864917b7538be5ea7ab7914f162f1f404d164d36e333a598b,2025,9,0.00968825
c38adeb26eb6683864917b7538be5ea7ab7914f162f1f404d164d36e333a598b,2025,10,0.06581851
c400c8685db6e684b92dff5c0aeae1d0162338576947151849112a8a6ed7f4b2,2025,5,0.040566344
c400c8685db6e684b92dff5c0aeae1d0162338576947151849112a8a6ed7f4b2,2025,6,0.008448151
c400c8685db6e684b92dff5c0aeae1d0162338576947151849112a8a6ed7f4b2,2025,7,0.006731865
c400c8685db6e684b92dff5c0aeae1d0162338576947151849112a8a6ed7f4b2,2025,8,0.008894038
c400c8685db6e684b92dff5c0aeae1d0162338576947151849112a8a6ed7f4b2,2025,9,0.012901101
c400c8685db6e684b92dff5c0aeae1d0162338576947151849112a8a6ed7f4b2,2025,10,0.078246154
c45311bfe9c13e8706a9a099ce81762b69566b6dfda93f6d521105fbed54ee4a,2025,5,8.643097e-05
c45311bfe9c13e8706a9a099ce81762b69566b6dfda93f6d521105fbed54ee4a,2025,6,6.195865e-05
c45311bfe9c13e8706a9a099ce81762b69566b6dfda93f6d521105fbed54ee4a,2025,7,7.274433e-05
c45311bfe9c13e8706a9a099ce81762b69566b6dfda93f6d521105fbed54ee4a,2025,8,8.135422e-05
c45311bfe9c13e8706a9a099ce81762b69566b6dfda93f6d521105fbed54ee4a,2025,9,9.9528654e-05
c45311bfe9c13e8706a9a099ce81762b69566b6dfda93f6d521105fbed54ee4a,2025,10,0.05251829
c4e15179aca2e2b69a0d152931f47f9a2146da0567142b6168772bbb0ac92249,2025,5,0.033944823
c4e15179aca2e2b69a0d152931f47f9a2146da0567142b6168772bbb0ac92249,2025,6,0.0119246775
c4e15179aca2e2b69a0d152931f47f9a2146da0567142b6168772bbb0ac92249,2025,7,0.011683099
c4e15179aca2e2b69a0d152931f47f9a2146da0567142b6168772bbb0ac92249,2025,8,0.013756415
c4e15179aca2e2b69a0d152931f47f9a2146da0567142b6168772bbb0ac92249,2025,9,0.018618947
c4e15179aca2e2b69a0d152931f47f9a2146da0567142b6168772bbb0ac92249,2025,10,0.04732603
c5761e3bb51a4736bafd9ef9cba827f52b34291ae62760174293078803186264,2025,5,0.075466365
c5761e3bb51a4736bafd9ef9cba827f52b34291ae62760174293078803186264,2025,6,0.019985199
c5761e3bb51a4736bafd9ef9cba827f52b34291ae62760174293078803186264,2025,7,0.014119897
c580467faf49c6d3f7db098bd8da8f58421b3c4cdf32a7f27cae71677a3594b5,2025,5,0.037206244
c580467faf49c6d3f7db098bd8da8f58421b3c4cdf32a7f27cae71677a3594b5,2025,6,0.0066599157
c580467faf49c6d3f7db098bd8da8f58421b3c4cdf32a7f27cae71677a3594b5,2025,7,0.0054344796
c580467faf49c6d3f7db098bd8da8f58421b3c4cdf32a7f27cae71677a3594b5,2025,8,0.0062129516
c580467faf49c6d3f7db098bd8da8f58421b3c4cdf32a7f27cae71677a3594b5,2025,9,0.021053307
c580467faf49c6d3f7db098bd8da8f58421b3c4cdf32a7f27cae71677a3594b5,2025,10,0.061321005
c5f41d8d5cb0ae4531368b587e5ca8e5d69524db1da24f9f273cd68a32d4f0d6,2025,5,0.040304314
c5f41d8d5cb0ae4531368b587e5ca8e5d69524db1da24f9f273cd68a32d4f0d6,2025,6,0.015598677
c5f41d8d5cb0ae4531368b587e5ca8e5d69524db1da24f9f273cd68a32d4f0d6,2025,7,0.015660562
c5f41d8d5cb0ae4531368b587e5ca8e5d69524db1da24f9f273cd68a32d4f0d6,2025,8,0.015184065
c5f41d8d5cb0ae4531368b587e5ca8e5d69524db1da24f9f273cd68a32d4f0d6,2025,9,0.022331418
c5f41d8d5cb0ae4531368b587e5ca8e5d69524db1da24f9f273cd68a32d4f0d6,2025,10,0.06716079
c67b28c6b2df355ede53fb631fcf666ef446860f2be2fab277c6f26dec3f5199,2025,5,0.04632808
c67b28c6b2df355ede53fb631fcf666ef446860f2be2fab277c6f26dec3f5199,2025,6,0.005327624
c67b28c6b2df355ede53fb631fcf666ef446860f2be2fab277c6f26dec3f5199,2025,7,0.00517848
c67b28c6b2df355ede53fb631fcf666ef446860f2be2fab277c6f26dec3f5199,2025,8,0.004935411
c67b28c6b2df355ede53fb631fcf666ef446860f2be2fab277c6f26dec3f5199,2025,9,0.019339776
c67b28c6b2df355ede53fb631fcf666ef446860f2be2fab277c6f26dec3f5199,2025,10,0.07027699
c71612d59a2aec77f7c636999f151e9a4869b4f0a9ecd7dd562ad76b39f18e07,2025,5,0.028890911
c71612d59a2aec77f7c636999f151e9a4869b4f0a9ecd7dd562ad76b39f18e07,2025,6,0.010762251
c71612d59a2aec77f7c636999f151e9a4869b4f0a9ecd7dd562ad76b39f18e07,2025,7,0.007699713
c71612d59a2aec77f7c636999f151e9a4869b4f0a9ecd7dd562ad76b39f18e07,2025,8,0.010727679
c71612d59a2aec77f7c636999f151e9a4869b4f0a9ecd7dd562ad76b39f18e07,2025,9,0.013291925
c71612d59a2aec77f7c636999f151e9a4869b4f0a9ecd7dd562ad76b39f18e07,2025,10,0.03917124
c71d8c1f69ed01f105998e1330ed2674e71994e3eee6c132932695249ade611c,2025,5,0.04645719
c71d8c1f69ed01f105998e1330ed2674e71994e3eee6c132932695249ade611c,2025,6,0.012719188
c71d8c1f69ed01f105998e1330ed2674e71994e3eee6c132932695249ade611c,2025,7,0.011682684
c71d8c1f69ed01f105998e1330ed2674e71994e3eee6c132932695249ade611c,2025,8,0.014904819
c71d8c1f69ed01f105998e1330ed2674e71994e3eee6c132932695249ade611c,2025,9,0.031211527
c71d8c1f69ed01f105998e1330ed2674e71994e3eee6c132932695249ade611c,2025,10,0.09918525
c74e8a4d88ce3e4efe23bef8e0b2d90ddea798741169f6a07c3f29ad2d8154ec,2025,5,0.047364805
c74e8a4d88ce3e4efe23bef8e0b2d90ddea798741169f6a07c3f29ad2d8154ec,2025,6,0.0038835027
c74e8a4d88ce3e4efe23bef8e0b2d90ddea798741169f6a07c3f29ad2d8154ec,2025,7,0.0048033237
c74e8a4d88ce3e4efe23bef8e0b2d90ddea798741169f6a07c3f29ad2d8154ec,2025,8,0.0055576977
c74e8a4d88ce3e4efe23bef8e0b2d90ddea798741169f6a07c3f29ad2d8154ec,2025,9,0.022830728
c74e8a4d88ce3e4efe23bef8e0b2d90ddea798741169f6a07c3f29ad2d8154ec,2025,10,0.08370318
c7b346f7fff0cb4ddcf2244db727bf6e46687293204a50c0c0cce750840f1ecf,2025,5,0.02696853
c7b346f7fff0cb4ddcf2244db727bf6e46687293204a50c0c0cce750840f1ecf,2025,6,0.0100318985
c7b346f7fff0cb4ddcf2244db727bf6e46687293204a50c0c0cce750840f1ecf,2025,7,0.008026573
c7b346f7fff0cb4ddcf2244db727bf6e46687293204a50c0c0cce750840f1ecf,2025,8,0.008493004
c7b346f7fff0cb4ddcf2244db727bf6e46687293204a50c0c0cce750840f1ecf,2025,9,0.013751077
c7b346f7fff0cb4ddcf2244db727bf6e46687293204a50c0c0cce750840f1ecf,2025,10,0.063314706
c873be5b837beb036a8f546a9cca83bc4205e0fb678ed6afefa06d2fec722d16,2025,5,0.1597972
c873be5b837beb036a8f546a9cca83bc4205e0fb678ed6afefa06d2fec722d16,2025,6,0.031587824
c873be5b837beb036a8f546a9cca83bc4205e0fb678ed6afefa06d2fec722d16,2025,7,0.017805098
c873be5b837beb036a8f546a9cca83bc4205e0fb678ed6afefa06d2fec722d16,2025,8,0.017699853
c873be5b837beb036a8f546a9cca83bc4205e0fb678ed6afefa06d2fec722d16,2025,9,0.048068665
c873be5b837beb036a8f546a9cca83bc4205e0fb678ed6afefa06d2fec722d16,2025,10,0.16855219
c8f29f685d8168838d67e4cdd9bfba22e414593434d5f13c883419e568018714,2025,5,0.04710145
c8f29f685d8168838d67e4cdd9bfba22e414593434d5f13c883419e568018714,2025,6,0.017198615
c8f29f685d8168838d67e4cdd9bfba22e414593434d5f13c883419e568018714,2025,7,0.010477741
c8f29f685d8168838d67e4cdd9bfba22e414593434d5f13c883419e568018714,2025,8,0.012535724
c8f29f685d8168838d67e4cdd9bfba22e414593434d5f13c883419e568018714,2025,9,0.016336417
c8f29f685d8168838d67e4cdd9bfba22e414593434d5f13c883419e568018714,2025,10,0.061987896
c8fe989de7825846ce61e3f272a3c89884dab798ab48bfed52c0b7c9445ca2b4,2025,5,0.05723408
c8fe989de7825846ce61e3f272a3c89884dab798ab48bfed52c0b7c9445ca2b4,2025,6,0.016420256
c8fe989de7825846ce61e3f272a3c89884dab798ab48bfed52c0b7c9445ca2b4,2025,7,0.0058878874
c8fe989de7825846ce61e3f272a3c89884dab798ab48bfed52c0b7c9445ca2b4,2025,8,0.011603264
c8fe989de7825846ce61e3f272a3c89884dab798ab48bfed52c0b7c9445ca2b4,2025,9,0.027252126
c8fe989de7825846ce61e3f272a3c89884dab798ab48bfed52c0b7c9445ca2b4,2025,10,0.009025429
c940390d9d628a02f959cbda65b42f71cd10e83454665ada7b3ac7b8fbf9a76c,2025,5,0.032365683
c940390d9d628a02f959cbda65b42f71cd10e83454665ada7b3ac7b8fbf9a76c,2025,6,0.0135212215
c940390d9d628a02f959cbda65b42f71cd10e83454665ada7b3ac7b8fbf9a76c,2025,7,0.011482943
c940390d9d628a02f959cbda65b42f71cd10e83454665ada7b3ac7b8fbf9a76c,2025,8,0.012276677
c940390d9d628a02f959cbda65b42f71cd10e83454665ada7b3ac7b8fbf9a76c,2025,9,0.02241269
c940390d9d628a02f959cbda65b42f71cd10e83454665ada7b3ac7b8fbf9a76c,2025,10,0.04897309
c977a8756553ed7106802ea3cd5b7124922140bc8bd91e698bbe145a53b67e74,2025,5,0.015921816
c977a8756553ed7106802ea3cd5b7124922140bc8bd91e698bbe145a53b67e74,2025,6,0.012131143
c977a8756553ed7106802ea3cd5b7124922140bc8bd91e698bbe145a53b67e74,2025,7,0.010484586
c977a8756553ed7106802ea3cd5b7124922140bc8bd91e698bbe145a53b67e74,2025,8,0.010904331
c977a8756553ed7106802ea3cd5b7124922140bc8bd91e698bbe145a53b67e74,2025,9,0.014541601
c977a8756553ed7106802ea3cd5b7124922140bc8bd91e698bbe145a53b67e74,2025,10,0.03563602
c97ea589792b651817d528ecec2b5e07fa336a6a72e6959516beb249486331a7,2025,5,0.053062
c97ea589792b651817d528ecec2b5e07fa336a6a72e6959516beb249486331a7,2025,6,0.016264943
c97ea589792b651817d528ecec2b5e07fa336a6a72e6959516beb249486331a7,2025,7,0.0141009865
c97ea589792b651817d528ecec2b5e07fa336a6a72e6959516beb249486331a7,2025,8,0.018766653
c97ea589792b651817d528ecec2b5e07fa336a6a72e6959516beb249486331a7,2025,9,0.03357896
c97ea589792b651817d528ecec2b5e07fa336a6a72e6959516beb249486331a7,2025,10,0.067966126
c9b377c6bffc53edca8e3628c037b949e9aec7b4576c7de0da99bb8775017a6b,2025,5,0.31156653
c9b377c6bffc53edca8e3628c037b949e9aec7b4576c7de0da99bb8775017a6b,2025,6,0.0881086
c9b377c6bffc53edca8e3628c037b949e9aec7b4576c7de0da99bb8775017a6b,2025,7,0.045795184
c9b377c6bffc53edca8e3628c037b949e9aec7b4576c7de0da99bb8775017a6b,2025,8,0.048481666
c9b377c6bffc53edca8e3628c037b949e9aec7b4576c7de0da99bb8775017a6b,2025,9,0.14488421
c9b377c6bffc53edca8e3628c037b949e9aec7b4576c7de0da99bb8775017a6b,2025,10,0.45692286
cb69e8c917727998df38cb4bd2984eca00252f5364accc19c02e360384e37232,2025,5,0.041217174
cb69e8c917727998df38cb4bd2984eca00252f5364accc19c02e360384e37232,2025,6,0.01222639
cb69e8c917727998df38cb4bd2984eca00252f5364accc19c02e360384e37232,2025,7,0.008820006
cb69e8c917727998df38cb4bd2984eca00252f5364accc19c02e360384e37232,2025,8,0.00911415
cb69e8c917727998df38cb4bd2984eca00252f5364accc19c02e360384e37232,2025,9,0.015103684
cb69e8c917727998df38cb4bd2984eca00252f5364accc19c02e360384e37232,2025,10,0.074528575
cb9de0c5541ffcd73a9847755f543960505f3ea68afb009f5c373c77271df7e5,2025,5,0.0130037
cb9de0c5541ffcd73a9847755f543960505f3ea68afb009f5c373c77271df7e5,2025,6,0.0070557287
cb9de0c5541ffcd73a9847755f543960505f3ea68afb009f5c373c77271df7e5,2025,7,0.0056402483
cb9de0c5541ffcd73a9847755f543960505f3ea68afb009f5c373c77271df7e5,2025,8,0.005916862
cb9de0c5541ffcd73a9847755f543960505f3ea68afb009f5c373c77271df7e5,2025,10,0.04826553
ccd2c7d0e78433f9ad562cad91735888bdd6a6aa71683f9a3b21d12b74f1487d,2025,5,0.021548025
ccd2c7d0e78433f9ad562cad91735888bdd6a6aa71683f9a3b21d12b74f1487d,2025,6,0.00700395
ccd2c7d0e78433f9ad562cad91735888bdd6a6aa71683f9a3b21d12b74f1487d,2025,7,0.0062137237
ccd2c7d0e78433f9ad562cad91735888bdd6a6aa71683f9a3b21d12b74f1487d,2025,8,0.0065602395
ccd2c7d0e78433f9ad562cad91735888bdd6a6aa71683f9a3b21d12b74f1487d,2025,9,0.008540422
ccd2c7d0e78433f9ad562cad91735888bdd6a6aa71683f9a3b21d12b74f1487d,2025,10,0.036073092
ce082bfe21f31a738f307de299fa2559e5166d46e3e2d87e81be02de5a3ed437,2025,5,0.028104156
ce082bfe21f31a738f307de299fa2559e5166d46e3e2d87e81be02de5a3ed437,2025,6,0.01458272
ce082bfe21f31a738f307de299fa2559e5166d46e3e2d87e81be02de5a3ed437,2025,7,0.013255185
ce082bfe21f31a738f307de299fa2559e5166d46e3e2d87e81be02de5a3ed437,2025,8,0.01527184
ce082bfe21f31a738f307de299fa2559e5166d46e3e2d87e81be02de5a3ed437,2025,9,0.015343202
ce082bfe21f31a738f307de299fa2559e5166d46e3e2d87e81be02de5a3ed437,2025,10,0.06533432
ce2ae276c1e20eb9b26c54cefba25fabd785dcafbaa1ece3a31567f2a664c38c,2025,5,0.035098974
ce2ae276c1e20eb9b26c54cefba25fabd785dcafbaa1ece3a31567f2a664c38c,2025,6,0.0071393247
ce2ae276c1e20eb9b26c54cefba25fabd785dcafbaa1ece3a31567f2a664c38c,2025,7,0.00651276
ce2ae276c1e20eb9b26c54cefba25fabd785dcafbaa1ece3a31567f2a664c38c,2025,8,0.0074286563
ce416498c18f0930741983f9f0f0542273db918156e74b215908155cc6ab0957,2025,5,0.021340577
ce416498c18f0930741983f9f0f0542273db918156e74b215908155cc6ab0957,2025,6,0.007592647
ce416498c18f0930741983f9f0f0542273db918156e74b215908155cc6ab0957,2025,7,0.010219183
ce416498c18f0930741983f9f0f0542273db918156e74b215908155cc6ab0957,2025,8,0.009065355
ce416498c18f0930741983f9f0f0542273db918156e74b215908155cc6ab0957,2025,9,0.015370178
ce416498c18f0930741983f9f0f0542273db918156e74b215908155cc6ab0957,2025,10,0.053772125
ce5247f5d662ed4f8b3512bae0947770cc4f59ec5414ab51c0caf8ce145cfcdb,2025,5,0.01785263
ce5247f5d662ed4f8b3512bae0947770cc4f59ec5414ab51c0caf8ce145cfcdb,2025,6,0.010623525
ce5247f5d662ed4f8b3512bae0947770cc4f59ec5414ab51c0caf8ce145cfcdb,2025,7,0.010086774
ce5247f5d662ed4f8b3512bae0947770cc4f59ec5414ab51c0caf8ce145cfcdb,2025,8,0.0109757995
ce5247f5d662ed4f8b3512bae0947770cc4f59ec5414ab51c0caf8ce145cfcdb,2025,9,0.014007634
ce5247f5d662ed4f8b3512bae0947770cc4f59ec5414ab51c0caf8ce145cfcdb,2025,10,0.048771564
cf0116021413b609ee663f3d2d27fa05b4e02f99de913f0b284356dab4f362e7,2025,5,0.04551559
cf0116021413b609ee663f3d2d27fa05b4e02f99de913f0b284356dab4f362e7,2025,6,0.009720857
cf0116021413b609ee663f3d2d27fa05b4e02f99de913f0b284356dab4f362e7,2025,7,0.00871016
cf0116021413b609ee663f3d2d27fa05b4e02f99de913f0b284356dab4f362e7,2025,8,0.008957397
cf0116021413b609ee663f3d2d27fa05b4e02f99de913f0b284356dab4f362e7,2025,9,0.02052064
cf0116021413b609ee663f3d2d27fa05b4e02f99de913f0b284356dab4f362e7,2025,10,0.10057057
cf052f1c689934287d5a53e5c0ca51619c89cfa97c4e1aa832feda9fba26a8bf,2025,5,0.10384888
cf052f1c689934287d5a53e5c0ca51619c89cfa97c4e1aa832feda9fba26a8bf,2025,6,0.058467224
cf052f1c689934287d5a53e5c0ca51619c89cfa97c4e1aa832feda9fba26a8bf,2025,7,0.042462666
cf052f1c689934287d5a53e5c0ca51619c89cfa97c4e1aa832feda9fba26a8bf,2025,8,0.037988886
cf052f1c689934287d5a53e5c0ca51619c89cfa97c4e1aa832feda9fba26a8bf,2025,9,0.044385485
cf052f1c689934287d5a53e5c0ca51619c89cfa97c4e1aa832feda9fba26a8bf,2025,10,0.30053893
cf9b680d533205300963c2abda40219554f3a4b6ec8ec3835b520cf08ff7fe48,2025,5,0.055606257
cf9b680d533205300963c2abda40219554f3a4b6ec8ec3835b520cf08ff7fe48,2025,6,0.0143710775
cf9b680d533205300963c2abda40219554f3a4b6ec8ec3835b520cf08ff7fe48,2025,7,0.013203251
cf9b680d533205300963c2abda40219554f3a4b6ec8ec3835b520cf08ff7fe48,2025,8,0.015064095
cf9b680d533205300963c2abda40219554f3a4b6ec8ec3835b520cf08ff7fe48,2025,9,0.027592542
cf9b680d533205300963c2abda40219554f3a4b6ec8ec3835b520cf08ff7fe48,2025,10,0.09264648
d0e2a6ab28f544e994e9255a1c8bf3551b3f188417424a7b5bd97175028973f8,2025,5,0.02714714
d0e2a6ab28f544e994e9255a1c8bf3551b3f188417424a7b5bd97175028973f8,2025,6,0.005109949
d0e2a6ab28f544e994e9255a1c8bf3551b3f188417424a7b5bd97175028973f8,2025,7,0.007577876
d0e2a6ab28f544e994e9255a1c8bf3551b3f188417424a7b5bd97175028973f8,2025,8,0.0056811664
d0e2a6ab28f544e994e9255a1c8bf3551b3f188417424a7b5bd97175028973f8,2025,9,0.016221138
d0e2a6ab28f544e994e9255a1c8bf3551b3f188417424a7b5bd97175028973f8,2025,10,0.07400402
d123e5672e62a689510b2e0557eaa291d53d42a92de62564be8752a981569996,2025,5,0.07496994
d123e5672e62a689510b2e0557eaa291d53d42a92de62564be8752a981569996,2025,6,0.06165965
d123e5672e62a689510b2e0557eaa291d53d42a92de62564be8752a981569996,2025,7,0.053825926
d123e5672e62a689510b2e0557eaa291d53d42a92de62564be8752a981569996,2025,8,0.05675741
d123e5672e62a689510b2e0557eaa291d53d42a92de62564be8752a981569996,2025,9,0.06452477
d123e5672e62a689510b2e0557eaa291d53d42a92de62564be8752a981569996,2025,10,0.112025455
d1805ac591a5d12b795551ba179e943ed04f1a69a6c1a5535bcbd955449db802,2025,5,0.07897572
d1805ac591a5d12b795551ba179e943ed04f1a69a6c1a5535bcbd955449db802,2025,6,0.022272678
d1805ac591a5d12b795551ba179e943ed04f1a69a6c1a5535bcbd955449db802,2025,7,0.017615732
d1805ac591a5d12b795551ba179e943ed04f1a69a6c1a5535bcbd955449db802,2025,8,0.048104625
d1805ac591a5d12b795551ba179e943ed04f1a69a6c1a5535bcbd955449db802,2025,9,0.036932077
d1805ac591a5d12b795551ba179e943ed04f1a69a6c1a5535bcbd955449db802,2025,10,0.17883427
d1a816f1be317befb5b1d91b658abe83e2c740dcad41d4db00be4589ad1119e9,2025,5,0.016207857
d1a816f1be317befb5b1d91b658abe83e2c740dcad41d4db00be4589ad1119e9,2025,6,0.0051139398
d1a816f1be317befb5b1d91b658abe83e2c740dcad41d4db00be4589ad1119e9,2025,7,0.004121088
d1a816f1be317befb5b1d91b658abe83e2c740dcad41d4db00be4589ad1119e9,2025,8,0.0052543203
d1a816f1be317befb5b1d91b658abe83e2c740dcad41d4db00be4589ad1119e9,2025,9,0.009843844
d1a816f1be317befb5b1d91b658abe83e2c740dcad41d4db00be4589ad1119e9,2025,10,0.026154796
d1b5aff5b13c1ced12b049b8771f378838c9085395bedc1629c558ed104924ed,2025,5,0.029058194
d1b5aff5b13c1ced12b049b8771f378838c9085395bedc1629c558ed104924ed,2025,6,0.017538425
d1b5aff5b13c1ced12b049b8771f378838c9085395bedc1629c558ed104924ed,2025,7,0.014606108
d1b5aff5b13c1ced12b049b8771f378838c9085395bedc1629c558ed104924ed,2025,8,0.016772939
d1b5aff5b13c1ced12b049b8771f378838c9085395bedc1629c558ed104924ed,2025,9,0.027663046
d1b5aff5b13c1ced12b049b8771f378838c9085395bedc1629c558ed104924ed,2025,10,0.05727276
d1d2f9414bb8f6580ac6fb962c487c50c81533441363a914623834bd7a03ddd2,2025,5,0.022966634
d1d2f9414bb8f6580ac6fb962c487c50c81533441363a914623834bd7a03ddd2,2025,6,0.015547895
d1d2f9414bb8f6580ac6fb962c487c50c81533441363a914623834bd7a03ddd2,2025,7,0.01509128
d1d2f9414bb8f6580ac6fb962c487c50c81533441363a914623834bd7a03ddd2,2025,8,0.017923292
d1d2f9414bb8f6580ac6fb962c487c50c81533441363a914623834bd7a03ddd2,2025,9,0.017949207
d1d2f9414bb8f6580ac6fb962c487c50c81533441363a914623834bd7a03ddd2,2025,10,0.07720877
d1f26cd6c191c09d8513279b6869e83111722f741a59f2c069deb46c89b85a6d,2025,5,0.030305937
d1f26cd6c191c09d8513279b6869e83111722f741a59f2c069deb46c89b85a6d,2025,6,0.008023413
d1f26cd6c191c09d8513279b6869e83111722f741a59f2c069deb46c89b85a6d,2025,7,0.006777083
d1f26cd6c191c09d8513279b6869e83111722f741a59f2c069deb46c89b85a6d,2025,8,0.008834897
d1f26cd6c191c09d8513279b6869e83111722f741a59f2c069deb46c89b85a6d,2025,9,0.017090267
d1f26cd6c191c09d8513279b6869e83111722f741a59f2c069deb46c89b85a6d,2025,10,0.046412017
d218ab185a3bb1aa697dfd670cb0218f7f944e35a162bb3d188ed64792be83a6,2025,5,0.041210268
d218ab185a3bb1aa697dfd670cb0218f7f944e35a162bb3d188ed64792be83a6,2025,6,0.005612222
d218ab185a3bb1aa697dfd670cb0218f7f944e35a162bb3d188ed64792be83a6,2025,7,0.006386079
d218ab185a3bb1aa697dfd670cb0218f7f944e35a162bb3d188ed64792be83a6,2025,8,0.0080051385
d218ab185a3bb1aa697dfd670cb0218f7f944e35a162bb3d188ed64792be83a6,2025,9,0.016355248
d218ab185a3bb1aa697dfd670cb0218f7f944e35a162bb3d188ed64792be83a6,2025,10,0.06310502
d2d04cc7758224311fda82943245daafb43f11000dfca228e5fa83eaaa94cb0c,2025,5,0.026323859
d2d04cc7758224311fda82943245daafb43f11000dfca228e5fa83eaaa94cb0c,2025,6,0.0047080875
d2d04cc7758224311fda82943245daafb43f11000dfca228e5fa83eaaa94cb0c,2025,7,0.0044563115
d2d04cc7758224311fda82943245daafb43f11000dfca228e5fa83eaaa94cb0c,2025,8,0.0047334023
d2d04cc7758224311fda82943245daafb43f11000dfca228e5fa83eaaa94cb0c,2025,9,0.008689679
d2d04cc7758224311fda82943245daafb43f11000dfca228e5fa83eaaa94cb0c,2025,10,0.034818687
d2f48ed028606407a55754c6b0e7a7a5407e8134ea82f908516180fd669bb93b,2025,5,0.022076948
d2f48ed028606407a55754c6b0e7a7a5407e8134ea82f908516180fd669bb93b,2025,6,0.0043177274
d2f48ed028606407a55754c6b0e7a7a5407e8134ea82f908516180fd669bb93b,2025,7,0.00432902
d2f48ed028606407a55754c6b0e7a7a5407e8134ea82f908516180fd669bb93b,2025,8,0.0046964954
d2f48ed028606407a55754c6b0e7a7a5407e8134ea82f908516180fd669bb93b,2025,9,0.0067889765
d2f48ed028606407a55754c6b0e7a7a5407e8134ea82f908516180fd669bb93b,2025,10,0.033657763
d3288df081a58981101a8c062ba42c9b2bd0b981c04f68634716fffb00a78a10,2025,5,0.071620084
d3288df081a58981101a8c062ba42c9b2bd0b981c04f68634716fffb00a78a10,2025,6,0.009058521
d3288df081a58981101a8c062ba42c9b2bd0b981c04f68634716fffb00a78a10,2025,7,0.009665614
d3288df081a58981101a8c062ba42c9b2bd0b981c04f68634716fffb00a78a10,2025,8,0.010236226
d3288df081a58981101a8c062ba42c9b2bd0b981c04f68634716fffb00a78a10,2025,9,0.024790494
d3288df081a58981101a8c062ba42c9b2bd0b981c04f68634716fffb00a78a10,2025,10,0.2360962
d34987728389993b11dcf109da7b76196860877d6c362816805b517342259e4c,2025,5,0.062945135
d34987728389993b11dcf109da7b76196860877d6c362816805b517342259e4c,2025,6,0.01771254
d34987728389993b11dcf109da7b76196860877d6c362816805b517342259e4c,2025,7,0.00499211
d34987728389993b11dcf109da7b76196860877d6c362816805b517342259e4c,2025,8,0.004324316
d34987728389993b11dcf109da7b76196860877d6c362816805b517342259e4c,2025,9,0.014924008
d34987728389993b11dcf109da7b76196860877d6c362816805b517342259e4c,2025,10,0.09439164
d3b2c314fb99dea50f2097328448a379fe84011e73b574c647c18b9f92692493,2025,5,0.022254324
d3b2c314fb99dea50f2097328448a379fe84011e73b574c647c18b9f92692493,2025,6,0.008082654
d3b2c314fb99dea50f2097328448a379fe84011e73b574c647c18b9f92692493,2025,7,0.0053924806
d3b2c314fb99dea50f2097328448a379fe84011e73b574c647c18b9f92692493,2025,8,0.00012780586
d3b2c314fb99dea50f2097328448a379fe84011e73b574c647c18b9f92692493,2025,9,0.0005415838
d3b2c314fb99dea50f2097328448a379fe84011e73b574c647c18b9f92692493,2025,10,0.012366122
d3c5218356041476932f6aaf3981c11ef7e52c0deca9b67cd00d1e3d652419c4,2025,5,0.04932716
d3c5218356041476932f6aaf3981c11ef7e52c0deca9b67cd00d1e3d652419c4,2025,6,0.012437646
d3c5218356041476932f6aaf3981c11ef7e52c0deca9b67cd00d1e3d652419c4,2025,7,0.0051326216
d3c5218356041476932f6aaf3981c11ef7e52c0deca9b67cd00d1e3d652419c4,2025,8,0.010770394
d3c5218356041476932f6aaf3981c11ef7e52c0deca9b67cd00d1e3d652419c4,2025,9,0.022462953
d3c5218356041476932f6aaf3981c11ef7e52c0deca9b67cd00d1e3d652419c4,2025,10,0.0750977
d3cf6613f44fc448205923f517c9247dc6cedfab0b6f2c169cbde33bb79e862a,2025,5,0.029968036
d3cf6613f44fc448205923f517c9247dc6cedfab0b6f2c169cbde33bb79e862a,2025,6,0.020664925
d3cf6613f44fc448205923f517c9247dc6cedfab0b6f2c169cbde33bb79e862a,2025,7,0.020562842
d3cf6613f44fc448205923f517c9247dc6cedfab0b6f2c169cbde33bb79e862a,2025,8,0.049938668
d3cf6613f44fc448205923f517c9247dc6cedfab0b6f2c169cbde33bb79e862a,2025,9,0.06697089
d3cf6613f44fc448205923f517c9247dc6cedfab0b6f2c169cbde33bb79e862a,2025,10,0.051474962
d3e47bad6b0a55070ad9ef260031086498bdf593426023277378b74e00e6c75f,2025,5,0.0782594
d3e47bad6b0a55070ad9ef260031086498bdf593426023277378b74e00e6c75f,2025,6,0.022386724
d3e47bad6b0a55070ad9ef260031086498bdf593426023277378b74e00e6c75f,2025,7,0.016223688
d3e47bad6b0a55070ad9ef260031086498bdf593426023277378b74e00e6c75f,2025,8,0.016633622
d3e47bad6b0a55070ad9ef260031086498bdf593426023277378b74e00e6c75f,2025,9,0.032181337
d3e47bad6b0a55070ad9ef260031086498bdf593426023277378b74e00e6c75f,2025,10,0.120984636
d3f7b37d249f9f8badd0dbe523103ee252c410de214d3aae287a5ab1bc1680b6,2025,5,0.013585493
d3f7b37d249f9f8badd0dbe523103ee252c410de214d3aae287a5ab1bc1680b6,2025,6,0.011402387
d3f7b37d249f9f8badd0dbe523103ee252c410de214d3aae287a5ab1bc1680b6,2025,7,0.011151195
d3f7b37d249f9f8badd0dbe523103ee252c410de214d3aae287a5ab1bc1680b6,2025,8,0.010758226
d3f7b37d249f9f8badd0dbe523103ee252c410de214d3aae287a5ab1bc1680b6,2025,9,0.012403308
d3f7b37d249f9f8badd0dbe523103ee252c410de214d3aae287a5ab1bc1680b6,2025,10,0.043848664
d4390444ab3cddba55c0641a7769aff5d9b8dfb0fe5902b4853ffc85c7f16d2a,2025,5,0.037597537
d4390444ab3cddba55c0641a7769aff5d9b8dfb0fe5902b4853ffc85c7f16d2a,2025,6,0.008850475
d4390444ab3cddba55c0641a7769aff5d9b8dfb0fe5902b4853ffc85c7f16d2a,2025,7,0.005100753
d4390444ab3cddba55c0641a7769aff5d9b8dfb0fe5902b4853ffc85c7f16d2a,2025,8,0.0081547955
d4390444ab3cddba55c0641a7769aff5d9b8dfb0fe5902b4853ffc85c7f16d2a,2025,9,0.015968073
d4390444ab3cddba55c0641a7769aff5d9b8dfb0fe5902b4853ffc85c7f16d2a,2025,10,0.05465052
d52e4f00f9857aab994eed9d9a7a32891a4bb1477e4e8898df78f0f983da1928,2025,5,0.034518566
d52e4f00f9857aab994eed9d9a7a32891a4bb1477e4e8898df78f0f983da1928,2025,6,0.007630267
d52e4f00f9857aab994eed9d9a7a32891a4bb1477e4e8898df78f0f983da1928,2025,7,0.0042791828
d52e4f00f9857aab994eed9d9a7a32891a4bb1477e4e8898df78f0f983da1928,2025,8,0.0059371935
d52e4f00f9857aab994eed9d9a7a32891a4bb1477e4e8898df78f0f983da1928,2025,9,0.012648401
d52e4f00f9857aab994eed9d9a7a32891a4bb1477e4e8898df78f0f983da1928,2025,10,0.070823774
d6e3c3d5e9d19d7cedfdd7e976554174327048371e7ac1d177505bd69496a071,2025,5,0.077656984
d6e3c3d5e9d19d7cedfdd7e976554174327048371e7ac1d177505bd69496a071,2025,6,0.025878938
d6e3c3d5e9d19d7cedfdd7e976554174327048371e7ac1d177505bd69496a071,2025,7,0.022036685
d6e3c3d5e9d19d7cedfdd7e976554174327048371e7ac1d177505bd69496a071,2025,8,0.025895156
d6e3c3d5e9d19d7cedfdd7e976554174327048371e7ac1d177505bd69496a071,2025,9,0.035152335
d6e3c3d5e9d19d7cedfdd7e976554174327048371e7ac1d177505bd69496a071,2025,10,0.16877978
d6f75f9b6f70333f19a7f40630261af3e35b0405ff2d660c7bd1651171577f0e,2025,5,0.024345197
d6f75f9b6f70333f19a7f40630261af3e35b0405ff2d660c7bd1651171577f0e,2025,6,0.0071413126
d6f75f9b6f70333f19a7f40630261af3e35b0405ff2d660c7bd1651171577f0e,2025,7,0.0068183513
d6f75f9b6f70333f19a7f40630261af3e35b0405ff2d660c7bd1651171577f0e,2025,8,0.0067400513
d6f75f9b6f70333f19a7f40630261af3e35b0405ff2d660c7bd1651171577f0e,2025,9,0.0105899405
d6f75f9b6f70333f19a7f40630261af3e35b0405ff2d660c7bd1651171577f0e,2025,10,0.045933627
d6febc6ef1c6c39ee13099398a2f44f52e2bc756593df88fd36d2c4e4f7c5c91,2025,5,0.042019095
d6febc6ef1c6c39ee13099398a2f44f52e2bc756593df88fd36d2c4e4f7c5c91,2025,6,0.015073682
d6febc6ef1c6c39ee13099398a2f44f52e2bc756593df88fd36d2c4e4f7c5c91,2025,7,0.009877364
d6febc6ef1c6c39ee13099398a2f44f52e2bc756593df88fd36d2c4e4f7c5c91,2025,8,0.013061785
d6febc6ef1c6c39ee13099398a2f44f52e2bc756593df88fd36d2c4e4f7c5c91,2025,9,0.029122643
d6febc6ef1c6c39ee13099398a2f44f52e2bc756593df88fd36d2c4e4f7c5c91,2025,10,0.06084428
d70a6168499f0ecec49bb714b51e6a7df9e7e53d400f106fa9a47e93e9abc23b,2025,5,0.06843228
d70a6168499f0ecec49bb714b51e6a7df9e7e53d400f106fa9a47e93e9abc23b,2025,6,0.026012551
d70a6168499f0ecec49bb714b51e6a7df9e7e53d400f106fa9a47e93e9abc23b,2025,7,0.022816526
d70a6168499f0ecec49bb714b51e6a7df9e7e53d400f106fa9a47e93e9abc23b,2025,8,0.031119006
d70a6168499f0ecec49bb714b51e6a7df9e7e53d400f106fa9a47e93e9abc23b,2025,9,0.05299427
d70a6168499f0ecec49bb714b51e6a7df9e7e53d400f106fa9a47e93e9abc23b,2025,10,0.13925685
d724f92ef100886405215ff121432d15457bd40e0f51765882486e307a0ee3cf,2025,5,0.042207003
d724f92ef100886405215ff121432d15457bd40e0f51765882486e307a0ee3cf,2025,6,0.007441748
d724f92ef100886405215ff121432d15457bd40e0f51765882486e307a0ee3cf,2025,7,0.00706928
d724f92ef100886405215ff121432d15457bd40e0f51765882486e307a0ee3cf,2025,8,0.007897806
d724f92ef100886405215ff121432d15457bd40e0f51765882486e307a0ee3cf,2025,9,0.014425127
d724f92ef100886405215ff121432d15457bd40e0f51765882486e307a0ee3cf,2025,10,0.09649083
d762023a4cb6a430e357f68eaba8cc394948bd028911e463c3584286d2addcca,2025,5,0.072996356
d762023a4cb6a430e357f68eaba8cc394948bd028911e463c3584286d2addcca,2025,6,0.019584808
d762023a4cb6a430e357f68eaba8cc394948bd028911e463c3584286d2addcca,2025,7,0.014864411
d762023a4cb6a430e357f68eaba8cc394948bd028911e463c3584286d2addcca,2025,8,0.015527239
d762023a4cb6a430e357f68eaba8cc394948bd028911e463c3584286d2addcca,2025,9,0.035437148
d762023a4cb6a430e357f68eaba8cc394948bd028911e463c3584286d2addcca,2025,10,0.10118342
d7d81af73de4eec768a34104a81b6c6218b9d6e7ee88639839bb1bb52e0da241,2025,5,0.048969314
d7d81af73de4eec768a34104a81b6c6218b9d6e7ee88639839bb1bb52e0da241,2025,6,0.017936287
d7d81af73de4eec768a34104a81b6c6218b9d6e7ee88639839bb1bb52e0da241,2025,7,0.014992972
d7d81af73de4eec768a34104a81b6c6218b9d6e7ee88639839bb1bb52e0da241,2025,8,0.01569426
d7d81af73de4eec768a34104a81b6c6218b9d6e7ee88639839bb1bb52e0da241,2025,9,0.027579356
d7d81af73de4eec768a34104a81b6c6218b9d6e7ee88639839bb1bb52e0da241,2025,10,0.056298237
d8a47d0eec5e005c2048ab7861bc0347c93feccfd9cbafbe6ce826777dc6e2ba,2025,5,0.044945497
d8a47d0eec5e005c2048ab7861bc0347c93feccfd9cbafbe6ce826777dc6e2ba,2025,6,0.012593126
d8a47d0eec5e005c2048ab7861bc0347c93feccfd9cbafbe6ce826777dc6e2ba,2025,7,0.0103373695
d8a47d0eec5e005c2048ab7861bc0347c93feccfd9cbafbe6ce826777dc6e2ba,2025,8,0.01071222
d8a47d0eec5e005c2048ab7861bc0347c93feccfd9cbafbe6ce826777dc6e2ba,2025,9,0.014702236
d8a47d0eec5e005c2048ab7861bc0347c93feccfd9cbafbe6ce826777dc6e2ba,2025,10,0.06910373
d8a7cab220b0e8cc0c345b0e5b8b58910b3adf63d81982c28ae5bfe047d6e443,2025,5,0.070047155
d8a7cab220b0e8cc0c345b0e5b8b58910b3adf63d81982c28ae5bfe047d6e443,2025,6,0.022985984
d8a7cab220b0e8cc0c345b0e5b8b58910b3adf63d81982c28ae5bfe047d6e443,2025,7,0.017034387
d8a7cab220b0e8cc0c345b0e5b8b58910b3adf63d81982c28ae5bfe047d6e443,2025,8,0.023601815
d8a7cab220b0e8cc0c345b0e5b8b58910b3adf63d81982c28ae5bfe047d6e443,2025,9,0.04196299
d8a7cab220b0e8cc0c345b0e5b8b58910b3adf63d81982c28ae5bfe047d6e443,2025,10,0.119447485
d924d2981c3dcb2b0f5ea3fed278fcacee25e9b13c49c19d301db2ca9423720d,2025,5,0.041910697
d924d2981c3dcb2b0f5ea3fed278fcacee25e9b13c49c19d301db2ca9423720d,2025,6,0.011440572
d924d2981c3dcb2b0f5ea3fed278fcacee25e9b13c49c19d301db2ca9423720d,2025,7,0.008455118
d924d2981c3dcb2b0f5ea3fed278fcacee25e9b13c49c19d301db2ca9423720d,2025,8,0.009238433
d924d2981c3dcb2b0f5ea3fed278fcacee25e9b13c49c19d301db2ca9423720d,2025,9,0.014785434
d924d2981c3dcb2b0f5ea3fed278fcacee25e9b13c49c19d301db2ca9423720d,2025,10,0.06963074
db2eb9b8fa619543ab6a1bd28aa37806f81fddb02dde88d9fd803db75e84b211,2025,5,0.09033736
db2eb9b8fa619543ab6a1bd28aa37806f81fddb02dde88d9fd803db75e84b211,2025,6,0.025100144
db2eb9b8fa619543ab6a1bd28aa37806f81fddb02dde88d9fd803db75e84b211,2025,7,0.014346398
db2eb9b8fa619543ab6a1bd28aa37806f81fddb02dde88d9fd803db75e84b211,2025,8,0.014073093
db2eb9b8fa619543ab6a1bd28aa37806f81fddb02dde88d9fd803db75e84b211,2025,9,0.025273647
db2eb9b8fa619543ab6a1bd28aa37806f81fddb02dde88d9fd803db75e84b211,2025,10,0.026127156
db82816104068c379078b75b27d962cfb04a8a496b5e40b41e8fe49a01dab694,2025,5,0.07696844
db82816104068c379078b75b27d962cfb04a8a496b5e40b41e8fe49a01dab694,2025,6,0.025702981
db82816104068c379078b75b27d962cfb04a8a496b5e40b41e8fe49a01dab694,2025,7,0.012291277
db82816104068c379078b75b27d962cfb04a8a496b5e40b41e8fe49a01dab694,2025,8,0.018309357
db82816104068c379078b75b27d962cfb04a8a496b5e40b41e8fe49a01dab694,2025,9,0.037024654
db82816104068c379078b75b27d962cfb04a8a496b5e40b41e8fe49a01dab694,2025,10,0.102265134
db8af9f2d22db36aa255d7d48d8bfb89d3c763b4fe76c9824ddbe2bc502338bc,2025,5,0.06690211
db8af9f2d22db36aa255d7d48d8bfb89d3c763b4fe76c9824ddbe2bc502338bc,2025,6,0.030463291
db8af9f2d22db36aa255d7d48d8bfb89d3c763b4fe76c9824ddbe2bc502338bc,2025,7,0.028240178
db8af9f2d22db36aa255d7d48d8bfb89d3c763b4fe76c9824ddbe2bc502338bc,2025,8,0.02922424
db8af9f2d22db36aa255d7d48d8bfb89d3c763b4fe76c9824ddbe2bc502338bc,2025,9,0.057409182
db8af9f2d22db36aa255d7d48d8bfb89d3c763b4fe76c9824ddbe2bc502338bc,2025,10,0.1667076
dba1677fddc05c4a9f8608485bda835b0c1f5d257bea750403cb425c207373ac,2025,5,0.049650557
dba1677fddc05c4a9f8608485bda835b0c1f5d257bea750403cb425c207373ac,2025,6,0.020607559
dba1677fddc05c4a9f8608485bda835b0c1f5d257bea750403cb425c207373ac,2025,7,0.020607824
dba1677fddc05c4a9f8608485bda835b0c1f5d257bea750403cb425c207373ac,2025,8,0.020325672
dba1677fddc05c4a9f8608485bda835b0c1f5d257bea750403cb425c207373ac,2025,9,0.031009134
dba1677fddc05c4a9f8608485bda835b0c1f5d257bea750403cb425c207373ac,2025,10,0.09561138
dbca0e4d602ae5bc72d0e754f00db9cb65586891cccb1e2e3434a9e87d2fec59,2025,5,0.011561509
dbca0e4d602ae5bc72d0e754f00db9cb65586891cccb1e2e3434a9e87d2fec59,2025,6,0.00031068968
dbca0e4d602ae5bc72d0e754f00db9cb65586891cccb1e2e3434a9e87d2fec59,2025,7,2.360185e-05
dbca0e4d602ae5bc72d0e754f00db9cb65586891cccb1e2e3434a9e87d2fec59,2025,8,0.00020673334
dbca0e4d602ae5bc72d0e754f00db9cb65586891cccb1e2e3434a9e87d2fec59,2025,9,0.0043261605
dbca0e4d602ae5bc72d0e754f00db9cb65586891cccb1e2e3434a9e87d2fec59,2025,10,0.028706891
dbd8594674342417912fdbc93e8a57a1cd479cb011aae26e74515cccb42f313f,2025,5,0.039752267
dbd8594674342417912fdbc93e8a57a1cd479cb011aae26e74515cccb42f313f,2025,6,0.017663857
dbd8594674342417912fdbc93e8a57a1cd479cb011aae26e74515cccb42f313f,2025,7,0.018501095
dbd8594674342417912fdbc93e8a57a1cd479cb011aae26e74515cccb42f313f,2025,8,0.018979706
dbd8594674342417912fdbc93e8a57a1cd479cb011aae26e74515cccb42f313f,2025,9,0.028425833
dbd8594674342417912fdbc93e8a57a1cd479cb011aae26e74515cccb42f313f,2025,10,0.12270975
dc9a56ba28581b1f90dc445eaa8307bdc7dd889db6d5032dbe4102b216207845,2025,5,0.02123519
dc9a56ba28581b1f90dc445eaa8307bdc7dd889db6d5032dbe4102b216207845,2025,6,0.0089043565
dc9a56ba28581b1f90dc445eaa8307bdc7dd889db6d5032dbe4102b216207845,2025,7,0.008414541
dc9a56ba28581b1f90dc445eaa8307bdc7dd889db6d5032dbe4102b216207845,2025,8,0.00710433
dc9a56ba28581b1f90dc445eaa8307bdc7dd889db6d5032dbe4102b216207845,2025,9,0.011378465
dc9a56ba28581b1f90dc445eaa8307bdc7dd889db6d5032dbe4102b216207845,2025,10,0.04544565
dd9925b02e28cf9fe5d363a35eca7dbca4515111b96579844b5d2204e830ed24,2025,5,0.024766453
dd9925b02e28cf9fe5d363a35eca7dbca4515111b96579844b5d2204e830ed24,2025,6,0.010950719
dd9925b02e28cf9fe5d363a35eca7dbca4515111b96579844b5d2204e830ed24,2025,7,0.010712902
dd9925b02e28cf9fe5d363a35eca7dbca4515111b96579844b5d2204e830ed24,2025,8,0.013701173
dd9925b02e28cf9fe5d363a35eca7dbca4515111b96579844b5d2204e830ed24,2025,9,0.026115844
dd9925b02e28cf9fe5d363a35eca7dbca4515111b96579844b5d2204e830ed24,2025,10,0.048336513
ddf9abe7997e0972314afbcaa3f8673b1e0c4c5b1d278548ad3e14f3e308493c,2025,5,0.1075769
ddf9abe7997e0972314afbcaa3f8673b1e0c4c5b1d278548ad3e14f3e308493c,2025,6,0.0402244
ddf9abe7997e0972314afbcaa3f8673b1e0c4c5b1d278548ad3e14f3e308493c,2025,7,0.034869414
ddf9abe7997e0972314afbcaa3f8673b1e0c4c5b1d278548ad3e14f3e308493c,2025,8,0.035781626
ddf9abe7997e0972314afbcaa3f8673b1e0c4c5b1d278548ad3e14f3e308493c,2025,9,0.04565768
ddf9abe7997e0972314afbcaa3f8673b1e0c4c5b1d278548ad3e14f3e308493c,2025,10,0.10705243
de6b9e6e658bd793b9f0b6c9fd74d245c2d1dd6b80d016c9faee1749d1b48e58,2025,5,0.0661208
de6b9e6e658bd793b9f0b6c9fd74d245c2d1dd6b80d016c9faee1749d1b48e58,2025,6,0.0136628775
de6b9e6e658bd793b9f0b6c9fd74d245c2d1dd6b80d016c9faee1749d1b48e58,2025,7,0.011092349
de6b9e6e658bd793b9f0b6c9fd74d245c2d1dd6b80d016c9faee1749d1b48e58,2025,8,0.008276553
de6b9e6e658bd793b9f0b6c9fd74d245c2d1dd6b80d016c9faee1749d1b48e58,2025,9,0.02682195
de6b9e6e658bd793b9f0b6c9fd74d245c2d1dd6b80d016c9faee1749d1b48e58,2025,10,0.101376094
de93102deb0293a3a8f8b0d0d2aabd781dd5aa299ed9cca04f633ab3ec474d13,2025,5,0.080263846
de93102deb0293a3a8f8b0d0d2aabd781dd5aa299ed9cca04f633ab3ec474d13,2025,6,0.057692297
de93102deb0293a3a8f8b0d0d2aabd781dd5aa299ed9cca04f633ab3ec474d13,2025,7,0.062411726
de93102deb0293a3a8f8b0d0d2aabd781dd5aa299ed9cca04f633ab3ec474d13,2025,8,0.063892856
de93102deb0293a3a8f8b0d0d2aabd781dd5aa299ed9cca04f633ab3ec474d13,2025,9,0.0705734
de93102deb0293a3a8f8b0d0d2aabd781dd5aa299ed9cca04f633ab3ec474d13,2025,10,0.08155015
dea81be4286e401c3b02527aa17c9e21c4ce7053359a55abed11ec15cf2948cb,2025,5,0.037909005
dea81be4286e401c3b02527aa17c9e21c4ce7053359a55abed11ec15cf2948cb,2025,6,0.0057193665
dea81be4286e401c3b02527aa17c9e21c4ce7053359a55abed11ec15cf2948cb,2025,7,0.005345737
dea81be4286e401c3b02527aa17c9e21c4ce7053359a55abed11ec15cf2948cb,2025,8,0.0062183277
dea81be4286e401c3b02527aa17c9e21c4ce7053359a55abed11ec15cf2948cb,2025,9,0.015658278
dea81be4286e401c3b02527aa17c9e21c4ce7053359a55abed11ec15cf2948cb,2025,10,0.049817864
dfa0cb88e5448a4cc181066c719d5b5b012487fe0f314d1a087fdfe37c6e4a41,2025,5,0.05326843
dfa0cb88e5448a4cc181066c719d5b5b012487fe0f314d1a087fdfe37c6e4a41,2025,6,0.02361609
dfa0cb88e5448a4cc181066c719d5b5b012487fe0f314d1a087fdfe37c6e4a41,2025,7,0.017387802
dfa0cb88e5448a4cc181066c719d5b5b012487fe0f314d1a087fdfe37c6e4a41,2025,8,0.018195722
dfa0cb88e5448a4cc181066c719d5b5b012487fe0f314d1a087fdfe37c6e4a41,2025,9,0.044845115
dfa0cb88e5448a4cc181066c719d5b5b012487fe0f314d1a087fdfe37c6e4a41,2025,10,0.27113837
e01244c4e5f6b17cc6d9cf215ad1af0702a9e573ff503cada3f303f93f2ca3e5,2025,5,0.058461726
e01244c4e5f6b17cc6d9cf215ad1af0702a9e573ff503cada3f303f93f2ca3e5,2025,6,0.009094644
e01244c4e5f6b17cc6d9cf215ad1af0702a9e573ff503cada3f303f93f2ca3e5,2025,7,0.008681529
e01244c4e5f6b17cc6d9cf215ad1af0702a9e573ff503cada3f303f93f2ca3e5,2025,8,0.009453691
e01244c4e5f6b17cc6d9cf215ad1af0702a9e573ff503cada3f303f93f2ca3e5,2025,9,0.04522168
e01244c4e5f6b17cc6d9cf215ad1af0702a9e573ff503cada3f303f93f2ca3e5,2025,10,0.18454333
e0cfa686db481ed6f3608891c355c08e9eb6dbca32dd06929c978e70dd896af8,2025,5,0.040016256
e0cfa686db481ed6f3608891c355c08e9eb6dbca32dd06929c978e70dd896af8,2025,6,0.02576906
e0cfa686db481ed6f3608891c355c08e9eb6dbca32dd06929c978e70dd896af8,2025,7,0.02117019
e0cfa686db481ed6f3608891c355c08e9eb6dbca32dd06929c978e70dd896af8,2025,8,0.022415213
e0cfa686db481ed6f3608891c355c08e9eb6dbca32dd06929c978e70dd896af8,2025,9,0.033085488
e0cfa686db481ed6f3608891c355c08e9eb6dbca32dd06929c978e70dd896af8,2025,10,0.059969723
e0e630edcec4e2ddb67d0c162b79b303c1e45cdf03e48ff38d86a00e1c4f5e29,2025,5,0.09930801
e0e630edcec4e2ddb67d0c162b79b303c1e45cdf03e48ff38d86a00e1c4f5e29,2025,6,0.02351858
e0e630edcec4e2ddb67d0c162b79b303c1e45cdf03e48ff38d86a00e1c4f5e29,2025,7,0.013265316
e0e630edcec4e2ddb67d0c162b79b303c1e45cdf03e48ff38d86a00e1c4f5e29,2025,8,0.020201372
e0e630edcec4e2ddb67d0c162b79b303c1e45cdf03e48ff38d86a00e1c4f5e29,2025,9,0.05509626
e0e630edcec4e2ddb67d0c162b79b303c1e45cdf03e48ff38d86a00e1c4f5e29,2025,10,0.14555414
e155cb7467976976f41293ee12cae7be83e8d2c6094dbef7e38ea3ef8248a7a4,2025,5,0.03557843
e155cb7467976976f41293ee12cae7be83e8d2c6094dbef7e38ea3ef8248a7a4,2025,6,0.0072107925
e155cb7467976976f41293ee12cae7be83e8d2c6094dbef7e38ea3ef8248a7a4,2025,7,0.00609817
e155cb7467976976f41293ee12cae7be83e8d2c6094dbef7e38ea3ef8248a7a4,2025,8,0.0063938787
e155cb7467976976f41293ee12cae7be83e8d2c6094dbef7e38ea3ef8248a7a4,2025,9,0.01729439
e155cb7467976976f41293ee12cae7be83e8d2c6094dbef7e38ea3ef8248a7a4,2025,10,0.05865006
e256b0b5fbefe3e3120fbe8a7355aa7756fb759a48a370345acf720b9b1f4a44,2025,5,0.06162648
e256b0b5fbefe3e3120fbe8a7355aa7756fb759a48a370345acf720b9b1f4a44,2025,6,0.02470638
e256b0b5fbefe3e3120fbe8a7355aa7756fb759a48a370345acf720b9b1f4a44,2025,7,0.014370283
e256b0b5fbefe3e3120fbe8a7355aa7756fb759a48a370345acf720b9b1f4a44,2025,8,0.015946822
e256b0b5fbefe3e3120fbe8a7355aa7756fb759a48a370345acf720b9b1f4a44,2025,9,0.030377066
e256b0b5fbefe3e3120fbe8a7355aa7756fb759a48a370345acf720b9b1f4a44,2025,10,0.090944566
e2f0be6ef4e3fbc1607c9836f74f0a77f8243ddb8813a8106b7afaa70dae579b,2025,5,0.030006729
e2f0be6ef4e3fbc1607c9836f74f0a77f8243ddb8813a8106b7afaa70dae579b,2025,6,0.011042372
e2f0be6ef4e3fbc1607c9836f74f0a77f8243ddb8813a8106b7afaa70dae579b,2025,7,0.009998442
e2f0be6ef4e3fbc1607c9836f74f0a77f8243ddb8813a8106b7afaa70dae579b,2025,8,0.011729018
e2f0be6ef4e3fbc1607c9836f74f0a77f8243ddb8813a8106b7afaa70dae579b,2025,9,0.014497833
e2f0be6ef4e3fbc1607c9836f74f0a77f8243ddb8813a8106b7afaa70dae579b,2025,10,0.07550598
e2f675398c08b517a040148699911691f69e93cd2040a41e4cdb53b86f09f43b,2025,5,0.046033062
e2f675398c08b517a040148699911691f69e93cd2040a41e4cdb53b86f09f43b,2025,6,0.04049878
e2f675398c08b517a040148699911691f69e93cd2040a41e4cdb53b86f09f43b,2025,7,0.02545942
e2f675398c08b517a040148699911691f69e93cd2040a41e4cdb53b86f09f43b,2025,8,0.029159913
e2f675398c08b517a040148699911691f69e93cd2040a41e4cdb53b86f09f43b,2025,9,0.034145184
e2f675398c08b517a040148699911691f69e93cd2040a41e4cdb53b86f09f43b,2025,10,0.068387955
e2f98e12f734ab5b8b4e79a16685517d9db8843feb84f5d729f872cd6074b8d1,2025,5,0.031785917
e2f98e12f734ab5b8b4e79a16685517d9db8843feb84f5d729f872cd6074b8d1,2025,6,0.0110259075
e2f98e12f734ab5b8b4e79a16685517d9db8843feb84f5d729f872cd6074b8d1,2025,7,0.008970861
e2f98e12f734ab5b8b4e79a16685517d9db8843feb84f5d729f872cd6074b8d1,2025,8,0.0108330725
e2f98e12f734ab5b8b4e79a16685517d9db8843feb84f5d729f872cd6074b8d1,2025,9,0.012864792
e2f98e12f734ab5b8b4e79a16685517d9db8843feb84f5d729f872cd6074b8d1,2025,10,0.039183825
e34670113bc0594b960557f79bf9dee8805f3657589dfe3a1b07e08dc3d833de,2025,5,0.30899158
e34670113bc0594b960557f79bf9dee8805f3657589dfe3a1b07e08dc3d833de,2025,6,0.100626834
e34670113bc0594b960557f79bf9dee8805f3657589dfe3a1b07e08dc3d833de,2025,7,0.07909479
e34670113bc0594b960557f79bf9dee8805f3657589dfe3a1b07e08dc3d833de,2025,8,0.12342146
e34670113bc0594b960557f79bf9dee8805f3657589dfe3a1b07e08dc3d833de,2025,9,0.20909388
e34670113bc0594b960557f79bf9dee8805f3657589dfe3a1b07e08dc3d833de,2025,10,0.4267943
e3c5a6f4ef2d3135804a1f1a3b5987e8a124c30406500dc98417bdc96c7ad6eb,2025,5,0.01783053
e3c5a6f4ef2d3135804a1f1a3b5987e8a124c30406500dc98417bdc96c7ad6eb,2025,6,0.009356225
e3c5a6f4ef2d3135804a1f1a3b5987e8a124c30406500dc98417bdc96c7ad6eb,2025,7,0.008806282
e3c5a6f4ef2d3135804a1f1a3b5987e8a124c30406500dc98417bdc96c7ad6eb,2025,8,0.009527759
e3c5a6f4ef2d3135804a1f1a3b5987e8a124c30406500dc98417bdc96c7ad6eb,2025,9,0.013972488
e3c5a6f4ef2d3135804a1f1a3b5987e8a124c30406500dc98417bdc96c7ad6eb,2025,10,0.030587278
e4780418013275cfefde2bc6ed748b420d1ba051badb966a32ee6eb0ca2cb940,2025,5,0.04312611
e4780418013275cfefde2bc6ed748b420d1ba051badb966a32ee6eb0ca2cb940,2025,6,0.019893188
e4780418013275cfefde2bc6ed748b420d1ba051badb966a32ee6eb0ca2cb940,2025,7,0.013877154
e4780418013275cfefde2bc6ed748b420d1ba051badb966a32ee6eb0ca2cb940,2025,8,0.014804083
e4780418013275cfefde2bc6ed748b420d1ba051badb966a32ee6eb0ca2cb940,2025,9,0.02400887
e4780418013275cfefde2bc6ed748b420d1ba051badb966a32ee6eb0ca2cb940,2025,10,0.049942356
e4c14966610d1d5b79beb56e6900fd8e3b4149a182f77ed6550eae15afa1e657,2025,5,0.13573278
e4c14966610d1d5b79beb56e6900fd8e3b4149a182f77ed6550eae15afa1e657,2025,6,0.029622275
e4c14966610d1d5b79beb56e6900fd8e3b4149a182f77ed6550eae15afa1e657,2025,7,0.028495757
e4c14966610d1d5b79beb56e6900fd8e3b4149a182f77ed6550eae15afa1e657,2025,8,0.028145729
e4c14966610d1d5b79beb56e6900fd8e3b4149a182f77ed6550eae15afa1e657,2025,9,0.049205825
e4c14966610d1d5b79beb56e6900fd8e3b4149a182f77ed6550eae15afa1e657,2025,10,0.24277034
e4ec784c17356dca37cd5b61642cc4c25cdacf174ec67fde738a9ef6d394210b,2025,5,0.038035855
e4ec784c17356dca37cd5b61642cc4c25cdacf174ec67fde738a9ef6d394210b,2025,6,0.009839842
e4ec784c17356dca37cd5b61642cc4c25cdacf174ec67fde738a9ef6d394210b,2025,7,0.0074960557
e4ec784c17356dca37cd5b61642cc4c25cdacf174ec67fde738a9ef6d394210b,2025,8,0.0087392
e4ec784c17356dca37cd5b61642cc4c25cdacf174ec67fde738a9ef6d394210b,2025,9,0.010787366
e4ec784c17356dca37cd5b61642cc4c25cdacf174ec67fde738a9ef6d394210b,2025,10,0.060033105
e5942fdc8cf73bf1c19c718f88b774aa87c1712215f19ff837d7f505aa27183d,2025,5,0.016852586
e5942fdc8cf73bf1c19c718f88b774aa87c1712215f19ff837d7f505aa27183d,2025,6,0.012691038
e5942fdc8cf73bf1c19c718f88b774aa87c1712215f19ff837d7f505aa27183d,2025,7,0.012953621
e5942fdc8cf73bf1c19c718f88b774aa87c1712215f19ff837d7f505aa27183d,2025,8,0.0117553
e5942fdc8cf73bf1c19c718f88b774aa87c1712215f19ff837d7f505aa27183d,2025,9,0.015899468
e5942fdc8cf73bf1c19c718f88b774aa87c1712215f19ff837d7f505aa27183d,2025,10,0.017733779
e5d0949a59a0e5a2f854d1da2e668bd9926cb00e55c9abf8660bdcf75bec29d5,2025,5,5.2520274e-05
e5d0949a59a0e5a2f854d1da2e668bd9926cb00e55c9abf8660bdcf75bec29d5,2025,6,0.0051952456
e5d0949a59a0e5a2f854d1da2e668bd9926cb00e55c9abf8660bdcf75bec29d5,2025,7,5.0945022e-05
e5d0949a59a0e5a2f854d1da2e668bd9926cb00e55c9abf8660bdcf75bec29d5,2025,8,8.895504e-05
e5d0949a59a0e5a2f854d1da2e668bd9926cb00e55c9abf8660bdcf75bec29d5,2025,9,0.00317073
e5d0949a59a0e5a2f854d1da2e668bd9926cb00e55c9abf8660bdcf75bec29d5,2025,10,0.0042100474
e6316ce766014f9e2b591dbc85ecd0b4299a46c8906ccefd355bb57a2cfe52cb,2025,5,0.0560658
e6316ce766014f9e2b591dbc85ecd0b4299a46c8906ccefd355bb57a2cfe52cb,2025,6,0.014949064
e6316ce766014f9e2b591dbc85ecd0b4299a46c8906ccefd355bb57a2cfe52cb,2025,7,0.013116974
e6316ce766014f9e2b591dbc85ecd0b4299a46c8906ccefd355bb57a2cfe52cb,2025,8,0.015141166
e6316ce766014f9e2b591dbc85ecd0b4299a46c8906ccefd355bb57a2cfe52cb,2025,9,0.028646363
e6316ce766014f9e2b591dbc85ecd0b4299a46c8906ccefd355bb57a2cfe52cb,2025,10,0.10085251
e720c74dd56160f5abe50fd29241ea453db4dc43eb200458700571e4fb2472db,2025,5,0.033683088
e720c74dd56160f5abe50fd29241ea453db4dc43eb200458700571e4fb2472db,2025,6,0.000106131425
e720c74dd56160f5abe50fd29241ea453db4dc43eb200458700571e4fb2472db,2025,7,3.9536608e-05
e720c74dd56160f5abe50fd29241ea453db4dc43eb200458700571e4fb2472db,2025,8,7.168002e-05
e720c74dd56160f5abe50fd29241ea453db4dc43eb200458700571e4fb2472db,2025,9,0.008085314
e720c74dd56160f5abe50fd29241ea453db4dc43eb200458700571e4fb2472db,2025,10,0.06502845
e76ca8d3b97e5e69364c51fb5d1176d3f78696b2809b37283e7b65434cf95209,2025,5,0.034267016
e76ca8d3b97e5e69364c51fb5d1176d3f78696b2809b37283e7b65434cf95209,2025,6,0.0049088616
e76ca8d3b97e5e69364c51fb5d1176d3f78696b2809b37283e7b65434cf95209,2025,7,0.004114194
e76ca8d3b97e5e69364c51fb5d1176d3f78696b2809b37283e7b65434cf95209,2025,8,0.0043261102
e76ca8d3b97e5e69364c51fb5d1176d3f78696b2809b37283e7b65434cf95209,2025,9,0.0072556264
e76ca8d3b97e5e69364c51fb5d1176d3f78696b2809b37283e7b65434cf95209,2025,10,0.038588375
e7d3ac8a608540cb79f4827a0be6d1fb512f8d81c8d14aacdc761fccedbeafca,2025,5,0.11268547
e7d3ac8a608540cb79f4827a0be6d1fb512f8d81c8d14aacdc761fccedbeafca,2025,6,0.025179219
e7d3ac8a608540cb79f4827a0be6d1fb512f8d81c8d14aacdc761fccedbeafca,2025,7,0.019968752
e7d3ac8a608540cb79f4827a0be6d1fb512f8d81c8d14aacdc761fccedbeafca,2025,8,0.019545672
e7d3ac8a608540cb79f4827a0be6d1fb512f8d81c8d14aacdc761fccedbeafca,2025,9,0.029004408
e7d3ac8a608540cb79f4827a0be6d1fb512f8d81c8d14aacdc761fccedbeafca,2025,10,0.16267174
e8154be96ce4dfa7305e4d5eeba29bab1f4b51a13969ac76add95f504a7623b2,2025,5,0.033285994
e8154be96ce4dfa7305e4d5eeba29bab1f4b51a13969ac76add95f504a7623b2,2025,6,0.010949005
e8154be96ce4dfa7305e4d5eeba29bab1f4b51a13969ac76add95f504a7623b2,2025,7,0.010349891
e8154be96ce4dfa7305e4d5eeba29bab1f4b51a13969ac76add95f504a7623b2,2025,8,0.01031034
e8154be96ce4dfa7305e4d5eeba29bab1f4b51a13969ac76add95f504a7623b2,2025,9,0.013222655
e8154be96ce4dfa7305e4d5eeba29bab1f4b51a13969ac76add95f504a7623b2,2025,10,0.056198373
e8924d772cfb5f7b55d54546a54ac4a68bdb0543a72a4fb8f81a72618b9d8f87,2025,5,0.08187549
e8924d772cfb5f7b55d54546a54ac4a68bdb0543a72a4fb8f81a72618b9d8f87,2025,6,0.0065560965
e8924d772cfb5f7b55d54546a54ac4a68bdb0543a72a4fb8f81a72618b9d8f87,2025,7,0.009859746
e8924d772cfb5f7b55d54546a54ac4a68bdb0543a72a4fb8f81a72618b9d8f87,2025,8,0.010748727
e8924d772cfb5f7b55d54546a54ac4a68bdb0543a72a4fb8f81a72618b9d8f87,2025,9,0.038490053
e8924d772cfb5f7b55d54546a54ac4a68bdb0543a72a4fb8f81a72618b9d8f87,2025,10,0.13134699
e8a6cf30b0d02503cfcb570680aa86ecb26f617511712a6dd5ce46367063f140,2025,5,0.0189728
e8a6cf30b0d02503cfcb570680aa86ecb26f617511712a6dd5ce46367063f140,2025,6,0.0070829936
e8a6cf30b0d02503cfcb570680aa86ecb26f617511712a6dd5ce46367063f140,2025,7,0.0056665353
e8a6cf30b0d02503cfcb570680aa86ecb26f617511712a6dd5ce46367063f140,2025,8,0.0043936525
e8a6cf30b0d02503cfcb570680aa86ecb26f617511712a6dd5ce46367063f140,2025,9,0.004919454
e8a6cf30b0d02503cfcb570680aa86ecb26f617511712a6dd5ce46367063f140,2025,10,0.02936815
e8bf549f3deff2660c44940e6ca53bfa2a4d03a8556097e577963800e1a7d73f,2025,5,0.05546317
e8bf549f3deff2660c44940e6ca53bfa2a4d03a8556097e577963800e1a7d73f,2025,6,0.029923823
e8bf549f3deff2660c44940e6ca53bfa2a4d03a8556097e577963800e1a7d73f,2025,7,0.027935237
e8bf549f3deff2660c44940e6ca53bfa2a4d03a8556097e577963800e1a7d73f,2025,8,0.027626688
e8bf549f3deff2660c44940e6ca53bfa2a4d03a8556097e577963800e1a7d73f,2025,9,0.033338968
e8bf549f3deff2660c44940e6ca53bfa2a4d03a8556097e577963800e1a7d73f,2025,10,0.079288185
e90de723ca4f08742a675e2347ea9d3dc6bc2355234cf8ee786151ea54c1de4a,2025,5,0.03699814
e90de723ca4f08742a675e2347ea9d3dc6bc2355234cf8ee786151ea54c1de4a,2025,6,0.014747658
e90de723ca4f08742a675e2347ea9d3dc6bc2355234cf8ee786151ea54c1de4a,2025,7,0.013332806
e90de723ca4f08742a675e2347ea9d3dc6bc2355234cf8ee786151ea54c1de4a,2025,8,0.014770144
e90de723ca4f08742a675e2347ea9d3dc6bc2355234cf8ee786151ea54c1de4a,2025,9,0.021976415
e90de723ca4f08742a675e2347ea9d3dc6bc2355234cf8ee786151ea54c1de4a,2025,10,0.07153502
e93f6a2d534faba4b2dbfedb9da5988707a84b939774a795532345695544215f,2025,5,0.023109978
e93f6a2d534faba4b2dbfedb9da5988707a84b939774a795532345695544215f,2025,6,0.009099977
e93f6a2d534faba4b2dbfedb9da5988707a84b939774a795532345695544215f,2025,7,0.009176005
e93f6a2d534faba4b2dbfedb9da5988707a84b939774a795532345695544215f,2025,8,0.009894804
e93f6a2d534faba4b2dbfedb9da5988707a84b939774a795532345695544215f,2025,9,0.014350908
e93f6a2d534faba4b2dbfedb9da5988707a84b939774a795532345695544215f,2025,10,0.06686858
e9af15eeb7da0051bcbdc938933d3c58a9a357d82b45942ce9ce325956ac91d2,2025,6,0.00705412
e9af15eeb7da0051bcbdc938933d3c58a9a357d82b45942ce9ce325956ac91d2,2025,8,0.045376316
e9af15eeb7da0051bcbdc938933d3c58a9a357d82b45942ce9ce325956ac91d2,2025,9,0.07382543
e9af15eeb7da0051bcbdc938933d3c58a9a357d82b45942ce9ce325956ac91d2,2025,10,0.13023578
e9b45cfd9ed5c86f70d27ceb9f9af779e805c3331f91175a48f5884614126e67,2025,5,8.033568e-05
e9b45cfd9ed5c86f70d27ceb9f9af779e805c3331f91175a48f5884614126e67,2025,6,9.606822e-05
e9b45cfd9ed5c86f70d27ceb9f9af779e805c3331f91175a48f5884614126e67,2025,7,9.724606e-05
e9b45cfd9ed5c86f70d27ceb9f9af779e805c3331f91175a48f5884614126e67,2025,8,0.00011235677
e9b45cfd9ed5c86f70d27ceb9f9af779e805c3331f91175a48f5884614126e67,2025,9,0.00015121013
e9b45cfd9ed5c86f70d27ceb9f9af779e805c3331f91175a48f5884614126e67,2025,10,0.0014767845
ea09f618445bf6751842cb8c36891c72a9f4ee2fd663e742175e9ddcffcc3857,2025,5,0.045656163
ea09f618445bf6751842cb8c36891c72a9f4ee2fd663e742175e9ddcffcc3857,2025,6,0.009085158
ea09f618445bf6751842cb8c36891c72a9f4ee2fd663e742175e9ddcffcc3857,2025,7,0.008437279
ea09f618445bf6751842cb8c36891c72a9f4ee2fd663e742175e9ddcffcc3857,2025,8,0.008366972
ea09f618445bf6751842cb8c36891c72a9f4ee2fd663e742175e9ddcffcc3857,2025,9,0.018132534
ea09f618445bf6751842cb8c36891c72a9f4ee2fd663e742175e9ddcffcc3857,2025,10,0.077152565
ea5e42098f8e5ec1e5d57cc8bb08c3af05d0d6e562eb3a59618306849987bd3f,2025,5,0.023686185
ea5e42098f8e5ec1e5d57cc8bb08c3af05d0d6e562eb3a59618306849987bd3f,2025,6,0.010407199
ea5e42098f8e5ec1e5d57cc8bb08c3af05d0d6e562eb3a59618306849987bd3f,2025,7,0.0097232675
ea5e42098f8e5ec1e5d57cc8bb08c3af05d0d6e562eb3a59618306849987bd3f,2025,8,0.009926978
ea5e42098f8e5ec1e5d57cc8bb08c3af05d0d6e562eb3a59618306849987bd3f,2025,9,0.063766986
ea5e42098f8e5ec1e5d57cc8bb08c3af05d0d6e562eb3a59618306849987bd3f,2025,10,0.060826194
ea76b8fd42acdb0f3dc8109478034b9ff4fc734503aaecdfefac28389c23a91a,2025,5,0.08476514
ea76b8fd42acdb0f3dc8109478034b9ff4fc734503aaecdfefac28389c23a91a,2025,6,0.011193661
ea76b8fd42acdb0f3dc8109478034b9ff4fc734503aaecdfefac28389c23a91a,2025,7,0.009548439
ea76b8fd42acdb0f3dc8109478034b9ff4fc734503aaecdfefac28389c23a91a,2025,8,0.010055502
ea76b8fd42acdb0f3dc8109478034b9ff4fc734503aaecdfefac28389c23a91a,2025,9,0.040795494
ea76b8fd42acdb0f3dc8109478034b9ff4fc734503aaecdfefac28389c23a91a,2025,10,0.17078708
eabf1e41cc755185465074c53de88b22a8d1534c674d3d6a0b60938b363c0574,2025,5,0.13326375
eabf1e41cc755185465074c53de88b22a8d1534c674d3d6a0b60938b363c0574,2025,6,0.02224066
eabf1e41cc755185465074c53de88b22a8d1534c674d3d6a0b60938b363c0574,2025,7,0.022247246
eabf1e41cc755185465074c53de88b22a8d1534c674d3d6a0b60938b363c0574,2025,8,0.021097591
eabf1e41cc755185465074c53de88b22a8d1534c674d3d6a0b60938b363c0574,2025,9,0.056645587
eabf1e41cc755185465074c53de88b22a8d1534c674d3d6a0b60938b363c0574,2025,10,0.4260527
eac48f67ad81b96ac182fbe0a2e130b96c3fc3515f45a772179754a1b1f2709a,2025,5,0.041795872
eac48f67ad81b96ac182fbe0a2e130b96c3fc3515f45a772179754a1b1f2709a,2025,6,0.019168327
eac48f67ad81b96ac182fbe0a2e130b96c3fc3515f45a772179754a1b1f2709a,2025,7,0.01849551
eac48f67ad81b96ac182fbe0a2e130b96c3fc3515f45a772179754a1b1f2709a,2025,8,0.017928524
eac48f67ad81b96ac182fbe0a2e130b96c3fc3515f45a772179754a1b1f2709a,2025,9,0.02595291
eac48f67ad81b96ac182fbe0a2e130b96c3fc3515f45a772179754a1b1f2709a,2025,10,0.066015616
eb1e3003aa02a1e14fcb8615970e05c0e8a3f7bd502e936b27d6afaaa7ac75f4,2025,5,0.024157196
eb1e3003aa02a1e14fcb8615970e05c0e8a3f7bd502e936b27d6afaaa7ac75f4,2025,6,0.00925906
eb1e3003aa02a1e14fcb8615970e05c0e8a3f7bd502e936b27d6afaaa7ac75f4,2025,7,0.0074598747
eb1e3003aa02a1e14fcb8615970e05c0e8a3f7bd502e936b27d6afaaa7ac75f4,2025,8,0.008431002
eb1e3003aa02a1e14fcb8615970e05c0e8a3f7bd502e936b27d6afaaa7ac75f4,2025,9,0.015589439
eb1e3003aa02a1e14fcb8615970e05c0e8a3f7bd502e936b27d6afaaa7ac75f4,2025,10,0.03285551
eb8ce3d46c5b4dfe341fa976c778f7ef497a8993d9b28a1f1c9fc959f8c06100,2025,5,0.056147233
eb8ce3d46c5b4dfe341fa976c778f7ef497a8993d9b28a1f1c9fc959f8c06100,2025,6,0.017261071
eb8ce3d46c5b4dfe341fa976c778f7ef497a8993d9b28a1f1c9fc959f8c06100,2025,7,0.012631058
eb8ce3d46c5b4dfe341fa976c778f7ef497a8993d9b28a1f1c9fc959f8c06100,2025,8,0.013839828
eb8ce3d46c5b4dfe341fa976c778f7ef497a8993d9b28a1f1c9fc959f8c06100,2025,9,0.023626039
eb8ce3d46c5b4dfe341fa976c778f7ef497a8993d9b28a1f1c9fc959f8c06100,2025,10,0.05671533
ec7026b778531a3a135ceb191f395ed1704811a287b4cddae125ab13c2d5f1eb,2025,5,0.16521415
ec7026b778531a3a135ceb191f395ed1704811a287b4cddae125ab13c2d5f1eb,2025,6,0.045977898
ec7026b778531a3a135ceb191f395ed1704811a287b4cddae125ab13c2d5f1eb,2025,7,0.04110158
ec7026b778531a3a135ceb191f395ed1704811a287b4cddae125ab13c2d5f1eb,2025,8,0.03129054
ec7026b778531a3a135ceb191f395ed1704811a287b4cddae125ab13c2d5f1eb,2025,9,0.06489842
ec7026b778531a3a135ceb191f395ed1704811a287b4cddae125ab13c2d5f1eb,2025,10,0.20308925
ed1e641ad2db3df782aa2fe9da7017d3636a9d69d691d9a768dd8bdba0e60f6e,2025,5,0.01845769
ed1e641ad2db3df782aa2fe9da7017d3636a9d69d691d9a768dd8bdba0e60f6e,2025,6,0.008479845
ed1e641ad2db3df782aa2fe9da7017d3636a9d69d691d9a768dd8bdba0e60f6e,2025,7,0.0069487384
ed1e641ad2db3df782aa2fe9da7017d3636a9d69d691d9a768dd8bdba0e60f6e,2025,8,0.007214276
ed1e641ad2db3df782aa2fe9da7017d3636a9d69d691d9a768dd8bdba0e60f6e,2025,9,0.009825202
ed1e641ad2db3df782aa2fe9da7017d3636a9d69d691d9a768dd8bdba0e60f6e,2025,10,0.027780792
ed262db88dc7bcb276bf4f16b9465dcc9e2f035419e706f1caf4b301990345b6,2025,5,0.2113482
ed262db88dc7bcb276bf4f16b9465dcc9e2f035419e706f1caf4b301990345b6,2025,6,0.05944065
ed262db88dc7bcb276bf4f16b9465dcc9e2f035419e706f1caf4b301990345b6,2025,7,0.028982295
ed262db88dc7bcb276bf4f16b9465dcc9e2f035419e706f1caf4b301990345b6,2025,8,0.054788303
ed262db88dc7bcb276bf4f16b9465dcc9e2f035419e706f1caf4b301990345b6,2025,9,0.098545015
ed262db88dc7bcb276bf4f16b9465dcc9e2f035419e706f1caf4b301990345b6,2025,10,0.25038996
ed3356c0d7df2f83f08e4aac10108e52892eda64484c26bc7fa01f01a17797ad,2025,5,0.029359028
ed3356c0d7df2f83f08e4aac10108e52892eda64484c26bc7fa01f01a17797ad,2025,6,0.004186689
ed3356c0d7df2f83f08e4aac10108e52892eda64484c26bc7fa01f01a17797ad,2025,7,0.0030490623
ed3356c0d7df2f83f08e4aac10108e52892eda64484c26bc7fa01f01a17797ad,2025,8,0.0051219547
ed3356c0d7df2f83f08e4aac10108e52892eda64484c26bc7fa01f01a17797ad,2025,9,0.011292439
ed3356c0d7df2f83f08e4aac10108e52892eda64484c26bc7fa01f01a17797ad,2025,10,0.046035998
ed4624ec23b0e859369e29136fdf6bc599678036404a8be10a7c8afe457e8d83,2025,5,0.08380541
ed4624ec23b0e859369e29136fdf6bc599678036404a8be10a7c8afe457e8d83,2025,6,0.00959426
ed4624ec23b0e859369e29136fdf6bc599678036404a8be10a7c8afe457e8d83,2025,7,0.009903206
ed4624ec23b0e859369e29136fdf6bc599678036404a8be10a7c8afe457e8d83,2025,8,0.008559553
ed4624ec23b0e859369e29136fdf6bc599678036404a8be10a7c8afe457e8d83,2025,9,0.012037478
ed4624ec23b0e859369e29136fdf6bc599678036404a8be10a7c8afe457e8d83,2025,10,0.016055964
ed8bf94d964eedade9408e666c659690a016b4a0c22032ee202f3773cf8ce4da,2025,5,0.029669026
ed8bf94d964eedade9408e666c659690a016b4a0c22032ee202f3773cf8ce4da,2025,6,0.008761143
ed8bf94d964eedade9408e666c659690a016b4a0c22032ee202f3773cf8ce4da,2025,7,0.008494687
ed8bf94d964eedade9408e666c659690a016b4a0c22032ee202f3773cf8ce4da,2025,8,0.008001743
ed8bf94d964eedade9408e666c659690a016b4a0c22032ee202f3773cf8ce4da,2025,9,0.013457154
ed8bf94d964eedade9408e666c659690a016b4a0c22032ee202f3773cf8ce4da,2025,10,0.07575804
eda34df72c4c9069bc49bbaeaf18c9bbf1b3fd8b1267e9d65fe11731add05cd5,2025,5,0.13356595
eda34df72c4c9069bc49bbaeaf18c9bbf1b3fd8b1267e9d65fe11731add05cd5,2025,6,0.08375011
eda34df72c4c9069bc49bbaeaf18c9bbf1b3fd8b1267e9d65fe11731add05cd5,2025,7,0.17835872
eda34df72c4c9069bc49bbaeaf18c9bbf1b3fd8b1267e9d65fe11731add05cd5,2025,8,0.12953919
eda34df72c4c9069bc49bbaeaf18c9bbf1b3fd8b1267e9d65fe11731add05cd5,2025,9,0.13918574
eda34df72c4c9069bc49bbaeaf18c9bbf1b3fd8b1267e9d65fe11731add05cd5,2025,10,0.09872422
ee8253627511136e790034b2a853aa6d3b0d62eda41abf1bdd5fbd162a00a309,2025,5,0.03543169
ee8253627511136e790034b2a853aa6d3b0d62eda41abf1bdd5fbd162a00a309,2025,6,0.010299899
ee8253627511136e790034b2a853aa6d3b0d62eda41abf1bdd5fbd162a00a309,2025,7,0.0041883555
ee8253627511136e790034b2a853aa6d3b0d62eda41abf1bdd5fbd162a00a309,2025,9,9.947382e-18
ee8253627511136e790034b2a853aa6d3b0d62eda41abf1bdd5fbd162a00a309,2025,10,7.681732e-17
eead1e44092013764cd087dba330ef6110f2f552e4f18c0e6ecdc012ee5e4f2d,2025,5,0.046296127
eead1e44092013764cd087dba330ef6110f2f552e4f18c0e6ecdc012ee5e4f2d,2025,6,0.033976812
eead1e44092013764cd087dba330ef6110f2f552e4f18c0e6ecdc012ee5e4f2d,2025,7,0.028072527
eead1e44092013764cd087dba330ef6110f2f552e4f18c0e6ecdc012ee5e4f2d,2025,8,0.030216344
eead1e44092013764cd087dba330ef6110f2f552e4f18c0e6ecdc012ee5e4f2d,2025,9,0.03718521
eead1e44092013764cd087dba330ef6110f2f552e4f18c0e6ecdc012ee5e4f2d,2025,10,0.0691287
ef28dea33ab170c611b031b44a05112e8f47f0f6101705840cd5914ce09c39a4,2025,5,0.03402126
ef28dea33ab170c611b031b44a05112e8f47f0f6101705840cd5914ce09c39a4,2025,6,0.019289367
ef28dea33ab170c611b031b44a05112e8f47f0f6101705840cd5914ce09c39a4,2025,7,0.017931916
ef28dea33ab170c611b031b44a05112e8f47f0f6101705840cd5914ce09c39a4,2025,8,0.01926837
ef28dea33ab170c611b031b44a05112e8f47f0f6101705840cd5914ce09c39a4,2025,9,0.026739467
ef28dea33ab170c611b031b44a05112e8f47f0f6101705840cd5914ce09c39a4,2025,10,0.060072307
ef3f42d3223ee78a2ec46b68589a324cad9eee3af88fe655424eafb0f41bcc13,2025,5,0.043747306
ef3f42d3223ee78a2ec46b68589a324cad9eee3af88fe655424eafb0f41bcc13,2025,6,0.009369456
ef3f42d3223ee78a2ec46b68589a324cad9eee3af88fe655424eafb0f41bcc13,2025,7,0.005525522
ef3f42d3223ee78a2ec46b68589a324cad9eee3af88fe655424eafb0f41bcc13,2025,8,0.008586976
ef3f42d3223ee78a2ec46b68589a324cad9eee3af88fe655424eafb0f41bcc13,2025,9,0.011950109
ef3f42d3223ee78a2ec46b68589a324cad9eee3af88fe655424eafb0f41bcc13,2025,10,0.07359842
ef4cf50cab12cef49e71eccdc877c7dc832464d85edaa11c6e9e7bc0e46e5402,2025,5,0.06746775
ef4cf50cab12cef49e71eccdc877c7dc832464d85edaa11c6e9e7bc0e46e5402,2025,6,0.021586029
ef4cf50cab12cef49e71eccdc877c7dc832464d85edaa11c6e9e7bc0e46e5402,2025,7,0.020452127
ef4cf50cab12cef49e71eccdc877c7dc832464d85edaa11c6e9e7bc0e46e5402,2025,8,0.02002975
ef4cf50cab12cef49e71eccdc877c7dc832464d85edaa11c6e9e7bc0e46e5402,2025,9,0.02814462
ef4cf50cab12cef49e71eccdc877c7dc832464d85edaa11c6e9e7bc0e46e5402,2025,10,0.13763691
f0602f126a12e57a6c8dfa27258aa94ca3a0df2b53014722ef21c3190cc951ca,2025,5,0.011085918
f0602f126a12e57a6c8dfa27258aa94ca3a0df2b53014722ef21c3190cc951ca,2025,6,0.0070986617
f0602f126a12e57a6c8dfa27258aa94ca3a0df2b53014722ef21c3190cc951ca,2025,7,0.005051047
f0602f126a12e57a6c8dfa27258aa94ca3a0df2b53014722ef21c3190cc951ca,2025,8,0.0058679045
f0602f126a12e57a6c8dfa27258aa94ca3a0df2b53014722ef21c3190cc951ca,2025,9,0.00745614
f0602f126a12e57a6c8dfa27258aa94ca3a0df2b53014722ef21c3190cc951ca,2025,10,0.015448598
f07f0649d25c1f4f7ec5d313265122b7cb570822d2688ddd6773f9eff05a81bd,2025,5,0.045035645
f07f0649d25c1f4f7ec5d313265122b7cb570822d2688ddd6773f9eff05a81bd,2025,6,0.018393353
f07f0649d25c1f4f7ec5d313265122b7cb570822d2688ddd6773f9eff05a81bd,2025,7,0.017093942
f07f0649d25c1f4f7ec5d313265122b7cb570822d2688ddd6773f9eff05a81bd,2025,8,0.01628126
f07f0649d25c1f4f7ec5d313265122b7cb570822d2688ddd6773f9eff05a81bd,2025,9,0.02246888
f07f0649d25c1f4f7ec5d313265122b7cb570822d2688ddd6773f9eff05a81bd,2025,10,0.08990449
f0a6ff254c7c41448443ec4a67a9f5557ad30ff34f07a1ca62020a2a5a94545e,2025,5,0.045693096
f0a6ff254c7c41448443ec4a67a9f5557ad30ff34f07a1ca62020a2a5a94545e,2025,6,0.01936703
f0a6ff254c7c41448443ec4a67a9f5557ad30ff34f07a1ca62020a2a5a94545e,2025,9,0.1423345
f0a6ff254c7c41448443ec4a67a9f5557ad30ff34f07a1ca62020a2a5a94545e,2025,10,0.063915245
f11d8cfedee8c5925ef4a1d47a972d2df2f8d7d56a6633a86accd9444d3a0546,2025,5,0.046558082
f11d8cfedee8c5925ef4a1d47a972d2df2f8d7d56a6633a86accd9444d3a0546,2025,6,0.018052354
f11d8cfedee8c5925ef4a1d47a972d2df2f8d7d56a6633a86accd9444d3a0546,2025,7,0.015327689
f11d8cfedee8c5925ef4a1d47a972d2df2f8d7d56a6633a86accd9444d3a0546,2025,8,0.020837689
f11d8cfedee8c5925ef4a1d47a972d2df2f8d7d56a6633a86accd9444d3a0546,2025,9,0.026137022
f11d8cfedee8c5925ef4a1d47a972d2df2f8d7d56a6633a86accd9444d3a0546,2025,10,0.06232313
f13b3500f3c7be94a6347ee826ad91f49edd161b146d076d2c49a57c6b16384a,2025,5,0.051486336
f13b3500f3c7be94a6347ee826ad91f49edd161b146d076d2c49a57c6b16384a,2025,6,0.023248632
f13b3500f3c7be94a6347ee826ad91f49edd161b146d076d2c49a57c6b16384a,2025,7,0.02294428
f13b3500f3c7be94a6347ee826ad91f49edd161b146d076d2c49a57c6b16384a,2025,8,0.024535807
f13b3500f3c7be94a6347ee826ad91f49edd161b146d076d2c49a57c6b16384a,2025,9,0.022774907
f13b3500f3c7be94a6347ee826ad91f49edd161b146d076d2c49a57c6b16384a,2025,10,0.023165254
f23cba44e3343d25a040bc9e063dbc67fc5045961411b0713829887987d426df,2025,5,0.03428629
f23cba44e3343d25a040bc9e063dbc67fc5045961411b0713829887987d426df,2025,6,0.026910486
f23cba44e3343d25a040bc9e063dbc67fc5045961411b0713829887987d426df,2025,7,0.02089517
f23cba44e3343d25a040bc9e063dbc67fc5045961411b0713829887987d426df,2025,8,0.022077976
f23cba44e3343d25a040bc9e063dbc67fc5045961411b0713829887987d426df,2025,9,0.023890968
f23cba44e3343d25a040bc9e063dbc67fc5045961411b0713829887987d426df,2025,10,0.04730086
f2518e0507bbbde6389b855b1fdfb9cf77ca6417e650340dd400f9c79748539b,2025,5,0.026803246
f2518e0507bbbde6389b855b1fdfb9cf77ca6417e650340dd400f9c79748539b,2025,6,0.0076674004
f2518e0507bbbde6389b855b1fdfb9cf77ca6417e650340dd400f9c79748539b,2025,7,0.0068818936
f2518e0507bbbde6389b855b1fdfb9cf77ca6417e650340dd400f9c79748539b,2025,8,0.007128463
f2518e0507bbbde6389b855b1fdfb9cf77ca6417e650340dd400f9c79748539b,2025,9,0.013679458
f2518e0507bbbde6389b855b1fdfb9cf77ca6417e650340dd400f9c79748539b,2025,10,0.05212302
f2a26575b704c72019f4145839f1ce39b9529b2ff5491ff2afee360a08ee815c,2025,5,0.010379195
f2a26575b704c72019f4145839f1ce39b9529b2ff5491ff2afee360a08ee815c,2025,6,0.0055493433
f2a26575b704c72019f4145839f1ce39b9529b2ff5491ff2afee360a08ee815c,2025,7,0.0045009092
f2a26575b704c72019f4145839f1ce39b9529b2ff5491ff2afee360a08ee815c,2025,8,0.0038951377
f2a26575b704c72019f4145839f1ce39b9529b2ff5491ff2afee360a08ee815c,2025,9,0.0042483383
f2a26575b704c72019f4145839f1ce39b9529b2ff5491ff2afee360a08ee815c,2025,10,0.02138274
f2fc3d92b4b032eb63ad18effa30f583ae6ba47e5c661ed96dd30c680a83bb93,2025,5,0.022468077
f2fc3d92b4b032eb63ad18effa30f583ae6ba47e5c661ed96dd30c680a83bb93,2025,6,0.008453104
f2fc3d92b4b032eb63ad18effa30f583ae6ba47e5c661ed96dd30c680a83bb93,2025,7,0.0072510038
f2fc3d92b4b032eb63ad18effa30f583ae6ba47e5c661ed96dd30c680a83bb93,2025,8,0.008579764
f2fc3d92b4b032eb63ad18effa30f583ae6ba47e5c661ed96dd30c680a83bb93,2025,9,0.012719339
f2fc3d92b4b032eb63ad18effa30f583ae6ba47e5c661ed96dd30c680a83bb93,2025,10,0.039197978
f33069d307c37f4ca46ce1be23d86bbe444b3b05ace0484eb7ab7b86684f188e,2025,5,0.014835612
f33069d307c37f4ca46ce1be23d86bbe444b3b05ace0484eb7ab7b86684f188e,2025,6,0.0068222927
f33069d307c37f4ca46ce1be23d86bbe444b3b05ace0484eb7ab7b86684f188e,2025,7,0.0090042
f33069d307c37f4ca46ce1be23d86bbe444b3b05ace0484eb7ab7b86684f188e,2025,8,0.011773862
f33069d307c37f4ca46ce1be23d86bbe444b3b05ace0484eb7ab7b86684f188e,2025,9,0.023371624
f33069d307c37f4ca46ce1be23d86bbe444b3b05ace0484eb7ab7b86684f188e,2025,10,0.028328247
f3968cb4a6817b89379517944e4947b9bc7f19410a019cd4f0eb12236c2de72c,2025,5,0.031013448
f3968cb4a6817b89379517944e4947b9bc7f19410a019cd4f0eb12236c2de72c,2025,6,0.013285949
f3968cb4a6817b89379517944e4947b9bc7f19410a019cd4f0eb12236c2de72c,2025,7,0.011756166
f3968cb4a6817b89379517944e4947b9bc7f19410a019cd4f0eb12236c2de72c,2025,8,0.012908408
f3968cb4a6817b89379517944e4947b9bc7f19410a019cd4f0eb12236c2de72c,2025,9,0.030485835
f3968cb4a6817b89379517944e4947b9bc7f19410a019cd4f0eb12236c2de72c,2025,10,0.076250374
f39df7ac9df378fff78b705b4f4055b34a1035726ce22ceb6ee3c85a98bd7d06,2025,5,0.023141492
f39df7ac9df378fff78b705b4f4055b34a1035726ce22ceb6ee3c85a98bd7d06,2025,6,0.004743041
f39df7ac9df378fff78b705b4f4055b34a1035726ce22ceb6ee3c85a98bd7d06,2025,7,0.0046591107
f39df7ac9df378fff78b705b4f4055b34a1035726ce22ceb6ee3c85a98bd7d06,2025,8,0.0045587746
f39df7ac9df378fff78b705b4f4055b34a1035726ce22ceb6ee3c85a98bd7d06,2025,9,0.012857171
f39df7ac9df378fff78b705b4f4055b34a1035726ce22ceb6ee3c85a98bd7d06,2025,10,0.05972101
f56d840a338b79cf5a16081fc0195ba77bf126f1871db4143033d7e8e6206c12,2025,5,0.10201141
f56d840a338b79cf5a16081fc0195ba77bf126f1871db4143033d7e8e6206c12,2025,6,0.016082235
f56d840a338b79cf5a16081fc0195ba77bf126f1871db4143033d7e8e6206c12,2025,7,0.01620812
f56d840a338b79cf5a16081fc0195ba77bf126f1871db4143033d7e8e6206c12,2025,8,0.016267916
f56d840a338b79cf5a16081fc0195ba77bf126f1871db4143033d7e8e6206c12,2025,9,0.019800996
f56d840a338b79cf5a16081fc0195ba77bf126f1871db4143033d7e8e6206c12,2025,10,0.14127778
f5cf627b3797690f652485fea5f176b71aeced0fd8b84da650e97f2ca6426a5c,2025,5,0.01783563
f5cf627b3797690f652485fea5f176b71aeced0fd8b84da650e97f2ca6426a5c,2025,6,0.009929664
f5cf627b3797690f652485fea5f176b71aeced0fd8b84da650e97f2ca6426a5c,2025,7,0.003249049
f5cf627b3797690f652485fea5f176b71aeced0fd8b84da650e97f2ca6426a5c,2025,8,0.0039622937
f5cf627b3797690f652485fea5f176b71aeced0fd8b84da650e97f2ca6426a5c,2025,9,0.016562006
f5cf627b3797690f652485fea5f176b71aeced0fd8b84da650e97f2ca6426a5c,2025,10,0.037789922
f604f6b00075b792e7f4772bb87d4bc45427bee86fb807328818f847b10def0d,2025,5,0.034002442
f604f6b00075b792e7f4772bb87d4bc45427bee86fb807328818f847b10def0d,2025,6,0.007055738
f604f6b00075b792e7f4772bb87d4bc45427bee86fb807328818f847b10def0d,2025,7,0.006305826
f604f6b00075b792e7f4772bb87d4bc45427bee86fb807328818f847b10def0d,2025,8,0.0075246277
f604f6b00075b792e7f4772bb87d4bc45427bee86fb807328818f847b10def0d,2025,9,0.021013038
f604f6b00075b792e7f4772bb87d4bc45427bee86fb807328818f847b10def0d,2025,10,0.06713902
f68067f98ab55685043aa57a4f7de9efceebcfc6d1121d99820678b0763339c5,2025,5,0.061003502
f68067f98ab55685043aa57a4f7de9efceebcfc6d1121d99820678b0763339c5,2025,6,0.015187751
f68067f98ab55685043aa57a4f7de9efceebcfc6d1121d99820678b0763339c5,2025,7,0.013890003
f68067f98ab55685043aa57a4f7de9efceebcfc6d1121d99820678b0763339c5,2025,8,0.01470072
f68067f98ab55685043aa57a4f7de9efceebcfc6d1121d99820678b0763339c5,2025,9,0.030421969
f68067f98ab55685043aa57a4f7de9efceebcfc6d1121d99820678b0763339c5,2025,10,0.12046008
f6a726a12662b848041c5209b34ee14f4cafd2dd14d77c976a3cc32bd2d6d983,2025,5,0.03908143
f6a726a12662b848041c5209b34ee14f4cafd2dd14d77c976a3cc32bd2d6d983,2025,6,0.014553339
f6a726a12662b848041c5209b34ee14f4cafd2dd14d77c976a3cc32bd2d6d983,2025,7,0.012303067
f6a726a12662b848041c5209b34ee14f4cafd2dd14d77c976a3cc32bd2d6d983,2025,8,0.013410176
f6a726a12662b848041c5209b34ee14f4cafd2dd14d77c976a3cc32bd2d6d983,2025,9,0.012356208
f6a726a12662b848041c5209b34ee14f4cafd2dd14d77c976a3cc32bd2d6d983,2025,10,0.069645874
f789a51cf28de82e2128d5bd935ccf22a04ae0316a1ca7492cbdd81907c70c1c,2025,5,0.01996862
f789a51cf28de82e2128d5bd935ccf22a04ae0316a1ca7492cbdd81907c70c1c,2025,6,0.0071013756
f789a51cf28de82e2128d5bd935ccf22a04ae0316a1ca7492cbdd81907c70c1c,2025,7,0.0061154743
f789a51cf28de82e2128d5bd935ccf22a04ae0316a1ca7492cbdd81907c70c1c,2025,8,0.0068556326
f789a51cf28de82e2128d5bd935ccf22a04ae0316a1ca7492cbdd81907c70c1c,2025,9,0.009154145
f789a51cf28de82e2128d5bd935ccf22a04ae0316a1ca7492cbdd81907c70c1c,2025,10,0.034235902
f80941732300ef76d680f7d02a47966a8e3ece5bb3c837609944cc240547ed05,2025,5,0.07006827
f80941732300ef76d680f7d02a47966a8e3ece5bb3c837609944cc240547ed05,2025,6,0.01304704
f80941732300ef76d680f7d02a47966a8e3ece5bb3c837609944cc240547ed05,2025,7,0.013198003
f80941732300ef76d680f7d02a47966a8e3ece5bb3c837609944cc240547ed05,2025,8,0.015059998
f80941732300ef76d680f7d02a47966a8e3ece5bb3c837609944cc240547ed05,2025,9,0.03427855
f80941732300ef76d680f7d02a47966a8e3ece5bb3c837609944cc240547ed05,2025,10,0.17209363
f8192b32a44d79619ba586e2a4e988563e2bef2d550ca9d7ba008eecf62e57c8,2025,5,0.032619752
f8192b32a44d79619ba586e2a4e988563e2bef2d550ca9d7ba008eecf62e57c8,2025,6,0.009976165
f8192b32a44d79619ba586e2a4e988563e2bef2d550ca9d7ba008eecf62e57c8,2025,7,0.009855033
f8192b32a44d79619ba586e2a4e988563e2bef2d550ca9d7ba008eecf62e57c8,2025,8,0.011243519
f8192b32a44d79619ba586e2a4e988563e2bef2d550ca9d7ba008eecf62e57c8,2025,9,0.018778495
f8192b32a44d79619ba586e2a4e988563e2bef2d550ca9d7ba008eecf62e57c8,2025,10,0.05784055
f8688ec2e8d888995c84a89a081c8942e741e0348d5ea2d7bbb9c0aee3fb715f,2025,5,0.0703568
f8688ec2e8d888995c84a89a081c8942e741e0348d5ea2d7bbb9c0aee3fb715f,2025,6,0.02520637
f8688ec2e8d888995c84a89a081c8942e741e0348d5ea2d7bbb9c0aee3fb715f,2025,7,0.022149384
f8688ec2e8d888995c84a89a081c8942e741e0348d5ea2d7bbb9c0aee3fb715f,2025,8,0.021165766
f8688ec2e8d888995c84a89a081c8942e741e0348d5ea2d7bbb9c0aee3fb715f,2025,9,0.043016307
f8688ec2e8d888995c84a89a081c8942e741e0348d5ea2d7bbb9c0aee3fb715f,2025,10,0.11869317
f950b5836c59dbf42931280439ff42893a3e187a12e7d49ffd37292c9bb7d496,2025,5,0.031155655
f950b5836c59dbf42931280439ff42893a3e187a12e7d49ffd37292c9bb7d496,2025,6,0.017426709
f950b5836c59dbf42931280439ff42893a3e187a12e7d49ffd37292c9bb7d496,2025,7,0.01666481
f950b5836c59dbf42931280439ff42893a3e187a12e7d49ffd37292c9bb7d496,2025,8,0.013675745
f950b5836c59dbf42931280439ff42893a3e187a12e7d49ffd37292c9bb7d496,2025,9,0.025216592
f950b5836c59dbf42931280439ff42893a3e187a12e7d49ffd37292c9bb7d496,2025,10,0.05579167
f97d1618b1b36051a92bffc425589855af0463af61bc5f7168b8a147f18c4dca,2025,5,0.053888984
f97d1618b1b36051a92bffc425589855af0463af61bc5f7168b8a147f18c4dca,2025,6,0.024000825
f97d1618b1b36051a92bffc425589855af0463af61bc5f7168b8a147f18c4dca,2025,7,0.033136126
f97d1618b1b36051a92bffc425589855af0463af61bc5f7168b8a147f18c4dca,2025,8,0.032347072
f97d1618b1b36051a92bffc425589855af0463af61bc5f7168b8a147f18c4dca,2025,9,0.042837664
f97d1618b1b36051a92bffc425589855af0463af61bc5f7168b8a147f18c4dca,2025,10,0.077820934
f99b61a31667174a9d7b6dbc01be6929d27a659c277c1ab22fe8b30606bb5a8d,2025,5,0.021045243
f99b61a31667174a9d7b6dbc01be6929d27a659c277c1ab22fe8b30606bb5a8d,2025,6,0.009656353
f99b61a31667174a9d7b6dbc01be6929d27a659c277c1ab22fe8b30606bb5a8d,2025,7,0.008526937
f99b61a31667174a9d7b6dbc01be6929d27a659c277c1ab22fe8b30606bb5a8d,2025,8,0.008448456
f99b61a31667174a9d7b6dbc01be6929d27a659c277c1ab22fe8b30606bb5a8d,2025,9,0.010810202
f99b61a31667174a9d7b6dbc01be6929d27a659c277c1ab22fe8b30606bb5a8d,2025,10,0.04508145
fb584dd7c99400152dfebd6c60fa883f2de3451168cd19b9d2d3a7f992a066bf,2025,5,0.024151236
fb584dd7c99400152dfebd6c60fa883f2de3451168cd19b9d2d3a7f992a066bf,2025,6,0.013348806
fb584dd7c99400152dfebd6c60fa883f2de3451168cd19b9d2d3a7f992a066bf,2025,7,0.012920614
fb584dd7c99400152dfebd6c60fa883f2de3451168cd19b9d2d3a7f992a066bf,2025,8,0.012331013
fb584dd7c99400152dfebd6c60fa883f2de3451168cd19b9d2d3a7f992a066bf,2025,9,0.019681778
fb584dd7c99400152dfebd6c60fa883f2de3451168cd19b9d2d3a7f992a066bf,2025,10,0.068116374
fba0f7b57aefffb146b7f66a98e39dcd76204553382d8a204e8ab418e357a484,2025,5,0.036057953
fba0f7b57aefffb146b7f66a98e39dcd76204553382d8a204e8ab418e357a484,2025,6,0.015763909
fba0f7b57aefffb146b7f66a98e39dcd76204553382d8a204e8ab418e357a484,2025,7,0.010746883
fba0f7b57aefffb146b7f66a98e39dcd76204553382d8a204e8ab418e357a484,2025,8,0.014215267
fba0f7b57aefffb146b7f66a98e39dcd76204553382d8a204e8ab418e357a484,2025,9,0.025816943
fba0f7b57aefffb146b7f66a98e39dcd76204553382d8a204e8ab418e357a484,2025,10,0.04884931
fbdf266dd372334fcd865972f980574608f7fc122ecf6ceda8331dbec250c537,2025,5,0.042343564
fbdf266dd372334fcd865972f980574608f7fc122ecf6ceda8331dbec250c537,2025,6,0.012910603
fbdf266dd372334fcd865972f980574608f7fc122ecf6ceda8331dbec250c537,2025,7,0.011166914
fbdf266dd372334fcd865972f980574608f7fc122ecf6ceda8331dbec250c537,2025,8,0.015735669
fbdf266dd372334fcd865972f980574608f7fc122ecf6ceda8331dbec250c537,2025,9,0.024458397
fbdf266dd372334fcd865972f980574608f7fc122ecf6ceda8331dbec250c537,2025,10,0.045118652
fc376d9b600a622120a38da673f71d121b850055851e26eb2b460450ed483720,2025,5,0.025172258
fc376d9b600a622120a38da673f71d121b850055851e26eb2b460450ed483720,2025,6,0.0029942852
fc376d9b600a622120a38da673f71d121b850055851e26eb2b460450ed483720,2025,7,5.6708886e-05
fc376d9b600a622120a38da673f71d121b850055851e26eb2b460450ed483720,2025,8,0.0012777607
fc376d9b600a622120a38da673f71d121b850055851e26eb2b460450ed483720,2025,9,0.011012693
fc376d9b600a622120a38da673f71d121b850055851e26eb2b460450ed483720,2025,10,0.03242741
fd2d77f969dd205ffe471e2349d3d2f54dc6e30a7d2ccd74a049a43ad656204c,2025,5,0.08788688
fd2d77f969dd205ffe471e2349d3d2f54dc6e30a7d2ccd74a049a43ad656204c,2025,6,0.038930688
fd2d77f969dd205ffe471e2349d3d2f54dc6e30a7d2ccd74a049a43ad656204c,2025,7,0.031350344
fd2d77f969dd205ffe471e2349d3d2f54dc6e30a7d2ccd74a049a43ad656204c,2025,8,0.026963644
fd2d77f969dd205ffe471e2349d3d2f54dc6e30a7d2ccd74a049a43ad656204c,2025,9,0.048020046
fd2d77f969dd205ffe471e2349d3d2f54dc6e30a7d2ccd74a049a43ad656204c,2025,10,0.12287746
fdd1157e24eae9617881107d653c75ee16234d3bb7d84f163b6da5338a8bd2c6,2025,5,0.048726156
fdd1157e24eae9617881107d653c75ee16234d3bb7d84f163b6da5338a8bd2c6,2025,6,0.008083059
fdd1157e24eae9617881107d653c75ee16234d3bb7d84f163b6da5338a8bd2c6,2025,7,0.0064663417
fdd1157e24eae9617881107d653c75ee16234d3bb7d84f163b6da5338a8bd2c6,2025,8,0.0073366016
fdd1157e24eae9617881107d653c75ee16234d3bb7d84f163b6da5338a8bd2c6,2025,9,0.008357276
fdd1157e24eae9617881107d653c75ee16234d3bb7d84f163b6da5338a8bd2c6,2025,10,0.056596998
ffd5e815486d2b094a0ff197111e96c998e11fda1626f71f176af4b1c3296d4e,2025,5,0.02043156
ffd5e815486d2b094a0ff197111e96c998e11fda1626f71f176af4b1c3296d4e,2025,6,0.012204573
ffd5e815486d2b094a0ff197111e96c998e11fda1626f71f176af4b1c3296d4e,2025,7,0.011406288
ffd5e815486d2b094a0ff197111e96c998e11fda1626f71f176af4b1c3296d4e,2025,8,0.012860611
ffd5e815486d2b094a0ff197111e96c998e11fda1626f71f176af4b1c3296d4e,2025,9,0.013478218
ffd5e815486d2b094a0ff197111e96c998e11fda1626f71f176af4b1c3296d4e,2025,10,0.04167693
