deviceId,year,month,prediction
000cc3cb7f030c3d0c481bd0e7cf42ee283012c3cb5bfc93ae46eecc5798f0fe,2025,5,0.06307817
000cc3cb7f030c3d0c481bd0e7cf42ee283012c3cb5bfc93ae46eecc5798f0fe,2025,6,0.011381374
000cc3cb7f030c3d0c481bd0e7cf42ee283012c3cb5bfc93ae46eecc5798f0fe,2025,7,0.007868629
000cc3cb7f030c3d0c481bd0e7cf42ee283012c3cb5bfc93ae46eecc5798f0fe,2025,8,0.011437449
000cc3cb7f030c3d0c481bd0e7cf42ee283012c3cb5bfc93ae46eecc5798f0fe,2025,9,0.041077577
000cc3cb7f030c3d0c481bd0e7cf42ee283012c3cb5bfc93ae46eecc5798f0fe,2025,10,0.12044444
005767201ec5d7c3336b3b4d1ffa8a72e7ca1ecdaac30fe5a99d7a76b53f9fc9,2025,5,0.04571181
005767201ec5d7c3336b3b4d1ffa8a72e7ca1ecdaac30fe5a99d7a76b53f9fc9,2025,6,0.016214179
005767201ec5d7c3336b3b4d1ffa8a72e7ca1ecdaac30fe5a99d7a76b53f9fc9,2025,7,0.01583335
005767201ec5d7c3336b3b4d1ffa8a72e7ca1ecdaac30fe5a99d7a76b53f9fc9,2025,8,0.017664298
005767201ec5d7c3336b3b4d1ffa8a72e7ca1ecdaac30fe5a99d7a76b53f9fc9,2025,9,0.029537104
005767201ec5d7c3336b3b4d1ffa8a72e7ca1ecdaac30fe5a99d7a76b53f9fc9,2025,10,0.088822804
01668c64ccc16c506a7c1a5c032e2eb5e2de48ecb284f2e1f6ac48b9de8ad5dd,2025,5,0.027266953
01668c64ccc16c506a7c1a5c032e2eb5e2de48ecb284f2e1f6ac48b9de8ad5dd,2025,6,0.015590661
01668c64ccc16c506a7c1a5c032e2eb5e2de48ecb284f2e1f6ac48b9de8ad5dd,2025,7,0.01351384
01668c64ccc16c506a7c1a5c032e2eb5e2de48ecb284f2e1f6ac48b9de8ad5dd,2025,8,0.013879653
01668c64ccc16c506a7c1a5c032e2eb5e2de48ecb284f2e1f6ac48b9de8ad5dd,2025,9,0.01883141
01668c64ccc16c506a7c1a5c032e2eb5e2de48ecb284f2e1f6ac48b9de8ad5dd,2025,10,0.05097659
01bf745bf2df0312bd5ff2234c0e9dedc39ad0bac9bcfcc89f1f92902934f571,2025,5,0.044262525
01bf745bf2df0312bd5ff2234c0e9dedc39ad0bac9bcfcc89f1f92902934f571,2025,6,0.017369304
01bf745bf2df0312bd5ff2234c0e9dedc39ad0bac9bcfcc89f1f92902934f571,2025,7,0.013263592
01bf745bf2df0312bd5ff2234c0e9dedc39ad0bac9bcfcc89f1f92902934f571,2025,8,0.015665056
01bf745bf2df0312bd5ff2234c0e9dedc39ad0bac9bcfcc89f1f92902934f571,2025,9,0.023642756
01bf745bf2df0312bd5ff2234c0e9dedc39ad0bac9bcfcc89f1f92902934f571,2025,10,0.06745037
02e4ad5d8d0016d35a003ea6df7e10fe27093aba81c64a4ac50c762a15bb1449,2025,5,0.022096435
02e4ad5d8d0016d35a003ea6df7e10fe27093aba81c64a4ac50c762a15bb1449,2025,6,0.010991449
02e4ad5d8d0016d35a003ea6df7e10fe27093aba81c64a4ac50c762a15bb1449,2025,7,0.011408576
02e4ad5d8d0016d35a003ea6df7e10fe27093aba81c64a4ac50c762a15bb1449,2025,8,0.0074015674
02e4ad5d8d0016d35a003ea6df7e10fe27093aba81c64a4ac50c762a15bb1449,2025,9,0.009115298
02e4ad5d8d0016d35a003ea6df7e10fe27093aba81c64a4ac50c762a15bb1449,2025,10,0.060421318
038e22575abaab48161b77e91fc9f635bceb292bfa3e43ecf1eeabce9e48c7d7,2025,5,0.056627482
038e22575abaab48161b77e91fc9f635bceb292bfa3e43ecf1eeabce9e48c7d7,2025,6,0.014374273
038e22575abaab48161b77e91fc9f635bceb292bfa3e43ecf1eeabce9e48c7d7,2025,7,0.012922835
038e22575abaab48161b77e91fc9f635bceb292bfa3e43ecf1eeabce9e48c7d7,2025,8,0.013293934
038e22575abaab48161b77e91fc9f635bceb292bfa3e43ecf1eeabce9e48c7d7,2025,9,0.024904782
038e22575abaab48161b77e91fc9f635bceb292bfa3e43ecf1eeabce9e48c7d7,2025,10,0.08758054
04709b6cb733ccadc6db546d80a63ba064e13f0817781bad0d37c59d83cae480,2025,5,0.08408789
04709b6cb733ccadc6db546d80a63ba064e13f0817781bad0d37c59d83cae480,2025,6,0.036418602
04709b6cb733ccadc6db546d80a63ba064e13f0817781bad0d37c59d83cae480,2025,7,0.03399699
04709b6cb733ccadc6db546d80a63ba064e13f0817781bad0d37c59d83cae480,2025,8,0.033437982
04709b6cb733ccadc6db546d80a63ba064e13f0817781bad0d37c59d83cae480,2025,9,0.067430176
04709b6cb733ccadc6db546d80a63ba064e13f0817781bad0d37c59d83cae480,2025,10,0.26754713
0598231b0a5f5adf5f851bd2b77bc6203802dc009e1dff416fa3fe0001112f92,2025,5,0.017066287
0598231b0a5f5adf5f851bd2b77bc6203802dc009e1dff416fa3fe0001112f92,2025,6,0.014262794
0598231b0a5f5adf5f851bd2b77bc6203802dc009e1dff416fa3fe0001112f92,2025,7,0.013139976
0598231b0a5f5adf5f851bd2b77bc6203802dc009e1dff416fa3fe0001112f92,2025,8,0.013389641
0598231b0a5f5adf5f851bd2b77bc6203802dc009e1dff416fa3fe0001112f92,2025,9,0.0145595325
0598231b0a5f5adf5f851bd2b77bc6203802dc009e1dff416fa3fe0001112f92,2025,10,0.017887246
05defed45c441db90efd2f2b6236c6aefed530c01edd985f1974de7d9cb7c9cb,2025,5,0.042983975
05defed45c441db90efd2f2b6236c6aefed530c01edd985f1974de7d9cb7c9cb,2025,6,0.010308388
05defed45c441db90efd2f2b6236c6aefed530c01edd985f1974de7d9cb7c9cb,2025,7,0.006989619
05defed45c441db90efd2f2b6236c6aefed530c01edd985f1974de7d9cb7c9cb,2025,8,0.0060327686
05defed45c441db90efd2f2b6236c6aefed530c01edd985f1974de7d9cb7c9cb,2025,9,0.013624404
05defed45c441db90efd2f2b6236c6aefed530c01edd985f1974de7d9cb7c9cb,2025,10,0.0646868
06b3fada57ea8ba46e0df50a4f9fddbd6d08ae17b9f833d0cdb7b6ecf625a3b7,2025,5,0.067638405
06b3fada57ea8ba46e0df50a4f9fddbd6d08ae17b9f833d0cdb7b6ecf625a3b7,2025,6,0.01123347
06b3fada57ea8ba46e0df50a4f9fddbd6d08ae17b9f833d0cdb7b6ecf625a3b7,2025,7,0.010911886
06b3fada57ea8ba46e0df50a4f9fddbd6d08ae17b9f833d0cdb7b6ecf625a3b7,2025,8,0.010217111
06b3fada57ea8ba46e0df50a4f9fddbd6d08ae17b9f833d0cdb7b6ecf625a3b7,2025,9,0.029917657
06b3fada57ea8ba46e0df50a4f9fddbd6d08ae17b9f833d0cdb7b6ecf625a3b7,2025,10,0.08761258
06faeae7b722179f1063a5fb71c13525c119948b4fd00dc85cd3bd3cdf63c3c6,2025,5,0.02948533
06faeae7b722179f1063a5fb71c13525c119948b4fd00dc85cd3bd3cdf63c3c6,2025,6,0.010928907
06faeae7b722179f1063a5fb71c13525c119948b4fd00dc85cd3bd3cdf63c3c6,2025,7,0.01944884
06faeae7b722179f1063a5fb71c13525c119948b4fd00dc85cd3bd3cdf63c3c6,2025,8,0.0161442
06faeae7b722179f1063a5fb71c13525c119948b4fd00dc85cd3bd3cdf63c3c6,2025,9,0.036457792
06faeae7b722179f1063a5fb71c13525c119948b4fd00dc85cd3bd3cdf63c3c6,2025,10,0.0629972
072315fe40a4b83ac5693af583ec4735f2f192a7ec5addcf647b133a34b83e8c,2025,5,0.017474545
072315fe40a4b83ac5693af583ec4735f2f192a7ec5addcf647b133a34b83e8c,2025,6,0.005862405
072315fe40a4b83ac5693af583ec4735f2f192a7ec5addcf647b133a34b83e8c,2025,7,0.0058556455
072315fe40a4b83ac5693af583ec4735f2f192a7ec5addcf647b133a34b83e8c,2025,8,0.006437467
072315fe40a4b83ac5693af583ec4735f2f192a7ec5addcf647b133a34b83e8c,2025,9,0.0077680997
072315fe40a4b83ac5693af583ec4735f2f192a7ec5addcf647b133a34b83e8c,2025,10,0.02320368
0763fb405523c26bb33f06a9ba5c1439f8029bee0c81135f362c8e0371e037e7,2025,5,0.051232267
0763fb405523c26bb33f06a9ba5c1439f8029bee0c81135f362c8e0371e037e7,2025,6,0.02808421
0763fb405523c26bb33f06a9ba5c1439f8029bee0c81135f362c8e0371e037e7,2025,7,0.031010626
0763fb405523c26bb33f06a9ba5c1439f8029bee0c81135f362c8e0371e037e7,2025,8,0.023283057
0763fb405523c26bb33f06a9ba5c1439f8029bee0c81135f362c8e0371e037e7,2025,9,0.03744439
0763fb405523c26bb33f06a9ba5c1439f8029bee0c81135f362c8e0371e037e7,2025,10,0.08315886
07d16d2a3bc4b13439e957b3c44755149177e159aabcc524eec112f7d7ab57cc,2025,5,0.0254199
07d16d2a3bc4b13439e957b3c44755149177e159aabcc524eec112f7d7ab57cc,2025,6,0.010035809
07d16d2a3bc4b13439e957b3c44755149177e159aabcc524eec112f7d7ab57cc,2025,7,0.007726798
07d16d2a3bc4b13439e957b3c44755149177e159aabcc524eec112f7d7ab57cc,2025,8,0.0073812674
07d16d2a3bc4b13439e957b3c44755149177e159aabcc524eec112f7d7ab57cc,2025,9,0.011598238
07d16d2a3bc4b13439e957b3c44755149177e159aabcc524eec112f7d7ab57cc,2025,10,0.03672575
07f52c577626daee77665500a709f6cac0dfcd6ad395a9081670d281d00b5e9d,2025,5,0.09727227
07f52c577626daee77665500a709f6cac0dfcd6ad395a9081670d281d00b5e9d,2025,6,0.029093148
07f52c577626daee77665500a709f6cac0dfcd6ad395a9081670d281d00b5e9d,2025,7,0.029370418
07f52c577626daee77665500a709f6cac0dfcd6ad395a9081670d281d00b5e9d,2025,8,0.029076846
07f52c577626daee77665500a709f6cac0dfcd6ad395a9081670d281d00b5e9d,2025,9,0.050828427
07f52c577626daee77665500a709f6cac0dfcd6ad395a9081670d281d00b5e9d,2025,10,0.22062477
0885a9a12cc676f39135d3d8ca80b2ddfbc6b662d6ae44f16bebd0a7b90a087c,2025,5,0.05566051
0885a9a12cc676f39135d3d8ca80b2ddfbc6b662d6ae44f16bebd0a7b90a087c,2025,6,0.009499943
0885a9a12cc676f39135d3d8ca80b2ddfbc6b662d6ae44f16bebd0a7b90a087c,2025,7,0.007944217
0885a9a12cc676f39135d3d8ca80b2ddfbc6b662d6ae44f16bebd0a7b90a087c,2025,8,0.009024583
0885a9a12cc676f39135d3d8ca80b2ddfbc6b662d6ae44f16bebd0a7b90a087c,2025,9,0.006740932
0885a9a12cc676f39135d3d8ca80b2ddfbc6b662d6ae44f16bebd0a7b90a087c,2025,10,0.110006966
098344689a0dc9c51d460f142c9e480746dedd3806ca874fae480d27064050d6,2025,5,0.13960199
098344689a0dc9c51d460f142c9e480746dedd3806ca874fae480d27064050d6,2025,6,0.088505894
098344689a0dc9c51d460f142c9e480746dedd3806ca874fae480d27064050d6,2025,7,0.06994077
098344689a0dc9c51d460f142c9e480746dedd3806ca874fae480d27064050d6,2025,8,0.06992347
098344689a0dc9c51d460f142c9e480746dedd3806ca874fae480d27064050d6,2025,9,0.085465536
098344689a0dc9c51d460f142c9e480746dedd3806ca874fae480d27064050d6,2025,10,0.2485091
0a945614f4eeacaca5e3c3a00eefabf932024f140b60b17f2c06e35a34a51130,2025,5,0.03431088
0a945614f4eeacaca5e3c3a00eefabf932024f140b60b17f2c06e35a34a51130,2025,6,0.011286792
0a945614f4eeacaca5e3c3a00eefabf932024f140b60b17f2c06e35a34a51130,2025,7,0.009716565
0a945614f4eeacaca5e3c3a00eefabf932024f140b60b17f2c06e35a34a51130,2025,8,0.011467875
0a945614f4eeacaca5e3c3a00eefabf932024f140b60b17f2c06e35a34a51130,2025,9,0.021637814
0a945614f4eeacaca5e3c3a00eefabf932024f140b60b17f2c06e35a34a51130,2025,10,0.07336927
0aabc0b2d6128734daa5f06e17aa787b13e484c10d613dd8501cc30b5c34903c,2025,5,0.03470396
0aabc0b2d6128734daa5f06e17aa787b13e484c10d613dd8501cc30b5c34903c,2025,6,0.0119831525
0aabc0b2d6128734daa5f06e17aa787b13e484c10d613dd8501cc30b5c34903c,2025,7,0.0102304015
0aabc0b2d6128734daa5f06e17aa787b13e484c10d613dd8501cc30b5c34903c,2025,8,0.010649184
0aabc0b2d6128734daa5f06e17aa787b13e484c10d613dd8501cc30b5c34903c,2025,9,0.015549479
0aabc0b2d6128734daa5f06e17aa787b13e484c10d613dd8501cc30b5c34903c,2025,10,0.043953285
0ada54a258cb3354d54252c76b14a6eaa7f7f76b4edd720d017e45c143f41dcf,2025,5,0.047190927
0ada54a258cb3354d54252c76b14a6eaa7f7f76b4edd720d017e45c143f41dcf,2025,6,0.015970016
0ada54a258cb3354d54252c76b14a6eaa7f7f76b4edd720d017e45c143f41dcf,2025,7,0.014280415
0ada54a258cb3354d54252c76b14a6eaa7f7f76b4edd720d017e45c143f41dcf,2025,8,0.015111142
0ada54a258cb3354d54252c76b14a6eaa7f7f76b4edd720d017e45c143f41dcf,2025,9,0.023887802
0ada54a258cb3354d54252c76b14a6eaa7f7f76b4edd720d017e45c143f41dcf,2025,10,0.092820086
0c15b2a8d63edb726b95e6fe2121e7ceddb327ed41dd72a7d1460d3b7c31ba8c,2025,5,0.064191744
0c15b2a8d63edb726b95e6fe2121e7ceddb327ed41dd72a7d1460d3b7c31ba8c,2025,6,0.014383253
0c15b2a8d63edb726b95e6fe2121e7ceddb327ed41dd72a7d1460d3b7c31ba8c,2025,7,0.011452519
0c15b2a8d63edb726b95e6fe2121e7ceddb327ed41dd72a7d1460d3b7c31ba8c,2025,8,0.016284412
0c15b2a8d63edb726b95e6fe2121e7ceddb327ed41dd72a7d1460d3b7c31ba8c,2025,9,0.038778618
0c15b2a8d63edb726b95e6fe2121e7ceddb327ed41dd72a7d1460d3b7c31ba8c,2025,10,0.13096778
0c27d0c347716bded0cb740f3598bb2665317046bb3fe08106f36273f00e091b,2025,5,0.016740091
0c27d0c347716bded0cb740f3598bb2665317046bb3fe08106f36273f00e091b,2025,6,0.0074263266
0c27d0c347716bded0cb740f3598bb2665317046bb3fe08106f36273f00e091b,2025,7,0.005357666
0c27d0c347716bded0cb740f3598bb2665317046bb3fe08106f36273f00e091b,2025,8,0.006763512
0c27d0c347716bded0cb740f3598bb2665317046bb3fe08106f36273f00e091b,2025,9,0.012158252
0c27d0c347716bded0cb740f3598bb2665317046bb3fe08106f36273f00e091b,2025,10,0.063370265
0c5b3a6a5f2eeb053d37ea02b1ac102e4d910a2e0278db7b0d191e86b4075c31,2025,5,0.0056967842
0c5b3a6a5f2eeb053d37ea02b1ac102e4d910a2e0278db7b0d191e86b4075c31,2025,6,0.0032349376
0c5b3a6a5f2eeb053d37ea02b1ac102e4d910a2e0278db7b0d191e86b4075c31,2025,7,0.0022636815
0c5b3a6a5f2eeb053d37ea02b1ac102e4d910a2e0278db7b0d191e86b4075c31,2025,8,0.0034738595
0c5b3a6a5f2eeb053d37ea02b1ac102e4d910a2e0278db7b0d191e86b4075c31,2025,9,0.012305769
0c5b3a6a5f2eeb053d37ea02b1ac102e4d910a2e0278db7b0d191e86b4075c31,2025,10,0.06491056
0c9170249a105041d8796f0755653d5bc78f98e10a27fe4e89078aa04dbdacf2,2025,5,0.024592862
0c9170249a105041d8796f0755653d5bc78f98e10a27fe4e89078aa04dbdacf2,2025,6,0.023983767
0c9170249a105041d8796f0755653d5bc78f98e10a27fe4e89078aa04dbdacf2,2025,7,0.02192247
0c9170249a105041d8796f0755653d5bc78f98e10a27fe4e89078aa04dbdacf2,2025,8,0.028429065
0c9170249a105041d8796f0755653d5bc78f98e10a27fe4e89078aa04dbdacf2,2025,9,0.030888204
0c9170249a105041d8796f0755653d5bc78f98e10a27fe4e89078aa04dbdacf2,2025,10,0.03891386
0ce1c71b58b94d46cb4a93a10a11107d5a9a0bd2ca42e2868c70b7c37562429a,2025,5,0.030338561
0ce1c71b58b94d46cb4a93a10a11107d5a9a0bd2ca42e2868c70b7c37562429a,2025,6,0.019122327
0ce1c71b58b94d46cb4a93a10a11107d5a9a0bd2ca42e2868c70b7c37562429a,2025,7,0.017553333
0ce1c71b58b94d46cb4a93a10a11107d5a9a0bd2ca42e2868c70b7c37562429a,2025,8,0.016263556
0ce1c71b58b94d46cb4a93a10a11107d5a9a0bd2ca42e2868c70b7c37562429a,2025,9,0.017292753
0ce1c71b58b94d46cb4a93a10a11107d5a9a0bd2ca42e2868c70b7c37562429a,2025,10,0.061254192
0d2b3ada515d6f4d5d38a4bf607d2ea79b075d95203d90b99950570831757560,2025,5,0.034346256
0d2b3ada515d6f4d5d38a4bf607d2ea79b075d95203d90b99950570831757560,2025,6,0.010589886
0d2b3ada515d6f4d5d38a4bf607d2ea79b075d95203d90b99950570831757560,2025,7,0.0067438916
0d2b3ada515d6f4d5d38a4bf607d2ea79b075d95203d90b99950570831757560,2025,8,0.0074718506
0d2b3ada515d6f4d5d38a4bf607d2ea79b075d95203d90b99950570831757560,2025,9,0.013933076
0d2b3ada515d6f4d5d38a4bf607d2ea79b075d95203d90b99950570831757560,2025,10,0.056147292
0dda423dd55c0ff884f41d386d60ee9bfe029feb02d436ee3e7edcac759227b7,2025,5,0.19781601
0dda423dd55c0ff884f41d386d60ee9bfe029feb02d436ee3e7edcac759227b7,2025,6,0.03454005
0dda423dd55c0ff884f41d386d60ee9bfe029feb02d436ee3e7edcac759227b7,2025,7,0.032287434
0dda423dd55c0ff884f41d386d60ee9bfe029feb02d436ee3e7edcac759227b7,2025,8,0.034360558
0dda423dd55c0ff884f41d386d60ee9bfe029feb02d436ee3e7edcac759227b7,2025,9,0.085574746
0dda423dd55c0ff884f41d386d60ee9bfe029feb02d436ee3e7edcac759227b7,2025,10,0.30175832
0e3f26c7c5c051b0cd5ea8db0916d24b69415ec5a657bed6e1d1c1725e8777cc,2025,5,0.04776516
0e3f26c7c5c051b0cd5ea8db0916d24b69415ec5a657bed6e1d1c1725e8777cc,2025,6,0.019265197
0e3f26c7c5c051b0cd5ea8db0916d24b69415ec5a657bed6e1d1c1725e8777cc,2025,7,0.009581596
0e3f26c7c5c051b0cd5ea8db0916d24b69415ec5a657bed6e1d1c1725e8777cc,2025,8,0.016426673
0e3f26c7c5c051b0cd5ea8db0916d24b69415ec5a657bed6e1d1c1725e8777cc,2025,9,0.0073987287
0e3f26c7c5c051b0cd5ea8db0916d24b69415ec5a657bed6e1d1c1725e8777cc,2025,10,0.06733696
0e7218204aef3c93ecd8269d5227e54fb7b1ccc42943ace5df76a427a1fbe4fe,2025,5,0.0023410122
0e7218204aef3c93ecd8269d5227e54fb7b1ccc42943ace5df76a427a1fbe4fe,2025,6,0.0030615698
0e7218204aef3c93ecd8269d5227e54fb7b1ccc42943ace5df76a427a1fbe4fe,2025,7,9.094017e-10
0e7218204aef3c93ecd8269d5227e54fb7b1ccc42943ace5df76a427a1fbe4fe,2025,8,6.9454564e-10
0e7218204aef3c93ecd8269d5227e54fb7b1ccc42943ace5df76a427a1fbe4fe,2025,9,2.505295e-06
0e7218204aef3c93ecd8269d5227e54fb7b1ccc42943ace5df76a427a1fbe4fe,2025,10,0.015102951
0e9cfa33f51cd2c8be835ead10d8e8b74267672d9c134c86e154c470f2851611,2025,5,0.049314395
0e9cfa33f51cd2c8be835ead10d8e8b74267672d9c134c86e154c470f2851611,2025,6,0.009828441
0e9cfa33f51cd2c8be835ead10d8e8b74267672d9c134c86e154c470f2851611,2025,7,0.007613617
0e9cfa33f51cd2c8be835ead10d8e8b74267672d9c134c86e154c470f2851611,2025,8,0.0156060355
0e9cfa33f51cd2c8be835ead10d8e8b74267672d9c134c86e154c470f2851611,2025,9,0.032608368
0e9cfa33f51cd2c8be835ead10d8e8b74267672d9c134c86e154c470f2851611,2025,10,0.09161171
0f4e07f004cb53e0a09f97bdb3505f87ce01bddca9f9725d62bac30f8fc51095,2025,5,0.0661512
0f4e07f004cb53e0a09f97bdb3505f87ce01bddca9f9725d62bac30f8fc51095,2025,6,0.019788442
0f4e07f004cb53e0a09f97bdb3505f87ce01bddca9f9725d62bac30f8fc51095,2025,7,0.015692726
0f4e07f004cb53e0a09f97bdb3505f87ce01bddca9f9725d62bac30f8fc51095,2025,8,0.021582227
0f4e07f004cb53e0a09f97bdb3505f87ce01bddca9f9725d62bac30f8fc51095,2025,9,0.035098154
0f4e07f004cb53e0a09f97bdb3505f87ce01bddca9f9725d62bac30f8fc51095,2025,10,0.1298113
0f642d3ef94b53e0da9c8f88594173e327c47711b04a903124575e0393f569c1,2025,5,0.05747874
0f642d3ef94b53e0da9c8f88594173e327c47711b04a903124575e0393f569c1,2025,6,0.017675722
0f642d3ef94b53e0da9c8f88594173e327c47711b04a903124575e0393f569c1,2025,7,0.013817973
0f642d3ef94b53e0da9c8f88594173e327c47711b04a903124575e0393f569c1,2025,8,0.020198487
0f642d3ef94b53e0da9c8f88594173e327c47711b04a903124575e0393f569c1,2025,9,0.035970666
0f642d3ef94b53e0da9c8f88594173e327c47711b04a903124575e0393f569c1,2025,10,0.10243673
102b41529d89930b1efdc352095d7b0f50464a197c250dc667d3ae631ffee802,2025,5,0.019102108
102b41529d89930b1efdc352095d7b0f50464a197c250dc667d3ae631ffee802,2025,6,0.011741218
102b41529d89930b1efdc352095d7b0f50464a197c250dc667d3ae631ffee802,2025,7,0.009729937
102b41529d89930b1efdc352095d7b0f50464a197c250dc667d3ae631ffee802,2025,8,0.0106587075
102b41529d89930b1efdc352095d7b0f50464a197c250dc667d3ae631ffee802,2025,9,0.012901132
102b41529d89930b1efdc352095d7b0f50464a197c250dc667d3ae631ffee802,2025,10,0.023095235
103c88a3e1be420059e43bd34da4fb30890b796a0de2e7d06916da035a6bd335,2025,5,0.089581564
103c88a3e1be420059e43bd34da4fb30890b796a0de2e7d06916da035a6bd335,2025,6,0.032059718
103c88a3e1be420059e43bd34da4fb30890b796a0de2e7d06916da035a6bd335,2025,7,0.035313625
103c88a3e1be420059e43bd34da4fb30890b796a0de2e7d06916da035a6bd335,2025,8,0.036279555
103c88a3e1be420059e43bd34da4fb30890b796a0de2e7d06916da035a6bd335,2025,9,0.07174987
103c88a3e1be420059e43bd34da4fb30890b796a0de2e7d06916da035a6bd335,2025,10,0.11099219
10482655ebdcde8848ee29b151f6c17ea3ff7711da7b5c9ee51e44e84b27fd5f,2025,5,0.020757463
10482655ebdcde8848ee29b151f6c17ea3ff7711da7b5c9ee51e44e84b27fd5f,2025,6,0.0039602495
10482655ebdcde8848ee29b151f6c17ea3ff7711da7b5c9ee51e44e84b27fd5f,2025,7,0.006265975
10482655ebdcde8848ee29b151f6c17ea3ff7711da7b5c9ee51e44e84b27fd5f,2025,8,0.0068973266
10482655ebdcde8848ee29b151f6c17ea3ff7711da7b5c9ee51e44e84b27fd5f,2025,9,0.013624759
10482655ebdcde8848ee29b151f6c17ea3ff7711da7b5c9ee51e44e84b27fd5f,2025,10,0.058891263
11f6fbc0b2f72ccd7f371629d1b9f78f1d10f2ab5cdb1980d6cd3ec38124de8b,2025,5,0.06882356
11f6fbc0b2f72ccd7f371629d1b9f78f1d10f2ab5cdb1980d6cd3ec38124de8b,2025,6,0.026561892
11f6fbc0b2f72ccd7f371629d1b9f78f1d10f2ab5cdb1980d6cd3ec38124de8b,2025,7,0.016533539
11f6fbc0b2f72ccd7f371629d1b9f78f1d10f2ab5cdb1980d6cd3ec38124de8b,2025,8,0.021725005
11f6fbc0b2f72ccd7f371629d1b9f78f1d10f2ab5cdb1980d6cd3ec38124de8b,2025,9,0.037782513
11f6fbc0b2f72ccd7f371629d1b9f78f1d10f2ab5cdb1980d6cd3ec38124de8b,2025,10,0.10477587
12018d8a1808381c6d1c08b5c853ceb374260c9ca6ccfb4e586c5bf9d57170d7,2025,5,0.046041884
12018d8a1808381c6d1c08b5c853ceb374260c9ca6ccfb4e586c5bf9d57170d7,2025,6,0.0146220615
12018d8a1808381c6d1c08b5c853ceb374260c9ca6ccfb4e586c5bf9d57170d7,2025,7,0.0056482605
12018d8a1808381c6d1c08b5c853ceb374260c9ca6ccfb4e586c5bf9d57170d7,2025,8,0.010226885
12018d8a1808381c6d1c08b5c853ceb374260c9ca6ccfb4e586c5bf9d57170d7,2025,9,0.022049837
12018d8a1808381c6d1c08b5c853ceb374260c9ca6ccfb4e586c5bf9d57170d7,2025,10,0.063312985
12e748d3536a3e4284a85495f16006975eac0d02fc78c8b9c0ffd3795d48d62e,2025,5,0.09813566
12e748d3536a3e4284a85495f16006975eac0d02fc78c8b9c0ffd3795d48d62e,2025,6,0.08862127
12e748d3536a3e4284a85495f16006975eac0d02fc78c8b9c0ffd3795d48d62e,2025,7,0.084667645
12e748d3536a3e4284a85495f16006975eac0d02fc78c8b9c0ffd3795d48d62e,2025,8,0.09036683
12e748d3536a3e4284a85495f16006975eac0d02fc78c8b9c0ffd3795d48d62e,2025,9,0.10091858
12e748d3536a3e4284a85495f16006975eac0d02fc78c8b9c0ffd3795d48d62e,2025,10,0.29432976
133442486089c95a545fe095fbfbebd659f1d4882e90f3b4281a32acb4313502,2025,5,0.051579572
133442486089c95a545fe095fbfbebd659f1d4882e90f3b4281a32acb4313502,2025,6,0.025109928
133442486089c95a545fe095fbfbebd659f1d4882e90f3b4281a32acb4313502,2025,7,0.022550264
133442486089c95a545fe095fbfbebd659f1d4882e90f3b4281a32acb4313502,2025,8,0.026623216
133442486089c95a545fe095fbfbebd659f1d4882e90f3b4281a32acb4313502,2025,9,0.030662052
133442486089c95a545fe095fbfbebd659f1d4882e90f3b4281a32acb4313502,2025,10,0.07620079
13c2e18398ed70f1f04a3d54ef251093784211619d8f56d4aeeafa428c8c6c37,2025,5,0.025581388
13c2e18398ed70f1f04a3d54ef251093784211619d8f56d4aeeafa428c8c6c37,2025,6,0.007571366
13c2e18398ed70f1f04a3d54ef251093784211619d8f56d4aeeafa428c8c6c37,2025,7,0.007767653
13c2e18398ed70f1f04a3d54ef251093784211619d8f56d4aeeafa428c8c6c37,2025,8,0.010713256
13c2e18398ed70f1f04a3d54ef251093784211619d8f56d4aeeafa428c8c6c37,2025,9,0.011755821
13c2e18398ed70f1f04a3d54ef251093784211619d8f56d4aeeafa428c8c6c37,2025,10,0.045029372
14576f8f6451a81dadf5ebd03fd76cefc3622757cc32310d5775812d5eb2bfea,2025,5,0.059094604
14576f8f6451a81dadf5ebd03fd76cefc3622757cc32310d5775812d5eb2bfea,2025,6,0.017713457
14576f8f6451a81dadf5ebd03fd76cefc3622757cc32310d5775812d5eb2bfea,2025,7,0.009093789
14576f8f6451a81dadf5ebd03fd76cefc3622757cc32310d5775812d5eb2bfea,2025,8,0.020592418
14bc5f67e6438932bf6acd89f0531529eb9a1f9aa090048175762f25128af963,2025,5,0.032122284
14bc5f67e6438932bf6acd89f0531529eb9a1f9aa090048175762f25128af963,2025,6,0.0046371953
14bc5f67e6438932bf6acd89f0531529eb9a1f9aa090048175762f25128af963,2025,7,0.004876414
14bc5f67e6438932bf6acd89f0531529eb9a1f9aa090048175762f25128af963,2025,8,0.0050164023
14bc5f67e6438932bf6acd89f0531529eb9a1f9aa090048175762f25128af963,2025,9,0.0117616085
14bc5f67e6438932bf6acd89f0531529eb9a1f9aa090048175762f25128af963,2025,10,0.06552445
1567d24062afaa9c12e8a33780baf3506210c4632eff2f34afe645b50f41cd8f,2025,5,0.02174614
1567d24062afaa9c12e8a33780baf3506210c4632eff2f34afe645b50f41cd8f,2025,6,0.016755255
1567d24062afaa9c12e8a33780baf3506210c4632eff2f34afe645b50f41cd8f,2025,7,0.015034991
1567d24062afaa9c12e8a33780baf3506210c4632eff2f34afe645b50f41cd8f,2025,8,0.013899186
1567d24062afaa9c12e8a33780baf3506210c4632eff2f34afe645b50f41cd8f,2025,9,0.017031368
1567d24062afaa9c12e8a33780baf3506210c4632eff2f34afe645b50f41cd8f,2025,10,0.044389665
15f8cea0f8f5a0000591564658ef762d6b623105d0b716d8fac3a1ada679fc0d,2025,5,0.04530948
15f8cea0f8f5a0000591564658ef762d6b623105d0b716d8fac3a1ada679fc0d,2025,6,0.03566225
15f8cea0f8f5a0000591564658ef762d6b623105d0b716d8fac3a1ada679fc0d,2025,7,0.032610748
15f8cea0f8f5a0000591564658ef762d6b623105d0b716d8fac3a1ada679fc0d,2025,8,0.028987525
15f8cea0f8f5a0000591564658ef762d6b623105d0b716d8fac3a1ada679fc0d,2025,9,0.03444135
15f8cea0f8f5a0000591564658ef762d6b623105d0b716d8fac3a1ada679fc0d,2025,10,0.04875488
165d0ccedc583e2f61aab2e0c7f2cbdddf987769cb9d744ec53b39fe722c6555,2025,5,0.016150264
165d0ccedc583e2f61aab2e0c7f2cbdddf987769cb9d744ec53b39fe722c6555,2025,6,0.006004627
165d0ccedc583e2f61aab2e0c7f2cbdddf987769cb9d744ec53b39fe722c6555,2025,7,0.0056197033
165d0ccedc583e2f61aab2e0c7f2cbdddf987769cb9d744ec53b39fe722c6555,2025,8,0.006039989
165d0ccedc583e2f61aab2e0c7f2cbdddf987769cb9d744ec53b39fe722c6555,2025,9,0.008865482
165d0ccedc583e2f61aab2e0c7f2cbdddf987769cb9d744ec53b39fe722c6555,2025,10,0.028986929
16654eae2d44b2e4d12caa7a530ed6aaa9beebc0998b1e32cc07a3123f4f6a9a,2025,5,0.12943909
16654eae2d44b2e4d12caa7a530ed6aaa9beebc0998b1e32cc07a3123f4f6a9a,2025,6,0.033264894
16654eae2d44b2e4d12caa7a530ed6aaa9beebc0998b1e32cc07a3123f4f6a9a,2025,7,0.020456549
16654eae2d44b2e4d12caa7a530ed6aaa9beebc0998b1e32cc07a3123f4f6a9a,2025,8,0.031056164
16654eae2d44b2e4d12caa7a530ed6aaa9beebc0998b1e32cc07a3123f4f6a9a,2025,9,0.037445303
16654eae2d44b2e4d12caa7a530ed6aaa9beebc0998b1e32cc07a3123f4f6a9a,2025,10,0.18275121
16c474e4e178269258a79e12c41174380457d05fa1dbe06756621cd4d8d56955,2025,5,0.09065241
16c474e4e178269258a79e12c41174380457d05fa1dbe06756621cd4d8d56955,2025,6,0.02432065
16c474e4e178269258a79e12c41174380457d05fa1dbe06756621cd4d8d56955,2025,7,0.023901822
16c474e4e178269258a79e12c41174380457d05fa1dbe06756621cd4d8d56955,2025,8,0.037609126
16c474e4e178269258a79e12c41174380457d05fa1dbe06756621cd4d8d56955,2025,9,0.03414869
16c474e4e178269258a79e12c41174380457d05fa1dbe06756621cd4d8d56955,2025,10,0.10603774
1703c37039d3bcbd02ed0afcdbaed1fb049e60758c3079f57498b7fc3abfef53,2025,5,0.043838356
1703c37039d3bcbd02ed0afcdbaed1fb049e60758c3079f57498b7fc3abfef53,2025,6,0.008921271
1703c37039d3bcbd02ed0afcdbaed1fb049e60758c3079f57498b7fc3abfef53,2025,7,0.011109184
1703c37039d3bcbd02ed0afcdbaed1fb049e60758c3079f57498b7fc3abfef53,2025,8,0.010730278
1703c37039d3bcbd02ed0afcdbaed1fb049e60758c3079f57498b7fc3abfef53,2025,9,0.042688955
1703c37039d3bcbd02ed0afcdbaed1fb049e60758c3079f57498b7fc3abfef53,2025,10,0.19178468
17850655b0581bd2624172a36cf7dea0c58924d84f44a03cb1f2b593743947c7,2025,5,0.09030579
17850655b0581bd2624172a36cf7dea0c58924d84f44a03cb1f2b593743947c7,2025,6,0.10224207
17850655b0581bd2624172a36cf7dea0c58924d84f44a03cb1f2b593743947c7,2025,7,0.09961255
17850655b0581bd2624172a36cf7dea0c58924d84f44a03cb1f2b593743947c7,2025,8,0.0949549
17850655b0581bd2624172a36cf7dea0c58924d84f44a03cb1f2b593743947c7,2025,9,0.10769856
17850655b0581bd2624172a36cf7dea0c58924d84f44a03cb1f2b593743947c7,2025,10,0.10145753
17ca3943eb703954ecd459dde27cadf1b9a091c95f2fad38ebc2c6ca44f84dd6,2025,5,0.01795302
17ca3943eb703954ecd459dde27cadf1b9a091c95f2fad38ebc2c6ca44f84dd6,2025,6,0.008414981
17ca3943eb703954ecd459dde27cadf1b9a091c95f2fad38ebc2c6ca44f84dd6,2025,7,0.007846275
17ca3943eb703954ecd459dde27cadf1b9a091c95f2fad38ebc2c6ca44f84dd6,2025,8,0.008504955
17ca3943eb703954ecd459dde27cadf1b9a091c95f2fad38ebc2c6ca44f84dd6,2025,9,0.010584588
17ca3943eb703954ecd459dde27cadf1b9a091c95f2fad38ebc2c6ca44f84dd6,2025,10,0.023913246
17d3019303758e85944ab8dab4647197ba66c2dd377ff4e8e9bcaaa4ddf863be,2025,5,0.1297543
17d3019303758e85944ab8dab4647197ba66c2dd377ff4e8e9bcaaa4ddf863be,2025,6,0.0299079
17d3019303758e85944ab8dab4647197ba66c2dd377ff4e8e9bcaaa4ddf863be,2025,7,0.016316261
17d3019303758e85944ab8dab4647197ba66c2dd377ff4e8e9bcaaa4ddf863be,2025,8,0.022904145
17d3019303758e85944ab8dab4647197ba66c2dd377ff4e8e9bcaaa4ddf863be,2025,9,0.07312205
17d3019303758e85944ab8dab4647197ba66c2dd377ff4e8e9bcaaa4ddf863be,2025,10,0.19331066
185f05182b13c28cbd41f1ddb0699d0b084ca32b877ad45ad4646759a6e91ca1,2025,5,0.15401365
185f05182b13c28cbd41f1ddb0699d0b084ca32b877ad45ad4646759a6e91ca1,2025,6,0.026824018
185f05182b13c28cbd41f1ddb0699d0b084ca32b877ad45ad4646759a6e91ca1,2025,7,0.022060733
185f05182b13c28cbd41f1ddb0699d0b084ca32b877ad45ad4646759a6e91ca1,2025,8,0.019735562
185f05182b13c28cbd41f1ddb0699d0b084ca32b877ad45ad4646759a6e91ca1,2025,9,0.048350155
185f05182b13c28cbd41f1ddb0699d0b084ca32b877ad45ad4646759a6e91ca1,2025,10,0.20103452
18add0f86c38f3c293a0e54676ab9b6310420ee0375a5c25f8447b440edc14d9,2025,5,0.034061722
18add0f86c38f3c293a0e54676ab9b6310420ee0375a5c25f8447b440edc14d9,2025,6,0.00695957
18add0f86c38f3c293a0e54676ab9b6310420ee0375a5c25f8447b440edc14d9,2025,7,0.004752938
18add0f86c38f3c293a0e54676ab9b6310420ee0375a5c25f8447b440edc14d9,2025,8,0.005705798
18add0f86c38f3c293a0e54676ab9b6310420ee0375a5c25f8447b440edc14d9,2025,9,0.015696222
18add0f86c38f3c293a0e54676ab9b6310420ee0375a5c25f8447b440edc14d9,2025,10,0.07898021
18fc2668662f38f6de78663698b4c6ce54b4af559b519fdecfbec42b61dd0ec6,2025,5,0.23720685
18fc2668662f38f6de78663698b4c6ce54b4af559b519fdecfbec42b61dd0ec6,2025,6,0.068325065
18fc2668662f38f6de78663698b4c6ce54b4af559b519fdecfbec42b61dd0ec6,2025,7,0.059280265
18fc2668662f38f6de78663698b4c6ce54b4af559b519fdecfbec42b61dd0ec6,2025,8,0.061424863
18fc2668662f38f6de78663698b4c6ce54b4af559b519fdecfbec42b61dd0ec6,2025,9,0.088657245
18fc2668662f38f6de78663698b4c6ce54b4af559b519fdecfbec42b61dd0ec6,2025,10,0.22489423
18ff959e735b2ee6d06d6be523d669294ad47b31dffd98389067ff1077b7788e,2025,5,0.020423248
18ff959e735b2ee6d06d6be523d669294ad47b31dffd98389067ff1077b7788e,2025,6,0.0071092816
18ff959e735b2ee6d06d6be523d669294ad47b31dffd98389067ff1077b7788e,2025,7,0.0068801413
18ff959e735b2ee6d06d6be523d669294ad47b31dffd98389067ff1077b7788e,2025,8,0.0072164694
18ff959e735b2ee6d06d6be523d669294ad47b31dffd98389067ff1077b7788e,2025,9,0.0078005665
18ff959e735b2ee6d06d6be523d669294ad47b31dffd98389067ff1077b7788e,2025,10,0.058656264
198f7bb9ff2ca4470858cce4f8ba47cbf727c9d4d9220ffd1e692d0d346ada2b,2025,5,0.30905178
198f7bb9ff2ca4470858cce4f8ba47cbf727c9d4d9220ffd1e692d0d346ada2b,2025,6,0.11326644
198f7bb9ff2ca4470858cce4f8ba47cbf727c9d4d9220ffd1e692d0d346ada2b,2025,7,0.097023144
198f7bb9ff2ca4470858cce4f8ba47cbf727c9d4d9220ffd1e692d0d346ada2b,2025,8,0.10974474
198f7bb9ff2ca4470858cce4f8ba47cbf727c9d4d9220ffd1e692d0d346ada2b,2025,9,0.13795814
198f7bb9ff2ca4470858cce4f8ba47cbf727c9d4d9220ffd1e692d0d346ada2b,2025,10,0.39524102
1a12333e3e72289eb9eb8e9372a84f0f3743190de373f4f386244c988a9c9245,2025,5,0.022645246
1a12333e3e72289eb9eb8e9372a84f0f3743190de373f4f386244c988a9c9245,2025,6,0.011928558
1a12333e3e72289eb9eb8e9372a84f0f3743190de373f4f386244c988a9c9245,2025,7,0.010414336
1a12333e3e72289eb9eb8e9372a84f0f3743190de373f4f386244c988a9c9245,2025,8,0.009984901
1a12333e3e72289eb9eb8e9372a84f0f3743190de373f4f386244c988a9c9245,2025,9,0.013192083
1a12333e3e72289eb9eb8e9372a84f0f3743190de373f4f386244c988a9c9245,2025,10,0.03688842
1a95ba3dd8f58ad30387dfa1a04ba5227701a294f08c7e555da9e13bec93c683,2025,5,0.025216792
1a95ba3dd8f58ad30387dfa1a04ba5227701a294f08c7e555da9e13bec93c683,2025,6,0.004938754
1a95ba3dd8f58ad30387dfa1a04ba5227701a294f08c7e555da9e13bec93c683,2025,7,0.004363239
1a95ba3dd8f58ad30387dfa1a04ba5227701a294f08c7e555da9e13bec93c683,2025,8,0.0049031796
1a95ba3dd8f58ad30387dfa1a04ba5227701a294f08c7e555da9e13bec93c683,2025,9,0.008175598
1a95ba3dd8f58ad30387dfa1a04ba5227701a294f08c7e555da9e13bec93c683,2025,10,0.049055375
1ac45a6db45883a73aa94405bccc12ff28f4ee81642df89795c1e9d96b8a2c15,2025,5,0.12401012
1ac45a6db45883a73aa94405bccc12ff28f4ee81642df89795c1e9d96b8a2c15,2025,6,0.026476039
1ac45a6db45883a73aa94405bccc12ff28f4ee81642df89795c1e9d96b8a2c15,2025,7,0.018519958
1ac45a6db45883a73aa94405bccc12ff28f4ee81642df89795c1e9d96b8a2c15,2025,8,0.017393071
1ac45a6db45883a73aa94405bccc12ff28f4ee81642df89795c1e9d96b8a2c15,2025,9,0.04777455
1ac45a6db45883a73aa94405bccc12ff28f4ee81642df89795c1e9d96b8a2c15,2025,10,0.19395894
1b0bdbd3d6b5d6718db963ce8a985d31567b24db9b390e6a0c1dd6a18d8b852e,2025,5,0.029849034
1b0bdbd3d6b5d6718db963ce8a985d31567b24db9b390e6a0c1dd6a18d8b852e,2025,6,0.011613407
1b0bdbd3d6b5d6718db963ce8a985d31567b24db9b390e6a0c1dd6a18d8b852e,2025,7,0.00870894
1b0bdbd3d6b5d6718db963ce8a985d31567b24db9b390e6a0c1dd6a18d8b852e,2025,8,0.011423689
1b0bdbd3d6b5d6718db963ce8a985d31567b24db9b390e6a0c1dd6a18d8b852e,2025,9,0.016190354
1b0bdbd3d6b5d6718db963ce8a985d31567b24db9b390e6a0c1dd6a18d8b852e,2025,10,0.04101096
1bab6344197a4f94a48a3880a733607751d155667d4b28b0c5535a43050144c9,2025,5,0.05609442
1bab6344197a4f94a48a3880a733607751d155667d4b28b0c5535a43050144c9,2025,6,0.010429631
1bab6344197a4f94a48a3880a733607751d155667d4b28b0c5535a43050144c9,2025,7,0.0060373945
1bab6344197a4f94a48a3880a733607751d155667d4b28b0c5535a43050144c9,2025,8,0.006251962
1bab6344197a4f94a48a3880a733607751d155667d4b28b0c5535a43050144c9,2025,9,0.005526948
1bab6344197a4f94a48a3880a733607751d155667d4b28b0c5535a43050144c9,2025,10,0.07666503
1c2daed41137082791639e9b3e5a9b4ebed993363a8c6883669118de397830f1,2025,5,0.04063119
1c2daed41137082791639e9b3e5a9b4ebed993363a8c6883669118de397830f1,2025,6,0.013693496
1c2daed41137082791639e9b3e5a9b4ebed993363a8c6883669118de397830f1,2025,7,0.012506264
1c2daed41137082791639e9b3e5a9b4ebed993363a8c6883669118de397830f1,2025,8,0.013160396
1c2daed41137082791639e9b3e5a9b4ebed993363a8c6883669118de397830f1,2025,9,0.01924762
1c2daed41137082791639e9b3e5a9b4ebed993363a8c6883669118de397830f1,2025,10,0.07353548
1d30563b84b1944f5844c74964a5bdc4af99e8e15115f97ac3c7ec136c65b998,2025,5,0.05095884
1d30563b84b1944f5844c74964a5bdc4af99e8e15115f97ac3c7ec136c65b998,2025,6,0.011429501
1d30563b84b1944f5844c74964a5bdc4af99e8e15115f97ac3c7ec136c65b998,2025,7,0.007543484
1d30563b84b1944f5844c74964a5bdc4af99e8e15115f97ac3c7ec136c65b998,2025,8,0.01127012
1d30563b84b1944f5844c74964a5bdc4af99e8e15115f97ac3c7ec136c65b998,2025,9,0.022639098
1d30563b84b1944f5844c74964a5bdc4af99e8e15115f97ac3c7ec136c65b998,2025,10,0.072522596
1d604cefd1c2467e1fb1382248e2e4e564cca4c2ea5eb1470727fb7aa80f22ac,2025,5,0.026053648
1d604cefd1c2467e1fb1382248e2e4e564cca4c2ea5eb1470727fb7aa80f22ac,2025,6,0.008165025
1d604cefd1c2467e1fb1382248e2e4e564cca4c2ea5eb1470727fb7aa80f22ac,2025,7,0.006741673
1d604cefd1c2467e1fb1382248e2e4e564cca4c2ea5eb1470727fb7aa80f22ac,2025,8,0.009486574
1d604cefd1c2467e1fb1382248e2e4e564cca4c2ea5eb1470727fb7aa80f22ac,2025,9,0.013256551
1d604cefd1c2467e1fb1382248e2e4e564cca4c2ea5eb1470727fb7aa80f22ac,2025,10,0.04309739
1dfcee1ecd30aa0c3d3693b3b9b24a15e5280aa538d1a07992922dce71873dc6,2025,5,0.029917626
1dfcee1ecd30aa0c3d3693b3b9b24a15e5280aa538d1a07992922dce71873dc6,2025,6,0.008919571
1dfcee1ecd30aa0c3d3693b3b9b24a15e5280aa538d1a07992922dce71873dc6,2025,7,0.001419991
1dfcee1ecd30aa0c3d3693b3b9b24a15e5280aa538d1a07992922dce71873dc6,2025,8,0.0032245878
1dfcee1ecd30aa0c3d3693b3b9b24a15e5280aa538d1a07992922dce71873dc6,2025,9,0.018672084
1dfcee1ecd30aa0c3d3693b3b9b24a15e5280aa538d1a07992922dce71873dc6,2025,10,0.07528713
1e119fa0bf78a5fa4b045f53c4a445217f29dc17cc1a7615cac5e932f9ca7ab2,2025,5,0.031699646
1e119fa0bf78a5fa4b045f53c4a445217f29dc17cc1a7615cac5e932f9ca7ab2,2025,6,0.017759467
1e119fa0bf78a5fa4b045f53c4a445217f29dc17cc1a7615cac5e932f9ca7ab2,2025,7,0.011800139
1e119fa0bf78a5fa4b045f53c4a445217f29dc17cc1a7615cac5e932f9ca7ab2,2025,8,0.0137132015
1e119fa0bf78a5fa4b045f53c4a445217f29dc17cc1a7615cac5e932f9ca7ab2,2025,9,0.018036805
1e119fa0bf78a5fa4b045f53c4a445217f29dc17cc1a7615cac5e932f9ca7ab2,2025,10,0.045573637
1e88b35a6b5de3e7c7a8b5a6e6f1b99b3f148c641689e86d03bc251b47caff6a,2025,5,0.10218854
1e88b35a6b5de3e7c7a8b5a6e6f1b99b3f148c641689e86d03bc251b47caff6a,2025,6,4.7920643e-11
1e88b35a6b5de3e7c7a8b5a6e6f1b99b3f148c641689e86d03bc251b47caff6a,2025,7,7.18088e-11
1e88b35a6b5de3e7c7a8b5a6e6f1b99b3f148c641689e86d03bc251b47caff6a,2025,8,9.8990226e-11
1e88b35a6b5de3e7c7a8b5a6e6f1b99b3f148c641689e86d03bc251b47caff6a,2025,9,0.02328935
1e88b35a6b5de3e7c7a8b5a6e6f1b99b3f148c641689e86d03bc251b47caff6a,2025,10,0.29038092
1f28d4344a37b03c1a4cd94b7854d90f8a203cf444b9e314581029d854acef44,2025,5,0.048458736
1f28d4344a37b03c1a4cd94b7854d90f8a203cf444b9e314581029d854acef44,2025,6,0.015734011
1f28d4344a37b03c1a4cd94b7854d90f8a203cf444b9e314581029d854acef44,2025,7,0.014213193
1f28d4344a37b03c1a4cd94b7854d90f8a203cf444b9e314581029d854acef44,2025,8,0.009989847
1f28d4344a37b03c1a4cd94b7854d90f8a203cf444b9e314581029d854acef44,2025,9,0.028438088
1f28d4344a37b03c1a4cd94b7854d90f8a203cf444b9e314581029d854acef44,2025,10,0.096517384
1fb177ca9ac51164d927b31a8e3c6dc9709d7d860f323ac15bf4d3c5743e6a16,2025,5,0.03327291
1fb177ca9ac51164d927b31a8e3c6dc9709d7d860f323ac15bf4d3c5743e6a16,2025,6,0.007462029
1fb177ca9ac51164d927b31a8e3c6dc9709d7d860f323ac15bf4d3c5743e6a16,2025,7,0.0071763154
1fb177ca9ac51164d927b31a8e3c6dc9709d7d860f323ac15bf4d3c5743e6a16,2025,8,0.0071958154
1fb177ca9ac51164d927b31a8e3c6dc9709d7d860f323ac15bf4d3c5743e6a16,2025,9,0.015638338
1fb177ca9ac51164d927b31a8e3c6dc9709d7d860f323ac15bf4d3c5743e6a16,2025,10,0.058730867
1fb21182f9b0eabeeb1135494cea38feff3168c55cf6bc2b13f8bec1a53990c7,2025,5,0.041158818
1fb21182f9b0eabeeb1135494cea38feff3168c55cf6bc2b13f8bec1a53990c7,2025,6,0.012763369
1fb21182f9b0eabeeb1135494cea38feff3168c55cf6bc2b13f8bec1a53990c7,2025,7,0.012562683
1fb21182f9b0eabeeb1135494cea38feff3168c55cf6bc2b13f8bec1a53990c7,2025,8,0.012401234
1fb21182f9b0eabeeb1135494cea38feff3168c55cf6bc2b13f8bec1a53990c7,2025,9,0.029199867
1fb21182f9b0eabeeb1135494cea38feff3168c55cf6bc2b13f8bec1a53990c7,2025,10,0.100204624
204b1d05f9aaf0b6f2f942829362033a80a2f888b45327224211b38e688a7490,2025,5,0.025868949
204b1d05f9aaf0b6f2f942829362033a80a2f888b45327224211b38e688a7490,2025,6,0.01757873
204b1d05f9aaf0b6f2f942829362033a80a2f888b45327224211b38e688a7490,2025,7,0.016332846
204b1d05f9aaf0b6f2f942829362033a80a2f888b45327224211b38e688a7490,2025,8,0.015953144
204b1d05f9aaf0b6f2f942829362033a80a2f888b45327224211b38e688a7490,2025,9,0.017084066
204b1d05f9aaf0b6f2f942829362033a80a2f888b45327224211b38e688a7490,2025,10,0.02210829
205b5419584613fbd563122b584157c97778bee6421a23bcbd498361cf710cd5,2025,5,0.21723966
205b5419584613fbd563122b584157c97778bee6421a23bcbd498361cf710cd5,2025,6,0.07231387
205b5419584613fbd563122b584157c97778bee6421a23bcbd498361cf710cd5,2025,8,0.0888808
205b5419584613fbd563122b584157c97778bee6421a23bcbd498361cf710cd5,2025,9,0.12030266
205b5419584613fbd563122b584157c97778bee6421a23bcbd498361cf710cd5,2025,10,0.43012467
206548e7726c160851c278f88d925940a27fc5371b793a5c3bb40bc8510d7563,2025,5,0.013979168
206548e7726c160851c278f88d925940a27fc5371b793a5c3bb40bc8510d7563,2025,6,0.0024592816
206548e7726c160851c278f88d925940a27fc5371b793a5c3bb40bc8510d7563,2025,7,0.0023956043
206548e7726c160851c278f88d925940a27fc5371b793a5c3bb40bc8510d7563,2025,8,0.008773822
206548e7726c160851c278f88d925940a27fc5371b793a5c3bb40bc8510d7563,2025,9,0.011899835
206548e7726c160851c278f88d925940a27fc5371b793a5c3bb40bc8510d7563,2025,10,0.043917295
208a80472324952234163a51d880179e717cd11858258c7a0c3f0dac02f90813,2025,5,0.07225957
208a80472324952234163a51d880179e717cd11858258c7a0c3f0dac02f90813,2025,6,0.008770953
208a80472324952234163a51d880179e717cd11858258c7a0c3f0dac02f90813,2025,7,0.0073374594
208a80472324952234163a51d880179e717cd11858258c7a0c3f0dac02f90813,2025,8,0.0053147776
208a80472324952234163a51d880179e717cd11858258c7a0c3f0dac02f90813,2025,9,0.02879981
208a80472324952234163a51d880179e717cd11858258c7a0c3f0dac02f90813,2025,10,0.1594672
20cb03ed08c2c273297f285a46736fe34099f7f574770bc41cf864229629f196,2025,5,0.04978196
20cb03ed08c2c273297f285a46736fe34099f7f574770bc41cf864229629f196,2025,6,0.009637431
20cb03ed08c2c273297f285a46736fe34099f7f574770bc41cf864229629f196,2025,7,0.008306611
20cb03ed08c2c273297f285a46736fe34099f7f574770bc41cf864229629f196,2025,8,0.009183549
20cb03ed08c2c273297f285a46736fe34099f7f574770bc41cf864229629f196,2025,9,0.016082203
20cb03ed08c2c273297f285a46736fe34099f7f574770bc41cf864229629f196,2025,10,0.080723666
212d47a69a99aef80089b45b095e9e069b306307e3fcdd305226190326872503,2025,5,0.076697744
212d47a69a99aef80089b45b095e9e069b306307e3fcdd305226190326872503,2025,6,0.0089926915
212d47a69a99aef80089b45b095e9e069b306307e3fcdd305226190326872503,2025,7,0.0074287155
212d47a69a99aef80089b45b095e9e069b306307e3fcdd305226190326872503,2025,8,0.010013597
212d47a69a99aef80089b45b095e9e069b306307e3fcdd305226190326872503,2025,9,0.03305102
212d47a69a99aef80089b45b095e9e069b306307e3fcdd305226190326872503,2025,10,0.122942775
21924093004faedfa6b705eb9bbbe3aae5b847cebd496afbd0556b566fefc492,2025,5,0.069837786
21924093004faedfa6b705eb9bbbe3aae5b847cebd496afbd0556b566fefc492,2025,6,0.016263168
21924093004faedfa6b705eb9bbbe3aae5b847cebd496afbd0556b566fefc492,2025,7,0.018237004
21924093004faedfa6b705eb9bbbe3aae5b847cebd496afbd0556b566fefc492,2025,8,0.016423034
21924093004faedfa6b705eb9bbbe3aae5b847cebd496afbd0556b566fefc492,2025,9,0.04385995
21924093004faedfa6b705eb9bbbe3aae5b847cebd496afbd0556b566fefc492,2025,10,0.09323912
21fea7d6a7180eb1c89d5a8dd6916ab1e04c8b8e5ef8411e6abb2eb44d8c010f,2025,5,0.024490908
21fea7d6a7180eb1c89d5a8dd6916ab1e04c8b8e5ef8411e6abb2eb44d8c010f,2025,6,0.0077407467
21fea7d6a7180eb1c89d5a8dd6916ab1e04c8b8e5ef8411e6abb2eb44d8c010f,2025,7,0.008583
21fea7d6a7180eb1c89d5a8dd6916ab1e04c8b8e5ef8411e6abb2eb44d8c010f,2025,8,0.012479108
21fea7d6a7180eb1c89d5a8dd6916ab1e04c8b8e5ef8411e6abb2eb44d8c010f,2025,9,0.009967382
21fea7d6a7180eb1c89d5a8dd6916ab1e04c8b8e5ef8411e6abb2eb44d8c010f,2025,10,0.027573535
22fddca25da25662c314f24182ba3eda9b168b2a9e20634cb6964a8f0aaf3d8d,2025,5,0.016903857
22fddca25da25662c314f24182ba3eda9b168b2a9e20634cb6964a8f0aaf3d8d,2025,6,0.00022347494
22fddca25da25662c314f24182ba3eda9b168b2a9e20634cb6964a8f0aaf3d8d,2025,7,0.0006908096
22fddca25da25662c314f24182ba3eda9b168b2a9e20634cb6964a8f0aaf3d8d,2025,8,0.0005569188
22fddca25da25662c314f24182ba3eda9b168b2a9e20634cb6964a8f0aaf3d8d,2025,9,0.003713732
22fddca25da25662c314f24182ba3eda9b168b2a9e20634cb6964a8f0aaf3d8d,2025,10,0.049190607
22fe4c7ed6b24b49afc5e8a1bc0c9ed5bb81fb546421d428798128d8fcf40cbe,2025,5,0.033143267
22fe4c7ed6b24b49afc5e8a1bc0c9ed5bb81fb546421d428798128d8fcf40cbe,2025,6,0.0073415767
22fe4c7ed6b24b49afc5e8a1bc0c9ed5bb81fb546421d428798128d8fcf40cbe,2025,7,0.0064056898
22fe4c7ed6b24b49afc5e8a1bc0c9ed5bb81fb546421d428798128d8fcf40cbe,2025,8,0.006929927
22fe4c7ed6b24b49afc5e8a1bc0c9ed5bb81fb546421d428798128d8fcf40cbe,2025,9,0.0067956736
22fe4c7ed6b24b49afc5e8a1bc0c9ed5bb81fb546421d428798128d8fcf40cbe,2025,10,0.06831879
2307fcd4c6efe48f1cb0fb1c479d5bb1c5dd030c24e1ba617377f375ed66ec81,2025,5,0.053447384
2307fcd4c6efe48f1cb0fb1c479d5bb1c5dd030c24e1ba617377f375ed66ec81,2025,6,0.013623503
2307fcd4c6efe48f1cb0fb1c479d5bb1c5dd030c24e1ba617377f375ed66ec81,2025,7,0.0077360785
2307fcd4c6efe48f1cb0fb1c479d5bb1c5dd030c24e1ba617377f375ed66ec81,2025,8,0.0083915675
2307fcd4c6efe48f1cb0fb1c479d5bb1c5dd030c24e1ba617377f375ed66ec81,2025,9,0.013157057
2307fcd4c6efe48f1cb0fb1c479d5bb1c5dd030c24e1ba617377f375ed66ec81,2025,10,0.09078015
236912683d7434f867b414417bdf2d8ebea293f139bb38b1af1215901f900e99,2025,5,0.059087466
236912683d7434f867b414417bdf2d8ebea293f139bb38b1af1215901f900e99,2025,6,0.023744855
236912683d7434f867b414417bdf2d8ebea293f139bb38b1af1215901f900e99,2025,7,0.099124976
236912683d7434f867b414417bdf2d8ebea293f139bb38b1af1215901f900e99,2025,8,0.13961746
236912683d7434f867b414417bdf2d8ebea293f139bb38b1af1215901f900e99,2025,9,0.11562091
236912683d7434f867b414417bdf2d8ebea293f139bb38b1af1215901f900e99,2025,10,0.14560616
24400872cdc267a4643531322106f2b0b62cd69fdca362c3abe7bea28924e513,2025,5,0.011789917
24400872cdc267a4643531322106f2b0b62cd69fdca362c3abe7bea28924e513,2025,6,0.009272094
24400872cdc267a4643531322106f2b0b62cd69fdca362c3abe7bea28924e513,2025,7,0.00826901
24400872cdc267a4643531322106f2b0b62cd69fdca362c3abe7bea28924e513,2025,8,0.008323943
24400872cdc267a4643531322106f2b0b62cd69fdca362c3abe7bea28924e513,2025,9,0.009872985
24400872cdc267a4643531322106f2b0b62cd69fdca362c3abe7bea28924e513,2025,10,0.023751488
24d73cde386f0ffaa646a301bae62a36b623fbad7867789ca1e78f98ba505cde,2025,5,0.0310009
24d73cde386f0ffaa646a301bae62a36b623fbad7867789ca1e78f98ba505cde,2025,6,0.0091430675
24d73cde386f0ffaa646a301bae62a36b623fbad7867789ca1e78f98ba505cde,2025,7,0.007035591
24d73cde386f0ffaa646a301bae62a36b623fbad7867789ca1e78f98ba505cde,2025,8,0.008508036
24d73cde386f0ffaa646a301bae62a36b623fbad7867789ca1e78f98ba505cde,2025,9,0.0150155
24d73cde386f0ffaa646a301bae62a36b623fbad7867789ca1e78f98ba505cde,2025,10,0.047357723
25ed3d2359d3509aba1c90d746c800802f5dbd101683b4afba1b568711dbf61b,2025,5,0.051136006
25ed3d2359d3509aba1c90d746c800802f5dbd101683b4afba1b568711dbf61b,2025,6,0.0128273945
25ed3d2359d3509aba1c90d746c800802f5dbd101683b4afba1b568711dbf61b,2025,7,0.011713419
25f8c604dad29e6676c854482f1f13362f005cd33b1c4e63198b1f5b9f4bbb08,2025,5,0.02933092
25f8c604dad29e6676c854482f1f13362f005cd33b1c4e63198b1f5b9f4bbb08,2025,6,0.014265728
25f8c604dad29e6676c854482f1f13362f005cd33b1c4e63198b1f5b9f4bbb08,2025,7,0.013379135
25f8c604dad29e6676c854482f1f13362f005cd33b1c4e63198b1f5b9f4bbb08,2025,8,0.013901585
25f8c604dad29e6676c854482f1f13362f005cd33b1c4e63198b1f5b9f4bbb08,2025,9,0.024526756
25f8c604dad29e6676c854482f1f13362f005cd33b1c4e63198b1f5b9f4bbb08,2025,10,0.04462735
2783c80382125f5fa4b8f085257d7c59ec7e5971a893809d6834627d183e7564,2025,5,0.008187911
2783c80382125f5fa4b8f085257d7c59ec7e5971a893809d6834627d183e7564,2025,6,0.003656061
2783c80382125f5fa4b8f085257d7c59ec7e5971a893809d6834627d183e7564,2025,7,0.02436417
2783c80382125f5fa4b8f085257d7c59ec7e5971a893809d6834627d183e7564,2025,8,0.024276452
2783c80382125f5fa4b8f085257d7c59ec7e5971a893809d6834627d183e7564,2025,9,0.033881065
2783c80382125f5fa4b8f085257d7c59ec7e5971a893809d6834627d183e7564,2025,10,0.0119569665
2834c60ea574db1f5ace19f5f04990969b6f29845768f009fdc3728885f8ad28,2025,5,0.04950615
2834c60ea574db1f5ace19f5f04990969b6f29845768f009fdc3728885f8ad28,2025,6,0.016720379
2834c60ea574db1f5ace19f5f04990969b6f29845768f009fdc3728885f8ad28,2025,7,0.010470406
2834c60ea574db1f5ace19f5f04990969b6f29845768f009fdc3728885f8ad28,2025,8,0.015469758
2834c60ea574db1f5ace19f5f04990969b6f29845768f009fdc3728885f8ad28,2025,9,0.012591621
28cc876c18f6306471872b765b81db4828a734e6aca73c08a56d5b94acb51e41,2025,5,0.053723037
28cc876c18f6306471872b765b81db4828a734e6aca73c08a56d5b94acb51e41,2025,6,0.021072477
28cc876c18f6306471872b765b81db4828a734e6aca73c08a56d5b94acb51e41,2025,7,0.01314127
28cc876c18f6306471872b765b81db4828a734e6aca73c08a56d5b94acb51e41,2025,8,0.015587072
28cc876c18f6306471872b765b81db4828a734e6aca73c08a56d5b94acb51e41,2025,9,0.027385974
28cc876c18f6306471872b765b81db4828a734e6aca73c08a56d5b94acb51e41,2025,10,0.06759905
29111e59f9768cec2feb6f19c2ccb7c3aa53a87a86090443dd595a20e79f96b0,2025,5,0.023970071
29111e59f9768cec2feb6f19c2ccb7c3aa53a87a86090443dd595a20e79f96b0,2025,6,0.006944695
29111e59f9768cec2feb6f19c2ccb7c3aa53a87a86090443dd595a20e79f96b0,2025,7,0.0061502378
29111e59f9768cec2feb6f19c2ccb7c3aa53a87a86090443dd595a20e79f96b0,2025,8,0.006762674
29111e59f9768cec2feb6f19c2ccb7c3aa53a87a86090443dd595a20e79f96b0,2025,9,0.011836154
29111e59f9768cec2feb6f19c2ccb7c3aa53a87a86090443dd595a20e79f96b0,2025,10,0.09147601
291e5f9499091e82c2fccd7636e6ba1b30943b0fa63206ba932c9674e5b2191a,2025,5,0.027210122
291e5f9499091e82c2fccd7636e6ba1b30943b0fa63206ba932c9674e5b2191a,2025,6,0.018283082
291e5f9499091e82c2fccd7636e6ba1b30943b0fa63206ba932c9674e5b2191a,2025,7,0.018700525
291e5f9499091e82c2fccd7636e6ba1b30943b0fa63206ba932c9674e5b2191a,2025,8,0.017433843
291e5f9499091e82c2fccd7636e6ba1b30943b0fa63206ba932c9674e5b2191a,2025,9,0.015707485
291e5f9499091e82c2fccd7636e6ba1b30943b0fa63206ba932c9674e5b2191a,2025,10,0.074112274
2a7cc7b36f3fd5304aee465509ec185589668957335a207587e6ce7823b810c9,2025,5,0.08001737
2a7cc7b36f3fd5304aee465509ec185589668957335a207587e6ce7823b810c9,2025,6,0.0311303
2a7cc7b36f3fd5304aee465509ec185589668957335a207587e6ce7823b810c9,2025,7,0.029954378
2a7cc7b36f3fd5304aee465509ec185589668957335a207587e6ce7823b810c9,2025,8,0.033479966
2a7cc7b36f3fd5304aee465509ec185589668957335a207587e6ce7823b810c9,2025,9,0.042475555
2a7cc7b36f3fd5304aee465509ec185589668957335a207587e6ce7823b810c9,2025,10,0.10717909
2acc99c56dfd119de625d097f267d065386b788924e5c1c4a30dd7e4bd1df32c,2025,5,0.04584376
2acc99c56dfd119de625d097f267d065386b788924e5c1c4a30dd7e4bd1df32c,2025,6,0.03749686
2acc99c56dfd119de625d097f267d065386b788924e5c1c4a30dd7e4bd1df32c,2025,7,0.02812801
2acc99c56dfd119de625d097f267d065386b788924e5c1c4a30dd7e4bd1df32c,2025,8,0.030047568
2acc99c56dfd119de625d097f267d065386b788924e5c1c4a30dd7e4bd1df32c,2025,9,0.04061465
2acc99c56dfd119de625d097f267d065386b788924e5c1c4a30dd7e4bd1df32c,2025,10,0.071974434
2af49612cb24e82dea25d86b0542a8c4f65f872df0e4df2f286ce14412ba51da,2025,5,0.025998756
2af49612cb24e82dea25d86b0542a8c4f65f872df0e4df2f286ce14412ba51da,2025,6,0.019605365
2af49612cb24e82dea25d86b0542a8c4f65f872df0e4df2f286ce14412ba51da,2025,7,0.018651206
2af49612cb24e82dea25d86b0542a8c4f65f872df0e4df2f286ce14412ba51da,2025,8,0.019107169
2af49612cb24e82dea25d86b0542a8c4f65f872df0e4df2f286ce14412ba51da,2025,9,0.022446146
2af49612cb24e82dea25d86b0542a8c4f65f872df0e4df2f286ce14412ba51da,2025,10,0.030625217
2b0bae6c5a97eae766948b56124f177e4c69fb693dd3e6b0ebdd97b316cd5b8e,2025,5,0.15539904
2b0bae6c5a97eae766948b56124f177e4c69fb693dd3e6b0ebdd97b316cd5b8e,2025,6,0.058097582
2b0bae6c5a97eae766948b56124f177e4c69fb693dd3e6b0ebdd97b316cd5b8e,2025,7,0.035459347
2b0bae6c5a97eae766948b56124f177e4c69fb693dd3e6b0ebdd97b316cd5b8e,2025,8,0.052781384
2b0bae6c5a97eae766948b56124f177e4c69fb693dd3e6b0ebdd97b316cd5b8e,2025,9,0.5722647
2b0bae6c5a97eae766948b56124f177e4c69fb693dd3e6b0ebdd97b316cd5b8e,2025,10,0.261719
2b6cc01a05292397d20f7a64b2b399197d04057091b776522c198f7dd2bd60a3,2025,5,0.069773085
2b6cc01a05292397d20f7a64b2b399197d04057091b776522c198f7dd2bd60a3,2025,6,0.03992096
2b6cc01a05292397d20f7a64b2b399197d04057091b776522c198f7dd2bd60a3,2025,7,0.038962785
2cef14b2ef876bbe6a7f96f546c29f9c58486e84d46b78628533cecd23bc9e2a,2025,5,0.033413287
2cef14b2ef876bbe6a7f96f546c29f9c58486e84d46b78628533cecd23bc9e2a,2025,6,0.013763643
2cef14b2ef876bbe6a7f96f546c29f9c58486e84d46b78628533cecd23bc9e2a,2025,7,0.011960253
2cef14b2ef876bbe6a7f96f546c29f9c58486e84d46b78628533cecd23bc9e2a,2025,8,0.014142111
2cef14b2ef876bbe6a7f96f546c29f9c58486e84d46b78628533cecd23bc9e2a,2025,9,0.019505268
2cef14b2ef876bbe6a7f96f546c29f9c58486e84d46b78628533cecd23bc9e2a,2025,10,0.05826306
2d92349ca7b2cee4ce10ef699d0b9d4b5472a88ad79eee5901517adbe84ac4bf,2025,5,0.04686368
2d92349ca7b2cee4ce10ef699d0b9d4b5472a88ad79eee5901517adbe84ac4bf,2025,6,0.01008124
2d92349ca7b2cee4ce10ef699d0b9d4b5472a88ad79eee5901517adbe84ac4bf,2025,7,0.009493326
2d92349ca7b2cee4ce10ef699d0b9d4b5472a88ad79eee5901517adbe84ac4bf,2025,8,0.010103893
2d92349ca7b2cee4ce10ef699d0b9d4b5472a88ad79eee5901517adbe84ac4bf,2025,9,0.01360655
2d92349ca7b2cee4ce10ef699d0b9d4b5472a88ad79eee5901517adbe84ac4bf,2025,10,0.076845266
2db6ffabfe05bc31e652f9aca8fc07fdf7dc1ee8378fbed1f38acda617d0124b,2025,5,0.01131673
2db6ffabfe05bc31e652f9aca8fc07fdf7dc1ee8378fbed1f38acda617d0124b,2025,6,0.0069780964
2db6ffabfe05bc31e652f9aca8fc07fdf7dc1ee8378fbed1f38acda617d0124b,2025,7,0.005922048
2db6ffabfe05bc31e652f9aca8fc07fdf7dc1ee8378fbed1f38acda617d0124b,2025,8,0.007406378
2db6ffabfe05bc31e652f9aca8fc07fdf7dc1ee8378fbed1f38acda617d0124b,2025,9,0.0077562765
2db6ffabfe05bc31e652f9aca8fc07fdf7dc1ee8378fbed1f38acda617d0124b,2025,10,0.035255536
2deddf91e23ce0eb30b5a5bd79bcd402ea2f5c1f1f561ac0b02a8db0e0445a20,2025,5,0.0495273
2deddf91e23ce0eb30b5a5bd79bcd402ea2f5c1f1f561ac0b02a8db0e0445a20,2025,6,0.013183118
2deddf91e23ce0eb30b5a5bd79bcd402ea2f5c1f1f561ac0b02a8db0e0445a20,2025,7,0.01252673
2deddf91e23ce0eb30b5a5bd79bcd402ea2f5c1f1f561ac0b02a8db0e0445a20,2025,8,0.014079903
2deddf91e23ce0eb30b5a5bd79bcd402ea2f5c1f1f561ac0b02a8db0e0445a20,2025,9,0.032269202
2deddf91e23ce0eb30b5a5bd79bcd402ea2f5c1f1f561ac0b02a8db0e0445a20,2025,10,0.06830802
2e57824ff509c2947ee779e7a148aa1648d210faca36ad9c3480fa29b3662aeb,2025,5,0.04544682
2e57824ff509c2947ee779e7a148aa1648d210faca36ad9c3480fa29b3662aeb,2025,6,0.013173519
2e57824ff509c2947ee779e7a148aa1648d210faca36ad9c3480fa29b3662aeb,2025,7,0.01014326
2e57824ff509c2947ee779e7a148aa1648d210faca36ad9c3480fa29b3662aeb,2025,8,0.0102347955
2e57824ff509c2947ee779e7a148aa1648d210faca36ad9c3480fa29b3662aeb,2025,9,0.015441055
2e57824ff509c2947ee779e7a148aa1648d210faca36ad9c3480fa29b3662aeb,2025,10,0.07162285
2e5899725451ac295cef925b80989f27e3bbc8629c99eefbd75a179469e45d08,2025,5,0.04724715
2e5899725451ac295cef925b80989f27e3bbc8629c99eefbd75a179469e45d08,2025,6,0.012260464
2e5899725451ac295cef925b80989f27e3bbc8629c99eefbd75a179469e45d08,2025,7,0.0076580923
2e5899725451ac295cef925b80989f27e3bbc8629c99eefbd75a179469e45d08,2025,8,0.009834889
2e5899725451ac295cef925b80989f27e3bbc8629c99eefbd75a179469e45d08,2025,9,0.018071147
2e5899725451ac295cef925b80989f27e3bbc8629c99eefbd75a179469e45d08,2025,10,0.06620015
2f225c810bccba58ea71a9a4f61c0d7d274596f37ff2621a7d721b75ad9d0ad2,2025,5,0.059964884
2f225c810bccba58ea71a9a4f61c0d7d274596f37ff2621a7d721b75ad9d0ad2,2025,6,0.013054922
2f225c810bccba58ea71a9a4f61c0d7d274596f37ff2621a7d721b75ad9d0ad2,2025,7,0.008904874
2f225c810bccba58ea71a9a4f61c0d7d274596f37ff2621a7d721b75ad9d0ad2,2025,8,0.013974371
2f225c810bccba58ea71a9a4f61c0d7d274596f37ff2621a7d721b75ad9d0ad2,2025,9,0.019720724
2f225c810bccba58ea71a9a4f61c0d7d274596f37ff2621a7d721b75ad9d0ad2,2025,10,0.082647026
2f4653bb7d5e259e0beac6345d1f86ccfbad729347fd7587a87345ecc469af26,2025,5,0.083413295
2f4653bb7d5e259e0beac6345d1f86ccfbad729347fd7587a87345ecc469af26,2025,6,0.013818212
2f4653bb7d5e259e0beac6345d1f86ccfbad729347fd7587a87345ecc469af26,2025,7,0.012293675
2f4653bb7d5e259e0beac6345d1f86ccfbad729347fd7587a87345ecc469af26,2025,8,0.013496368
2f4653bb7d5e259e0beac6345d1f86ccfbad729347fd7587a87345ecc469af26,2025,9,0.03962054
2f4653bb7d5e259e0beac6345d1f86ccfbad729347fd7587a87345ecc469af26,2025,10,0.1496657
2f679e2e349815a33168e22db3a5ef7ad4a7d31799a9ba2297b409a9d6645f0f,2025,5,0.091204725
2f679e2e349815a33168e22db3a5ef7ad4a7d31799a9ba2297b409a9d6645f0f,2025,6,0.012066024
2f679e2e349815a33168e22db3a5ef7ad4a7d31799a9ba2297b409a9d6645f0f,2025,7,0.0067723817
2f679e2e349815a33168e22db3a5ef7ad4a7d31799a9ba2297b409a9d6645f0f,2025,8,0.005708822
2f679e2e349815a33168e22db3a5ef7ad4a7d31799a9ba2297b409a9d6645f0f,2025,9,0.03635097
2f679e2e349815a33168e22db3a5ef7ad4a7d31799a9ba2297b409a9d6645f0f,2025,10,0.06431202
2ff0e3b07bcf42e03f9e105342628a6ae9b9ab9f27ef4c4ed1e4b2736bbc07eb,2025,5,0.050134268
2ff0e3b07bcf42e03f9e105342628a6ae9b9ab9f27ef4c4ed1e4b2736bbc07eb,2025,6,0.014061561
2ff0e3b07bcf42e03f9e105342628a6ae9b9ab9f27ef4c4ed1e4b2736bbc07eb,2025,7,0.010572773
2ff0e3b07bcf42e03f9e105342628a6ae9b9ab9f27ef4c4ed1e4b2736bbc07eb,2025,8,0.012044709
2ff0e3b07bcf42e03f9e105342628a6ae9b9ab9f27ef4c4ed1e4b2736bbc07eb,2025,9,0.034887657
2ff0e3b07bcf42e03f9e105342628a6ae9b9ab9f27ef4c4ed1e4b2736bbc07eb,2025,10,0.14681834
303139e8eac0761e54dfe312a46f8f9f437179662ec636c6343ec14efa9475e5,2025,5,0.18410966
303139e8eac0761e54dfe312a46f8f9f437179662ec636c6343ec14efa9475e5,2025,6,0.04315234
303139e8eac0761e54dfe312a46f8f9f437179662ec636c6343ec14efa9475e5,2025,7,0.026926545
303139e8eac0761e54dfe312a46f8f9f437179662ec636c6343ec14efa9475e5,2025,8,0.028508514
303139e8eac0761e54dfe312a46f8f9f437179662ec636c6343ec14efa9475e5,2025,9,0.10719753
303139e8eac0761e54dfe312a46f8f9f437179662ec636c6343ec14efa9475e5,2025,10,0.35648546
3131a9acf44291fa477e8871c254a7726e7d1236e6d98a37340f6212f7e3bab6,2025,5,0.050885666
3131a9acf44291fa477e8871c254a7726e7d1236e6d98a37340f6212f7e3bab6,2025,6,0.017304074
3131a9acf44291fa477e8871c254a7726e7d1236e6d98a37340f6212f7e3bab6,2025,7,0.012389183
3131a9acf44291fa477e8871c254a7726e7d1236e6d98a37340f6212f7e3bab6,2025,8,0.013300816
3131a9acf44291fa477e8871c254a7726e7d1236e6d98a37340f6212f7e3bab6,2025,9,0.020469561
3131a9acf44291fa477e8871c254a7726e7d1236e6d98a37340f6212f7e3bab6,2025,10,0.0835772
319a4da0c0eec04feecb2dcba71bf7ca044677a06ab46f60f859c6255152b175,2025,5,0.04114399
319a4da0c0eec04feecb2dcba71bf7ca044677a06ab46f60f859c6255152b175,2025,6,0.008120305
319a4da0c0eec04feecb2dcba71bf7ca044677a06ab46f60f859c6255152b175,2025,7,0.00641658
319a4da0c0eec04feecb2dcba71bf7ca044677a06ab46f60f859c6255152b175,2025,8,0.006734583
319a4da0c0eec04feecb2dcba71bf7ca044677a06ab46f60f859c6255152b175,2025,9,0.014563993
319a4da0c0eec04feecb2dcba71bf7ca044677a06ab46f60f859c6255152b175,2025,10,0.0676353
3287fd72caa9d4c030242e2ce8025bf922aa5e84acb01ec0b1c8d0642159cda4,2025,5,0.03932847
3287fd72caa9d4c030242e2ce8025bf922aa5e84acb01ec0b1c8d0642159cda4,2025,6,1.8622115e-05
3287fd72caa9d4c030242e2ce8025bf922aa5e84acb01ec0b1c8d0642159cda4,2025,7,5.6263947e-05
3287fd72caa9d4c030242e2ce8025bf922aa5e84acb01ec0b1c8d0642159cda4,2025,8,1.8626451e-09
3287fd72caa9d4c030242e2ce8025bf922aa5e84acb01ec0b1c8d0642159cda4,2025,9,0.019217122
3287fd72caa9d4c030242e2ce8025bf922aa5e84acb01ec0b1c8d0642159cda4,2025,10,0.09042466
32ce77f250bae7a0f8dbe78f95730f9ae7efa2aabd7882402e2158bd08fbf70c,2025,5,0.1813067
32ce77f250bae7a0f8dbe78f95730f9ae7efa2aabd7882402e2158bd08fbf70c,2025,6,0.06285895
32ce77f250bae7a0f8dbe78f95730f9ae7efa2aabd7882402e2158bd08fbf70c,2025,7,0.046870727
32ce77f250bae7a0f8dbe78f95730f9ae7efa2aabd7882402e2158bd08fbf70c,2025,8,0.060088504
32ce77f250bae7a0f8dbe78f95730f9ae7efa2aabd7882402e2158bd08fbf70c,2025,9,0.09690327
32ce77f250bae7a0f8dbe78f95730f9ae7efa2aabd7882402e2158bd08fbf70c,2025,10,0.28704223
32f3aa73fd1c75615c31e4b9aa8d05433c3de42c42f85288cb676c550111432c,2025,5,0.12432678
32f3aa73fd1c75615c31e4b9aa8d05433c3de42c42f85288cb676c550111432c,2025,6,0.036542524
32f3aa73fd1c75615c31e4b9aa8d05433c3de42c42f85288cb676c550111432c,2025,7,0.032794833
32f3aa73fd1c75615c31e4b9aa8d05433c3de42c42f85288cb676c550111432c,2025,8,0.03781986
32f3aa73fd1c75615c31e4b9aa8d05433c3de42c42f85288cb676c550111432c,2025,9,0.19211029
32f3aa73fd1c75615c31e4b9aa8d05433c3de42c42f85288cb676c550111432c,2025,10,0.45719302
338bae248897479ebd7357a87696415492a3126f36189cf86bd6bb80df1b1f3d,2025,5,0.05991755
338bae248897479ebd7357a87696415492a3126f36189cf86bd6bb80df1b1f3d,2025,6,0.013178533
338bae248897479ebd7357a87696415492a3126f36189cf86bd6bb80df1b1f3d,2025,7,0.011317104
338bae248897479ebd7357a87696415492a3126f36189cf86bd6bb80df1b1f3d,2025,8,0.010706239
338bae248897479ebd7357a87696415492a3126f36189cf86bd6bb80df1b1f3d,2025,9,0.020595105
338bae248897479ebd7357a87696415492a3126f36189cf86bd6bb80df1b1f3d,2025,10,0.09165165
338c7a6ce833d3218fc8104d5d103aae715c5ba616e84385bf38053491bba555,2025,5,0.030544437
338c7a6ce833d3218fc8104d5d103aae715c5ba616e84385bf38053491bba555,2025,6,0.009568165
338c7a6ce833d3218fc8104d5d103aae715c5ba616e84385bf38053491bba555,2025,7,0.009234329
338c7a6ce833d3218fc8104d5d103aae715c5ba616e84385bf38053491bba555,2025,8,0.008697402
338c7a6ce833d3218fc8104d5d103aae715c5ba616e84385bf38053491bba555,2025,9,0.013266785
338c7a6ce833d3218fc8104d5d103aae715c5ba616e84385bf38053491bba555,2025,10,0.050606724
34506b15f2ca9972858a05daf5590a773fd316dd08de047b117e607cb233edaa,2025,5,0.012979419
34506b15f2ca9972858a05daf5590a773fd316dd08de047b117e607cb233edaa,2025,6,0.005569188
34506b15f2ca9972858a05daf5590a773fd316dd08de047b117e607cb233edaa,2025,7,0.0054682866
34506b15f2ca9972858a05daf5590a773fd316dd08de047b117e607cb233edaa,2025,8,0.0047152387
34506b15f2ca9972858a05daf5590a773fd316dd08de047b117e607cb233edaa,2025,9,0.0086845765
34506b15f2ca9972858a05daf5590a773fd316dd08de047b117e607cb233edaa,2025,10,0.0076500336
348f25ee74e33787399e1bbd74b3a8911d20efd1bc2029ac1a37c4908f5e7b0e,2025,5,0.03979209
348f25ee74e33787399e1bbd74b3a8911d20efd1bc2029ac1a37c4908f5e7b0e,2025,6,0.010709915
348f25ee74e33787399e1bbd74b3a8911d20efd1bc2029ac1a37c4908f5e7b0e,2025,7,0.009718407
348f25ee74e33787399e1bbd74b3a8911d20efd1bc2029ac1a37c4908f5e7b0e,2025,8,0.010082925
348f25ee74e33787399e1bbd74b3a8911d20efd1bc2029ac1a37c4908f5e7b0e,2025,9,0.015875854
348f25ee74e33787399e1bbd74b3a8911d20efd1bc2029ac1a37c4908f5e7b0e,2025,10,0.061140317
34a0d35cae2857af0f77cae41962c9db7633121f28ade7987a6cc36c750bb413,2025,5,0.040196657
34a0d35cae2857af0f77cae41962c9db7633121f28ade7987a6cc36c750bb413,2025,6,0.00991891
34a0d35cae2857af0f77cae41962c9db7633121f28ade7987a6cc36c750bb413,2025,7,0.008900259
34a0d35cae2857af0f77cae41962c9db7633121f28ade7987a6cc36c750bb413,2025,8,0.0066732694
34a0d35cae2857af0f77cae41962c9db7633121f28ade7987a6cc36c750bb413,2025,9,0.011204248
34a0d35cae2857af0f77cae41962c9db7633121f28ade7987a6cc36c750bb413,2025,10,0.06600024
34e6bf95ee25411045391c633fbeca9bc16266a6fb581c9129c1f541ddff9e4b,2025,5,0.052920207
34e6bf95ee25411045391c633fbeca9bc16266a6fb581c9129c1f541ddff9e4b,2025,6,0.014407885
34e6bf95ee25411045391c633fbeca9bc16266a6fb581c9129c1f541ddff9e4b,2025,7,0.012775197
34e6bf95ee25411045391c633fbeca9bc16266a6fb581c9129c1f541ddff9e4b,2025,8,0.01730723
34e6bf95ee25411045391c633fbeca9bc16266a6fb581c9129c1f541ddff9e4b,2025,9,0.04193183
34e6bf95ee25411045391c633fbeca9bc16266a6fb581c9129c1f541ddff9e4b,2025,10,0.110650934
34f28ac8caafa19c5eec8faf455fb85fedcda7d74384c953dec5baa99a28b57d,2025,5,0.086003594
34f28ac8caafa19c5eec8faf455fb85fedcda7d74384c953dec5baa99a28b57d,2025,6,0.010247227
34f28ac8caafa19c5eec8faf455fb85fedcda7d74384c953dec5baa99a28b57d,2025,7,0.008576834
34f28ac8caafa19c5eec8faf455fb85fedcda7d74384c953dec5baa99a28b57d,2025,8,0.008487494
34f28ac8caafa19c5eec8faf455fb85fedcda7d74384c953dec5baa99a28b57d,2025,9,0.020345008
34f28ac8caafa19c5eec8faf455fb85fedcda7d74384c953dec5baa99a28b57d,2025,10,0.15190497
354c0ce9ecdbb10d27db86b239e50f448cb9669b19050cdef7f506d8defb3459,2025,5,0.069861606
354c0ce9ecdbb10d27db86b239e50f448cb9669b19050cdef7f506d8defb3459,2025,6,0.042768046
354c0ce9ecdbb10d27db86b239e50f448cb9669b19050cdef7f506d8defb3459,2025,7,0.034413535
354c0ce9ecdbb10d27db86b239e50f448cb9669b19050cdef7f506d8defb3459,2025,8,0.035188925
354c0ce9ecdbb10d27db86b239e50f448cb9669b19050cdef7f506d8defb3459,2025,9,0.07004829
354c0ce9ecdbb10d27db86b239e50f448cb9669b19050cdef7f506d8defb3459,2025,10,0.18382783
3575eed39a80848ee2587bebb0845364db00e97d0cacc180c01b17c8c5b6bee8,2025,5,0.018416716
3575eed39a80848ee2587bebb0845364db00e97d0cacc180c01b17c8c5b6bee8,2025,6,0.012283529
3575eed39a80848ee2587bebb0845364db00e97d0cacc180c01b17c8c5b6bee8,2025,7,0.015335702
3575eed39a80848ee2587bebb0845364db00e97d0cacc180c01b17c8c5b6bee8,2025,8,0.018372623
3575eed39a80848ee2587bebb0845364db00e97d0cacc180c01b17c8c5b6bee8,2025,9,0.015378526
3575eed39a80848ee2587bebb0845364db00e97d0cacc180c01b17c8c5b6bee8,2025,10,0.028479032
358bcff063e97065c7a01e811bad97b69442dd982b6ef8f973a34e4a50ba8812,2025,5,0.05193983
358bcff063e97065c7a01e811bad97b69442dd982b6ef8f973a34e4a50ba8812,2025,6,0.019984746
358bcff063e97065c7a01e811bad97b69442dd982b6ef8f973a34e4a50ba8812,2025,7,0.014425308
358bcff063e97065c7a01e811bad97b69442dd982b6ef8f973a34e4a50ba8812,2025,8,0.01665993
358bcff063e97065c7a01e811bad97b69442dd982b6ef8f973a34e4a50ba8812,2025,9,0.02393852
358bcff063e97065c7a01e811bad97b69442dd982b6ef8f973a34e4a50ba8812,2025,10,0.059616916
359d295b8157bba6e09eaab8ff68737d107ad6130e024665f84f09e185d34222,2025,5,0.044977393
359d295b8157bba6e09eaab8ff68737d107ad6130e024665f84f09e185d34222,2025,6,0.01722118
359d295b8157bba6e09eaab8ff68737d107ad6130e024665f84f09e185d34222,2025,7,0.015199376
359d295b8157bba6e09eaab8ff68737d107ad6130e024665f84f09e185d34222,2025,8,0.009176109
359d295b8157bba6e09eaab8ff68737d107ad6130e024665f84f09e185d34222,2025,9,0.016794065
359d295b8157bba6e09eaab8ff68737d107ad6130e024665f84f09e185d34222,2025,10,0.06592648
35e4e6e3dad687948b473d5752866561801d6006701519a0b2e26fdd37af6298,2025,5,0.016870873
35e4e6e3dad687948b473d5752866561801d6006701519a0b2e26fdd37af6298,2025,6,0.005338927
35e4e6e3dad687948b473d5752866561801d6006701519a0b2e26fdd37af6298,2025,7,0.004128091
35e4e6e3dad687948b473d5752866561801d6006701519a0b2e26fdd37af6298,2025,8,0.0048406664
35e4e6e3dad687948b473d5752866561801d6006701519a0b2e26fdd37af6298,2025,9,0.00940448
35e4e6e3dad687948b473d5752866561801d6006701519a0b2e26fdd37af6298,2025,10,0.043112367
3614998a112ef27de23e4e54b4afa56a377712e95abee30e7ff94e0646c49d14,2025,5,0.043985225
3614998a112ef27de23e4e54b4afa56a377712e95abee30e7ff94e0646c49d14,2025,6,0.015219491
3614998a112ef27de23e4e54b4afa56a377712e95abee30e7ff94e0646c49d14,2025,7,0.013393329
3614998a112ef27de23e4e54b4afa56a377712e95abee30e7ff94e0646c49d14,2025,8,0.017372316
3614998a112ef27de23e4e54b4afa56a377712e95abee30e7ff94e0646c49d14,2025,9,0.030598091
3614998a112ef27de23e4e54b4afa56a377712e95abee30e7ff94e0646c49d14,2025,10,0.071090184
36bac08315f0d89e69ff8732ca8f37f4341d54ca94bc569daea80490ce9bc2ff,2025,5,0.24286222
36bac08315f0d89e69ff8732ca8f37f4341d54ca94bc569daea80490ce9bc2ff,2025,6,0.17446367
36bac08315f0d89e69ff8732ca8f37f4341d54ca94bc569daea80490ce9bc2ff,2025,7,0.16916393
36bac08315f0d89e69ff8732ca8f37f4341d54ca94bc569daea80490ce9bc2ff,2025,8,0.17058718
36bac08315f0d89e69ff8732ca8f37f4341d54ca94bc569daea80490ce9bc2ff,2025,9,0.36614096
37499ac7c21e70871c56a65695c53f7f9a83ffa9f61140a77bbc7de8d53e4b7b,2025,5,0.07493536
37499ac7c21e70871c56a65695c53f7f9a83ffa9f61140a77bbc7de8d53e4b7b,2025,6,0.029073868
37499ac7c21e70871c56a65695c53f7f9a83ffa9f61140a77bbc7de8d53e4b7b,2025,7,3.094801e-07
37499ac7c21e70871c56a65695c53f7f9a83ffa9f61140a77bbc7de8d53e4b7b,2025,8,0.023717795
37499ac7c21e70871c56a65695c53f7f9a83ffa9f61140a77bbc7de8d53e4b7b,2025,9,0.023816679
376e93ee848fd174b21e1598a436eaf5181f320015debb65779d397fbb9ba199,2025,5,0.17037208
376e93ee848fd174b21e1598a436eaf5181f320015debb65779d397fbb9ba199,2025,6,0.027695598
376e93ee848fd174b21e1598a436eaf5181f320015debb65779d397fbb9ba199,2025,7,0.017992241
376e93ee848fd174b21e1598a436eaf5181f320015debb65779d397fbb9ba199,2025,8,0.03596308
376e93ee848fd174b21e1598a436eaf5181f320015debb65779d397fbb9ba199,2025,9,0.08825778
376e93ee848fd174b21e1598a436eaf5181f320015debb65779d397fbb9ba199,2025,10,0.27423763
37a3b79e39c2a5d921c00b1eabaf1e0f8117fe0548b105f4764580b04ef38f2a,2025,5,0.052430306
37a3b79e39c2a5d921c00b1eabaf1e0f8117fe0548b105f4764580b04ef38f2a,2025,6,0.013298284
37a3b79e39c2a5d921c00b1eabaf1e0f8117fe0548b105f4764580b04ef38f2a,2025,9,0.1706408
37a3b79e39c2a5d921c00b1eabaf1e0f8117fe0548b105f4764580b04ef38f2a,2025,10,0.095906705
37e51db6b1d3d8bdb8e6c7688509e2d0ca683dc2b4fd2cb2149d0f5395a1d1d7,2025,5,0.018567825
37e51db6b1d3d8bdb8e6c7688509e2d0ca683dc2b4fd2cb2149d0f5395a1d1d7,2025,6,0.0080083255
37e51db6b1d3d8bdb8e6c7688509e2d0ca683dc2b4fd2cb2149d0f5395a1d1d7,2025,7,0.010470394
37e51db6b1d3d8bdb8e6c7688509e2d0ca683dc2b4fd2cb2149d0f5395a1d1d7,2025,8,0.00753298
37e51db6b1d3d8bdb8e6c7688509e2d0ca683dc2b4fd2cb2149d0f5395a1d1d7,2025,9,0.008938764
37e51db6b1d3d8bdb8e6c7688509e2d0ca683dc2b4fd2cb2149d0f5395a1d1d7,2025,10,0.061149813
387ed82fb8a86970192a0a1de86fbf3bb6daccf0fe74c9c9565d325d2a21887b,2025,5,0.035236258
387ed82fb8a86970192a0a1de86fbf3bb6daccf0fe74c9c9565d325d2a21887b,2025,6,0.01785848
387ed82fb8a86970192a0a1de86fbf3bb6daccf0fe74c9c9565d325d2a21887b,2025,7,0.016844135
387ed82fb8a86970192a0a1de86fbf3bb6daccf0fe74c9c9565d325d2a21887b,2025,8,0.014948725
387ed82fb8a86970192a0a1de86fbf3bb6daccf0fe74c9c9565d325d2a21887b,2025,9,0.020519119
387ed82fb8a86970192a0a1de86fbf3bb6daccf0fe74c9c9565d325d2a21887b,2025,10,0.060651645
390086226c2fa53164c5eb905aca34719d5171ca44ce1c76e6501708ace1f402,2025,5,0.18287481
390086226c2fa53164c5eb905aca34719d5171ca44ce1c76e6501708ace1f402,2025,6,0.0012668811
390086226c2fa53164c5eb905aca34719d5171ca44ce1c76e6501708ace1f402,2025,7,0.0011938391
390086226c2fa53164c5eb905aca34719d5171ca44ce1c76e6501708ace1f402,2025,8,0.004635802
390086226c2fa53164c5eb905aca34719d5171ca44ce1c76e6501708ace1f402,2025,9,0.049535025
390086226c2fa53164c5eb905aca34719d5171ca44ce1c76e6501708ace1f402,2025,10,0.27789414
390d8bca8ff15aa7b8739e96d0bbd174d240ffb4c3ca254e1f2e93839dbf0705,2025,5,0.033228718
390d8bca8ff15aa7b8739e96d0bbd174d240ffb4c3ca254e1f2e93839dbf0705,2025,6,0.013187852
390d8bca8ff15aa7b8739e96d0bbd174d240ffb4c3ca254e1f2e93839dbf0705,2025,7,0.012422931
390d8bca8ff15aa7b8739e96d0bbd174d240ffb4c3ca254e1f2e93839dbf0705,2025,8,0.016539117
390d8bca8ff15aa7b8739e96d0bbd174d240ffb4c3ca254e1f2e93839dbf0705,2025,9,0.03056598
390d8bca8ff15aa7b8739e96d0bbd174d240ffb4c3ca254e1f2e93839dbf0705,2025,10,0.06085398
3984783c0469008842604048d4a09bd672b372563c421950c1afc63100b00af1,2025,5,0.040393684
3984783c0469008842604048d4a09bd672b372563c421950c1afc63100b00af1,2025,6,0.016806906
3984783c0469008842604048d4a09bd672b372563c421950c1afc63100b00af1,2025,7,0.01619434
3984783c0469008842604048d4a09bd672b372563c421950c1afc63100b00af1,2025,8,0.016725088
3984783c0469008842604048d4a09bd672b372563c421950c1afc63100b00af1,2025,9,0.0397542
3984783c0469008842604048d4a09bd672b372563c421950c1afc63100b00af1,2025,10,0.14151543
39b7c55a2447ee58847fdf1fbc214fe19ff6554b466a4248b17836a04398bc57,2025,5,0.042441342
39b7c55a2447ee58847fdf1fbc214fe19ff6554b466a4248b17836a04398bc57,2025,6,0.013513689
39b7c55a2447ee58847fdf1fbc214fe19ff6554b466a4248b17836a04398bc57,2025,7,0.03251366
39b7c55a2447ee58847fdf1fbc214fe19ff6554b466a4248b17836a04398bc57,2025,8,0.0148810465
39b7c55a2447ee58847fdf1fbc214fe19ff6554b466a4248b17836a04398bc57,2025,9,0.019331805
39b7c55a2447ee58847fdf1fbc214fe19ff6554b466a4248b17836a04398bc57,2025,10,0.047937084
39f66f2f9807fb085eea698935dd568d0ef41ecbaeffe234a2f9544bcc705653,2025,5,0.02423475
39f66f2f9807fb085eea698935dd568d0ef41ecbaeffe234a2f9544bcc705653,2025,6,0.009428446
39f66f2f9807fb085eea698935dd568d0ef41ecbaeffe234a2f9544bcc705653,2025,7,0.006537912
39f66f2f9807fb085eea698935dd568d0ef41ecbaeffe234a2f9544bcc705653,2025,8,0.0076234546
39f66f2f9807fb085eea698935dd568d0ef41ecbaeffe234a2f9544bcc705653,2025,9,0.009578729
39f66f2f9807fb085eea698935dd568d0ef41ecbaeffe234a2f9544bcc705653,2025,10,0.054670732
3a7f8db3395fbfc8ff18dd7a569c25fba5cb6b6b8027b0a40197a8bdc2a89112,2025,5,0.12113742
3a7f8db3395fbfc8ff18dd7a569c25fba5cb6b6b8027b0a40197a8bdc2a89112,2025,6,0.020398742
3a7f8db3395fbfc8ff18dd7a569c25fba5cb6b6b8027b0a40197a8bdc2a89112,2025,7,0.016432606
3a7f8db3395fbfc8ff18dd7a569c25fba5cb6b6b8027b0a40197a8bdc2a89112,2025,8,0.017941331
3a7f8db3395fbfc8ff18dd7a569c25fba5cb6b6b8027b0a40197a8bdc2a89112,2025,9,0.030732196
3a7f8db3395fbfc8ff18dd7a569c25fba5cb6b6b8027b0a40197a8bdc2a89112,2025,10,0.15501116
3b4a3a48242c58022ffcedf96c284b20cf360dcff974b14716a36a4e5115389e,2025,5,0.26327607
3b4a3a48242c58022ffcedf96c284b20cf360dcff974b14716a36a4e5115389e,2025,6,0.033297773
3b4a3a48242c58022ffcedf96c284b20cf360dcff974b14716a36a4e5115389e,2025,7,0.028397577
3b4a3a48242c58022ffcedf96c284b20cf360dcff974b14716a36a4e5115389e,2025,8,0.044702034
3b4a3a48242c58022ffcedf96c284b20cf360dcff974b14716a36a4e5115389e,2025,9,0.12768662
3b4a3a48242c58022ffcedf96c284b20cf360dcff974b14716a36a4e5115389e,2025,10,0.32493564
3b91bd7cb605703d3e1bc2b7327a0f02941d1bcc73d8b074aa26c117a1e04d11,2025,5,0.100174576
3b91bd7cb605703d3e1bc2b7327a0f02941d1bcc73d8b074aa26c117a1e04d11,2025,6,0.029772824
3b91bd7cb605703d3e1bc2b7327a0f02941d1bcc73d8b074aa26c117a1e04d11,2025,7,0.028608061
3b91bd7cb605703d3e1bc2b7327a0f02941d1bcc73d8b074aa26c117a1e04d11,2025,8,0.029148811
3b91bd7cb605703d3e1bc2b7327a0f02941d1bcc73d8b074aa26c117a1e04d11,2025,9,0.06001556
3b91bd7cb605703d3e1bc2b7327a0f02941d1bcc73d8b074aa26c117a1e04d11,2025,10,0.2393385
3b9c69e51bb2908a9c9b922475a4d8c1f9c98571909fe67cb49dceab0aa9893f,2025,5,0.050818875
3b9c69e51bb2908a9c9b922475a4d8c1f9c98571909fe67cb49dceab0aa9893f,2025,6,0.01768613
3b9c69e51bb2908a9c9b922475a4d8c1f9c98571909fe67cb49dceab0aa9893f,2025,7,0.0059801564
3b9c69e51bb2908a9c9b922475a4d8c1f9c98571909fe67cb49dceab0aa9893f,2025,8,0.0066622617
3b9c69e51bb2908a9c9b922475a4d8c1f9c98571909fe67cb49dceab0aa9893f,2025,9,0.052791573
3b9c69e51bb2908a9c9b922475a4d8c1f9c98571909fe67cb49dceab0aa9893f,2025,10,0.060343537
3c62cc5f1379633332d484687800908f08158e54a20ff8b833a42452c0ff8017,2025,5,0.07998635
3c62cc5f1379633332d484687800908f08158e54a20ff8b833a42452c0ff8017,2025,6,0.017957976
3c62cc5f1379633332d484687800908f08158e54a20ff8b833a42452c0ff8017,2025,7,0.017839745
3c62cc5f1379633332d484687800908f08158e54a20ff8b833a42452c0ff8017,2025,8,0.015166377
3c62cc5f1379633332d484687800908f08158e54a20ff8b833a42452c0ff8017,2025,9,0.03252158
3c62cc5f1379633332d484687800908f08158e54a20ff8b833a42452c0ff8017,2025,10,0.19774479
3da91accf817df33c1a023b666792fb425b56e618f0cd6a1ed513257f17f1303,2025,5,0.02664564
3da91accf817df33c1a023b666792fb425b56e618f0cd6a1ed513257f17f1303,2025,6,0.010550936
3da91accf817df33c1a023b666792fb425b56e618f0cd6a1ed513257f17f1303,2025,7,0.010460386
3da91accf817df33c1a023b666792fb425b56e618f0cd6a1ed513257f17f1303,2025,8,0.012972173
3da91accf817df33c1a023b666792fb425b56e618f0cd6a1ed513257f17f1303,2025,9,0.017099984
3da91accf817df33c1a023b666792fb425b56e618f0cd6a1ed513257f17f1303,2025,10,0.03775614
3e48ef633fbf96aa9e940caaf72705b2433a030ad070592ec22a440e8d3deb1a,2025,5,0.07516698
3e48ef633fbf96aa9e940caaf72705b2433a030ad070592ec22a440e8d3deb1a,2025,6,0.0059850295
3e48ef633fbf96aa9e940caaf72705b2433a030ad070592ec22a440e8d3deb1a,2025,7,0.011721184
3e48ef633fbf96aa9e940caaf72705b2433a030ad070592ec22a440e8d3deb1a,2025,8,0.01601119
3e48ef633fbf96aa9e940caaf72705b2433a030ad070592ec22a440e8d3deb1a,2025,9,0.03290097
3e48ef633fbf96aa9e940caaf72705b2433a030ad070592ec22a440e8d3deb1a,2025,10,0.11259913
3e730a396a0a8a4793d084c553f85abd88e155dc87f6efa446581f07dbc739d5,2025,5,0.035587955
3e730a396a0a8a4793d084c553f85abd88e155dc87f6efa446581f07dbc739d5,2025,6,0.013732488
3e730a396a0a8a4793d084c553f85abd88e155dc87f6efa446581f07dbc739d5,2025,7,0.014833217
3e730a396a0a8a4793d084c553f85abd88e155dc87f6efa446581f07dbc739d5,2025,8,0.016328497
3e730a396a0a8a4793d084c553f85abd88e155dc87f6efa446581f07dbc739d5,2025,9,0.0330374
3e730a396a0a8a4793d084c553f85abd88e155dc87f6efa446581f07dbc739d5,2025,10,0.13885236
3ee8c7afb655816646ef0c29c14a66d18ce8b22ae67a53d099bed895f4cec758,2025,5,0.032064762
3ee8c7afb655816646ef0c29c14a66d18ce8b22ae67a53d099bed895f4cec758,2025,6,0.016882682
3ee8c7afb655816646ef0c29c14a66d18ce8b22ae67a53d099bed895f4cec758,2025,7,0.013096282
3ee8c7afb655816646ef0c29c14a66d18ce8b22ae67a53d099bed895f4cec758,2025,8,0.014416617
3ee8c7afb655816646ef0c29c14a66d18ce8b22ae67a53d099bed895f4cec758,2025,9,0.010187538
3ee8c7afb655816646ef0c29c14a66d18ce8b22ae67a53d099bed895f4cec758,2025,10,0.04325738
3ef46eb74164137a17b29db6388168faf6dcda4baf9d0524efecbfd8db0d5517,2025,5,0.015094364
3ef46eb74164137a17b29db6388168faf6dcda4baf9d0524efecbfd8db0d5517,2025,6,0.0053767865
3ef46eb74164137a17b29db6388168faf6dcda4baf9d0524efecbfd8db0d5517,2025,7,0.004932825
3ef46eb74164137a17b29db6388168faf6dcda4baf9d0524efecbfd8db0d5517,2025,8,0.004824168
3ef46eb74164137a17b29db6388168faf6dcda4baf9d0524efecbfd8db0d5517,2025,9,0.0063584424
3ef46eb74164137a17b29db6388168faf6dcda4baf9d0524efecbfd8db0d5517,2025,10,0.030782847
3f9633e720d2fdfcf21484040253527613ad178c22890973f11e1fc63ec2da24,2025,5,0.053405173
3f9633e720d2fdfcf21484040253527613ad178c22890973f11e1fc63ec2da24,2025,6,0.022886846
3f9633e720d2fdfcf21484040253527613ad178c22890973f11e1fc63ec2da24,2025,7,0.021504488
3f9633e720d2fdfcf21484040253527613ad178c22890973f11e1fc63ec2da24,2025,8,0.021259967
3f9633e720d2fdfcf21484040253527613ad178c22890973f11e1fc63ec2da24,2025,9,0.053315647
3f9633e720d2fdfcf21484040253527613ad178c22890973f11e1fc63ec2da24,2025,10,0.27404916
3fe9b43d3c2ca4dca68a63316d8b786a814646bdd3938fb7435ccc9152facc56,2025,5,0.014846731
3fe9b43d3c2ca4dca68a63316d8b786a814646bdd3938fb7435ccc9152facc56,2025,6,0.0014282508
3fe9b43d3c2ca4dca68a63316d8b786a814646bdd3938fb7435ccc9152facc56,2025,7,0.0011302669
3fe9b43d3c2ca4dca68a63316d8b786a814646bdd3938fb7435ccc9152facc56,2025,8,0.0014262393
3fe9b43d3c2ca4dca68a63316d8b786a814646bdd3938fb7435ccc9152facc56,2025,9,0.01447894
3fe9b43d3c2ca4dca68a63316d8b786a814646bdd3938fb7435ccc9152facc56,2025,10,0.032257047
3ff350a18ed265ac520cb332d5a57705ed906254540e7a2e2b89bf5ae0db5194,2025,5,0.07656126
3ff350a18ed265ac520cb332d5a57705ed906254540e7a2e2b89bf5ae0db5194,2025,6,0.018274399
3ff350a18ed265ac520cb332d5a57705ed906254540e7a2e2b89bf5ae0db5194,2025,7,0.015759092
3ff350a18ed265ac520cb332d5a57705ed906254540e7a2e2b89bf5ae0db5194,2025,8,0.02129935
3ff350a18ed265ac520cb332d5a57705ed906254540e7a2e2b89bf5ae0db5194,2025,9,0.048842784
3ff350a18ed265ac520cb332d5a57705ed906254540e7a2e2b89bf5ae0db5194,2025,10,0.18358055
41263e6b4d2d77ff2afaeab5f1eaae1a6556bd56d083c6adbcb97f6e5d259208,2025,5,0.062581405
41263e6b4d2d77ff2afaeab5f1eaae1a6556bd56d083c6adbcb97f6e5d259208,2025,6,0.04963975
41263e6b4d2d77ff2afaeab5f1eaae1a6556bd56d083c6adbcb97f6e5d259208,2025,7,0.042796515
41263e6b4d2d77ff2afaeab5f1eaae1a6556bd56d083c6adbcb97f6e5d259208,2025,8,0.043855563
41263e6b4d2d77ff2afaeab5f1eaae1a6556bd56d083c6adbcb97f6e5d259208,2025,9,0.04946672
41263e6b4d2d77ff2afaeab5f1eaae1a6556bd56d083c6adbcb97f6e5d259208,2025,10,0.09371756
4186e304b2c4ae0e5752520f7b33626441b3fd8e1495a52f07c235143cbb8c18,2025,5,0.1199301
4186e304b2c4ae0e5752520f7b33626441b3fd8e1495a52f07c235143cbb8c18,2025,6,0.05489802
4186e304b2c4ae0e5752520f7b33626441b3fd8e1495a52f07c235143cbb8c18,2025,7,0.048197404
4186e304b2c4ae0e5752520f7b33626441b3fd8e1495a52f07c235143cbb8c18,2025,8,0.042953797
4186e304b2c4ae0e5752520f7b33626441b3fd8e1495a52f07c235143cbb8c18,2025,9,0.07144311
4186e304b2c4ae0e5752520f7b33626441b3fd8e1495a52f07c235143cbb8c18,2025,10,0.2846647
41ee9e6aa5b78b35b6a2cbf8bc962d02125d43ac63ce3c41f929fa3884680aa1,2025,5,0.030977728
41ee9e6aa5b78b35b6a2cbf8bc962d02125d43ac63ce3c41f929fa3884680aa1,2025,6,0.0062912116
41ee9e6aa5b78b35b6a2cbf8bc962d02125d43ac63ce3c41f929fa3884680aa1,2025,7,0.0062402003
41ee9e6aa5b78b35b6a2cbf8bc962d02125d43ac63ce3c41f929fa3884680aa1,2025,8,0.0064277016
41ee9e6aa5b78b35b6a2cbf8bc962d02125d43ac63ce3c41f929fa3884680aa1,2025,9,0.008999817
41ee9e6aa5b78b35b6a2cbf8bc962d02125d43ac63ce3c41f929fa3884680aa1,2025,10,0.03943975
425b5ff504d8283ba697eccac3ce392eb1ceb74584ff153787d152a20355123e,2025,5,0.060550913
425b5ff504d8283ba697eccac3ce392eb1ceb74584ff153787d152a20355123e,2025,6,0.015960388
425b5ff504d8283ba697eccac3ce392eb1ceb74584ff153787d152a20355123e,2025,7,0.01854708
425b5ff504d8283ba697eccac3ce392eb1ceb74584ff153787d152a20355123e,2025,8,0.018813081
425b5ff504d8283ba697eccac3ce392eb1ceb74584ff153787d152a20355123e,2025,9,0.019199071
425b5ff504d8283ba697eccac3ce392eb1ceb74584ff153787d152a20355123e,2025,10,0.07886772
42b6d6e9cfb211fe155f1d3d938b707bb7524462ba407716e62fe7a0f5fc5eb6,2025,5,0.04973079
42b6d6e9cfb211fe155f1d3d938b707bb7524462ba407716e62fe7a0f5fc5eb6,2025,6,0.01870723
42b6d6e9cfb211fe155f1d3d938b707bb7524462ba407716e62fe7a0f5fc5eb6,2025,7,0.013415751
42b6d6e9cfb211fe155f1d3d938b707bb7524462ba407716e62fe7a0f5fc5eb6,2025,8,0.0136449225
42b6d6e9cfb211fe155f1d3d938b707bb7524462ba407716e62fe7a0f5fc5eb6,2025,9,0.022792095
42b6d6e9cfb211fe155f1d3d938b707bb7524462ba407716e62fe7a0f5fc5eb6,2025,10,0.0673778
436ff8e761381556134b93e03d687ead23b920a9a06875fedbc58ad44938c7bc,2025,5,0.11208734
436ff8e761381556134b93e03d687ead23b920a9a06875fedbc58ad44938c7bc,2025,6,0.037604142
436ff8e761381556134b93e03d687ead23b920a9a06875fedbc58ad44938c7bc,2025,7,0.02790208
436ff8e761381556134b93e03d687ead23b920a9a06875fedbc58ad44938c7bc,2025,8,0.026401857
436ff8e761381556134b93e03d687ead23b920a9a06875fedbc58ad44938c7bc,2025,9,0.049291912
436ff8e761381556134b93e03d687ead23b920a9a06875fedbc58ad44938c7bc,2025,10,0.18077403
44704dd20023628fdf92c9262437e1baa1fa7aa301c9d4c1c573dc0545b5ed47,2025,5,0.021579625
44704dd20023628fdf92c9262437e1baa1fa7aa301c9d4c1c573dc0545b5ed47,2025,6,0.007946022
44704dd20023628fdf92c9262437e1baa1fa7aa301c9d4c1c573dc0545b5ed47,2025,7,0.0057637203
44704dd20023628fdf92c9262437e1baa1fa7aa301c9d4c1c573dc0545b5ed47,2025,8,0.010041881
44704dd20023628fdf92c9262437e1baa1fa7aa301c9d4c1c573dc0545b5ed47,2025,9,0.007878937
44704dd20023628fdf92c9262437e1baa1fa7aa301c9d4c1c573dc0545b5ed47,2025,10,0.053488944
44e71bf11fdaaee10d16cdce41c7fc206dc5e9a6e668fa894e2c0b690ec117ef,2025,5,0.06683819
44e71bf11fdaaee10d16cdce41c7fc206dc5e9a6e668fa894e2c0b690ec117ef,2025,6,0.027913703
44e71bf11fdaaee10d16cdce41c7fc206dc5e9a6e668fa894e2c0b690ec117ef,2025,7,0.020856453
44e71bf11fdaaee10d16cdce41c7fc206dc5e9a6e668fa894e2c0b690ec117ef,2025,8,0.028455056
44e71bf11fdaaee10d16cdce41c7fc206dc5e9a6e668fa894e2c0b690ec117ef,2025,9,0.039590515
44e71bf11fdaaee10d16cdce41c7fc206dc5e9a6e668fa894e2c0b690ec117ef,2025,10,0.087383226
44f25830b97ac76fb65e0f243d37398a50929a89265c981d24c394301a376457,2025,5,0.042793103
44f25830b97ac76fb65e0f243d37398a50929a89265c981d24c394301a376457,2025,6,0.031730182
44f25830b97ac76fb65e0f243d37398a50929a89265c981d24c394301a376457,2025,7,0.023773292
44f25830b97ac76fb65e0f243d37398a50929a89265c981d24c394301a376457,2025,8,0.03385001
44f25830b97ac76fb65e0f243d37398a50929a89265c981d24c394301a376457,2025,9,0.037805248
44f25830b97ac76fb65e0f243d37398a50929a89265c981d24c394301a376457,2025,10,0.07297935
45201bdadf9f1726bf9ad3bb4950620d2cbdc34cc431128c4c73113bbb4c2ad5,2025,5,0.070026375
45201bdadf9f1726bf9ad3bb4950620d2cbdc34cc431128c4c73113bbb4c2ad5,2025,6,0.009807844
45201bdadf9f1726bf9ad3bb4950620d2cbdc34cc431128c4c73113bbb4c2ad5,2025,7,0.009135521
45201bdadf9f1726bf9ad3bb4950620d2cbdc34cc431128c4c73113bbb4c2ad5,2025,8,0.010668683
45201bdadf9f1726bf9ad3bb4950620d2cbdc34cc431128c4c73113bbb4c2ad5,2025,9,0.03538485
45201bdadf9f1726bf9ad3bb4950620d2cbdc34cc431128c4c73113bbb4c2ad5,2025,10,0.14353338
4545a55de1e7d46fbfdbd79201cb8f87d94b7852232c6313f3a6a280dad7e260,2025,5,0.13998982
4545a55de1e7d46fbfdbd79201cb8f87d94b7852232c6313f3a6a280dad7e260,2025,6,0.042201433
4545a55de1e7d46fbfdbd79201cb8f87d94b7852232c6313f3a6a280dad7e260,2025,7,0.044868775
4545a55de1e7d46fbfdbd79201cb8f87d94b7852232c6313f3a6a280dad7e260,2025,8,0.046015482
4545a55de1e7d46fbfdbd79201cb8f87d94b7852232c6313f3a6a280dad7e260,2025,9,0.06227452
4545a55de1e7d46fbfdbd79201cb8f87d94b7852232c6313f3a6a280dad7e260,2025,10,0.2742392
454b7fa1d685c14098b72d3a9772499258ea9e3f78147229fa3873fd052d9514,2025,5,0.008720923
454b7fa1d685c14098b72d3a9772499258ea9e3f78147229fa3873fd052d9514,2025,6,5.681022e-06
454b7fa1d685c14098b72d3a9772499258ea9e3f78147229fa3873fd052d9514,2025,7,0.0033111805
454b7fa1d685c14098b72d3a9772499258ea9e3f78147229fa3873fd052d9514,2025,8,0.0011451329
454b7fa1d685c14098b72d3a9772499258ea9e3f78147229fa3873fd052d9514,2025,9,0.0022940624
454b7fa1d685c14098b72d3a9772499258ea9e3f78147229fa3873fd052d9514,2025,10,0.06002829
4594caeb1648fb9612ead8e023290c0b3b53d80911bdaf2ed2d8ee3056abb919,2025,5,0.03632935
4594caeb1648fb9612ead8e023290c0b3b53d80911bdaf2ed2d8ee3056abb919,2025,6,0.030063953
4594caeb1648fb9612ead8e023290c0b3b53d80911bdaf2ed2d8ee3056abb919,2025,7,0.032311015
4594caeb1648fb9612ead8e023290c0b3b53d80911bdaf2ed2d8ee3056abb919,2025,8,0.028951181
4594caeb1648fb9612ead8e023290c0b3b53d80911bdaf2ed2d8ee3056abb919,2025,9,0.024044225
4594caeb1648fb9612ead8e023290c0b3b53d80911bdaf2ed2d8ee3056abb919,2025,10,0.069748305
467f0552c3cff389f15c8ab2f458db768f93d6a799f31121f04ad48e2ade598f,2025,5,0.04545865
467f0552c3cff389f15c8ab2f458db768f93d6a799f31121f04ad48e2ade598f,2025,6,0.015924966
467f0552c3cff389f15c8ab2f458db768f93d6a799f31121f04ad48e2ade598f,2025,7,0.013302321
467f0552c3cff389f15c8ab2f458db768f93d6a799f31121f04ad48e2ade598f,2025,8,0.01177085
467f0552c3cff389f15c8ab2f458db768f93d6a799f31121f04ad48e2ade598f,2025,9,0.014817561
467f0552c3cff389f15c8ab2f458db768f93d6a799f31121f04ad48e2ade598f,2025,10,0.08947039
46b2fdc61c53bb21fbc92e47ec56d95ee8bb1e6ad6374ec2a1d7ae23851ed5f4,2025,5,0.02366008
46b2fdc61c53bb21fbc92e47ec56d95ee8bb1e6ad6374ec2a1d7ae23851ed5f4,2025,6,0.0019593583
46b2fdc61c53bb21fbc92e47ec56d95ee8bb1e6ad6374ec2a1d7ae23851ed5f4,2025,7,0.002571565
46b2fdc61c53bb21fbc92e47ec56d95ee8bb1e6ad6374ec2a1d7ae23851ed5f4,2025,8,0.002642365
46b2fdc61c53bb21fbc92e47ec56d95ee8bb1e6ad6374ec2a1d7ae23851ed5f4,2025,9,0.01386672
46b2fdc61c53bb21fbc92e47ec56d95ee8bb1e6ad6374ec2a1d7ae23851ed5f4,2025,10,0.070619725
46ef8778e229b5a977dfa1a24b1707c9a917a42c88863febdaa3c276d35161cf,2025,5,0.042986076
46ef8778e229b5a977dfa1a24b1707c9a917a42c88863febdaa3c276d35161cf,2025,6,0.023995396
46ef8778e229b5a977dfa1a24b1707c9a917a42c88863febdaa3c276d35161cf,2025,7,0.017889462
46ef8778e229b5a977dfa1a24b1707c9a917a42c88863febdaa3c276d35161cf,2025,8,0.012894312
46ef8778e229b5a977dfa1a24b1707c9a917a42c88863febdaa3c276d35161cf,2025,9,0.030706752
46ef8778e229b5a977dfa1a24b1707c9a917a42c88863febdaa3c276d35161cf,2025,10,0.06256379
476b3192a806e8592bb26ad6832de8d4a9660fdec646aeaed67c221e7bf7d785,2025,5,0.050308555
476b3192a806e8592bb26ad6832de8d4a9660fdec646aeaed67c221e7bf7d785,2025,6,0.01834156
476b3192a806e8592bb26ad6832de8d4a9660fdec646aeaed67c221e7bf7d785,2025,7,0.013996538
476b3192a806e8592bb26ad6832de8d4a9660fdec646aeaed67c221e7bf7d785,2025,8,0.014781153
476b3192a806e8592bb26ad6832de8d4a9660fdec646aeaed67c221e7bf7d785,2025,9,0.019506395
476b3192a806e8592bb26ad6832de8d4a9660fdec646aeaed67c221e7bf7d785,2025,10,0.06158729
4813366536f7a4dc92db8199af0527edc48224551bf36ca75715547fa8c44087,2025,5,0.016978515
4813366536f7a4dc92db8199af0527edc48224551bf36ca75715547fa8c44087,2025,6,0.0014021624
4813366536f7a4dc92db8199af0527edc48224551bf36ca75715547fa8c44087,2025,7,0.0016320276
4813366536f7a4dc92db8199af0527edc48224551bf36ca75715547fa8c44087,2025,8,0.003120282
4813366536f7a4dc92db8199af0527edc48224551bf36ca75715547fa8c44087,2025,9,0.0073604514
4813366536f7a4dc92db8199af0527edc48224551bf36ca75715547fa8c44087,2025,10,0.04580283
48730f85b98bcc69d80200e6850a085d3982e6b4e6b986bd2b7505457df9ea5d,2025,5,0.15758362
48730f85b98bcc69d80200e6850a085d3982e6b4e6b986bd2b7505457df9ea5d,2025,6,0.06274532
48730f85b98bcc69d80200e6850a085d3982e6b4e6b986bd2b7505457df9ea5d,2025,7,0.064823754
48730f85b98bcc69d80200e6850a085d3982e6b4e6b986bd2b7505457df9ea5d,2025,8,0.049673595
48730f85b98bcc69d80200e6850a085d3982e6b4e6b986bd2b7505457df9ea5d,2025,9,0.107829645
48730f85b98bcc69d80200e6850a085d3982e6b4e6b986bd2b7505457df9ea5d,2025,10,0.2525097
489e46b7423ee5b55b6065baa533fb15f09b6a840d5c0fad7b2321ea4b91c044,2025,5,0.21911311
489e46b7423ee5b55b6065baa533fb15f09b6a840d5c0fad7b2321ea4b91c044,2025,6,0.06306743
489e46b7423ee5b55b6065baa533fb15f09b6a840d5c0fad7b2321ea4b91c044,2025,7,0.029062077
489e46b7423ee5b55b6065baa533fb15f09b6a840d5c0fad7b2321ea4b91c044,2025,8,0.03299102
489e46b7423ee5b55b6065baa533fb15f09b6a840d5c0fad7b2321ea4b91c044,2025,9,0.051532973
489e46b7423ee5b55b6065baa533fb15f09b6a840d5c0fad7b2321ea4b91c044,2025,10,0.30242428
49a012ede59eeb918505ebd1446df33fc6995cfe22d2dcd9c738d2028e69df74,2025,5,0.07128331
49a012ede59eeb918505ebd1446df33fc6995cfe22d2dcd9c738d2028e69df74,2025,6,0.024667557
49a012ede59eeb918505ebd1446df33fc6995cfe22d2dcd9c738d2028e69df74,2025,7,0.018693922
49a012ede59eeb918505ebd1446df33fc6995cfe22d2dcd9c738d2028e69df74,2025,8,0.026360683
49a012ede59eeb918505ebd1446df33fc6995cfe22d2dcd9c738d2028e69df74,2025,9,0.03732719
49a012ede59eeb918505ebd1446df33fc6995cfe22d2dcd9c738d2028e69df74,2025,10,0.099039614
49ca5c0bc2fd2ae92716ef7c7f9a503d175cce10935d3e402273cf555f9395e3,2025,5,0.011442726
49ca5c0bc2fd2ae92716ef7c7f9a503d175cce10935d3e402273cf555f9395e3,2025,6,0.008813312
49ca5c0bc2fd2ae92716ef7c7f9a503d175cce10935d3e402273cf555f9395e3,2025,7,0.008090026
49ca5c0bc2fd2ae92716ef7c7f9a503d175cce10935d3e402273cf555f9395e3,2025,8,0.008792163
49ca5c0bc2fd2ae92716ef7c7f9a503d175cce10935d3e402273cf555f9395e3,2025,9,0.008856793
49ca5c0bc2fd2ae92716ef7c7f9a503d175cce10935d3e402273cf555f9395e3,2025,10,0.07803565
4a2486f092d8b6332a49237a39e6375113e0853e45e09a53bcaa2d92545d11d8,2025,5,0.039358404
4a2486f092d8b6332a49237a39e6375113e0853e45e09a53bcaa2d92545d11d8,2025,6,0.0049750106
4a2486f092d8b6332a49237a39e6375113e0853e45e09a53bcaa2d92545d11d8,2025,7,0.004623256
4a2486f092d8b6332a49237a39e6375113e0853e45e09a53bcaa2d92545d11d8,2025,8,0.005393379
4a2486f092d8b6332a49237a39e6375113e0853e45e09a53bcaa2d92545d11d8,2025,9,0.012847686
4a2486f092d8b6332a49237a39e6375113e0853e45e09a53bcaa2d92545d11d8,2025,10,0.081356004
4a53848a816b86c97ed0e5ab3bacbc838b31a0bb7b5eda25216367a0cdb5e5e6,2025,5,0.12252245
4a53848a816b86c97ed0e5ab3bacbc838b31a0bb7b5eda25216367a0cdb5e5e6,2025,6,0.04224605
4a53848a816b86c97ed0e5ab3bacbc838b31a0bb7b5eda25216367a0cdb5e5e6,2025,7,0.035063032
4a53848a816b86c97ed0e5ab3bacbc838b31a0bb7b5eda25216367a0cdb5e5e6,2025,8,0.04046442
4a53848a816b86c97ed0e5ab3bacbc838b31a0bb7b5eda25216367a0cdb5e5e6,2025,9,0.066578954
4a53848a816b86c97ed0e5ab3bacbc838b31a0bb7b5eda25216367a0cdb5e5e6,2025,10,0.19932215
4a7a4d6667f74a35be53d549c707d5cb234171e87a5a7d739b1d83cfc9dd8101,2025,5,0.091512285
4a7a4d6667f74a35be53d549c707d5cb234171e87a5a7d739b1d83cfc9dd8101,2025,6,0.013198663
4a7a4d6667f74a35be53d549c707d5cb234171e87a5a7d739b1d83cfc9dd8101,2025,7,0.017824031
4a7a4d6667f74a35be53d549c707d5cb234171e87a5a7d739b1d83cfc9dd8101,2025,8,0.01497194
4a7a4d6667f74a35be53d549c707d5cb234171e87a5a7d739b1d83cfc9dd8101,2025,9,0.04023169
4a7a4d6667f74a35be53d549c707d5cb234171e87a5a7d739b1d83cfc9dd8101,2025,10,0.4155537
4ab7fc96ae2057834d60316464ddd37939a7891b12eb5612187a52ba4f1b2891,2025,5,0.113535956
4ab7fc96ae2057834d60316464ddd37939a7891b12eb5612187a52ba4f1b2891,2025,6,0.050019477
4ab7fc96ae2057834d60316464ddd37939a7891b12eb5612187a52ba4f1b2891,2025,7,0.044783708
4ab7fc96ae2057834d60316464ddd37939a7891b12eb5612187a52ba4f1b2891,2025,8,0.04347724
4ab7fc96ae2057834d60316464ddd37939a7891b12eb5612187a52ba4f1b2891,2025,9,0.05744476
4ab7fc96ae2057834d60316464ddd37939a7891b12eb5612187a52ba4f1b2891,2025,10,0.40503785
4ba3ceb00aaef7482726672f3395ba9b59cd4932e821c1600b239ae16c06faee,2025,5,0.024930442
4ba3ceb00aaef7482726672f3395ba9b59cd4932e821c1600b239ae16c06faee,2025,6,0.012384348
4ba3ceb00aaef7482726672f3395ba9b59cd4932e821c1600b239ae16c06faee,2025,7,0.010659376
4ba3ceb00aaef7482726672f3395ba9b59cd4932e821c1600b239ae16c06faee,2025,8,0.01089262
4ba3ceb00aaef7482726672f3395ba9b59cd4932e821c1600b239ae16c06faee,2025,9,0.012156927
4ba3ceb00aaef7482726672f3395ba9b59cd4932e821c1600b239ae16c06faee,2025,10,0.047613155
4c3060494e9e119ed3ada598dfc992dc04454cabf4877e618cb774f9fcbd089e,2025,5,0.03088066
4c3060494e9e119ed3ada598dfc992dc04454cabf4877e618cb774f9fcbd089e,2025,6,0.02174107
4c3060494e9e119ed3ada598dfc992dc04454cabf4877e618cb774f9fcbd089e,2025,7,0.021558931
4c3060494e9e119ed3ada598dfc992dc04454cabf4877e618cb774f9fcbd089e,2025,8,0.026237369
4c3060494e9e119ed3ada598dfc992dc04454cabf4877e618cb774f9fcbd089e,2025,9,0.03103873
4c3060494e9e119ed3ada598dfc992dc04454cabf4877e618cb774f9fcbd089e,2025,10,0.063664444
4ca8dee072a5e5b75b514073d514272a8d907f8d9eb507c4bc5755198b4d0e9a,2025,5,0.028368777
4ca8dee072a5e5b75b514073d514272a8d907f8d9eb507c4bc5755198b4d0e9a,2025,6,0.015212889
4ca8dee072a5e5b75b514073d514272a8d907f8d9eb507c4bc5755198b4d0e9a,2025,7,0.016954629
4ca8dee072a5e5b75b514073d514272a8d907f8d9eb507c4bc5755198b4d0e9a,2025,8,0.01723028
4ca8dee072a5e5b75b514073d514272a8d907f8d9eb507c4bc5755198b4d0e9a,2025,9,0.02140853
4ca8dee072a5e5b75b514073d514272a8d907f8d9eb507c4bc5755198b4d0e9a,2025,10,0.05655045
4cc35df334b04ebde7a2eda3b209e062b4328b191d7150ca68e9a16aea677796,2025,5,0.040838454
4cc35df334b04ebde7a2eda3b209e062b4328b191d7150ca68e9a16aea677796,2025,6,0.02254071
4cc35df334b04ebde7a2eda3b209e062b4328b191d7150ca68e9a16aea677796,2025,7,0.020455342
4cc35df334b04ebde7a2eda3b209e062b4328b191d7150ca68e9a16aea677796,2025,8,0.025935572
4cc35df334b04ebde7a2eda3b209e062b4328b191d7150ca68e9a16aea677796,2025,9,0.030662188
4cc35df334b04ebde7a2eda3b209e062b4328b191d7150ca68e9a16aea677796,2025,10,0.048345797
4cc57d274d9cb3adb0cfe4cacdd36792b1da182f218a8e3895aa28877a717fea,2025,5,0.10508702
4cc57d274d9cb3adb0cfe4cacdd36792b1da182f218a8e3895aa28877a717fea,2025,6,0.017550213
4cc57d274d9cb3adb0cfe4cacdd36792b1da182f218a8e3895aa28877a717fea,2025,7,0.018848268
4cc57d274d9cb3adb0cfe4cacdd36792b1da182f218a8e3895aa28877a717fea,2025,8,0.034994114
4cc57d274d9cb3adb0cfe4cacdd36792b1da182f218a8e3895aa28877a717fea,2025,9,0.06397304
4cc57d274d9cb3adb0cfe4cacdd36792b1da182f218a8e3895aa28877a717fea,2025,10,0.21480572
4d4ef227e9d6176b9e37e74794d76d206164b7123dcbd8ae37ca2f89ebbce49c,2025,5,0.031132862
4d4ef227e9d6176b9e37e74794d76d206164b7123dcbd8ae37ca2f89ebbce49c,2025,6,0.013920267
4d4ef227e9d6176b9e37e74794d76d206164b7123dcbd8ae37ca2f89ebbce49c,2025,7,0.015008341
4d4ef227e9d6176b9e37e74794d76d206164b7123dcbd8ae37ca2f89ebbce49c,2025,8,0.01619974
4d4ef227e9d6176b9e37e74794d76d206164b7123dcbd8ae37ca2f89ebbce49c,2025,9,0.019160526
4d4ef227e9d6176b9e37e74794d76d206164b7123dcbd8ae37ca2f89ebbce49c,2025,10,0.048995383
4dba8a848d516ffed0b9db5b7c649db5991a8a2ea7a691982abbc624978a3f49,2025,5,0.06382603
4dba8a848d516ffed0b9db5b7c649db5991a8a2ea7a691982abbc624978a3f49,2025,6,0.007230933
4dba8a848d516ffed0b9db5b7c649db5991a8a2ea7a691982abbc624978a3f49,2025,7,0.0071501154
4dba8a848d516ffed0b9db5b7c649db5991a8a2ea7a691982abbc624978a3f49,2025,8,0.0076843747
4dba8a848d516ffed0b9db5b7c649db5991a8a2ea7a691982abbc624978a3f49,2025,9,0.009398503
4dba8a848d516ffed0b9db5b7c649db5991a8a2ea7a691982abbc624978a3f49,2025,10,0.14236847
4e682b6948823199e29cbc6324ed3a54a6d2734440d698123530a0d91df992d4,2025,5,0.028522048
4e682b6948823199e29cbc6324ed3a54a6d2734440d698123530a0d91df992d4,2025,6,0.020995893
4e682b6948823199e29cbc6324ed3a54a6d2734440d698123530a0d91df992d4,2025,7,0.02127479
4e682b6948823199e29cbc6324ed3a54a6d2734440d698123530a0d91df992d4,2025,8,0.020250412
4e682b6948823199e29cbc6324ed3a54a6d2734440d698123530a0d91df992d4,2025,9,0.021227395
4e682b6948823199e29cbc6324ed3a54a6d2734440d698123530a0d91df992d4,2025,10,0.08279811
4f0a4f1ae4eb28fef935354891265c2c92815420169f4f7b85ec1b7685f46665,2025,5,0.017119097
4f0a4f1ae4eb28fef935354891265c2c92815420169f4f7b85ec1b7685f46665,2025,6,0.005870602
4f0a4f1ae4eb28fef935354891265c2c92815420169f4f7b85ec1b7685f46665,2025,7,0.0060670315
4f0a4f1ae4eb28fef935354891265c2c92815420169f4f7b85ec1b7685f46665,2025,8,0.007858859
4f0a4f1ae4eb28fef935354891265c2c92815420169f4f7b85ec1b7685f46665,2025,9,0.010173911
4f0a4f1ae4eb28fef935354891265c2c92815420169f4f7b85ec1b7685f46665,2025,10,0.044246107
4f25ac5dd8c64401ae4d0eab78a88aab3f5dfdc86fe2802bbf56f1692d27e056,2025,5,0.16818489
4f25ac5dd8c64401ae4d0eab78a88aab3f5dfdc86fe2802bbf56f1692d27e056,2025,6,0.02570982
4f25ac5dd8c64401ae4d0eab78a88aab3f5dfdc86fe2802bbf56f1692d27e056,2025,7,0.021324009
4f25ac5dd8c64401ae4d0eab78a88aab3f5dfdc86fe2802bbf56f1692d27e056,2025,8,0.024596605
4f25ac5dd8c64401ae4d0eab78a88aab3f5dfdc86fe2802bbf56f1692d27e056,2025,9,0.059459165
4f25ac5dd8c64401ae4d0eab78a88aab3f5dfdc86fe2802bbf56f1692d27e056,2025,10,0.24434973
4f83c82309523058b6962b22fa9c6f380a741a512ac7faac8ed6c0473ee28f1d,2025,5,0.16131042
4f83c82309523058b6962b22fa9c6f380a741a512ac7faac8ed6c0473ee28f1d,2025,6,0.07220176
4f83c82309523058b6962b22fa9c6f380a741a512ac7faac8ed6c0473ee28f1d,2025,7,0.07775483
4f83c82309523058b6962b22fa9c6f380a741a512ac7faac8ed6c0473ee28f1d,2025,8,0.07611627
4f83c82309523058b6962b22fa9c6f380a741a512ac7faac8ed6c0473ee28f1d,2025,9,0.062373508
4f83c82309523058b6962b22fa9c6f380a741a512ac7faac8ed6c0473ee28f1d,2025,10,0.23965631
4f8b7573bd4d18f5a769d47d5502594af03424e17da078905fb78f94dabe49a3,2025,5,0.065794654
4f8b7573bd4d18f5a769d47d5502594af03424e17da078905fb78f94dabe49a3,2025,6,0.019806992
4f8b7573bd4d18f5a769d47d5502594af03424e17da078905fb78f94dabe49a3,2025,7,0.018083882
4f8b7573bd4d18f5a769d47d5502594af03424e17da078905fb78f94dabe49a3,2025,8,0.01809765
4f8b7573bd4d18f5a769d47d5502594af03424e17da078905fb78f94dabe49a3,2025,9,0.03318465
4f8b7573bd4d18f5a769d47d5502594af03424e17da078905fb78f94dabe49a3,2025,10,0.09042744
505cec8055870ba248936866035f31c885549575133ff2e57db40e13573cc510,2025,5,0.022919046
505cec8055870ba248936866035f31c885549575133ff2e57db40e13573cc510,2025,6,0.011656868
505cec8055870ba248936866035f31c885549575133ff2e57db40e13573cc510,2025,7,0.01052329
505cec8055870ba248936866035f31c885549575133ff2e57db40e13573cc510,2025,8,0.009913825
505cec8055870ba248936866035f31c885549575133ff2e57db40e13573cc510,2025,9,0.016302973
505cec8055870ba248936866035f31c885549575133ff2e57db40e13573cc510,2025,10,0.05322999
50cabd611d5fb597fda9ba8744f20c95890e92febfb88bacd77518f28b76dbaf,2025,5,0.055498805
50cabd611d5fb597fda9ba8744f20c95890e92febfb88bacd77518f28b76dbaf,2025,6,0.012059005
50cabd611d5fb597fda9ba8744f20c95890e92febfb88bacd77518f28b76dbaf,2025,7,0.0098873675
50cabd611d5fb597fda9ba8744f20c95890e92febfb88bacd77518f28b76dbaf,2025,8,0.01011699
50cabd611d5fb597fda9ba8744f20c95890e92febfb88bacd77518f28b76dbaf,2025,9,0.015027841
517d9cc76601f48794af477b42c6faf6d1bc1ffbc3e0a95c365525e24fff7102,2025,5,0.03945203
517d9cc76601f48794af477b42c6faf6d1bc1ffbc3e0a95c365525e24fff7102,2025,6,0.009776293
517d9cc76601f48794af477b42c6faf6d1bc1ffbc3e0a95c365525e24fff7102,2025,7,0.008790592
517d9cc76601f48794af477b42c6faf6d1bc1ffbc3e0a95c365525e24fff7102,2025,8,0.011375408
517d9cc76601f48794af477b42c6faf6d1bc1ffbc3e0a95c365525e24fff7102,2025,9,0.023588903
517d9cc76601f48794af477b42c6faf6d1bc1ffbc3e0a95c365525e24fff7102,2025,10,0.062974855
523dab51adeebba76556261f0810d6d75ed31f3df58fba1a2e4f696de54396ac,2025,5,0.024465578
523dab51adeebba76556261f0810d6d75ed31f3df58fba1a2e4f696de54396ac,2025,6,0.008656614
523dab51adeebba76556261f0810d6d75ed31f3df58fba1a2e4f696de54396ac,2025,7,0.007412998
523dab51adeebba76556261f0810d6d75ed31f3df58fba1a2e4f696de54396ac,2025,8,0.008080055
523dab51adeebba76556261f0810d6d75ed31f3df58fba1a2e4f696de54396ac,2025,9,0.010376544
523dab51adeebba76556261f0810d6d75ed31f3df58fba1a2e4f696de54396ac,2025,10,0.031971417
5320f3b81b6e9ed63ef121e7cc60331945abaf8db9551d49321a3dec30f6c9bf,2025,5,0.0735375
5320f3b81b6e9ed63ef121e7cc60331945abaf8db9551d49321a3dec30f6c9bf,2025,6,0.01311901
5320f3b81b6e9ed63ef121e7cc60331945abaf8db9551d49321a3dec30f6c9bf,2025,7,0.012835993
5320f3b81b6e9ed63ef121e7cc60331945abaf8db9551d49321a3dec30f6c9bf,2025,8,0.011978219
5320f3b81b6e9ed63ef121e7cc60331945abaf8db9551d49321a3dec30f6c9bf,2025,9,0.010037926
5320f3b81b6e9ed63ef121e7cc60331945abaf8db9551d49321a3dec30f6c9bf,2025,10,0.13430172
533f97005c0cfa15c5dfa3f79154e5dff9a6b89ebeaf7dae85abf51b38eb0753,2025,5,0.06773549
533f97005c0cfa15c5dfa3f79154e5dff9a6b89ebeaf7dae85abf51b38eb0753,2025,6,0.013158943
533f97005c0cfa15c5dfa3f79154e5dff9a6b89ebeaf7dae85abf51b38eb0753,2025,7,0.004426338
533f97005c0cfa15c5dfa3f79154e5dff9a6b89ebeaf7dae85abf51b38eb0753,2025,8,0.0046195854
533f97005c0cfa15c5dfa3f79154e5dff9a6b89ebeaf7dae85abf51b38eb0753,2025,9,0.013725684
533f97005c0cfa15c5dfa3f79154e5dff9a6b89ebeaf7dae85abf51b38eb0753,2025,10,0.07422029
53721a4d86e523d8f97d0f4c895bbbc5dc673145fc8105b70d6fe4f71d6fb543,2025,5,0.10286876
53721a4d86e523d8f97d0f4c895bbbc5dc673145fc8105b70d6fe4f71d6fb543,2025,6,0.009495433
53721a4d86e523d8f97d0f4c895bbbc5dc673145fc8105b70d6fe4f71d6fb543,2025,7,0.01142907
53721a4d86e523d8f97d0f4c895bbbc5dc673145fc8105b70d6fe4f71d6fb543,2025,8,0.010653294
53721a4d86e523d8f97d0f4c895bbbc5dc673145fc8105b70d6fe4f71d6fb543,2025,9,0.0356301
53721a4d86e523d8f97d0f4c895bbbc5dc673145fc8105b70d6fe4f71d6fb543,2025,10,0.18258505
54390e6a5d05207123f733426abf4016e8b908d6cb692d80faf87426b8bb1bc6,2025,5,0.002905271
54390e6a5d05207123f733426abf4016e8b908d6cb692d80faf87426b8bb1bc6,2025,6,1.0467476e-09
54390e6a5d05207123f733426abf4016e8b908d6cb692d80faf87426b8bb1bc6,2025,7,9.2296004e-10
54390e6a5d05207123f733426abf4016e8b908d6cb692d80faf87426b8bb1bc6,2025,8,9.871431e-10
54390e6a5d05207123f733426abf4016e8b908d6cb692d80faf87426b8bb1bc6,2025,9,1.0275175e-09
54390e6a5d05207123f733426abf4016e8b908d6cb692d80faf87426b8bb1bc6,2025,10,1.2033626e-09
5470f4e2eb4941a970035e6c883967845e6e85acfb7db272abe6c702aecdf002,2025,5,0.038466852
5470f4e2eb4941a970035e6c883967845e6e85acfb7db272abe6c702aecdf002,2025,6,0.015288386
5470f4e2eb4941a970035e6c883967845e6e85acfb7db272abe6c702aecdf002,2025,7,0.0137801105
5470f4e2eb4941a970035e6c883967845e6e85acfb7db272abe6c702aecdf002,2025,8,0.014870161
5470f4e2eb4941a970035e6c883967845e6e85acfb7db272abe6c702aecdf002,2025,9,0.01865622
5470f4e2eb4941a970035e6c883967845e6e85acfb7db272abe6c702aecdf002,2025,10,0.05801485
5545ab6fcf21d2a3b3a338eb0ab52ec090f35c4a766ef55fa0a4c8607fe6bb6c,2025,5,0.011103527
5545ab6fcf21d2a3b3a338eb0ab52ec090f35c4a766ef55fa0a4c8607fe6bb6c,2025,6,0.008026401
5545ab6fcf21d2a3b3a338eb0ab52ec090f35c4a766ef55fa0a4c8607fe6bb6c,2025,7,0.00653031
5545ab6fcf21d2a3b3a338eb0ab52ec090f35c4a766ef55fa0a4c8607fe6bb6c,2025,8,0.007173069
5545ab6fcf21d2a3b3a338eb0ab52ec090f35c4a766ef55fa0a4c8607fe6bb6c,2025,9,0.011080542
5545ab6fcf21d2a3b3a338eb0ab52ec090f35c4a766ef55fa0a4c8607fe6bb6c,2025,10,0.026951432
55630d4249cb25530ec503d923aa0dec68fb91f0ce6cde50423eefd1eb852c9a,2025,5,0.009901426
55630d4249cb25530ec503d923aa0dec68fb91f0ce6cde50423eefd1eb852c9a,2025,6,0.0058444464
55630d4249cb25530ec503d923aa0dec68fb91f0ce6cde50423eefd1eb852c9a,2025,7,0.005370768
55630d4249cb25530ec503d923aa0dec68fb91f0ce6cde50423eefd1eb852c9a,2025,8,0.0054321005
55630d4249cb25530ec503d923aa0dec68fb91f0ce6cde50423eefd1eb852c9a,2025,9,0.0059648925
55630d4249cb25530ec503d923aa0dec68fb91f0ce6cde50423eefd1eb852c9a,2025,10,0.03380346
55800e8dff57a438a5048017412519dc461aa797eb7de4f2a096ac0a2fb91dbd,2025,5,0.03264732
55800e8dff57a438a5048017412519dc461aa797eb7de4f2a096ac0a2fb91dbd,2025,6,0.0043634786
55800e8dff57a438a5048017412519dc461aa797eb7de4f2a096ac0a2fb91dbd,2025,7,0.004524957
55800e8dff57a438a5048017412519dc461aa797eb7de4f2a096ac0a2fb91dbd,2025,8,0.0033664946
55800e8dff57a438a5048017412519dc461aa797eb7de4f2a096ac0a2fb91dbd,2025,9,0.012898631
55800e8dff57a438a5048017412519dc461aa797eb7de4f2a096ac0a2fb91dbd,2025,10,0.068373896
56b42ee217ab8ea2210a6e214cb13ca97d0a387c6f0d4acb79c1397ade9f3860,2025,5,0.04360498
56b42ee217ab8ea2210a6e214cb13ca97d0a387c6f0d4acb79c1397ade9f3860,2025,6,0.006112927
56b42ee217ab8ea2210a6e214cb13ca97d0a387c6f0d4acb79c1397ade9f3860,2025,7,0.005485462
56b42ee217ab8ea2210a6e214cb13ca97d0a387c6f0d4acb79c1397ade9f3860,2025,8,0.005243117
56b42ee217ab8ea2210a6e214cb13ca97d0a387c6f0d4acb79c1397ade9f3860,2025,9,0.020335775
56b42ee217ab8ea2210a6e214cb13ca97d0a387c6f0d4acb79c1397ade9f3860,2025,10,0.097045526
56bd92b09a813495134ac6d10f5e782789cfefee0b2fc53c385efeee199eec99,2025,5,0.12238253
56bd92b09a813495134ac6d10f5e782789cfefee0b2fc53c385efeee199eec99,2025,6,0.031014787
56bd92b09a813495134ac6d10f5e782789cfefee0b2fc53c385efeee199eec99,2025,7,0.026462043
56bd92b09a813495134ac6d10f5e782789cfefee0b2fc53c385efeee199eec99,2025,8,0.025959358
56bd92b09a813495134ac6d10f5e782789cfefee0b2fc53c385efeee199eec99,2025,9,0.049751516
56bd92b09a813495134ac6d10f5e782789cfefee0b2fc53c385efeee199eec99,2025,10,0.20484586
57759d9cd850c1c1a07c24f46c3cf47f6469420986bb049cca476d2316ca5cc6,2025,5,0.04275972
57759d9cd850c1c1a07c24f46c3cf47f6469420986bb049cca476d2316ca5cc6,2025,6,0.008180277
57759d9cd850c1c1a07c24f46c3cf47f6469420986bb049cca476d2316ca5cc6,2025,7,0.0045921635
57759d9cd850c1c1a07c24f46c3cf47f6469420986bb049cca476d2316ca5cc6,2025,8,0.004864769
57759d9cd850c1c1a07c24f46c3cf47f6469420986bb049cca476d2316ca5cc6,2025,9,0.027079608
57759d9cd850c1c1a07c24f46c3cf47f6469420986bb049cca476d2316ca5cc6,2025,10,0.057137456
57830d21168320b1159d9fa5ddea9c32ed78fb8bbd3361a37461c7af875ab9fd,2025,5,0.016047377
57830d21168320b1159d9fa5ddea9c32ed78fb8bbd3361a37461c7af875ab9fd,2025,6,0.009124125
57830d21168320b1159d9fa5ddea9c32ed78fb8bbd3361a37461c7af875ab9fd,2025,7,0.007934515
57830d21168320b1159d9fa5ddea9c32ed78fb8bbd3361a37461c7af875ab9fd,2025,8,0.008543418
57830d21168320b1159d9fa5ddea9c32ed78fb8bbd3361a37461c7af875ab9fd,2025,9,0.015831774
57830d21168320b1159d9fa5ddea9c32ed78fb8bbd3361a37461c7af875ab9fd,2025,10,0.030994706
57ad7d4729eac1e5d053e22153f65597eb940dc6c45a6e473bc3d84b1ae20d6c,2025,5,0.24042055
57ad7d4729eac1e5d053e22153f65597eb940dc6c45a6e473bc3d84b1ae20d6c,2025,6,0.07619888
57ad7d4729eac1e5d053e22153f65597eb940dc6c45a6e473bc3d84b1ae20d6c,2025,7,0.06211571
57ad7d4729eac1e5d053e22153f65597eb940dc6c45a6e473bc3d84b1ae20d6c,2025,8,0.072512366
57ad7d4729eac1e5d053e22153f65597eb940dc6c45a6e473bc3d84b1ae20d6c,2025,9,0.07909992
57ad7d4729eac1e5d053e22153f65597eb940dc6c45a6e473bc3d84b1ae20d6c,2025,10,0.156257
57e1f592de6d1c5ff494d51ce570ac76c198b9e5bfd2794006a37cfd39b7d3a5,2025,5,0.026087571
57e1f592de6d1c5ff494d51ce570ac76c198b9e5bfd2794006a37cfd39b7d3a5,2025,6,0.010859281
57e1f592de6d1c5ff494d51ce570ac76c198b9e5bfd2794006a37cfd39b7d3a5,2025,7,0.010254233
57e1f592de6d1c5ff494d51ce570ac76c198b9e5bfd2794006a37cfd39b7d3a5,2025,8,0.012082988
57e1f592de6d1c5ff494d51ce570ac76c198b9e5bfd2794006a37cfd39b7d3a5,2025,9,0.01585043
57e1f592de6d1c5ff494d51ce570ac76c198b9e5bfd2794006a37cfd39b7d3a5,2025,10,0.047015037
588f57b50001201d45ddccc8c41e273f65c4fb3a5e6500d0d5b896aa695621b3,2025,5,0.020082632
588f57b50001201d45ddccc8c41e273f65c4fb3a5e6500d0d5b896aa695621b3,2025,6,0.010853707
588f57b50001201d45ddccc8c41e273f65c4fb3a5e6500d0d5b896aa695621b3,2025,7,0.00976159
588f57b50001201d45ddccc8c41e273f65c4fb3a5e6500d0d5b896aa695621b3,2025,8,0.009630686
588f57b50001201d45ddccc8c41e273f65c4fb3a5e6500d0d5b896aa695621b3,2025,9,0.012601963
588f57b50001201d45ddccc8c41e273f65c4fb3a5e6500d0d5b896aa695621b3,2025,10,0.03413718
59050c52b7e28aba19f7a4ca026db3e53aef86f84df0486b2cbadea29ce72492,2025,5,0.040533964
59050c52b7e28aba19f7a4ca026db3e53aef86f84df0486b2cbadea29ce72492,2025,6,0.007680671
59050c52b7e28aba19f7a4ca026db3e53aef86f84df0486b2cbadea29ce72492,2025,7,0.0063676722
59050c52b7e28aba19f7a4ca026db3e53aef86f84df0486b2cbadea29ce72492,2025,8,0.009682507
59050c52b7e28aba19f7a4ca026db3e53aef86f84df0486b2cbadea29ce72492,2025,9,0.01657947
59050c52b7e28aba19f7a4ca026db3e53aef86f84df0486b2cbadea29ce72492,2025,10,0.061408278
59e21223b9464c29968868cca28e4c34fabfc8521b0a77672e127a8ea6fe63fa,2025,5,0.07856589
59e21223b9464c29968868cca28e4c34fabfc8521b0a77672e127a8ea6fe63fa,2025,6,0.019697146
59e21223b9464c29968868cca28e4c34fabfc8521b0a77672e127a8ea6fe63fa,2025,7,0.012506118
59e21223b9464c29968868cca28e4c34fabfc8521b0a77672e127a8ea6fe63fa,2025,8,0.012451516
59e21223b9464c29968868cca28e4c34fabfc8521b0a77672e127a8ea6fe63fa,2025,9,0.022855198
59e21223b9464c29968868cca28e4c34fabfc8521b0a77672e127a8ea6fe63fa,2025,10,0.085207745
59fd23aa206ea7d99c5d9cab9bc125e1713c88c5fc51e5f196118728f4a9c5df,2025,5,0.044802006
59fd23aa206ea7d99c5d9cab9bc125e1713c88c5fc51e5f196118728f4a9c5df,2025,6,0.014653511
59fd23aa206ea7d99c5d9cab9bc125e1713c88c5fc51e5f196118728f4a9c5df,2025,7,0.01227326
59fd23aa206ea7d99c5d9cab9bc125e1713c88c5fc51e5f196118728f4a9c5df,2025,8,0.01468651
59fd23aa206ea7d99c5d9cab9bc125e1713c88c5fc51e5f196118728f4a9c5df,2025,9,0.022200502
59fd23aa206ea7d99c5d9cab9bc125e1713c88c5fc51e5f196118728f4a9c5df,2025,10,0.05973713
5a07ce9c5fcc80da55b4c1cead1167688d043c0c21e996abfbcc3e6ed32c06c0,2025,5,0.027608361
5a07ce9c5fcc80da55b4c1cead1167688d043c0c21e996abfbcc3e6ed32c06c0,2025,6,0.011915893
5a07ce9c5fcc80da55b4c1cead1167688d043c0c21e996abfbcc3e6ed32c06c0,2025,7,0.012102087
5a07ce9c5fcc80da55b4c1cead1167688d043c0c21e996abfbcc3e6ed32c06c0,2025,8,0.011868056
5a07ce9c5fcc80da55b4c1cead1167688d043c0c21e996abfbcc3e6ed32c06c0,2025,9,0.013653652
5a07ce9c5fcc80da55b4c1cead1167688d043c0c21e996abfbcc3e6ed32c06c0,2025,10,0.04732944
5aa7c9db489efe318f3f6f41a484f366b5fd8a13c4bf0eb7d33a6307b9535646,2025,5,0.017978663
5aa7c9db489efe318f3f6f41a484f366b5fd8a13c4bf0eb7d33a6307b9535646,2025,6,0.00543855
5aa7c9db489efe318f3f6f41a484f366b5fd8a13c4bf0eb7d33a6307b9535646,2025,7,0.0044962615
5aa7c9db489efe318f3f6f41a484f366b5fd8a13c4bf0eb7d33a6307b9535646,2025,8,0.0034949542
5aa7c9db489efe318f3f6f41a484f366b5fd8a13c4bf0eb7d33a6307b9535646,2025,9,0.010295765
5aa7c9db489efe318f3f6f41a484f366b5fd8a13c4bf0eb7d33a6307b9535646,2025,10,0.03525808
5b03b2f6c400846d942696bc54df19745c10fc5ee044f1654b16317b5bfa06be,2025,5,0.036563974
5b03b2f6c400846d942696bc54df19745c10fc5ee044f1654b16317b5bfa06be,2025,6,0.012572472
5b03b2f6c400846d942696bc54df19745c10fc5ee044f1654b16317b5bfa06be,2025,7,0.008324072
5b03b2f6c400846d942696bc54df19745c10fc5ee044f1654b16317b5bfa06be,2025,8,0.010312751
5b03b2f6c400846d942696bc54df19745c10fc5ee044f1654b16317b5bfa06be,2025,9,0.026447427
5b03b2f6c400846d942696bc54df19745c10fc5ee044f1654b16317b5bfa06be,2025,10,0.11000968
5b3858ba768144be08debf49316052877f2af36e7eada6946ef9022e28a2fd1a,2025,5,0.27642852
5b3858ba768144be08debf49316052877f2af36e7eada6946ef9022e28a2fd1a,2025,6,0.0341558
5b3858ba768144be08debf49316052877f2af36e7eada6946ef9022e28a2fd1a,2025,7,0.015476898
5b3858ba768144be08debf49316052877f2af36e7eada6946ef9022e28a2fd1a,2025,8,0.023052536
5b3858ba768144be08debf49316052877f2af36e7eada6946ef9022e28a2fd1a,2025,9,0.08052391
5b3858ba768144be08debf49316052877f2af36e7eada6946ef9022e28a2fd1a,2025,10,0.35752028
5b41533f785e07c78fe2cd6544a42022eafcd74d941d75086d31739e159026d4,2025,5,0.03128894
5b41533f785e07c78fe2cd6544a42022eafcd74d941d75086d31739e159026d4,2025,6,0.011909151
5b41533f785e07c78fe2cd6544a42022eafcd74d941d75086d31739e159026d4,2025,7,0.009584175
5b41533f785e07c78fe2cd6544a42022eafcd74d941d75086d31739e159026d4,2025,8,0.009894893
5b41533f785e07c78fe2cd6544a42022eafcd74d941d75086d31739e159026d4,2025,9,0.014785505
5b41533f785e07c78fe2cd6544a42022eafcd74d941d75086d31739e159026d4,2025,10,0.047499042
5b7a81d5dfc407034deb1aa280feebeaab899969e4b565d765e5f8036974aa5a,2025,5,0.025437238
5b7a81d5dfc407034deb1aa280feebeaab899969e4b565d765e5f8036974aa5a,2025,6,0.0062096883
5b7a81d5dfc407034deb1aa280feebeaab899969e4b565d765e5f8036974aa5a,2025,7,0.0048404364
5b7a81d5dfc407034deb1aa280feebeaab899969e4b565d765e5f8036974aa5a,2025,8,0.0044652075
5b7a81d5dfc407034deb1aa280feebeaab899969e4b565d765e5f8036974aa5a,2025,9,0.010064372
5b7a81d5dfc407034deb1aa280feebeaab899969e4b565d765e5f8036974aa5a,2025,10,0.029255979
5bfdd623bfd03a2c1b7ac18dd3e8e7493f2b33b30278675c3a9facb5a760772a,2025,5,0.022875572
5bfdd623bfd03a2c1b7ac18dd3e8e7493f2b33b30278675c3a9facb5a760772a,2025,6,0.0067883767
5bfdd623bfd03a2c1b7ac18dd3e8e7493f2b33b30278675c3a9facb5a760772a,2025,7,0.005437375
5bfdd623bfd03a2c1b7ac18dd3e8e7493f2b33b30278675c3a9facb5a760772a,2025,8,0.005821997
5bfdd623bfd03a2c1b7ac18dd3e8e7493f2b33b30278675c3a9facb5a760772a,2025,9,0.02260467
5bfdd623bfd03a2c1b7ac18dd3e8e7493f2b33b30278675c3a9facb5a760772a,2025,10,0.04932963
5cf0d095281a25413ac106fe116c1e57f23e24cc370014fc11825831e6947428,2025,5,0.03830834
5cf0d095281a25413ac106fe116c1e57f23e24cc370014fc11825831e6947428,2025,6,0.014531596
5cf0d095281a25413ac106fe116c1e57f23e24cc370014fc11825831e6947428,2025,7,0.013478866
5cf0d095281a25413ac106fe116c1e57f23e24cc370014fc11825831e6947428,2025,8,0.013268231
5cf0d095281a25413ac106fe116c1e57f23e24cc370014fc11825831e6947428,2025,9,0.01712477
5cf0d095281a25413ac106fe116c1e57f23e24cc370014fc11825831e6947428,2025,10,0.0627229
5ecc19fefa39630b967d96cb9290f5a667cd21bf49f4c9e454c7f6190fdf9dce,2025,5,0.04983299
5ecc19fefa39630b967d96cb9290f5a667cd21bf49f4c9e454c7f6190fdf9dce,2025,6,0.021279067
5ecc19fefa39630b967d96cb9290f5a667cd21bf49f4c9e454c7f6190fdf9dce,2025,7,0.015587511
5ecc19fefa39630b967d96cb9290f5a667cd21bf49f4c9e454c7f6190fdf9dce,2025,8,0.020557215
5ecc19fefa39630b967d96cb9290f5a667cd21bf49f4c9e454c7f6190fdf9dce,2025,9,0.023153804
5ecc19fefa39630b967d96cb9290f5a667cd21bf49f4c9e454c7f6190fdf9dce,2025,10,0.06785586
5f9825a2690b37cce56f4a82d25a4030786fe903f495f5100d943c2b8cc6a1d9,2025,5,0.07254875
5f9825a2690b37cce56f4a82d25a4030786fe903f495f5100d943c2b8cc6a1d9,2025,6,0.023934597
5f9825a2690b37cce56f4a82d25a4030786fe903f495f5100d943c2b8cc6a1d9,2025,7,0.026869174
5f9825a2690b37cce56f4a82d25a4030786fe903f495f5100d943c2b8cc6a1d9,2025,8,0.028338166
5f9825a2690b37cce56f4a82d25a4030786fe903f495f5100d943c2b8cc6a1d9,2025,9,0.02788385
5f9825a2690b37cce56f4a82d25a4030786fe903f495f5100d943c2b8cc6a1d9,2025,10,0.088681385
5fc8fe40f253c5522657a9fd70bb37c6a7ff4643c59cd64018ed5d576cf1be63,2025,5,0.056654267
5fc8fe40f253c5522657a9fd70bb37c6a7ff4643c59cd64018ed5d576cf1be63,2025,6,0.014031306
5fc8fe40f253c5522657a9fd70bb37c6a7ff4643c59cd64018ed5d576cf1be63,2025,7,0.015288751
5fc8fe40f253c5522657a9fd70bb37c6a7ff4643c59cd64018ed5d576cf1be63,2025,8,0.015286063
5fc8fe40f253c5522657a9fd70bb37c6a7ff4643c59cd64018ed5d576cf1be63,2025,9,0.03288841
5fc8fe40f253c5522657a9fd70bb37c6a7ff4643c59cd64018ed5d576cf1be63,2025,10,0.10874471
60bcd9b88089f8b9ac9dbf85fe94fd5c3225b55bdb214f46e8a40d08e096d51f,2025,5,0.34407973
60bcd9b88089f8b9ac9dbf85fe94fd5c3225b55bdb214f46e8a40d08e096d51f,2025,6,0.29932845
60bcd9b88089f8b9ac9dbf85fe94fd5c3225b55bdb214f46e8a40d08e096d51f,2025,7,0.26617366
60bcd9b88089f8b9ac9dbf85fe94fd5c3225b55bdb214f46e8a40d08e096d51f,2025,8,0.2837726
60bcd9b88089f8b9ac9dbf85fe94fd5c3225b55bdb214f46e8a40d08e096d51f,2025,9,0.31234613
60bcd9b88089f8b9ac9dbf85fe94fd5c3225b55bdb214f46e8a40d08e096d51f,2025,10,0.38952956
60c5b163f2f9c8555febf4fda3ecf8dffa45120e1cfbcd05dd25721bc262a995,2025,5,0.038331542
60c5b163f2f9c8555febf4fda3ecf8dffa45120e1cfbcd05dd25721bc262a995,2025,6,0.008818156
60c5b163f2f9c8555febf4fda3ecf8dffa45120e1cfbcd05dd25721bc262a995,2025,7,0.009105304
60c5b163f2f9c8555febf4fda3ecf8dffa45120e1cfbcd05dd25721bc262a995,2025,8,0.009382277
60c5b163f2f9c8555febf4fda3ecf8dffa45120e1cfbcd05dd25721bc262a995,2025,9,0.0164177
60c5b163f2f9c8555febf4fda3ecf8dffa45120e1cfbcd05dd25721bc262a995,2025,10,0.05930222
60e7edb5d6edb57d84945a6e346c6f4e0f7917f57a13fb9ac38b70434199f822,2025,5,0.052448098
60e7edb5d6edb57d84945a6e346c6f4e0f7917f57a13fb9ac38b70434199f822,2025,6,0.016399836
60e7edb5d6edb57d84945a6e346c6f4e0f7917f57a13fb9ac38b70434199f822,2025,7,0.015476513
60e7edb5d6edb57d84945a6e346c6f4e0f7917f57a13fb9ac38b70434199f822,2025,8,0.01618238
60e7edb5d6edb57d84945a6e346c6f4e0f7917f57a13fb9ac38b70434199f822,2025,9,0.024293486
60e7edb5d6edb57d84945a6e346c6f4e0f7917f57a13fb9ac38b70434199f822,2025,10,0.10569758
615bf3d6f36d251cb9e14425615f8e2e365542fe9dc9ecd5dd2e98fa5a5d35e5,2025,5,0.037358966
615bf3d6f36d251cb9e14425615f8e2e365542fe9dc9ecd5dd2e98fa5a5d35e5,2025,6,0.011101875
615bf3d6f36d251cb9e14425615f8e2e365542fe9dc9ecd5dd2e98fa5a5d35e5,2025,7,0.010733148
615bf3d6f36d251cb9e14425615f8e2e365542fe9dc9ecd5dd2e98fa5a5d35e5,2025,8,0.010815108
615bf3d6f36d251cb9e14425615f8e2e365542fe9dc9ecd5dd2e98fa5a5d35e5,2025,9,0.017261576
615bf3d6f36d251cb9e14425615f8e2e365542fe9dc9ecd5dd2e98fa5a5d35e5,2025,10,0.05724495
61898ee235e5962a9291a7a1b991269e79d37401af402bcc21c0ba708e5ef86a,2025,5,0.02984436
61898ee235e5962a9291a7a1b991269e79d37401af402bcc21c0ba708e5ef86a,2025,6,0.012914118
61898ee235e5962a9291a7a1b991269e79d37401af402bcc21c0ba708e5ef86a,2025,7,0.013506297
61898ee235e5962a9291a7a1b991269e79d37401af402bcc21c0ba708e5ef86a,2025,8,0.013546422
61898ee235e5962a9291a7a1b991269e79d37401af402bcc21c0ba708e5ef86a,2025,9,0.018488357
61898ee235e5962a9291a7a1b991269e79d37401af402bcc21c0ba708e5ef86a,2025,10,0.067757845
61e4cc7d07e2597a412b5a4d76b6abf624b45d0658ebaa8554f9f10e83fae126,2025,5,0.05253181
61e4cc7d07e2597a412b5a4d76b6abf624b45d0658ebaa8554f9f10e83fae126,2025,6,0.013702112
61e4cc7d07e2597a412b5a4d76b6abf624b45d0658ebaa8554f9f10e83fae126,2025,7,0.012264972
61e4cc7d07e2597a412b5a4d76b6abf624b45d0658ebaa8554f9f10e83fae126,2025,8,0.012256633
61e4cc7d07e2597a412b5a4d76b6abf624b45d0658ebaa8554f9f10e83fae126,2025,9,0.013826754
61e4cc7d07e2597a412b5a4d76b6abf624b45d0658ebaa8554f9f10e83fae126,2025,10,0.078523785
61eb8b7e6725b2ecd5b694c37e61194886c4258db398459aed173d9e4083ca02,2025,5,0.030608872
61eb8b7e6725b2ecd5b694c37e61194886c4258db398459aed173d9e4083ca02,2025,6,0.029012034
61eb8b7e6725b2ecd5b694c37e61194886c4258db398459aed173d9e4083ca02,2025,7,0.024923954
61eb8b7e6725b2ecd5b694c37e61194886c4258db398459aed173d9e4083ca02,2025,8,0.027947659
61eb8b7e6725b2ecd5b694c37e61194886c4258db398459aed173d9e4083ca02,2025,9,0.029276257
61eb8b7e6725b2ecd5b694c37e61194886c4258db398459aed173d9e4083ca02,2025,10,0.06530118
620db3de55dd5ad5a4c84aa60649c93b1ce72290172e7e8af9e22116544bfbaf,2025,5,0.041209497
620db3de55dd5ad5a4c84aa60649c93b1ce72290172e7e8af9e22116544bfbaf,2025,6,0.026477894
620db3de55dd5ad5a4c84aa60649c93b1ce72290172e7e8af9e22116544bfbaf,2025,7,0.022692768
620db3de55dd5ad5a4c84aa60649c93b1ce72290172e7e8af9e22116544bfbaf,2025,8,0.015602134
620db3de55dd5ad5a4c84aa60649c93b1ce72290172e7e8af9e22116544bfbaf,2025,9,0.022573408
620db3de55dd5ad5a4c84aa60649c93b1ce72290172e7e8af9e22116544bfbaf,2025,10,0.042638365
6307f0a62336512f6d63464c85eb14bac28566846dfcde80440c49734b4fc7bf,2025,5,0.035370927
6307f0a62336512f6d63464c85eb14bac28566846dfcde80440c49734b4fc7bf,2025,6,0.0058779973
6307f0a62336512f6d63464c85eb14bac28566846dfcde80440c49734b4fc7bf,2025,7,0.0060414406
6307f0a62336512f6d63464c85eb14bac28566846dfcde80440c49734b4fc7bf,2025,8,0.006745394
6307f0a62336512f6d63464c85eb14bac28566846dfcde80440c49734b4fc7bf,2025,9,0.017042374
6307f0a62336512f6d63464c85eb14bac28566846dfcde80440c49734b4fc7bf,2025,10,0.08704855
63084611d343a86e43ca476a23410f4f82cd22651f479a700f525766235558df,2025,5,0.037185818
63084611d343a86e43ca476a23410f4f82cd22651f479a700f525766235558df,2025,6,0.011298262
63084611d343a86e43ca476a23410f4f82cd22651f479a700f525766235558df,2025,7,0.008407344
63084611d343a86e43ca476a23410f4f82cd22651f479a700f525766235558df,2025,8,0.009577689
63084611d343a86e43ca476a23410f4f82cd22651f479a700f525766235558df,2025,9,0.018300341
63084611d343a86e43ca476a23410f4f82cd22651f479a700f525766235558df,2025,10,0.051395748
633d3575fa7767edfb0a71626b48acb0761ccb8c8639e6231554cdd95745d85d,2025,5,0.1745705
633d3575fa7767edfb0a71626b48acb0761ccb8c8639e6231554cdd95745d85d,2025,6,0.027664727
633d3575fa7767edfb0a71626b48acb0761ccb8c8639e6231554cdd95745d85d,2025,7,0.034849584
633d3575fa7767edfb0a71626b48acb0761ccb8c8639e6231554cdd95745d85d,2025,8,0.042949237
633d3575fa7767edfb0a71626b48acb0761ccb8c8639e6231554cdd95745d85d,2025,9,0.08304592
633d3575fa7767edfb0a71626b48acb0761ccb8c8639e6231554cdd95745d85d,2025,10,0.28342968
633ea077a4f502548f8fc9ec02da5360d6f4647862878e539130f2e2d7444164,2025,5,0.023556568
633ea077a4f502548f8fc9ec02da5360d6f4647862878e539130f2e2d7444164,2025,6,0.014868778
633ea077a4f502548f8fc9ec02da5360d6f4647862878e539130f2e2d7444164,2025,7,0.013060414
633ea077a4f502548f8fc9ec02da5360d6f4647862878e539130f2e2d7444164,2025,8,0.013423746
633ea077a4f502548f8fc9ec02da5360d6f4647862878e539130f2e2d7444164,2025,9,0.016183572
633ea077a4f502548f8fc9ec02da5360d6f4647862878e539130f2e2d7444164,2025,10,0.044957753
63dd53d33b345b620673bf853e517ddc2c91235e8e15c0ccec551d34b8ecc210,2025,5,0.047759302
63dd53d33b345b620673bf853e517ddc2c91235e8e15c0ccec551d34b8ecc210,2025,6,5.1764107e-11
63dd53d33b345b620673bf853e517ddc2c91235e8e15c0ccec551d34b8ecc210,2025,7,5.850804e-11
63dd53d33b345b620673bf853e517ddc2c91235e8e15c0ccec551d34b8ecc210,2025,8,4.5119585e-11
63dd53d33b345b620673bf853e517ddc2c91235e8e15c0ccec551d34b8ecc210,2025,9,0.011536566
63dd53d33b345b620673bf853e517ddc2c91235e8e15c0ccec551d34b8ecc210,2025,10,0.27941236
63f34050039b27e299e62b4eacfc6482e44bc6a130446efec848a548d21aedf3,2025,5,0.12721266
63f34050039b27e299e62b4eacfc6482e44bc6a130446efec848a548d21aedf3,2025,6,0.07438469
63f34050039b27e299e62b4eacfc6482e44bc6a130446efec848a548d21aedf3,2025,7,0.08640333
63f34050039b27e299e62b4eacfc6482e44bc6a130446efec848a548d21aedf3,2025,8,0.100508176
63f34050039b27e299e62b4eacfc6482e44bc6a130446efec848a548d21aedf3,2025,9,0.09310752
63f34050039b27e299e62b4eacfc6482e44bc6a130446efec848a548d21aedf3,2025,10,0.16901705
63fda78c4fbd335f7c85c0dab6926090b02ccdc24eeb5fef6d7c2330d449f8d3,2025,5,0.03270637
63fda78c4fbd335f7c85c0dab6926090b02ccdc24eeb5fef6d7c2330d449f8d3,2025,6,0.012404643
63fda78c4fbd335f7c85c0dab6926090b02ccdc24eeb5fef6d7c2330d449f8d3,2025,7,0.01006734
63fda78c4fbd335f7c85c0dab6926090b02ccdc24eeb5fef6d7c2330d449f8d3,2025,8,0.010453802
63fda78c4fbd335f7c85c0dab6926090b02ccdc24eeb5fef6d7c2330d449f8d3,2025,9,0.012564779
63fda78c4fbd335f7c85c0dab6926090b02ccdc24eeb5fef6d7c2330d449f8d3,2025,10,0.04505869
6401974d764381f21fee84cbab820123e2fbb908730abc77e591ae326f046e58,2025,5,0.035668574
6401974d764381f21fee84cbab820123e2fbb908730abc77e591ae326f046e58,2025,6,0.015235214
6401974d764381f21fee84cbab820123e2fbb908730abc77e591ae326f046e58,2025,7,0.014083512
6401974d764381f21fee84cbab820123e2fbb908730abc77e591ae326f046e58,2025,8,0.014205578
6401974d764381f21fee84cbab820123e2fbb908730abc77e591ae326f046e58,2025,9,0.017772498
6401974d764381f21fee84cbab820123e2fbb908730abc77e591ae326f046e58,2025,10,0.06135952
653ffec4ec62bb9e892b954580d5a75f50cdc2a7bc1bc109f616ccc4a16d136c,2025,5,0.04065852
653ffec4ec62bb9e892b954580d5a75f50cdc2a7bc1bc109f616ccc4a16d136c,2025,6,0.01266354
653ffec4ec62bb9e892b954580d5a75f50cdc2a7bc1bc109f616ccc4a16d136c,2025,7,0.01232288
653ffec4ec62bb9e892b954580d5a75f50cdc2a7bc1bc109f616ccc4a16d136c,2025,8,0.010441891
653ffec4ec62bb9e892b954580d5a75f50cdc2a7bc1bc109f616ccc4a16d136c,2025,9,0.022141175
653ffec4ec62bb9e892b954580d5a75f50cdc2a7bc1bc109f616ccc4a16d136c,2025,10,0.084922075
6569ec289bfff6260f75287e8507b1b8a23bb3b4e996c079b2ee399c08144033,2025,5,0.030003136
6569ec289bfff6260f75287e8507b1b8a23bb3b4e996c079b2ee399c08144033,2025,6,0.009888926
6569ec289bfff6260f75287e8507b1b8a23bb3b4e996c079b2ee399c08144033,2025,7,0.009301483
6569ec289bfff6260f75287e8507b1b8a23bb3b4e996c079b2ee399c08144033,2025,8,0.00974242
6569ec289bfff6260f75287e8507b1b8a23bb3b4e996c079b2ee399c08144033,2025,9,0.023190007
6569ec289bfff6260f75287e8507b1b8a23bb3b4e996c079b2ee399c08144033,2025,10,0.107151896
669ad444bf902b0518da32fe225456e46a89593fcb35621838d7c1508dbdc491,2025,5,0.07103923
669ad444bf902b0518da32fe225456e46a89593fcb35621838d7c1508dbdc491,2025,6,0.020316863
669ad444bf902b0518da32fe225456e46a89593fcb35621838d7c1508dbdc491,2025,7,0.01903665
669ad444bf902b0518da32fe225456e46a89593fcb35621838d7c1508dbdc491,2025,8,0.017364804
669ad444bf902b0518da32fe225456e46a89593fcb35621838d7c1508dbdc491,2025,9,0.032442674
669ad444bf902b0518da32fe225456e46a89593fcb35621838d7c1508dbdc491,2025,10,0.11397502
66e4d6f3af1f9c8f3f2ed5f1143c4358bb53ca3df4f64189dec51276ff03712a,2025,5,0.037713554
66e4d6f3af1f9c8f3f2ed5f1143c4358bb53ca3df4f64189dec51276ff03712a,2025,6,0.00701135
66e4d6f3af1f9c8f3f2ed5f1143c4358bb53ca3df4f64189dec51276ff03712a,2025,7,0.0054758256
66e4d6f3af1f9c8f3f2ed5f1143c4358bb53ca3df4f64189dec51276ff03712a,2025,8,0.0065544955
66e4d6f3af1f9c8f3f2ed5f1143c4358bb53ca3df4f64189dec51276ff03712a,2025,9,0.01008383
66e4d6f3af1f9c8f3f2ed5f1143c4358bb53ca3df4f64189dec51276ff03712a,2025,10,0.03933976
6730c0d7b2f79408d56eedefa827ded1388ed88efc60562e50ba2193cd890b5d,2025,5,0.15558158
6730c0d7b2f79408d56eedefa827ded1388ed88efc60562e50ba2193cd890b5d,2025,6,0.09563255
6730c0d7b2f79408d56eedefa827ded1388ed88efc60562e50ba2193cd890b5d,2025,7,0.03497659
6730c0d7b2f79408d56eedefa827ded1388ed88efc60562e50ba2193cd890b5d,2025,8,0.079843536
6730c0d7b2f79408d56eedefa827ded1388ed88efc60562e50ba2193cd890b5d,2025,9,0.79373944
6730c0d7b2f79408d56eedefa827ded1388ed88efc60562e50ba2193cd890b5d,2025,10,0.3111102
6780433405283f4759d260e09daa877085ad32cdedfe860a8a2248529267b67b,2025,5,0.04745369
6780433405283f4759d260e09daa877085ad32cdedfe860a8a2248529267b67b,2025,6,0.016262507
6780433405283f4759d260e09daa877085ad32cdedfe860a8a2248529267b67b,2025,7,0.009633692
6780433405283f4759d260e09daa877085ad32cdedfe860a8a2248529267b67b,2025,8,0.010902274
6780433405283f4759d260e09daa877085ad32cdedfe860a8a2248529267b67b,2025,9,0.02080565
6780433405283f4759d260e09daa877085ad32cdedfe860a8a2248529267b67b,2025,10,0.06651486
6887e4e49a02c50159170e203487f2c9fcef838ccbd6b1a7d33d52b4301a60f5,2025,5,0.025912108
6887e4e49a02c50159170e203487f2c9fcef838ccbd6b1a7d33d52b4301a60f5,2025,6,0.013353976
6887e4e49a02c50159170e203487f2c9fcef838ccbd6b1a7d33d52b4301a60f5,2025,7,0.011298536
6887e4e49a02c50159170e203487f2c9fcef838ccbd6b1a7d33d52b4301a60f5,2025,8,0.01279575
6887e4e49a02c50159170e203487f2c9fcef838ccbd6b1a7d33d52b4301a60f5,2025,9,0.014852706
6887e4e49a02c50159170e203487f2c9fcef838ccbd6b1a7d33d52b4301a60f5,2025,10,0.036762636
68f47e7f7e22a510cce68978eaa4c4234dd9a420465b7beeb1587ef04a7723b2,2025,5,0.010149795
68f47e7f7e22a510cce68978eaa4c4234dd9a420465b7beeb1587ef04a7723b2,2025,6,0.006667469
68f47e7f7e22a510cce68978eaa4c4234dd9a420465b7beeb1587ef04a7723b2,2025,7,0.004542598
68f47e7f7e22a510cce68978eaa4c4234dd9a420465b7beeb1587ef04a7723b2,2025,8,0.0054452242
68f47e7f7e22a510cce68978eaa4c4234dd9a420465b7beeb1587ef04a7723b2,2025,9,0.0062910076
68f47e7f7e22a510cce68978eaa4c4234dd9a420465b7beeb1587ef04a7723b2,2025,10,0.010359183
696f6f188b1c6491b90746200a08ed319ee13e0253df72e0190948f493f3a78f,2025,5,0.048522774
696f6f188b1c6491b90746200a08ed319ee13e0253df72e0190948f493f3a78f,2025,6,0.0109238885
696f6f188b1c6491b90746200a08ed319ee13e0253df72e0190948f493f3a78f,2025,7,0.009886098
696f6f188b1c6491b90746200a08ed319ee13e0253df72e0190948f493f3a78f,2025,8,0.010403489
696f6f188b1c6491b90746200a08ed319ee13e0253df72e0190948f493f3a78f,2025,9,0.02045575
696f6f188b1c6491b90746200a08ed319ee13e0253df72e0190948f493f3a78f,2025,10,0.0790084
69820f08bacb31021869ea9c31c22f8f98de5e767e98837861978c89cd4c1a92,2025,5,0.02928518
69820f08bacb31021869ea9c31c22f8f98de5e767e98837861978c89cd4c1a92,2025,6,0.017184468
69820f08bacb31021869ea9c31c22f8f98de5e767e98837861978c89cd4c1a92,2025,7,0.014553098
69820f08bacb31021869ea9c31c22f8f98de5e767e98837861978c89cd4c1a92,2025,8,0.012083188
69820f08bacb31021869ea9c31c22f8f98de5e767e98837861978c89cd4c1a92,2025,9,0.016089141
69820f08bacb31021869ea9c31c22f8f98de5e767e98837861978c89cd4c1a92,2025,10,0.19173847
698eb5a34e46d7f48992e83ec6d320b1cfbe8bc915d8ce633eadf82e19b14a2e,2025,5,0.11257676
698eb5a34e46d7f48992e83ec6d320b1cfbe8bc915d8ce633eadf82e19b14a2e,2025,6,0.019923221
698eb5a34e46d7f48992e83ec6d320b1cfbe8bc915d8ce633eadf82e19b14a2e,2025,7,0.01574848
698eb5a34e46d7f48992e83ec6d320b1cfbe8bc915d8ce633eadf82e19b14a2e,2025,8,0.019550981
698eb5a34e46d7f48992e83ec6d320b1cfbe8bc915d8ce633eadf82e19b14a2e,2025,9,0.053232033
698eb5a34e46d7f48992e83ec6d320b1cfbe8bc915d8ce633eadf82e19b14a2e,2025,10,0.2159285
69c05e7476797b80bfeab38bc04f236394c64f2bf5040e18055d5388fe5bc848,2025,5,0.06539302
69c05e7476797b80bfeab38bc04f236394c64f2bf5040e18055d5388fe5bc848,2025,6,0.016098915
69c05e7476797b80bfeab38bc04f236394c64f2bf5040e18055d5388fe5bc848,2025,7,0.013638487
69c05e7476797b80bfeab38bc04f236394c64f2bf5040e18055d5388fe5bc848,2025,8,0.01683662
69c05e7476797b80bfeab38bc04f236394c64f2bf5040e18055d5388fe5bc848,2025,9,0.023075176
69c05e7476797b80bfeab38bc04f236394c64f2bf5040e18055d5388fe5bc848,2025,10,0.11218081
69d14ebd254eb604199310ab58f11e27c82144bb6d67f2fc26630ab3b6b971f8,2025,5,0.027844576
69d14ebd254eb604199310ab58f11e27c82144bb6d67f2fc26630ab3b6b971f8,2025,6,0.009808597
69d14ebd254eb604199310ab58f11e27c82144bb6d67f2fc26630ab3b6b971f8,2025,7,0.00944548
69d14ebd254eb604199310ab58f11e27c82144bb6d67f2fc26630ab3b6b971f8,2025,8,8.4077734e-10
69d14ebd254eb604199310ab58f11e27c82144bb6d67f2fc26630ab3b6b971f8,2025,9,0.0011453948
69d14ebd254eb604199310ab58f11e27c82144bb6d67f2fc26630ab3b6b971f8,2025,10,0.051406354
69e0fc024e792126e0dbf9e0daef25a3c0ec8fe2bf933675f39045e5b5431fb1,2025,5,0.03091418
69e0fc024e792126e0dbf9e0daef25a3c0ec8fe2bf933675f39045e5b5431fb1,2025,6,0.009077042
69e0fc024e792126e0dbf9e0daef25a3c0ec8fe2bf933675f39045e5b5431fb1,2025,7,0.007917645
69e0fc024e792126e0dbf9e0daef25a3c0ec8fe2bf933675f39045e5b5431fb1,2025,8,0.008178146
69e0fc024e792126e0dbf9e0daef25a3c0ec8fe2bf933675f39045e5b5431fb1,2025,9,0.012258875
69e0fc024e792126e0dbf9e0daef25a3c0ec8fe2bf933675f39045e5b5431fb1,2025,10,0.05932424
69f8cef692bb7826f36be0150d6f9e7e62619fbc3b3f3b829d0665b7b083bd17,2025,5,0.01857306
69f8cef692bb7826f36be0150d6f9e7e62619fbc3b3f3b829d0665b7b083bd17,2025,6,0.007221244
69f8cef692bb7826f36be0150d6f9e7e62619fbc3b3f3b829d0665b7b083bd17,2025,7,0.0068901815
69f8cef692bb7826f36be0150d6f9e7e62619fbc3b3f3b829d0665b7b083bd17,2025,8,0.006548309
69f8cef692bb7826f36be0150d6f9e7e62619fbc3b3f3b829d0665b7b083bd17,2025,9,0.00918281
69f8cef692bb7826f36be0150d6f9e7e62619fbc3b3f3b829d0665b7b083bd17,2025,10,0.024859702
6a5fc8fee54d17b65fb2592cb25248a06fe15486c85737c8ce7634622df88744,2025,5,0.04001413
6a5fc8fee54d17b65fb2592cb25248a06fe15486c85737c8ce7634622df88744,2025,6,0.012447711
6a5fc8fee54d17b65fb2592cb25248a06fe15486c85737c8ce7634622df88744,2025,7,0.013613424
6a5fc8fee54d17b65fb2592cb25248a06fe15486c85737c8ce7634622df88744,2025,8,0.010594181
6a5fc8fee54d17b65fb2592cb25248a06fe15486c85737c8ce7634622df88744,2025,9,0.018449783
6a5fc8fee54d17b65fb2592cb25248a06fe15486c85737c8ce7634622df88744,2025,10,0.065698326
6a630abe7015118cb015b444dec0edc6405c595a5660fc0a51a18ee6d202937a,2025,5,0.1758352
6a630abe7015118cb015b444dec0edc6405c595a5660fc0a51a18ee6d202937a,2025,6,0.06595709
6a630abe7015118cb015b444dec0edc6405c595a5660fc0a51a18ee6d202937a,2025,7,0.04666728
6a630abe7015118cb015b444dec0edc6405c595a5660fc0a51a18ee6d202937a,2025,8,0.04532583
6a630abe7015118cb015b444dec0edc6405c595a5660fc0a51a18ee6d202937a,2025,9,0.09729555
6a630abe7015118cb015b444dec0edc6405c595a5660fc0a51a18ee6d202937a,2025,10,0.28615454
6a6e86387c8a642bc619f7227f760010ede1266fa4d721a6b872a0104fe31630,2025,5,0.045673635
6a6e86387c8a642bc619f7227f760010ede1266fa4d721a6b872a0104fe31630,2025,6,0.0103032505
6a6e86387c8a642bc619f7227f760010ede1266fa4d721a6b872a0104fe31630,2025,7,0.00792561
6a6e86387c8a642bc619f7227f760010ede1266fa4d721a6b872a0104fe31630,2025,8,0.009162274
6a6e86387c8a642bc619f7227f760010ede1266fa4d721a6b872a0104fe31630,2025,9,0.009611989
6a6e86387c8a642bc619f7227f760010ede1266fa4d721a6b872a0104fe31630,2025,10,0.057435352
6afe380c6f7c55daf6d36269c987e1634e13920efead12f642e609eff4ff3d33,2025,5,0.14352566
6afe380c6f7c55daf6d36269c987e1634e13920efead12f642e609eff4ff3d33,2025,6,0.033736546
6afe380c6f7c55daf6d36269c987e1634e13920efead12f642e609eff4ff3d33,2025,7,0.032748148
6afe380c6f7c55daf6d36269c987e1634e13920efead12f642e609eff4ff3d33,2025,8,0.034293145
6afe380c6f7c55daf6d36269c987e1634e13920efead12f642e609eff4ff3d33,2025,9,0.06083129
6afe380c6f7c55daf6d36269c987e1634e13920efead12f642e609eff4ff3d33,2025,10,0.22757265
6b1e4898c2e5c156efca8bc21afadd3d3af3ea5bad72e4b1c2da70bf0a9959f7,2025,5,0.063289866
6b1e4898c2e5c156efca8bc21afadd3d3af3ea5bad72e4b1c2da70bf0a9959f7,2025,6,0.010182872
6b1e4898c2e5c156efca8bc21afadd3d3af3ea5bad72e4b1c2da70bf0a9959f7,2025,7,0.01223511
6b1e4898c2e5c156efca8bc21afadd3d3af3ea5bad72e4b1c2da70bf0a9959f7,2025,8,0.009733279
6b1e4898c2e5c156efca8bc21afadd3d3af3ea5bad72e4b1c2da70bf0a9959f7,2025,9,0.024426965
6b1e4898c2e5c156efca8bc21afadd3d3af3ea5bad72e4b1c2da70bf0a9959f7,2025,10,0.1388834
6b689913c5234101564398be4d41bd18fc5f4bd3ceccfd64b34bfd966384d8bd,2025,5,0.035314374
6b689913c5234101564398be4d41bd18fc5f4bd3ceccfd64b34bfd966384d8bd,2025,6,0.009306504
6b689913c5234101564398be4d41bd18fc5f4bd3ceccfd64b34bfd966384d8bd,2025,7,0.0046743634
6b689913c5234101564398be4d41bd18fc5f4bd3ceccfd64b34bfd966384d8bd,2025,8,0.0071236044
6b689913c5234101564398be4d41bd18fc5f4bd3ceccfd64b34bfd966384d8bd,2025,9,0.019181462
6b689913c5234101564398be4d41bd18fc5f4bd3ceccfd64b34bfd966384d8bd,2025,10,0.051911697
6c2918253e6eb0fd6297a3b3ddc6928ba7b308a26e98114755a59af7ed75ad12,2025,5,0.012656969
6c2918253e6eb0fd6297a3b3ddc6928ba7b308a26e98114755a59af7ed75ad12,2025,6,0.00883682
6c2918253e6eb0fd6297a3b3ddc6928ba7b308a26e98114755a59af7ed75ad12,2025,7,0.006862772
6c2918253e6eb0fd6297a3b3ddc6928ba7b308a26e98114755a59af7ed75ad12,2025,8,0.008392096
6c2918253e6eb0fd6297a3b3ddc6928ba7b308a26e98114755a59af7ed75ad12,2025,9,0.008728043
6c2918253e6eb0fd6297a3b3ddc6928ba7b308a26e98114755a59af7ed75ad12,2025,10,0.019202327
6c6ee3bc1a5e0fa54a5e47686db0c97758ecad7da150f75888b4b8ab7113ae2d,2025,5,0.01984849
6c6ee3bc1a5e0fa54a5e47686db0c97758ecad7da150f75888b4b8ab7113ae2d,2025,6,0.008534728
6c6ee3bc1a5e0fa54a5e47686db0c97758ecad7da150f75888b4b8ab7113ae2d,2025,7,0.0077041243
6c6ee3bc1a5e0fa54a5e47686db0c97758ecad7da150f75888b4b8ab7113ae2d,2025,8,0.0067592594
6c6ee3bc1a5e0fa54a5e47686db0c97758ecad7da150f75888b4b8ab7113ae2d,2025,9,0.009778421
6c6ee3bc1a5e0fa54a5e47686db0c97758ecad7da150f75888b4b8ab7113ae2d,2025,10,0.0619897
6e15d4b316aa7e4348fe16853a5f0e1e4b24fd1594b26618669a2e6920c74e71,2025,5,0.00653639
6e15d4b316aa7e4348fe16853a5f0e1e4b24fd1594b26618669a2e6920c74e71,2025,6,0.0046078614
6e15d4b316aa7e4348fe16853a5f0e1e4b24fd1594b26618669a2e6920c74e71,2025,7,0.005244329
6e15d4b316aa7e4348fe16853a5f0e1e4b24fd1594b26618669a2e6920c74e71,2025,8,0.0055866833
6e15d4b316aa7e4348fe16853a5f0e1e4b24fd1594b26618669a2e6920c74e71,2025,9,0.0051300875
6e15d4b316aa7e4348fe16853a5f0e1e4b24fd1594b26618669a2e6920c74e71,2025,10,0.03114537
6e78aeef54d8b0985defdc754c6405863d767ca8995f5c09cf1d40846323ec34,2025,5,0.010482266
6e78aeef54d8b0985defdc754c6405863d767ca8995f5c09cf1d40846323ec34,2025,6,0.008071043
6e78aeef54d8b0985defdc754c6405863d767ca8995f5c09cf1d40846323ec34,2025,7,0.0058585373
6e78aeef54d8b0985defdc754c6405863d767ca8995f5c09cf1d40846323ec34,2025,8,0.006935668
6e78aeef54d8b0985defdc754c6405863d767ca8995f5c09cf1d40846323ec34,2025,9,0.009006348
6e78aeef54d8b0985defdc754c6405863d767ca8995f5c09cf1d40846323ec34,2025,10,0.023969805
6ef609f0a0697323e251bebd617c8db832f19418ff215ce8f9a4ce9823a2b0eb,2025,5,0.071519844
6ef609f0a0697323e251bebd617c8db832f19418ff215ce8f9a4ce9823a2b0eb,2025,6,0.0021157993
6ef609f0a0697323e251bebd617c8db832f19418ff215ce8f9a4ce9823a2b0eb,2025,7,0.0012036191
6ef609f0a0697323e251bebd617c8db832f19418ff215ce8f9a4ce9823a2b0eb,2025,8,0.007807408
6ef609f0a0697323e251bebd617c8db832f19418ff215ce8f9a4ce9823a2b0eb,2025,9,0.035722256
6ef609f0a0697323e251bebd617c8db832f19418ff215ce8f9a4ce9823a2b0eb,2025,10,0.009007052
6f318e7f114646acb0f736ee2da72f0cef5cc74801eed18bb041692b9a5c468e,2025,5,0.004879233
6f318e7f114646acb0f736ee2da72f0cef5cc74801eed18bb041692b9a5c468e,2025,6,0.0028561938
6f318e7f114646acb0f736ee2da72f0cef5cc74801eed18bb041692b9a5c468e,2025,7,0.006228467
6f318e7f114646acb0f736ee2da72f0cef5cc74801eed18bb041692b9a5c468e,2025,8,0.0038002904
6f318e7f114646acb0f736ee2da72f0cef5cc74801eed18bb041692b9a5c468e,2025,9,0.006750478
6f318e7f114646acb0f736ee2da72f0cef5cc74801eed18bb041692b9a5c468e,2025,10,0.013549267
6f3e46a47c3f459d1b3faa837f3eab34ce4332cd19fda99d0cc0a48f84e65dbf,2025,5,0.03759864
6f3e46a47c3f459d1b3faa837f3eab34ce4332cd19fda99d0cc0a48f84e65dbf,2025,6,0.0137635
6f3e46a47c3f459d1b3faa837f3eab34ce4332cd19fda99d0cc0a48f84e65dbf,2025,7,0.012701551
6f3e46a47c3f459d1b3faa837f3eab34ce4332cd19fda99d0cc0a48f84e65dbf,2025,8,0.016498892
6f3e46a47c3f459d1b3faa837f3eab34ce4332cd19fda99d0cc0a48f84e65dbf,2025,9,0.020159403
6f3e46a47c3f459d1b3faa837f3eab34ce4332cd19fda99d0cc0a48f84e65dbf,2025,10,0.047060028
6fa817294f5b18334e9e73c5452cf2a6cbc144215fcd05dd284650588a3e21e2,2025,5,0.013015988
6fa817294f5b18334e9e73c5452cf2a6cbc144215fcd05dd284650588a3e21e2,2025,6,0.009501847
6fa817294f5b18334e9e73c5452cf2a6cbc144215fcd05dd284650588a3e21e2,2025,7,0.009072419
6fa817294f5b18334e9e73c5452cf2a6cbc144215fcd05dd284650588a3e21e2,2025,8,0.008442285
6fa817294f5b18334e9e73c5452cf2a6cbc144215fcd05dd284650588a3e21e2,2025,9,0.00988949
6fa817294f5b18334e9e73c5452cf2a6cbc144215fcd05dd284650588a3e21e2,2025,10,0.0133440215
6fb2cfe238cb14c3c30b8f4b1935e46a9dd6085361712eb76e0e7a5695b7d12e,2025,5,0.0771349
6fb2cfe238cb14c3c30b8f4b1935e46a9dd6085361712eb76e0e7a5695b7d12e,2025,6,0.023257801
6fb2cfe238cb14c3c30b8f4b1935e46a9dd6085361712eb76e0e7a5695b7d12e,2025,7,0.020283723
6fb2cfe238cb14c3c30b8f4b1935e46a9dd6085361712eb76e0e7a5695b7d12e,2025,8,0.021152057
6fb2cfe238cb14c3c30b8f4b1935e46a9dd6085361712eb76e0e7a5695b7d12e,2025,9,0.036796533
6fb2cfe238cb14c3c30b8f4b1935e46a9dd6085361712eb76e0e7a5695b7d12e,2025,10,0.1550444
70469e7c314d85ff3c18d1185610ee825859863576a244093dded63efa5202df,2025,5,0.024992188
70469e7c314d85ff3c18d1185610ee825859863576a244093dded63efa5202df,2025,6,0.018522114
70469e7c314d85ff3c18d1185610ee825859863576a244093dded63efa5202df,2025,7,0.015926676
70469e7c314d85ff3c18d1185610ee825859863576a244093dded63efa5202df,2025,8,0.016364407
70469e7c314d85ff3c18d1185610ee825859863576a244093dded63efa5202df,2025,9,0.018199407
70469e7c314d85ff3c18d1185610ee825859863576a244093dded63efa5202df,2025,10,0.06697653
70dcbe6d52d4efb68e6bc3477634c7a0712ce37a92f287791e5540fcde97700d,2025,5,0.319708
70dcbe6d52d4efb68e6bc3477634c7a0712ce37a92f287791e5540fcde97700d,2025,6,0.090211764
70dcbe6d52d4efb68e6bc3477634c7a0712ce37a92f287791e5540fcde97700d,2025,7,0.024594182
70dcbe6d52d4efb68e6bc3477634c7a0712ce37a92f287791e5540fcde97700d,2025,8,0.03029714
70dcbe6d52d4efb68e6bc3477634c7a0712ce37a92f287791e5540fcde97700d,2025,9,0.1091701
70dcbe6d52d4efb68e6bc3477634c7a0712ce37a92f287791e5540fcde97700d,2025,10,0.4157474
70ed61338cfd87ed0f6c261febffb4b0f87f45d4928a63a08caa1ec5744587c5,2025,5,0.042703316
70ed61338cfd87ed0f6c261febffb4b0f87f45d4928a63a08caa1ec5744587c5,2025,6,0.016052846
70ed61338cfd87ed0f6c261febffb4b0f87f45d4928a63a08caa1ec5744587c5,2025,7,0.017593127
70ed61338cfd87ed0f6c261febffb4b0f87f45d4928a63a08caa1ec5744587c5,2025,8,0.022786263
70ed61338cfd87ed0f6c261febffb4b0f87f45d4928a63a08caa1ec5744587c5,2025,9,0.017329374
70ed61338cfd87ed0f6c261febffb4b0f87f45d4928a63a08caa1ec5744587c5,2025,10,0.052667838
70f65d2ba52879b28289e8af67b8c5d15f9e75d95d96d492f7d09b4af67c40fb,2025,5,0.038420875
70f65d2ba52879b28289e8af67b8c5d15f9e75d95d96d492f7d09b4af67c40fb,2025,6,0.021081703
70f65d2ba52879b28289e8af67b8c5d15f9e75d95d96d492f7d09b4af67c40fb,2025,7,0.017284987
70f65d2ba52879b28289e8af67b8c5d15f9e75d95d96d492f7d09b4af67c40fb,2025,8,0.020909963
70f65d2ba52879b28289e8af67b8c5d15f9e75d95d96d492f7d09b4af67c40fb,2025,9,0.022096239
70f65d2ba52879b28289e8af67b8c5d15f9e75d95d96d492f7d09b4af67c40fb,2025,10,0.071274854
710e2dde55e73655d78c59da8baf74111571f361fef2cb8971d4ab4b8ed7385d,2025,5,0.1024532
710e2dde55e73655d78c59da8baf74111571f361fef2cb8971d4ab4b8ed7385d,2025,6,0.02618537
710e2dde55e73655d78c59da8baf74111571f361fef2cb8971d4ab4b8ed7385d,2025,7,0.026424643
710e2dde55e73655d78c59da8baf74111571f361fef2cb8971d4ab4b8ed7385d,2025,8,0.038988248
710e2dde55e73655d78c59da8baf74111571f361fef2cb8971d4ab4b8ed7385d,2025,9,0.08906683
710e2dde55e73655d78c59da8baf74111571f361fef2cb8971d4ab4b8ed7385d,2025,10,0.12034473
71263d72e305efb1233636376f875eff5329861430eaa3412da846040cd3110a,2025,5,0.23616432
71263d72e305efb1233636376f875eff5329861430eaa3412da846040cd3110a,2025,6,0.1315417
71263d72e305efb1233636376f875eff5329861430eaa3412da846040cd3110a,2025,7,0.11337409
71263d72e305efb1233636376f875eff5329861430eaa3412da846040cd3110a,2025,8,0.113645874
71263d72e305efb1233636376f875eff5329861430eaa3412da846040cd3110a,2025,9,0.15464404
71263d72e305efb1233636376f875eff5329861430eaa3412da846040cd3110a,2025,10,0.31855682
7160aa2f29f80e2da9373427f4108fadc007f46d3097c4ec2ff5417d383747f1,2025,5,0.071742155
7160aa2f29f80e2da9373427f4108fadc007f46d3097c4ec2ff5417d383747f1,2025,6,0.03104031
7160aa2f29f80e2da9373427f4108fadc007f46d3097c4ec2ff5417d383747f1,2025,7,0.024636919
7160aa2f29f80e2da9373427f4108fadc007f46d3097c4ec2ff5417d383747f1,2025,8,0.03137958
7160aa2f29f80e2da9373427f4108fadc007f46d3097c4ec2ff5417d383747f1,2025,9,0.04456914
7160aa2f29f80e2da9373427f4108fadc007f46d3097c4ec2ff5417d383747f1,2025,10,0.09663869
71b156919b185254d3948e61264937954b65e556e35cb7c14f0cd61ca254aa0d,2025,5,0.09560679
71b156919b185254d3948e61264937954b65e556e35cb7c14f0cd61ca254aa0d,2025,6,0.028625509
71b156919b185254d3948e61264937954b65e556e35cb7c14f0cd61ca254aa0d,2025,7,0.023225004
71b156919b185254d3948e61264937954b65e556e35cb7c14f0cd61ca254aa0d,2025,8,0.02404855
71b156919b185254d3948e61264937954b65e556e35cb7c14f0cd61ca254aa0d,2025,9,0.0442852
71b156919b185254d3948e61264937954b65e556e35cb7c14f0cd61ca254aa0d,2025,10,0.16705659
71c29af71f9e87db5395b943b6a0c6be1ac6adc1380a2d751248515b5e45e725,2025,5,0.017319625
71c29af71f9e87db5395b943b6a0c6be1ac6adc1380a2d751248515b5e45e725,2025,6,0.0055546244
71c29af71f9e87db5395b943b6a0c6be1ac6adc1380a2d751248515b5e45e725,2025,7,0.0054734903
71c29af71f9e87db5395b943b6a0c6be1ac6adc1380a2d751248515b5e45e725,2025,8,0.0066799987
71c29af71f9e87db5395b943b6a0c6be1ac6adc1380a2d751248515b5e45e725,2025,9,0.00976609
71c29af71f9e87db5395b943b6a0c6be1ac6adc1380a2d751248515b5e45e725,2025,10,0.03128978
71e933de062f206b3c75ab7e2f85d8cbcad40c0e2be9c9f6f041d73f0e8349e1,2025,5,0.30625227
71e933de062f206b3c75ab7e2f85d8cbcad40c0e2be9c9f6f041d73f0e8349e1,2025,9,0.4313803
71e933de062f206b3c75ab7e2f85d8cbcad40c0e2be9c9f6f041d73f0e8349e1,2025,10,0.44530877
72405c0889bc08c89d6d69113c6f63e65732cad88b75a6977cd2f6082ee33985,2025,5,0.05289624
72405c0889bc08c89d6d69113c6f63e65732cad88b75a6977cd2f6082ee33985,2025,6,0.0045263683
72405c0889bc08c89d6d69113c6f63e65732cad88b75a6977cd2f6082ee33985,2025,7,4.7132626e-10
72405c0889bc08c89d6d69113c6f63e65732cad88b75a6977cd2f6082ee33985,2025,8,0.0008778889
72405c0889bc08c89d6d69113c6f63e65732cad88b75a6977cd2f6082ee33985,2025,9,0.019497678
72405c0889bc08c89d6d69113c6f63e65732cad88b75a6977cd2f6082ee33985,2025,10,0.10499829
73144ae467ce94f9c8520c90777099ffc84121445df3c5e80e3bc5a503faf4cb,2025,5,0.05471449
73144ae467ce94f9c8520c90777099ffc84121445df3c5e80e3bc5a503faf4cb,2025,6,0.021882085
73144ae467ce94f9c8520c90777099ffc84121445df3c5e80e3bc5a503faf4cb,2025,7,0.002682596
73144ae467ce94f9c8520c90777099ffc84121445df3c5e80e3bc5a503faf4cb,2025,8,0.0058337357
73144ae467ce94f9c8520c90777099ffc84121445df3c5e80e3bc5a503faf4cb,2025,9,0.0029153053
73144ae467ce94f9c8520c90777099ffc84121445df3c5e80e3bc5a503faf4cb,2025,10,0.08429321
74c4c9731fb6623ddfd21d43eae848b41a7a2726f0eaf8c8ca77a6760b53f7e0,2025,5,0.050820258
74c4c9731fb6623ddfd21d43eae848b41a7a2726f0eaf8c8ca77a6760b53f7e0,2025,6,0.03484812
74c4c9731fb6623ddfd21d43eae848b41a7a2726f0eaf8c8ca77a6760b53f7e0,2025,7,0.03248581
74c4c9731fb6623ddfd21d43eae848b41a7a2726f0eaf8c8ca77a6760b53f7e0,2025,8,0.033337012
74c4c9731fb6623ddfd21d43eae848b41a7a2726f0eaf8c8ca77a6760b53f7e0,2025,9,0.04014317
74c4c9731fb6623ddfd21d43eae848b41a7a2726f0eaf8c8ca77a6760b53f7e0,2025,10,0.07419938
74c808200b3dca1c5a41ab4253d38db83a58ad8919b2af77c1067286eb46c05a,2025,5,0.023371648
74c808200b3dca1c5a41ab4253d38db83a58ad8919b2af77c1067286eb46c05a,2025,6,0.012940805
74c808200b3dca1c5a41ab4253d38db83a58ad8919b2af77c1067286eb46c05a,2025,7,0.013006017
74c808200b3dca1c5a41ab4253d38db83a58ad8919b2af77c1067286eb46c05a,2025,8,0.011075017
74c808200b3dca1c5a41ab4253d38db83a58ad8919b2af77c1067286eb46c05a,2025,9,0.015097958
74c808200b3dca1c5a41ab4253d38db83a58ad8919b2af77c1067286eb46c05a,2025,10,0.03373117
74e55ff2c60ee88175a5f91249c06e4c427b01c4f98d882bca16de659d884db9,2025,5,0.030639522
74e55ff2c60ee88175a5f91249c06e4c427b01c4f98d882bca16de659d884db9,2025,6,0.015468447
74e55ff2c60ee88175a5f91249c06e4c427b01c4f98d882bca16de659d884db9,2025,7,0.014178135
74e55ff2c60ee88175a5f91249c06e4c427b01c4f98d882bca16de659d884db9,2025,8,0.0139766205
74e55ff2c60ee88175a5f91249c06e4c427b01c4f98d882bca16de659d884db9,2025,9,0.019398255
74e55ff2c60ee88175a5f91249c06e4c427b01c4f98d882bca16de659d884db9,2025,10,0.04150339
74e98c12be3c126527211e699149b6dcde1262a402bfede71c6de4fdf82821df,2025,5,0.027386183
74e98c12be3c126527211e699149b6dcde1262a402bfede71c6de4fdf82821df,2025,6,0.006814266
74e98c12be3c126527211e699149b6dcde1262a402bfede71c6de4fdf82821df,2025,7,0.0047502457
74e98c12be3c126527211e699149b6dcde1262a402bfede71c6de4fdf82821df,2025,8,0.0084362365
74e98c12be3c126527211e699149b6dcde1262a402bfede71c6de4fdf82821df,2025,9,0.012090414
74e98c12be3c126527211e699149b6dcde1262a402bfede71c6de4fdf82821df,2025,10,0.04365223
7527d67e80c036d9aa28cd5d772268ed4334ccfd41641b489a8e6f84b80fda9c,2025,5,0.12710947
7527d67e80c036d9aa28cd5d772268ed4334ccfd41641b489a8e6f84b80fda9c,2025,6,0.07312289
7527d67e80c036d9aa28cd5d772268ed4334ccfd41641b489a8e6f84b80fda9c,2025,8,0.04279644
7527d67e80c036d9aa28cd5d772268ed4334ccfd41641b489a8e6f84b80fda9c,2025,9,0.03911761
7527d67e80c036d9aa28cd5d772268ed4334ccfd41641b489a8e6f84b80fda9c,2025,10,0.24435143
75b0cf86a6aa154310ce9d05bc92be21e08d2a000bffa3c428398017a462a9c4,2025,5,0.10370525
75b0cf86a6aa154310ce9d05bc92be21e08d2a000bffa3c428398017a462a9c4,2025,6,0.018983243
75b0cf86a6aa154310ce9d05bc92be21e08d2a000bffa3c428398017a462a9c4,2025,7,0.015794223
75b0cf86a6aa154310ce9d05bc92be21e08d2a000bffa3c428398017a462a9c4,2025,8,0.022005385
75b0cf86a6aa154310ce9d05bc92be21e08d2a000bffa3c428398017a462a9c4,2025,9,0.05390426
75b0cf86a6aa154310ce9d05bc92be21e08d2a000bffa3c428398017a462a9c4,2025,10,0.24285622
76326c158c33a93160207835b621299a9ad72efb7c97fddd42912b13c8e634a1,2025,5,0.050530087
76326c158c33a93160207835b621299a9ad72efb7c97fddd42912b13c8e634a1,2025,6,0.025001928
76326c158c33a93160207835b621299a9ad72efb7c97fddd42912b13c8e634a1,2025,7,0.01526174
76326c158c33a93160207835b621299a9ad72efb7c97fddd42912b13c8e634a1,2025,8,0.02335289
76326c158c33a93160207835b621299a9ad72efb7c97fddd42912b13c8e634a1,2025,9,0.032202538
76326c158c33a93160207835b621299a9ad72efb7c97fddd42912b13c8e634a1,2025,10,0.08681986
76727470e47156895ef493f602b1ad673cba245e483a74edaba1455f61acad7d,2025,5,0.047324304
76727470e47156895ef493f602b1ad673cba245e483a74edaba1455f61acad7d,2025,6,0.019610258
76727470e47156895ef493f602b1ad673cba245e483a74edaba1455f61acad7d,2025,7,0.020165216
76727470e47156895ef493f602b1ad673cba245e483a74edaba1455f61acad7d,2025,8,0.02177841
76727470e47156895ef493f602b1ad673cba245e483a74edaba1455f61acad7d,2025,9,0.033915874
76727470e47156895ef493f602b1ad673cba245e483a74edaba1455f61acad7d,2025,10,0.08437357
77132faa98c1a4b2bd1cc58d88cfc4a3204d2669a26c0fd547d7135a633273ef,2025,5,0.05441192
77132faa98c1a4b2bd1cc58d88cfc4a3204d2669a26c0fd547d7135a633273ef,2025,6,0.01290937
77132faa98c1a4b2bd1cc58d88cfc4a3204d2669a26c0fd547d7135a633273ef,2025,7,0.0063975547
77132faa98c1a4b2bd1cc58d88cfc4a3204d2669a26c0fd547d7135a633273ef,2025,8,0.010546753
77132faa98c1a4b2bd1cc58d88cfc4a3204d2669a26c0fd547d7135a633273ef,2025,9,0.02155018
77132faa98c1a4b2bd1cc58d88cfc4a3204d2669a26c0fd547d7135a633273ef,2025,10,0.076336086
77463e0dcdf0b3652f57698ef8200ec1d0f3749b526d8d846f09b53cac08bbd3,2025,5,0.050287314
77463e0dcdf0b3652f57698ef8200ec1d0f3749b526d8d846f09b53cac08bbd3,2025,6,0.018433103
77463e0dcdf0b3652f57698ef8200ec1d0f3749b526d8d846f09b53cac08bbd3,2025,7,0.015461179
77463e0dcdf0b3652f57698ef8200ec1d0f3749b526d8d846f09b53cac08bbd3,2025,8,0.01683701
77463e0dcdf0b3652f57698ef8200ec1d0f3749b526d8d846f09b53cac08bbd3,2025,9,0.025389897
77463e0dcdf0b3652f57698ef8200ec1d0f3749b526d8d846f09b53cac08bbd3,2025,10,0.06975178
778843daebfb8b05af553da99db7801fac6e67639e2de5f268278334082deb69,2025,5,0.028861836
778843daebfb8b05af553da99db7801fac6e67639e2de5f268278334082deb69,2025,6,0.005984005
778843daebfb8b05af553da99db7801fac6e67639e2de5f268278334082deb69,2025,7,0.0074460474
778843daebfb8b05af553da99db7801fac6e67639e2de5f268278334082deb69,2025,8,0.0068126256
778843daebfb8b05af553da99db7801fac6e67639e2de5f268278334082deb69,2025,9,0.005205939
778843daebfb8b05af553da99db7801fac6e67639e2de5f268278334082deb69,2025,10,0.04220791
783742b60984c6acfc4e39a54232b05ae629d44cca7aeea1cb68d1d3303a5a1d,2025,5,0.040293653
783742b60984c6acfc4e39a54232b05ae629d44cca7aeea1cb68d1d3303a5a1d,2025,6,0.004995239
783742b60984c6acfc4e39a54232b05ae629d44cca7aeea1cb68d1d3303a5a1d,2025,7,0.004172999
783742b60984c6acfc4e39a54232b05ae629d44cca7aeea1cb68d1d3303a5a1d,2025,8,0.0039946972
783742b60984c6acfc4e39a54232b05ae629d44cca7aeea1cb68d1d3303a5a1d,2025,9,0.015769385
783742b60984c6acfc4e39a54232b05ae629d44cca7aeea1cb68d1d3303a5a1d,2025,10,0.10566192
7926fe030fb4a9c8772d2b9627671d76c51bfc6037a643fab829d720c54bc4cf,2025,5,0.09146454
7926fe030fb4a9c8772d2b9627671d76c51bfc6037a643fab829d720c54bc4cf,2025,6,0.0279638
7926fe030fb4a9c8772d2b9627671d76c51bfc6037a643fab829d720c54bc4cf,2025,7,0.019782355
7926fe030fb4a9c8772d2b9627671d76c51bfc6037a643fab829d720c54bc4cf,2025,8,0.030706385
7926fe030fb4a9c8772d2b9627671d76c51bfc6037a643fab829d720c54bc4cf,2025,9,0.049059935
7926fe030fb4a9c8772d2b9627671d76c51bfc6037a643fab829d720c54bc4cf,2025,10,0.14084218
798754d7dfb241c31f5e6b0e6ccd08ce0239f6f642db5cf13dd21242cedbaae6,2025,5,0.11387027
798754d7dfb241c31f5e6b0e6ccd08ce0239f6f642db5cf13dd21242cedbaae6,2025,6,0.017679907
798754d7dfb241c31f5e6b0e6ccd08ce0239f6f642db5cf13dd21242cedbaae6,2025,7,0.016584609
798754d7dfb241c31f5e6b0e6ccd08ce0239f6f642db5cf13dd21242cedbaae6,2025,8,0.01766367
798754d7dfb241c31f5e6b0e6ccd08ce0239f6f642db5cf13dd21242cedbaae6,2025,9,0.043606177
798754d7dfb241c31f5e6b0e6ccd08ce0239f6f642db5cf13dd21242cedbaae6,2025,10,0.2389077
799352e4a8d866c56181661e2bc421fb2b0488a1f2ad851bd8c5cd63e4577b96,2025,5,0.011061161
799352e4a8d866c56181661e2bc421fb2b0488a1f2ad851bd8c5cd63e4577b96,2025,6,0.008345335
799352e4a8d866c56181661e2bc421fb2b0488a1f2ad851bd8c5cd63e4577b96,2025,7,0.0067043174
799352e4a8d866c56181661e2bc421fb2b0488a1f2ad851bd8c5cd63e4577b96,2025,8,0.0070099547
799352e4a8d866c56181661e2bc421fb2b0488a1f2ad851bd8c5cd63e4577b96,2025,9,0.0076377788
799352e4a8d866c56181661e2bc421fb2b0488a1f2ad851bd8c5cd63e4577b96,2025,10,0.010685973
7a28f140111e10487016375f2680453048e722e6801ee8f7b67bc1853272cc40,2025,5,0.028762376
7a28f140111e10487016375f2680453048e722e6801ee8f7b67bc1853272cc40,2025,6,0.013093561
7a28f140111e10487016375f2680453048e722e6801ee8f7b67bc1853272cc40,2025,7,0.013037756
7a28f140111e10487016375f2680453048e722e6801ee8f7b67bc1853272cc40,2025,8,0.012567476
7a28f140111e10487016375f2680453048e722e6801ee8f7b67bc1853272cc40,2025,9,0.016404886
7a28f140111e10487016375f2680453048e722e6801ee8f7b67bc1853272cc40,2025,10,0.050498173
7a8e8d84b96b97dbe98b4b98be67614cee0619f74d00f80aa5590481be1cc73f,2025,5,0.039886918
7a8e8d84b96b97dbe98b4b98be67614cee0619f74d00f80aa5590481be1cc73f,2025,6,0.008566897
7a8e8d84b96b97dbe98b4b98be67614cee0619f74d00f80aa5590481be1cc73f,2025,7,0.014347298
7a8e8d84b96b97dbe98b4b98be67614cee0619f74d00f80aa5590481be1cc73f,2025,8,0.011804153
7a8e8d84b96b97dbe98b4b98be67614cee0619f74d00f80aa5590481be1cc73f,2025,9,0.025079159
7a8e8d84b96b97dbe98b4b98be67614cee0619f74d00f80aa5590481be1cc73f,2025,10,0.10306965
7ab3ecb4748facf74ff376eba5a42870e796da85593e79b733a6bda8fe1c222c,2025,5,0.015593518
7ab3ecb4748facf74ff376eba5a42870e796da85593e79b733a6bda8fe1c222c,2025,6,0.008195842
7ab3ecb4748facf74ff376eba5a42870e796da85593e79b733a6bda8fe1c222c,2025,7,0.007040963
7ab3ecb4748facf74ff376eba5a42870e796da85593e79b733a6bda8fe1c222c,2025,8,0.008256002
7ab3ecb4748facf74ff376eba5a42870e796da85593e79b733a6bda8fe1c222c,2025,9,0.0106013445
7ab3ecb4748facf74ff376eba5a42870e796da85593e79b733a6bda8fe1c222c,2025,10,0.060938336
7b7114f4a20dccaa21ff15b69110d7b3910b5246e14491420402079ef91a28b1,2025,5,0.028421884
7b7114f4a20dccaa21ff15b69110d7b3910b5246e14491420402079ef91a28b1,2025,6,0.032579042
7b7114f4a20dccaa21ff15b69110d7b3910b5246e14491420402079ef91a28b1,2025,7,0.01191975
7b7114f4a20dccaa21ff15b69110d7b3910b5246e14491420402079ef91a28b1,2025,8,0.030580094
7b7114f4a20dccaa21ff15b69110d7b3910b5246e14491420402079ef91a28b1,2025,9,0.10546011
7b7114f4a20dccaa21ff15b69110d7b3910b5246e14491420402079ef91a28b1,2025,10,0.3230401
7c4e789fc31408835cddd6a194bc4ff2e1e02bad1b356b0c32b42ac8f5629c26,2025,5,0.101859465
7c4e789fc31408835cddd6a194bc4ff2e1e02bad1b356b0c32b42ac8f5629c26,2025,6,0.044669937
7c4e789fc31408835cddd6a194bc4ff2e1e02bad1b356b0c32b42ac8f5629c26,2025,7,0.035400964
7c4e789fc31408835cddd6a194bc4ff2e1e02bad1b356b0c32b42ac8f5629c26,2025,8,0.03219863
7c4e789fc31408835cddd6a194bc4ff2e1e02bad1b356b0c32b42ac8f5629c26,2025,9,0.05149126
7c4e789fc31408835cddd6a194bc4ff2e1e02bad1b356b0c32b42ac8f5629c26,2025,10,0.13235138
7c7d3d311a4ad9a7d9b2484f3814b18a9ce7b24891abe0c3e1b44f3549e04a3d,2025,5,0.04292133
7c7d3d311a4ad9a7d9b2484f3814b18a9ce7b24891abe0c3e1b44f3549e04a3d,2025,6,0.0073849345
7c7d3d311a4ad9a7d9b2484f3814b18a9ce7b24891abe0c3e1b44f3549e04a3d,2025,7,0.0050052046
7c7d3d311a4ad9a7d9b2484f3814b18a9ce7b24891abe0c3e1b44f3549e04a3d,2025,8,0.008566209
7c7d3d311a4ad9a7d9b2484f3814b18a9ce7b24891abe0c3e1b44f3549e04a3d,2025,9,0.024631629
7c7d3d311a4ad9a7d9b2484f3814b18a9ce7b24891abe0c3e1b44f3549e04a3d,2025,10,0.06393956
7d333bba6e72fe40b6c2f160b1ff9077f95645ff17712434189e96dcefb0294c,2025,5,0.026176931
7d333bba6e72fe40b6c2f160b1ff9077f95645ff17712434189e96dcefb0294c,2025,6,0.012188409
7d333bba6e72fe40b6c2f160b1ff9077f95645ff17712434189e96dcefb0294c,2025,7,0.011968137
7d333bba6e72fe40b6c2f160b1ff9077f95645ff17712434189e96dcefb0294c,2025,8,0.010283791
7d333bba6e72fe40b6c2f160b1ff9077f95645ff17712434189e96dcefb0294c,2025,9,0.016186723
7d333bba6e72fe40b6c2f160b1ff9077f95645ff17712434189e96dcefb0294c,2025,10,0.049177695
7d4d5dacfe6113d7b214710e1c6bb6abee4614b755e3c2a30f0d7bce4c14974a,2025,5,0.07600888
7d4d5dacfe6113d7b214710e1c6bb6abee4614b755e3c2a30f0d7bce4c14974a,2025,6,0.027227953
7d4d5dacfe6113d7b214710e1c6bb6abee4614b755e3c2a30f0d7bce4c14974a,2025,7,0.025833497
7d4d5dacfe6113d7b214710e1c6bb6abee4614b755e3c2a30f0d7bce4c14974a,2025,8,0.024886511
7d4d5dacfe6113d7b214710e1c6bb6abee4614b755e3c2a30f0d7bce4c14974a,2025,9,0.036606394
7d4d5dacfe6113d7b214710e1c6bb6abee4614b755e3c2a30f0d7bce4c14974a,2025,10,0.08717732
7d557fb0dc303b20765be8f5f6401b4dd439e617f895f1277009db211cd7aa46,2025,5,0.0243674
7d557fb0dc303b20765be8f5f6401b4dd439e617f895f1277009db211cd7aa46,2025,6,0.005578703
7d557fb0dc303b20765be8f5f6401b4dd439e617f895f1277009db211cd7aa46,2025,7,0.005129262
7d557fb0dc303b20765be8f5f6401b4dd439e617f895f1277009db211cd7aa46,2025,8,0.0055733365
7d557fb0dc303b20765be8f5f6401b4dd439e617f895f1277009db211cd7aa46,2025,9,0.013647108
7d557fb0dc303b20765be8f5f6401b4dd439e617f895f1277009db211cd7aa46,2025,10,0.048541155
7d8a27dfcfd65ced529ba5a27bc6f0030841dc589a00e37d09de069bfa3f57b0,2025,5,0.061140556
7d8a27dfcfd65ced529ba5a27bc6f0030841dc589a00e37d09de069bfa3f57b0,2025,6,0.012984028
7d8a27dfcfd65ced529ba5a27bc6f0030841dc589a00e37d09de069bfa3f57b0,2025,7,0.012846513
7d8a27dfcfd65ced529ba5a27bc6f0030841dc589a00e37d09de069bfa3f57b0,2025,8,0.0118489405
7d8a27dfcfd65ced529ba5a27bc6f0030841dc589a00e37d09de069bfa3f57b0,2025,9,0.021301663
7d8a27dfcfd65ced529ba5a27bc6f0030841dc589a00e37d09de069bfa3f57b0,2025,10,0.105402775
7dbf1f9d109b8c4b211083d05adc023271a157f6ab1342e58c5ac9835cb84c06,2025,5,0.04273899
7dbf1f9d109b8c4b211083d05adc023271a157f6ab1342e58c5ac9835cb84c06,2025,6,0.008893997
7dbf1f9d109b8c4b211083d05adc023271a157f6ab1342e58c5ac9835cb84c06,2025,7,0.009211586
7dbf1f9d109b8c4b211083d05adc023271a157f6ab1342e58c5ac9835cb84c06,2025,8,0.010217177
7dbf1f9d109b8c4b211083d05adc023271a157f6ab1342e58c5ac9835cb84c06,2025,9,0.01771494
7dbf1f9d109b8c4b211083d05adc023271a157f6ab1342e58c5ac9835cb84c06,2025,10,0.05987442
7e28613b2925f829d27ac3eb9ce8acbafcfe8d0d1b8773289266e40e6738cbd7,2025,5,0.062644295
7e28613b2925f829d27ac3eb9ce8acbafcfe8d0d1b8773289266e40e6738cbd7,2025,6,0.012403965
7e28613b2925f829d27ac3eb9ce8acbafcfe8d0d1b8773289266e40e6738cbd7,2025,7,0.0109953685
7e28613b2925f829d27ac3eb9ce8acbafcfe8d0d1b8773289266e40e6738cbd7,2025,8,0.013724592
7e28613b2925f829d27ac3eb9ce8acbafcfe8d0d1b8773289266e40e6738cbd7,2025,9,0.027801525
7e28613b2925f829d27ac3eb9ce8acbafcfe8d0d1b8773289266e40e6738cbd7,2025,10,0.091348015
7e89f8a4a897a02fc8e21d76309a3a1bc43e488e053f17421376eb8765103579,2025,5,0.06170923
7e89f8a4a897a02fc8e21d76309a3a1bc43e488e053f17421376eb8765103579,2025,6,0.019252291
7e89f8a4a897a02fc8e21d76309a3a1bc43e488e053f17421376eb8765103579,2025,7,0.026760617
7e89f8a4a897a02fc8e21d76309a3a1bc43e488e053f17421376eb8765103579,2025,8,0.023970777
7e89f8a4a897a02fc8e21d76309a3a1bc43e488e053f17421376eb8765103579,2025,9,0.027571797
7e89f8a4a897a02fc8e21d76309a3a1bc43e488e053f17421376eb8765103579,2025,10,0.028863998
7f52cbc6657a81dd0e04c9b907dcef84a48f54f195b2c9b367e5bcd5e2fc06b9,2025,5,0.012104715
7f52cbc6657a81dd0e04c9b907dcef84a48f54f195b2c9b367e5bcd5e2fc06b9,2025,6,0.010491711
7f52cbc6657a81dd0e04c9b907dcef84a48f54f195b2c9b367e5bcd5e2fc06b9,2025,7,0.007156489
7f52cbc6657a81dd0e04c9b907dcef84a48f54f195b2c9b367e5bcd5e2fc06b9,2025,8,0.008526418
7f52cbc6657a81dd0e04c9b907dcef84a48f54f195b2c9b367e5bcd5e2fc06b9,2025,9,0.01335052
7f52cbc6657a81dd0e04c9b907dcef84a48f54f195b2c9b367e5bcd5e2fc06b9,2025,10,0.051717333
8085fa2b1728040014e39862db4a4653804460b021aa8f3db01cb6abcba3d908,2025,5,0.025867041
8085fa2b1728040014e39862db4a4653804460b021aa8f3db01cb6abcba3d908,2025,6,0.013139567
8085fa2b1728040014e39862db4a4653804460b021aa8f3db01cb6abcba3d908,2025,7,0.007822181
8085fa2b1728040014e39862db4a4653804460b021aa8f3db01cb6abcba3d908,2025,8,0.010565139
8085fa2b1728040014e39862db4a4653804460b021aa8f3db01cb6abcba3d908,2025,9,0.013739119
8085fa2b1728040014e39862db4a4653804460b021aa8f3db01cb6abcba3d908,2025,10,0.03272346
80ee5b30b70748dc1f5f04e11bbd78507012ab29acb18384596f6a5f1c0039a2,2025,5,0.03357894
80ee5b30b70748dc1f5f04e11bbd78507012ab29acb18384596f6a5f1c0039a2,2025,6,0.011817555
80ee5b30b70748dc1f5f04e11bbd78507012ab29acb18384596f6a5f1c0039a2,2025,7,0.00847381
80ee5b30b70748dc1f5f04e11bbd78507012ab29acb18384596f6a5f1c0039a2,2025,8,0.010707338
80ee5b30b70748dc1f5f04e11bbd78507012ab29acb18384596f6a5f1c0039a2,2025,9,0.017068168
80ee5b30b70748dc1f5f04e11bbd78507012ab29acb18384596f6a5f1c0039a2,2025,10,0.052536838
80fcd0b666af54fda2ce5c8b811f92276aad2e749cf27a3453f4a50a0a71d0a4,2025,5,0.052870706
80fcd0b666af54fda2ce5c8b811f92276aad2e749cf27a3453f4a50a0a71d0a4,2025,6,0.011216905
80fcd0b666af54fda2ce5c8b811f92276aad2e749cf27a3453f4a50a0a71d0a4,2025,7,0.011151491
80fcd0b666af54fda2ce5c8b811f92276aad2e749cf27a3453f4a50a0a71d0a4,2025,8,0.011381904
80fcd0b666af54fda2ce5c8b811f92276aad2e749cf27a3453f4a50a0a71d0a4,2025,9,0.024984704
80fcd0b666af54fda2ce5c8b811f92276aad2e749cf27a3453f4a50a0a71d0a4,2025,10,0.09325266
81329600569bf120917a69e054527cc7c73f37ca433ffd39bed6e6b54fbed4c2,2025,5,0.106739104
81329600569bf120917a69e054527cc7c73f37ca433ffd39bed6e6b54fbed4c2,2025,6,0.037792057
81329600569bf120917a69e054527cc7c73f37ca433ffd39bed6e6b54fbed4c2,2025,7,0.035722047
81329600569bf120917a69e054527cc7c73f37ca433ffd39bed6e6b54fbed4c2,2025,8,0.03633565
81329600569bf120917a69e054527cc7c73f37ca433ffd39bed6e6b54fbed4c2,2025,9,0.059165582
81329600569bf120917a69e054527cc7c73f37ca433ffd39bed6e6b54fbed4c2,2025,10,0.23202701
81a635b7fd0cf0ba59169e6237be4dd28cf778f0710a5e1dba3cbdc051d02687,2025,5,0.018113837
81a635b7fd0cf0ba59169e6237be4dd28cf778f0710a5e1dba3cbdc051d02687,2025,6,0.013827365
81a635b7fd0cf0ba59169e6237be4dd28cf778f0710a5e1dba3cbdc051d02687,2025,7,0.0100820325
81a635b7fd0cf0ba59169e6237be4dd28cf778f0710a5e1dba3cbdc051d02687,2025,8,0.014590182
81a635b7fd0cf0ba59169e6237be4dd28cf778f0710a5e1dba3cbdc051d02687,2025,9,0.013271624
81a635b7fd0cf0ba59169e6237be4dd28cf778f0710a5e1dba3cbdc051d02687,2025,10,0.0
81f94661a92ac53370bce5a144cbc6c46135c14b877f23cb9d9cd0907be1c9ad,2025,5,0.010085951
81f94661a92ac53370bce5a144cbc6c46135c14b877f23cb9d9cd0907be1c9ad,2025,6,0.0069196634
81f94661a92ac53370bce5a144cbc6c46135c14b877f23cb9d9cd0907be1c9ad,2025,7,0.00678617
81f94661a92ac53370bce5a144cbc6c46135c14b877f23cb9d9cd0907be1c9ad,2025,8,0.010849837
81f94661a92ac53370bce5a144cbc6c46135c14b877f23cb9d9cd0907be1c9ad,2025,9,0.008937906
81f94661a92ac53370bce5a144cbc6c46135c14b877f23cb9d9cd0907be1c9ad,2025,10,0.029238258
82155ec5ad0940f39252ebe778ea5d867af2d67e4c6f56404e6ec6ff11e4e4b4,2025,5,0.038278982
82155ec5ad0940f39252ebe778ea5d867af2d67e4c6f56404e6ec6ff11e4e4b4,2025,6,0.0149291465
82155ec5ad0940f39252ebe778ea5d867af2d67e4c6f56404e6ec6ff11e4e4b4,2025,7,0.011851666
82155ec5ad0940f39252ebe778ea5d867af2d67e4c6f56404e6ec6ff11e4e4b4,2025,8,0.01105578
82155ec5ad0940f39252ebe778ea5d867af2d67e4c6f56404e6ec6ff11e4e4b4,2025,9,0.01237298
82155ec5ad0940f39252ebe778ea5d867af2d67e4c6f56404e6ec6ff11e4e4b4,2025,10,0.07508051
82891cccfcd3e537164bdb544456e3f535def6f5c4dd2cb73a58c6c0ef11c406,2025,5,0.09844877
82891cccfcd3e537164bdb544456e3f535def6f5c4dd2cb73a58c6c0ef11c406,2025,6,0.015375992
82891cccfcd3e537164bdb544456e3f535def6f5c4dd2cb73a58c6c0ef11c406,2025,7,0.01175955
82891cccfcd3e537164bdb544456e3f535def6f5c4dd2cb73a58c6c0ef11c406,2025,8,0.015446359
82891cccfcd3e537164bdb544456e3f535def6f5c4dd2cb73a58c6c0ef11c406,2025,9,0.037153702
82891cccfcd3e537164bdb544456e3f535def6f5c4dd2cb73a58c6c0ef11c406,2025,10,0.16353936
82ef0388ee68b8d4b4f94d722988b171998496146a56f0bcbab0e11a94f7c751,2025,5,0.04120715
82ef0388ee68b8d4b4f94d722988b171998496146a56f0bcbab0e11a94f7c751,2025,6,0.012836598
82ef0388ee68b8d4b4f94d722988b171998496146a56f0bcbab0e11a94f7c751,2025,7,0.011162084
82ef0388ee68b8d4b4f94d722988b171998496146a56f0bcbab0e11a94f7c751,2025,8,0.011601862
82ef0388ee68b8d4b4f94d722988b171998496146a56f0bcbab0e11a94f7c751,2025,9,0.021688705
82ef0388ee68b8d4b4f94d722988b171998496146a56f0bcbab0e11a94f7c751,2025,10,0.07409821
830deb718671ae706d4ad5965316b59c9447ab6158a59c0e22b21465c3465169,2025,5,0.2159704
830deb718671ae706d4ad5965316b59c9447ab6158a59c0e22b21465c3465169,2025,6,0.0019444675
830deb718671ae706d4ad5965316b59c9447ab6158a59c0e22b21465c3465169,2025,7,1.3406033e-10
830deb718671ae706d4ad5965316b59c9447ab6158a59c0e22b21465c3465169,2025,8,0.0051763915
830deb718671ae706d4ad5965316b59c9447ab6158a59c0e22b21465c3465169,2025,9,0.043859392
830deb718671ae706d4ad5965316b59c9447ab6158a59c0e22b21465c3465169,2025,10,0.19762167
836f073d005018cab5dba8c34b11866446648fc96304bd2c51b3a10daa25c69a,2025,5,0.060787816
836f073d005018cab5dba8c34b11866446648fc96304bd2c51b3a10daa25c69a,2025,6,0.009911183
836f073d005018cab5dba8c34b11866446648fc96304bd2c51b3a10daa25c69a,2025,7,0.010246511
836f073d005018cab5dba8c34b11866446648fc96304bd2c51b3a10daa25c69a,2025,8,0.015924321
836f073d005018cab5dba8c34b11866446648fc96304bd2c51b3a10daa25c69a,2025,9,0.0397772
836f073d005018cab5dba8c34b11866446648fc96304bd2c51b3a10daa25c69a,2025,10,0.08255628
84088011a5445196a0d121760f03c4b58b7f357eb2342604f34b471efde637a6,2025,5,0.0053106276
84088011a5445196a0d121760f03c4b58b7f357eb2342604f34b471efde637a6,2025,6,0.008411178
84088011a5445196a0d121760f03c4b58b7f357eb2342604f34b471efde637a6,2025,7,0.006758555
84088011a5445196a0d121760f03c4b58b7f357eb2342604f34b471efde637a6,2025,8,0.00697329
84088011a5445196a0d121760f03c4b58b7f357eb2342604f34b471efde637a6,2025,9,0.0115618855
84088011a5445196a0d121760f03c4b58b7f357eb2342604f34b471efde637a6,2025,10,0.0047909818
8433bdbeb21722fba87b9d2ab2b572c87c5a8c2672243d92cf9ad5db29fb27af,2025,5,0.055417
8433bdbeb21722fba87b9d2ab2b572c87c5a8c2672243d92cf9ad5db29fb27af,2025,6,0.025644513
8433bdbeb21722fba87b9d2ab2b572c87c5a8c2672243d92cf9ad5db29fb27af,2025,7,0.018673798
8433bdbeb21722fba87b9d2ab2b572c87c5a8c2672243d92cf9ad5db29fb27af,2025,8,0.02248791
8433bdbeb21722fba87b9d2ab2b572c87c5a8c2672243d92cf9ad5db29fb27af,2025,9,0.031561684
8433bdbeb21722fba87b9d2ab2b572c87c5a8c2672243d92cf9ad5db29fb27af,2025,10,0.065318555
8485db42c24af4edc81c722e9f9d22fe8be5cc77da4ec80a1f3260bf87e436c5,2025,5,0.03706382
8485db42c24af4edc81c722e9f9d22fe8be5cc77da4ec80a1f3260bf87e436c5,2025,6,0.00992652
8485db42c24af4edc81c722e9f9d22fe8be5cc77da4ec80a1f3260bf87e436c5,2025,7,0.006792856
8485db42c24af4edc81c722e9f9d22fe8be5cc77da4ec80a1f3260bf87e436c5,2025,8,0.008975936
8485db42c24af4edc81c722e9f9d22fe8be5cc77da4ec80a1f3260bf87e436c5,2025,9,0.012432869
8485db42c24af4edc81c722e9f9d22fe8be5cc77da4ec80a1f3260bf87e436c5,2025,10,0.047327187
848d46cbf1fa6046f2be1ef3df5455b4edea2e1aace909f1e9f2013035e06afa,2025,5,0.028394995
848d46cbf1fa6046f2be1ef3df5455b4edea2e1aace909f1e9f2013035e06afa,2025,6,0.012596088
848d46cbf1fa6046f2be1ef3df5455b4edea2e1aace909f1e9f2013035e06afa,2025,7,0.011404361
848d46cbf1fa6046f2be1ef3df5455b4edea2e1aace909f1e9f2013035e06afa,2025,8,0.011725954
848d46cbf1fa6046f2be1ef3df5455b4edea2e1aace909f1e9f2013035e06afa,2025,9,0.023809984
848d46cbf1fa6046f2be1ef3df5455b4edea2e1aace909f1e9f2013035e06afa,2025,10,0.047681082
851c4764aec28bb45c6926f142f52221643b44c40e40db7369b33e471c1ce911,2025,5,0.08812458
851c4764aec28bb45c6926f142f52221643b44c40e40db7369b33e471c1ce911,2025,6,0.07843898
851c4764aec28bb45c6926f142f52221643b44c40e40db7369b33e471c1ce911,2025,7,0.07476687
851c4764aec28bb45c6926f142f52221643b44c40e40db7369b33e471c1ce911,2025,8,0.07025994
851c4764aec28bb45c6926f142f52221643b44c40e40db7369b33e471c1ce911,2025,9,0.06136739
851c4764aec28bb45c6926f142f52221643b44c40e40db7369b33e471c1ce911,2025,10,0.15788344
85d1c5bb5d78773fe8cf3dd25df08cfd0dae749349879b570a3ea6fc638dfcd8,2025,5,0.02556515
85d1c5bb5d78773fe8cf3dd25df08cfd0dae749349879b570a3ea6fc638dfcd8,2025,6,0.010388751
85d1c5bb5d78773fe8cf3dd25df08cfd0dae749349879b570a3ea6fc638dfcd8,2025,7,0.008449229
85d1c5bb5d78773fe8cf3dd25df08cfd0dae749349879b570a3ea6fc638dfcd8,2025,8,0.012327929
85d1c5bb5d78773fe8cf3dd25df08cfd0dae749349879b570a3ea6fc638dfcd8,2025,9,0.019473812
85d1c5bb5d78773fe8cf3dd25df08cfd0dae749349879b570a3ea6fc638dfcd8,2025,10,0.051196698
8610c3c6f79a7ee379a6021d5e1cbd5c8da63dfbbd641ed874bf020ee2bd222a,2025,5,0.11514373
8610c3c6f79a7ee379a6021d5e1cbd5c8da63dfbbd641ed874bf020ee2bd222a,2025,6,0.035246585
8610c3c6f79a7ee379a6021d5e1cbd5c8da63dfbbd641ed874bf020ee2bd222a,2025,7,0.0402638
8610c3c6f79a7ee379a6021d5e1cbd5c8da63dfbbd641ed874bf020ee2bd222a,2025,8,0.043386444
8610c3c6f79a7ee379a6021d5e1cbd5c8da63dfbbd641ed874bf020ee2bd222a,2025,9,0.07994117
8610c3c6f79a7ee379a6021d5e1cbd5c8da63dfbbd641ed874bf020ee2bd222a,2025,10,0.23349923
86df9ecd74bcea02a3a00e713e391bd45d11a32281de57652442df2d3052548c,2025,5,0.059366487
86df9ecd74bcea02a3a00e713e391bd45d11a32281de57652442df2d3052548c,2025,6,0.01580102
86df9ecd74bcea02a3a00e713e391bd45d11a32281de57652442df2d3052548c,2025,7,0.015489048
86df9ecd74bcea02a3a00e713e391bd45d11a32281de57652442df2d3052548c,2025,8,0.018544931
86df9ecd74bcea02a3a00e713e391bd45d11a32281de57652442df2d3052548c,2025,9,0.018574452
86df9ecd74bcea02a3a00e713e391bd45d11a32281de57652442df2d3052548c,2025,10,0.07803231
87077566d8c7a23eefc015de590d0f4459ed54fede583d0fa4a72fc94ba0610d,2025,5,0.06518165
87077566d8c7a23eefc015de590d0f4459ed54fede583d0fa4a72fc94ba0610d,2025,6,0.0033909336
87077566d8c7a23eefc015de590d0f4459ed54fede583d0fa4a72fc94ba0610d,2025,7,0.0019140809
87077566d8c7a23eefc015de590d0f4459ed54fede583d0fa4a72fc94ba0610d,2025,8,0.0023897875
87077566d8c7a23eefc015de590d0f4459ed54fede583d0fa4a72fc94ba0610d,2025,9,0.0032295147
87077566d8c7a23eefc015de590d0f4459ed54fede583d0fa4a72fc94ba0610d,2025,10,0.07452711
8721996c036dcca5223d33295e214836d1e575d0ea332abffd811a5a7dcc1a59,2025,5,0.020851383
8721996c036dcca5223d33295e214836d1e575d0ea332abffd811a5a7dcc1a59,2025,6,0.014441065
8721996c036dcca5223d33295e214836d1e575d0ea332abffd811a5a7dcc1a59,2025,7,0.014766925
8721996c036dcca5223d33295e214836d1e575d0ea332abffd811a5a7dcc1a59,2025,8,0.01572249
8721996c036dcca5223d33295e214836d1e575d0ea332abffd811a5a7dcc1a59,2025,9,0.016084258
8721996c036dcca5223d33295e214836d1e575d0ea332abffd811a5a7dcc1a59,2025,10,0.027067458
87d4f48b07ca4cf08972b5568c4455137ff1f367a0b22369540d06f971ec0912,2025,5,0.01732566
87d4f48b07ca4cf08972b5568c4455137ff1f367a0b22369540d06f971ec0912,2025,6,0.010094054
87d4f48b07ca4cf08972b5568c4455137ff1f367a0b22369540d06f971ec0912,2025,7,0.008384245
87d4f48b07ca4cf08972b5568c4455137ff1f367a0b22369540d06f971ec0912,2025,8,0.008469772
87d4f48b07ca4cf08972b5568c4455137ff1f367a0b22369540d06f971ec0912,2025,9,0.00953796
87d4f48b07ca4cf08972b5568c4455137ff1f367a0b22369540d06f971ec0912,2025,10,0.019557972
87fe31c01844105e2f6b7c62517825ed7f721465b2bfc5c38aec38ef274f1961,2025,5,0.018335918
87fe31c01844105e2f6b7c62517825ed7f721465b2bfc5c38aec38ef274f1961,2025,6,0.012861272
87fe31c01844105e2f6b7c62517825ed7f721465b2bfc5c38aec38ef274f1961,2025,7,0.008950721
87fe31c01844105e2f6b7c62517825ed7f721465b2bfc5c38aec38ef274f1961,2025,8,0.0097838985
87fe31c01844105e2f6b7c62517825ed7f721465b2bfc5c38aec38ef274f1961,2025,9,0.015373281
87fe31c01844105e2f6b7c62517825ed7f721465b2bfc5c38aec38ef274f1961,2025,10,0.03791367
882f119ffc7fae6dbf06488b196a1b2d438bb0374177536a677fb8e14e2778fb,2025,5,0.023270879
882f119ffc7fae6dbf06488b196a1b2d438bb0374177536a677fb8e14e2778fb,2025,6,0.0079337675
882f119ffc7fae6dbf06488b196a1b2d438bb0374177536a677fb8e14e2778fb,2025,7,0.0077155647
882f119ffc7fae6dbf06488b196a1b2d438bb0374177536a677fb8e14e2778fb,2025,8,0.009138439
882f119ffc7fae6dbf06488b196a1b2d438bb0374177536a677fb8e14e2778fb,2025,9,0.012248389
882f119ffc7fae6dbf06488b196a1b2d438bb0374177536a677fb8e14e2778fb,2025,10,0.066192076
884a4ba105c92c2022cf8e35ce5be843fbed06bbaf12e65e07ccdeeb2841bf64,2025,5,0.05139421
884a4ba105c92c2022cf8e35ce5be843fbed06bbaf12e65e07ccdeeb2841bf64,2025,6,0.022939783
884a4ba105c92c2022cf8e35ce5be843fbed06bbaf12e65e07ccdeeb2841bf64,2025,7,0.016332272
884a4ba105c92c2022cf8e35ce5be843fbed06bbaf12e65e07ccdeeb2841bf64,2025,8,0.018179461
884a4ba105c92c2022cf8e35ce5be843fbed06bbaf12e65e07ccdeeb2841bf64,2025,9,0.024447022
884a4ba105c92c2022cf8e35ce5be843fbed06bbaf12e65e07ccdeeb2841bf64,2025,10,0.062327947
89fa9f3445cbe7e97d5bdfaf70b0b47b15dcd123fbbe4bbf7668755eb124fce7,2025,5,0.02795467
89fa9f3445cbe7e97d5bdfaf70b0b47b15dcd123fbbe4bbf7668755eb124fce7,2025,6,0.021957459
89fa9f3445cbe7e97d5bdfaf70b0b47b15dcd123fbbe4bbf7668755eb124fce7,2025,7,0.01905611
89fa9f3445cbe7e97d5bdfaf70b0b47b15dcd123fbbe4bbf7668755eb124fce7,2025,8,0.019566067
89fa9f3445cbe7e97d5bdfaf70b0b47b15dcd123fbbe4bbf7668755eb124fce7,2025,9,0.023285003
89fa9f3445cbe7e97d5bdfaf70b0b47b15dcd123fbbe4bbf7668755eb124fce7,2025,10,0.024819387
8a5e4d375f7dc1f526f9ab58d8abbd0c94aa10114cc32052ea100eb2b0b3110f,2025,5,0.11706295
8a5e4d375f7dc1f526f9ab58d8abbd0c94aa10114cc32052ea100eb2b0b3110f,2025,6,0.019383231
8a5e4d375f7dc1f526f9ab58d8abbd0c94aa10114cc32052ea100eb2b0b3110f,2025,7,0.014132014
8a5e4d375f7dc1f526f9ab58d8abbd0c94aa10114cc32052ea100eb2b0b3110f,2025,8,0.025934936
8a5e4d375f7dc1f526f9ab58d8abbd0c94aa10114cc32052ea100eb2b0b3110f,2025,9,0.042570036
8a5e4d375f7dc1f526f9ab58d8abbd0c94aa10114cc32052ea100eb2b0b3110f,2025,10,0.14607362
8a7075007898e838b4d60378b99a0494076e0235eef8d74ffb67ac9eaa37c632,2025,5,0.039933532
8a7075007898e838b4d60378b99a0494076e0235eef8d74ffb67ac9eaa37c632,2025,6,0.0026025882
8a7075007898e838b4d60378b99a0494076e0235eef8d74ffb67ac9eaa37c632,2025,7,7.676139e-05
8a7075007898e838b4d60378b99a0494076e0235eef8d74ffb67ac9eaa37c632,2025,8,1.1221662e-09
8a7075007898e838b4d60378b99a0494076e0235eef8d74ffb67ac9eaa37c632,2025,9,1.0498271e-09
8a7075007898e838b4d60378b99a0494076e0235eef8d74ffb67ac9eaa37c632,2025,10,0.004914371
8afcdbb643a722b76be0c76297cef9df2642c5d0c6c29513475996f2add953aa,2025,5,0.038909774
8afcdbb643a722b76be0c76297cef9df2642c5d0c6c29513475996f2add953aa,2025,6,0.013696244
8afcdbb643a722b76be0c76297cef9df2642c5d0c6c29513475996f2add953aa,2025,7,0.01019944
8afcdbb643a722b76be0c76297cef9df2642c5d0c6c29513475996f2add953aa,2025,8,0.013033973
8afcdbb643a722b76be0c76297cef9df2642c5d0c6c29513475996f2add953aa,2025,9,0.024305189
8afcdbb643a722b76be0c76297cef9df2642c5d0c6c29513475996f2add953aa,2025,10,0.052318595
8b2de4ed5a0c1a537f2ac9b0f3088ec3a0bef64805f4a6be4f823cc53c3a0750,2025,5,0.017973566
8b2de4ed5a0c1a537f2ac9b0f3088ec3a0bef64805f4a6be4f823cc53c3a0750,2025,6,0.005327352
8b2de4ed5a0c1a537f2ac9b0f3088ec3a0bef64805f4a6be4f823cc53c3a0750,2025,7,0.0038517835
8b2de4ed5a0c1a537f2ac9b0f3088ec3a0bef64805f4a6be4f823cc53c3a0750,2025,8,0.00346453
8b2de4ed5a0c1a537f2ac9b0f3088ec3a0bef64805f4a6be4f823cc53c3a0750,2025,9,0.0072058924
8b2de4ed5a0c1a537f2ac9b0f3088ec3a0bef64805f4a6be4f823cc53c3a0750,2025,10,0.030478707
8b940fb8b78eddf960dbd5026201f431b7e6c998444858d42b9d16c118849bcc,2025,5,0.037644297
8b940fb8b78eddf960dbd5026201f431b7e6c998444858d42b9d16c118849bcc,2025,6,0.015948962
8b940fb8b78eddf960dbd5026201f431b7e6c998444858d42b9d16c118849bcc,2025,7,0.013492205
8b940fb8b78eddf960dbd5026201f431b7e6c998444858d42b9d16c118849bcc,2025,8,0.011938748
8b940fb8b78eddf960dbd5026201f431b7e6c998444858d42b9d16c118849bcc,2025,9,0.014980043
8b940fb8b78eddf960dbd5026201f431b7e6c998444858d42b9d16c118849bcc,2025,10,0.11397867
8bb04c45bab48601fb733cc5e2796657096fc30c9d8d651c59bd7fbf3f6fbf8d,2025,5,0.028080057
8bb04c45bab48601fb733cc5e2796657096fc30c9d8d651c59bd7fbf3f6fbf8d,2025,6,0.0075697727
8bb04c45bab48601fb733cc5e2796657096fc30c9d8d651c59bd7fbf3f6fbf8d,2025,7,0.005203627
8bb04c45bab48601fb733cc5e2796657096fc30c9d8d651c59bd7fbf3f6fbf8d,2025,8,0.0061146673
8bb04c45bab48601fb733cc5e2796657096fc30c9d8d651c59bd7fbf3f6fbf8d,2025,9,0.015106528
8bb04c45bab48601fb733cc5e2796657096fc30c9d8d651c59bd7fbf3f6fbf8d,2025,10,0.060950853
8c24ffa8d5f665711287280168acf9e8c2a971d118ca50e3da5b638d33f867dc,2025,5,0.040738147
8c24ffa8d5f665711287280168acf9e8c2a971d118ca50e3da5b638d33f867dc,2025,6,0.019938335
8c24ffa8d5f665711287280168acf9e8c2a971d118ca50e3da5b638d33f867dc,2025,7,0.01802306
8c24ffa8d5f665711287280168acf9e8c2a971d118ca50e3da5b638d33f867dc,2025,8,0.013786402
8c24ffa8d5f665711287280168acf9e8c2a971d118ca50e3da5b638d33f867dc,2025,9,0.027441513
8c24ffa8d5f665711287280168acf9e8c2a971d118ca50e3da5b638d33f867dc,2025,10,0.074660964
8c42ab318fdbd97583a88225adea8f69ef9158f054213498924cf7d79b714757,2025,5,0.054096047
8c42ab318fdbd97583a88225adea8f69ef9158f054213498924cf7d79b714757,2025,6,0.014875815
8c42ab318fdbd97583a88225adea8f69ef9158f054213498924cf7d79b714757,2025,7,0.007447468
8c42ab318fdbd97583a88225adea8f69ef9158f054213498924cf7d79b714757,2025,8,0.013374021
8c42ab318fdbd97583a88225adea8f69ef9158f054213498924cf7d79b714757,2025,9,0.022002535
8c42ab318fdbd97583a88225adea8f69ef9158f054213498924cf7d79b714757,2025,10,0.06348896
8c872721bc8525814ad8ec0ae7bbcd09be4da55b1c93c33e360eaa4b82ac608f,2025,5,0.031879403
8c872721bc8525814ad8ec0ae7bbcd09be4da55b1c93c33e360eaa4b82ac608f,2025,6,0.012423561
8c872721bc8525814ad8ec0ae7bbcd09be4da55b1c93c33e360eaa4b82ac608f,2025,7,0.013222162
8c872721bc8525814ad8ec0ae7bbcd09be4da55b1c93c33e360eaa4b82ac608f,2025,8,0.012789966
8c872721bc8525814ad8ec0ae7bbcd09be4da55b1c93c33e360eaa4b82ac608f,2025,9,0.021857921
8c872721bc8525814ad8ec0ae7bbcd09be4da55b1c93c33e360eaa4b82ac608f,2025,10,0.07038853
8d0e8fca04595dc54b813d58afe65358b0706f2cf2a4baf52cb9eee8579d5f68,2025,5,0.21536927
8d0e8fca04595dc54b813d58afe65358b0706f2cf2a4baf52cb9eee8579d5f68,2025,7,0.07555004
8d0e8fca04595dc54b813d58afe65358b0706f2cf2a4baf52cb9eee8579d5f68,2025,8,0.07868141
8d0e8fca04595dc54b813d58afe65358b0706f2cf2a4baf52cb9eee8579d5f68,2025,9,0.122694395
8d0e8fca04595dc54b813d58afe65358b0706f2cf2a4baf52cb9eee8579d5f68,2025,10,0.24789913
8da8db61492f10a095483cb461b60d9a99358045b6a1996230b469015f08c93c,2025,5,0.04784072
8da8db61492f10a095483cb461b60d9a99358045b6a1996230b469015f08c93c,2025,6,0.0020536834
8da8db61492f10a095483cb461b60d9a99358045b6a1996230b469015f08c93c,2025,7,0.0027236408
8da8db61492f10a095483cb461b60d9a99358045b6a1996230b469015f08c93c,2025,8,0.003597965
8da8db61492f10a095483cb461b60d9a99358045b6a1996230b469015f08c93c,2025,9,0.02411924
8da8db61492f10a095483cb461b60d9a99358045b6a1996230b469015f08c93c,2025,10,0.10209244
8dbcf79959941f46205681e840149b92d81e0d2772768cef86ec12f81e985dcb,2025,5,0.039006993
8dbcf79959941f46205681e840149b92d81e0d2772768cef86ec12f81e985dcb,2025,6,0.011846093
8dbcf79959941f46205681e840149b92d81e0d2772768cef86ec12f81e985dcb,2025,8,0.0032010614
8dbcf79959941f46205681e840149b92d81e0d2772768cef86ec12f81e985dcb,2025,9,0.035889257
8dbcf79959941f46205681e840149b92d81e0d2772768cef86ec12f81e985dcb,2025,10,0.084544584
8e8927635d8b096b01db328425a04ca07f9a9f82a1226ca581b493ce7ee97b7a,2025,5,0.010277192
8e8927635d8b096b01db328425a04ca07f9a9f82a1226ca581b493ce7ee97b7a,2025,6,0.006996022
8e8927635d8b096b01db328425a04ca07f9a9f82a1226ca581b493ce7ee97b7a,2025,7,0.0065511456
8e8927635d8b096b01db328425a04ca07f9a9f82a1226ca581b493ce7ee97b7a,2025,8,0.00724975
8e8927635d8b096b01db328425a04ca07f9a9f82a1226ca581b493ce7ee97b7a,2025,9,0.008123814
8e8927635d8b096b01db328425a04ca07f9a9f82a1226ca581b493ce7ee97b7a,2025,10,0.012236388
8eb20ad555ad9b4a7b20dfa68a27966efc9aa7a2acdb588c9855a1bb02251428,2025,5,0.10499656
8eb20ad555ad9b4a7b20dfa68a27966efc9aa7a2acdb588c9855a1bb02251428,2025,6,0.024712428
8eb20ad555ad9b4a7b20dfa68a27966efc9aa7a2acdb588c9855a1bb02251428,2025,7,0.026237343
8eb20ad555ad9b4a7b20dfa68a27966efc9aa7a2acdb588c9855a1bb02251428,2025,8,0.02844461
8eb20ad555ad9b4a7b20dfa68a27966efc9aa7a2acdb588c9855a1bb02251428,2025,9,0.056651313
8eb20ad555ad9b4a7b20dfa68a27966efc9aa7a2acdb588c9855a1bb02251428,2025,10,0.16529624
8ec51680758c9b98c7e1d0cfbf59a889ccc92a781c1bbe5ed14d19d01161745e,2025,5,0.03597352
8ec51680758c9b98c7e1d0cfbf59a889ccc92a781c1bbe5ed14d19d01161745e,2025,6,0.010759381
8ec51680758c9b98c7e1d0cfbf59a889ccc92a781c1bbe5ed14d19d01161745e,2025,7,0.00766388
8ec51680758c9b98c7e1d0cfbf59a889ccc92a781c1bbe5ed14d19d01161745e,2025,8,0.011252543
8ec51680758c9b98c7e1d0cfbf59a889ccc92a781c1bbe5ed14d19d01161745e,2025,9,0.020791821
8ec51680758c9b98c7e1d0cfbf59a889ccc92a781c1bbe5ed14d19d01161745e,2025,10,0.047426563
8eec8250480b57138ce52d2502b2e704ab55a67e966ef4d8483490f65ce2e185,2025,5,0.019386087
8eec8250480b57138ce52d2502b2e704ab55a67e966ef4d8483490f65ce2e185,2025,6,0.005309337
8eec8250480b57138ce52d2502b2e704ab55a67e966ef4d8483490f65ce2e185,2025,7,0.01931998
8eec8250480b57138ce52d2502b2e704ab55a67e966ef4d8483490f65ce2e185,2025,10,0.0052629644
8f5fc10e102027696d808c845ecfdbd79a5197a6372a5e6ab5a4688a33064001,2025,5,0.023768371
8f5fc10e102027696d808c845ecfdbd79a5197a6372a5e6ab5a4688a33064001,2025,6,0.020219527
8f5fc10e102027696d808c845ecfdbd79a5197a6372a5e6ab5a4688a33064001,2025,7,0.018441968
8f5fc10e102027696d808c845ecfdbd79a5197a6372a5e6ab5a4688a33064001,2025,8,0.01876189
8f5fc10e102027696d808c845ecfdbd79a5197a6372a5e6ab5a4688a33064001,2025,9,0.023903167
8f5fc10e102027696d808c845ecfdbd79a5197a6372a5e6ab5a4688a33064001,2025,10,0.093174614
8f7425a2facbce1dd6c1d1d3cbcbf2c7056c12566e0974307ac878536498d196,2025,5,0.028003387
8f7425a2facbce1dd6c1d1d3cbcbf2c7056c12566e0974307ac878536498d196,2025,6,0.0063811415
8f7425a2facbce1dd6c1d1d3cbcbf2c7056c12566e0974307ac878536498d196,2025,7,0.005497292
8f7425a2facbce1dd6c1d1d3cbcbf2c7056c12566e0974307ac878536498d196,2025,8,0.005767634
8f7425a2facbce1dd6c1d1d3cbcbf2c7056c12566e0974307ac878536498d196,2025,9,0.012567783
8f7425a2facbce1dd6c1d1d3cbcbf2c7056c12566e0974307ac878536498d196,2025,10,0.051099792
8fa8da384822ef47da21f2ce985c6dd81b4298fa982b4e7bf1873adfde8d554a,2025,5,0.06749175
8fa8da384822ef47da21f2ce985c6dd81b4298fa982b4e7bf1873adfde8d554a,2025,6,0.03521562
8fa8da384822ef47da21f2ce985c6dd81b4298fa982b4e7bf1873adfde8d554a,2025,7,0.016741147
8fa8da384822ef47da21f2ce985c6dd81b4298fa982b4e7bf1873adfde8d554a,2025,8,0.020198494
8fa8da384822ef47da21f2ce985c6dd81b4298fa982b4e7bf1873adfde8d554a,2025,9,0.040088903
8fa8da384822ef47da21f2ce985c6dd81b4298fa982b4e7bf1873adfde8d554a,2025,10,0.08007427
8fc50b80a0f13aff7fa6bfdfd70155df2c050872fe6f640ba6db379bfec2f67b,2025,5,0.039543446
8fc50b80a0f13aff7fa6bfdfd70155df2c050872fe6f640ba6db379bfec2f67b,2025,6,0.022363214
8fc50b80a0f13aff7fa6bfdfd70155df2c050872fe6f640ba6db379bfec2f67b,2025,7,0.01634092
8fc50b80a0f13aff7fa6bfdfd70155df2c050872fe6f640ba6db379bfec2f67b,2025,8,0.023247205
8fc50b80a0f13aff7fa6bfdfd70155df2c050872fe6f640ba6db379bfec2f67b,2025,9,0.025467629
8fc50b80a0f13aff7fa6bfdfd70155df2c050872fe6f640ba6db379bfec2f67b,2025,10,0.070791654
9020d74cfc53a2caed885b6d6c8f95474aa7a5ad02569e4bfc778ec75e7559c4,2025,5,0.009397546
9020d74cfc53a2caed885b6d6c8f95474aa7a5ad02569e4bfc778ec75e7559c4,2025,6,0.004789035
9020d74cfc53a2caed885b6d6c8f95474aa7a5ad02569e4bfc778ec75e7559c4,2025,7,0.005360877
9020d74cfc53a2caed885b6d6c8f95474aa7a5ad02569e4bfc778ec75e7559c4,2025,8,0.004502288
9020d74cfc53a2caed885b6d6c8f95474aa7a5ad02569e4bfc778ec75e7559c4,2025,9,0.006241398
9020d74cfc53a2caed885b6d6c8f95474aa7a5ad02569e4bfc778ec75e7559c4,2025,10,0.01604465
90618b8c15ff47d173421da1a64eae95dc1584bb86c7289d4a210b2cb7d7cbbe,2025,5,0.18843085
90618b8c15ff47d173421da1a64eae95dc1584bb86c7289d4a210b2cb7d7cbbe,2025,6,0.06945043
90618b8c15ff47d173421da1a64eae95dc1584bb86c7289d4a210b2cb7d7cbbe,2025,7,0.06811567
90618b8c15ff47d173421da1a64eae95dc1584bb86c7289d4a210b2cb7d7cbbe,2025,8,0.06545755
90618b8c15ff47d173421da1a64eae95dc1584bb86c7289d4a210b2cb7d7cbbe,2025,9,0.08912839
90618b8c15ff47d173421da1a64eae95dc1584bb86c7289d4a210b2cb7d7cbbe,2025,10,0.22313905
91271dfcff8505336f8e98b848e6adb02695c88aeeb5ee8a8efe6ed11332cd09,2025,5,0.001244243
91271dfcff8505336f8e98b848e6adb02695c88aeeb5ee8a8efe6ed11332cd09,2025,6,0.00085959997
91271dfcff8505336f8e98b848e6adb02695c88aeeb5ee8a8efe6ed11332cd09,2025,7,0.0025609962
91271dfcff8505336f8e98b848e6adb02695c88aeeb5ee8a8efe6ed11332cd09,2025,8,0.001138644
91271dfcff8505336f8e98b848e6adb02695c88aeeb5ee8a8efe6ed11332cd09,2025,9,0.001557615
91271dfcff8505336f8e98b848e6adb02695c88aeeb5ee8a8efe6ed11332cd09,2025,10,0.0020800394
91359fa9a66735679d86a3f28ec7a12916988ab4e980c1c64f0cda446065b198,2025,5,0.041793592
91359fa9a66735679d86a3f28ec7a12916988ab4e980c1c64f0cda446065b198,2025,6,0.011243256
91359fa9a66735679d86a3f28ec7a12916988ab4e980c1c64f0cda446065b198,2025,7,0.009438076
91359fa9a66735679d86a3f28ec7a12916988ab4e980c1c64f0cda446065b198,2025,8,0.009405437
91359fa9a66735679d86a3f28ec7a12916988ab4e980c1c64f0cda446065b198,2025,9,0.012507281
91359fa9a66735679d86a3f28ec7a12916988ab4e980c1c64f0cda446065b198,2025,10,0.054861583
914a2c3929dedb0fa04fa84d3eb443540fe3820dcf86cb3ef8bbb47fb0006101,2025,5,0.061422363
914a2c3929dedb0fa04fa84d3eb443540fe3820dcf86cb3ef8bbb47fb0006101,2025,6,0.012385353
914a2c3929dedb0fa04fa84d3eb443540fe3820dcf86cb3ef8bbb47fb0006101,2025,7,0.0077752294
914a2c3929dedb0fa04fa84d3eb443540fe3820dcf86cb3ef8bbb47fb0006101,2025,8,0.008372306
914a2c3929dedb0fa04fa84d3eb443540fe3820dcf86cb3ef8bbb47fb0006101,2025,9,0.026228841
914a2c3929dedb0fa04fa84d3eb443540fe3820dcf86cb3ef8bbb47fb0006101,2025,10,0.1092047
915b66859b83ebf269117b1f1164dd621dd97899bdde69dbd90dee3b4958adb4,2025,5,0.049876336
915b66859b83ebf269117b1f1164dd621dd97899bdde69dbd90dee3b4958adb4,2025,6,0.013061486
915b66859b83ebf269117b1f1164dd621dd97899bdde69dbd90dee3b4958adb4,2025,7,0.0092947455
915b66859b83ebf269117b1f1164dd621dd97899bdde69dbd90dee3b4958adb4,2025,8,0.009898096
915b66859b83ebf269117b1f1164dd621dd97899bdde69dbd90dee3b4958adb4,2025,9,0.022839008
915b66859b83ebf269117b1f1164dd621dd97899bdde69dbd90dee3b4958adb4,2025,10,0.067609064
92edd7dda3afab5147e1e42e46b7f4c3baf3aaef7c92a9085ac6df384bf06d35,2025,5,0.025488561
92edd7dda3afab5147e1e42e46b7f4c3baf3aaef7c92a9085ac6df384bf06d35,2025,6,0.008215671
92edd7dda3afab5147e1e42e46b7f4c3baf3aaef7c92a9085ac6df384bf06d35,2025,7,0.010768743
92edd7dda3afab5147e1e42e46b7f4c3baf3aaef7c92a9085ac6df384bf06d35,2025,8,0.012500482
92edd7dda3afab5147e1e42e46b7f4c3baf3aaef7c92a9085ac6df384bf06d35,2025,9,0.012957873
92edd7dda3afab5147e1e42e46b7f4c3baf3aaef7c92a9085ac6df384bf06d35,2025,10,0.026207952
93994583a213359d175a517cecd0a77ce5d37e9d4d91b5a1965f037bb218cafc,2025,5,0.008164519
93994583a213359d175a517cecd0a77ce5d37e9d4d91b5a1965f037bb218cafc,2025,6,0.0062358105
93994583a213359d175a517cecd0a77ce5d37e9d4d91b5a1965f037bb218cafc,2025,7,0.0044641504
93994583a213359d175a517cecd0a77ce5d37e9d4d91b5a1965f037bb218cafc,2025,8,0.005883654
93994583a213359d175a517cecd0a77ce5d37e9d4d91b5a1965f037bb218cafc,2025,9,0.0068465346
93994583a213359d175a517cecd0a77ce5d37e9d4d91b5a1965f037bb218cafc,2025,10,0.010103549
93ad1e23564ab23c59364911c75955fcb23050e4a32d99b2062b1bd994354db0,2025,5,0.04168043
93ad1e23564ab23c59364911c75955fcb23050e4a32d99b2062b1bd994354db0,2025,6,0.005883778
93ad1e23564ab23c59364911c75955fcb23050e4a32d99b2062b1bd994354db0,2025,7,0.0053613605
93ad1e23564ab23c59364911c75955fcb23050e4a32d99b2062b1bd994354db0,2025,8,0.0061125928
93ad1e23564ab23c59364911c75955fcb23050e4a32d99b2062b1bd994354db0,2025,9,0.018724672
93ad1e23564ab23c59364911c75955fcb23050e4a32d99b2062b1bd994354db0,2025,10,0.09111072
9479dd76e74cbfbfad11a3900be9799061405347e158a1d91f9400b0793b3695,2025,5,0.04805944
9479dd76e74cbfbfad11a3900be9799061405347e158a1d91f9400b0793b3695,2025,6,0.013645019
9479dd76e74cbfbfad11a3900be9799061405347e158a1d91f9400b0793b3695,2025,7,0.008135994
9479dd76e74cbfbfad11a3900be9799061405347e158a1d91f9400b0793b3695,2025,8,0.0097245
9479dd76e74cbfbfad11a3900be9799061405347e158a1d91f9400b0793b3695,2025,9,0.017633686
9479dd76e74cbfbfad11a3900be9799061405347e158a1d91f9400b0793b3695,2025,10,0.056946155
948af1e02703a676e3cec85891e700667e47ad4eaa716ec02200d78f61f9ae2d,2025,5,0.038172957
948af1e02703a676e3cec85891e700667e47ad4eaa716ec02200d78f61f9ae2d,2025,6,0.021015536
948af1e02703a676e3cec85891e700667e47ad4eaa716ec02200d78f61f9ae2d,2025,7,0.023282124
948af1e02703a676e3cec85891e700667e47ad4eaa716ec02200d78f61f9ae2d,2025,8,0.018453404
948af1e02703a676e3cec85891e700667e47ad4eaa716ec02200d78f61f9ae2d,2025,9,0.02069808
948af1e02703a676e3cec85891e700667e47ad4eaa716ec02200d78f61f9ae2d,2025,10,0.043804727
94beb94fa6b41b953653c02fa14e63f04ca9ca33fafc3dc33cf6dcb97563c2eb,2025,5,0.041093946
94beb94fa6b41b953653c02fa14e63f04ca9ca33fafc3dc33cf6dcb97563c2eb,2025,6,0.017807558
94beb94fa6b41b953653c02fa14e63f04ca9ca33fafc3dc33cf6dcb97563c2eb,2025,7,0.013430065
94beb94fa6b41b953653c02fa14e63f04ca9ca33fafc3dc33cf6dcb97563c2eb,2025,8,0.015210097
94beb94fa6b41b953653c02fa14e63f04ca9ca33fafc3dc33cf6dcb97563c2eb,2025,9,0.024033431
94beb94fa6b41b953653c02fa14e63f04ca9ca33fafc3dc33cf6dcb97563c2eb,2025,10,0.056989383
9711fe8bb9113e897738d66c4dfd3c35e36ffe8fbdd76469305503a0980b48b4,2025,5,0.0506129
9711fe8bb9113e897738d66c4dfd3c35e36ffe8fbdd76469305503a0980b48b4,2025,6,0.010998677
9711fe8bb9113e897738d66c4dfd3c35e36ffe8fbdd76469305503a0980b48b4,2025,7,0.009807155
9711fe8bb9113e897738d66c4dfd3c35e36ffe8fbdd76469305503a0980b48b4,2025,8,0.010199598
9711fe8bb9113e897738d66c4dfd3c35e36ffe8fbdd76469305503a0980b48b4,2025,9,0.018190298
9711fe8bb9113e897738d66c4dfd3c35e36ffe8fbdd76469305503a0980b48b4,2025,10,0.0782727
97502d2649bf0c80a7f2f2f33824491349da81e3bd57d048f32e9b4a8c455a02,2025,5,0.04909791
97502d2649bf0c80a7f2f2f33824491349da81e3bd57d048f32e9b4a8c455a02,2025,6,0.027619729
97502d2649bf0c80a7f2f2f33824491349da81e3bd57d048f32e9b4a8c455a02,2025,7,0.02301792
97502d2649bf0c80a7f2f2f33824491349da81e3bd57d048f32e9b4a8c455a02,2025,8,0.0257722
97502d2649bf0c80a7f2f2f33824491349da81e3bd57d048f32e9b4a8c455a02,2025,9,0.030736111
97502d2649bf0c80a7f2f2f33824491349da81e3bd57d048f32e9b4a8c455a02,2025,10,0.07993782
97caf03b948cfdc0559e4d0698fcca0f5613b4358213d13f7d6a959896ef183d,2025,5,0.030594118
97caf03b948cfdc0559e4d0698fcca0f5613b4358213d13f7d6a959896ef183d,2025,6,0.0100367805
97caf03b948cfdc0559e4d0698fcca0f5613b4358213d13f7d6a959896ef183d,2025,7,0.008320288
97caf03b948cfdc0559e4d0698fcca0f5613b4358213d13f7d6a959896ef183d,2025,8,0.008863677
97caf03b948cfdc0559e4d0698fcca0f5613b4358213d13f7d6a959896ef183d,2025,9,0.024379896
97caf03b948cfdc0559e4d0698fcca0f5613b4358213d13f7d6a959896ef183d,2025,10,0.079354785
9836b6354391c6892c17b1d7e36230d122fb5f5c5b741044e00bbed4335a1596,2025,6,0.016265446
9836b6354391c6892c17b1d7e36230d122fb5f5c5b741044e00bbed4335a1596,2025,7,0.014441127
9836b6354391c6892c17b1d7e36230d122fb5f5c5b741044e00bbed4335a1596,2025,8,0.01845475
98805955713adb3f453ca0546fda4c7cb09fc02631cb02ee7985931b9ab239b5,2025,5,0.11804325
98805955713adb3f453ca0546fda4c7cb09fc02631cb02ee7985931b9ab239b5,2025,6,0.023291504
98805955713adb3f453ca0546fda4c7cb09fc02631cb02ee7985931b9ab239b5,2025,7,0.016888304
98805955713adb3f453ca0546fda4c7cb09fc02631cb02ee7985931b9ab239b5,2025,8,0.01763751
98805955713adb3f453ca0546fda4c7cb09fc02631cb02ee7985931b9ab239b5,2025,9,0.045001056
98805955713adb3f453ca0546fda4c7cb09fc02631cb02ee7985931b9ab239b5,2025,10,0.22585192
98a57b57501e851063684121ee8f1a59eb75739202b75d4fdb94e5f9b2f94142,2025,5,0.05822916
98a57b57501e851063684121ee8f1a59eb75739202b75d4fdb94e5f9b2f94142,2025,6,0.0254618
98a57b57501e851063684121ee8f1a59eb75739202b75d4fdb94e5f9b2f94142,2025,7,0.027792303
98a57b57501e851063684121ee8f1a59eb75739202b75d4fdb94e5f9b2f94142,2025,8,0.031075878
98a57b57501e851063684121ee8f1a59eb75739202b75d4fdb94e5f9b2f94142,2025,9,0.040493287
98a57b57501e851063684121ee8f1a59eb75739202b75d4fdb94e5f9b2f94142,2025,10,0.10096315
98cca12d1d7fefe024a10b867c0612443fb3e6e8b92c1a2aead45e8e4222c2f1,2025,5,0.017866356
98cca12d1d7fefe024a10b867c0612443fb3e6e8b92c1a2aead45e8e4222c2f1,2025,6,0.014080987
98cca12d1d7fefe024a10b867c0612443fb3e6e8b92c1a2aead45e8e4222c2f1,2025,7,0.009523523
98cca12d1d7fefe024a10b867c0612443fb3e6e8b92c1a2aead45e8e4222c2f1,2025,8,0.010406028
98cca12d1d7fefe024a10b867c0612443fb3e6e8b92c1a2aead45e8e4222c2f1,2025,9,0.019422645
98cca12d1d7fefe024a10b867c0612443fb3e6e8b92c1a2aead45e8e4222c2f1,2025,10,0.056232516
99227597e9f2a5fb40af23fc56c90593f1f2fe408eb2b6d9922d40be079e8af4,2025,5,0.03126959
99227597e9f2a5fb40af23fc56c90593f1f2fe408eb2b6d9922d40be079e8af4,2025,6,0.015291966
99227597e9f2a5fb40af23fc56c90593f1f2fe408eb2b6d9922d40be079e8af4,2025,7,0.007840829
99227597e9f2a5fb40af23fc56c90593f1f2fe408eb2b6d9922d40be079e8af4,2025,8,0.010475424
99227597e9f2a5fb40af23fc56c90593f1f2fe408eb2b6d9922d40be079e8af4,2025,9,0.024514837
99227597e9f2a5fb40af23fc56c90593f1f2fe408eb2b6d9922d40be079e8af4,2025,10,0.088654585
999ce16b08d81fba880b792aa98dd9f086d4d9cf375705dec8c0a6a37caf7aa3,2025,5,0.021770492
999ce16b08d81fba880b792aa98dd9f086d4d9cf375705dec8c0a6a37caf7aa3,2025,6,0.008478516
999ce16b08d81fba880b792aa98dd9f086d4d9cf375705dec8c0a6a37caf7aa3,2025,7,0.007548901
999ce16b08d81fba880b792aa98dd9f086d4d9cf375705dec8c0a6a37caf7aa3,2025,8,0.0070437663
999ce16b08d81fba880b792aa98dd9f086d4d9cf375705dec8c0a6a37caf7aa3,2025,9,0.010603147
999ce16b08d81fba880b792aa98dd9f086d4d9cf375705dec8c0a6a37caf7aa3,2025,10,0.038496815
9a013014140296eb6520905ce306b97e604c67e54bbad500e7811dd3ecb56a1e,2025,5,0.03672565
9a013014140296eb6520905ce306b97e604c67e54bbad500e7811dd3ecb56a1e,2025,6,0.048800748
9a013014140296eb6520905ce306b97e604c67e54bbad500e7811dd3ecb56a1e,2025,7,0.034249086
9a013014140296eb6520905ce306b97e604c67e54bbad500e7811dd3ecb56a1e,2025,8,0.03287299
9a013014140296eb6520905ce306b97e604c67e54bbad500e7811dd3ecb56a1e,2025,9,0.008193189
9a013014140296eb6520905ce306b97e604c67e54bbad500e7811dd3ecb56a1e,2025,10,0.044102363
9a39cc47e02ee2772a76e56c404337212ff31bcfbc3f612c1dd361ef2417eb53,2025,5,0.058184553
9a39cc47e02ee2772a76e56c404337212ff31bcfbc3f612c1dd361ef2417eb53,2025,6,0.017799847
9a39cc47e02ee2772a76e56c404337212ff31bcfbc3f612c1dd361ef2417eb53,2025,7,0.010782409
9a39cc47e02ee2772a76e56c404337212ff31bcfbc3f612c1dd361ef2417eb53,2025,8,0.0147284
9a39cc47e02ee2772a76e56c404337212ff31bcfbc3f612c1dd361ef2417eb53,2025,9,0.02865699
9a39cc47e02ee2772a76e56c404337212ff31bcfbc3f612c1dd361ef2417eb53,2025,10,0.079825655
9a6821caed7fda542fdb93818acb59edd88e30cdaf1dc16217ef84ffc9496381,2025,5,0.09116089
9a6821caed7fda542fdb93818acb59edd88e30cdaf1dc16217ef84ffc9496381,2025,6,0.03437745
9a6821caed7fda542fdb93818acb59edd88e30cdaf1dc16217ef84ffc9496381,2025,8,0.019116774
9a6821caed7fda542fdb93818acb59edd88e30cdaf1dc16217ef84ffc9496381,2025,9,0.050679505
9a6821caed7fda542fdb93818acb59edd88e30cdaf1dc16217ef84ffc9496381,2025,10,0.17620552
9a766b77fac8848b645484a60f7b0290c7c8d26f946e39f71cf470c705c07d1c,2025,5,0.034708805
9a766b77fac8848b645484a60f7b0290c7c8d26f946e39f71cf470c705c07d1c,2025,6,0.010809705
9a766b77fac8848b645484a60f7b0290c7c8d26f946e39f71cf470c705c07d1c,2025,7,0.010068141
9a766b77fac8848b645484a60f7b0290c7c8d26f946e39f71cf470c705c07d1c,2025,8,0.007846453
9a766b77fac8848b645484a60f7b0290c7c8d26f946e39f71cf470c705c07d1c,2025,9,0.015730958
9a766b77fac8848b645484a60f7b0290c7c8d26f946e39f71cf470c705c07d1c,2025,10,0.04948503
9a9d8b929854a20cc457efd93e900c19a96465ec56ea24a73d0618cb53ed122a,2025,5,0.031546216
9a9d8b929854a20cc457efd93e900c19a96465ec56ea24a73d0618cb53ed122a,2025,6,0.013530648
9a9d8b929854a20cc457efd93e900c19a96465ec56ea24a73d0618cb53ed122a,2025,7,0.011924745
9a9d8b929854a20cc457efd93e900c19a96465ec56ea24a73d0618cb53ed122a,2025,8,0.010629885
9a9d8b929854a20cc457efd93e900c19a96465ec56ea24a73d0618cb53ed122a,2025,9,0.0188815
9a9d8b929854a20cc457efd93e900c19a96465ec56ea24a73d0618cb53ed122a,2025,10,0.052771997
9adeeb22f7320abe9d5f6ec40a1bf25a8c86bfc50392ced546f8ac21ba70defa,2025,5,0.047467183
9adeeb22f7320abe9d5f6ec40a1bf25a8c86bfc50392ced546f8ac21ba70defa,2025,6,0.016039817
9adeeb22f7320abe9d5f6ec40a1bf25a8c86bfc50392ced546f8ac21ba70defa,2025,7,0.01436767
9adeeb22f7320abe9d5f6ec40a1bf25a8c86bfc50392ced546f8ac21ba70defa,2025,8,0.014765295
9adeeb22f7320abe9d5f6ec40a1bf25a8c86bfc50392ced546f8ac21ba70defa,2025,9,0.021437198
9adeeb22f7320abe9d5f6ec40a1bf25a8c86bfc50392ced546f8ac21ba70defa,2025,10,0.060991123
9bc96449d98bff1f0aeb76be90dbb3c7b1b0482c4a1af1db6f9600f2c22cee25,2025,5,0.042245246
9bc96449d98bff1f0aeb76be90dbb3c7b1b0482c4a1af1db6f9600f2c22cee25,2025,6,0.013639454
9bc96449d98bff1f0aeb76be90dbb3c7b1b0482c4a1af1db6f9600f2c22cee25,2025,7,0.013896829
9bc96449d98bff1f0aeb76be90dbb3c7b1b0482c4a1af1db6f9600f2c22cee25,2025,8,0.01346499
9bc96449d98bff1f0aeb76be90dbb3c7b1b0482c4a1af1db6f9600f2c22cee25,2025,9,0.012667323
9bc96449d98bff1f0aeb76be90dbb3c7b1b0482c4a1af1db6f9600f2c22cee25,2025,10,0.077837266
9c0f33d6df35167d7237d9a4e6f3a0b1a62b99cf32dbc366653d252371978c93,2025,5,0.066295356
9c0f33d6df35167d7237d9a4e6f3a0b1a62b99cf32dbc366653d252371978c93,2025,6,0.024913358
9c0f33d6df35167d7237d9a4e6f3a0b1a62b99cf32dbc366653d252371978c93,2025,7,0.012644552
9c0f33d6df35167d7237d9a4e6f3a0b1a62b99cf32dbc366653d252371978c93,2025,8,0.013796657
9c0f33d6df35167d7237d9a4e6f3a0b1a62b99cf32dbc366653d252371978c93,2025,9,0.028604839
9c0f33d6df35167d7237d9a4e6f3a0b1a62b99cf32dbc366653d252371978c93,2025,10,0.08772889
9e34b5ddb5d8e086ab0aa6ed8bc837f24f4c2770cd6b5abd5be49916b79e1aef,2025,5,0.035969537
9e34b5ddb5d8e086ab0aa6ed8bc837f24f4c2770cd6b5abd5be49916b79e1aef,2025,6,0.030043507
9e34b5ddb5d8e086ab0aa6ed8bc837f24f4c2770cd6b5abd5be49916b79e1aef,2025,7,0.029621536
9e34b5ddb5d8e086ab0aa6ed8bc837f24f4c2770cd6b5abd5be49916b79e1aef,2025,8,0.031079449
9e34b5ddb5d8e086ab0aa6ed8bc837f24f4c2770cd6b5abd5be49916b79e1aef,2025,9,0.04987638
9e34b5ddb5d8e086ab0aa6ed8bc837f24f4c2770cd6b5abd5be49916b79e1aef,2025,10,0.42744103
9f08acd9d1bb66b0264fb426b34be99596958e1aef903117595321ece7fd21f9,2025,5,0.06632554
9f08acd9d1bb66b0264fb426b34be99596958e1aef903117595321ece7fd21f9,2025,6,0.017587725
9f08acd9d1bb66b0264fb426b34be99596958e1aef903117595321ece7fd21f9,2025,7,0.008914255
9f08acd9d1bb66b0264fb426b34be99596958e1aef903117595321ece7fd21f9,2025,8,0.0062005124
9f08acd9d1bb66b0264fb426b34be99596958e1aef903117595321ece7fd21f9,2025,9,0.030499095
9f08acd9d1bb66b0264fb426b34be99596958e1aef903117595321ece7fd21f9,2025,10,0.095469706
9f2d671f91899fa075c3cd2040aa44c030ea57df2737f34bbdaab20272fc6ccf,2025,5,0.03713914
9f2d671f91899fa075c3cd2040aa44c030ea57df2737f34bbdaab20272fc6ccf,2025,6,0.01773774
9f2d671f91899fa075c3cd2040aa44c030ea57df2737f34bbdaab20272fc6ccf,2025,7,0.012798773
9f2d671f91899fa075c3cd2040aa44c030ea57df2737f34bbdaab20272fc6ccf,2025,8,0.014161722
9f2d671f91899fa075c3cd2040aa44c030ea57df2737f34bbdaab20272fc6ccf,2025,9,0.012682107
9f2d671f91899fa075c3cd2040aa44c030ea57df2737f34bbdaab20272fc6ccf,2025,10,0.029227803
9f4c138a71268068ed9cf9721562173fc68296ce9efe7c164c9a3d772fceda53,2025,5,0.07851701
9f4c138a71268068ed9cf9721562173fc68296ce9efe7c164c9a3d772fceda53,2025,6,0.020230431
9f4c138a71268068ed9cf9721562173fc68296ce9efe7c164c9a3d772fceda53,2025,7,0.013577105
9f4c138a71268068ed9cf9721562173fc68296ce9efe7c164c9a3d772fceda53,2025,8,0.014809487
9f4c138a71268068ed9cf9721562173fc68296ce9efe7c164c9a3d772fceda53,2025,9,0.03746127
9f4c138a71268068ed9cf9721562173fc68296ce9efe7c164c9a3d772fceda53,2025,10,0.1184184
9f77b260b4457d56ded9d2f88ec35acd38b554e8b6ca619b17afa751c3fca312,2025,5,0.019885886
9f77b260b4457d56ded9d2f88ec35acd38b554e8b6ca619b17afa751c3fca312,2025,6,0.010079335
9f77b260b4457d56ded9d2f88ec35acd38b554e8b6ca619b17afa751c3fca312,2025,7,0.0074912845
9f77b260b4457d56ded9d2f88ec35acd38b554e8b6ca619b17afa751c3fca312,2025,8,0.008073874
9f77b260b4457d56ded9d2f88ec35acd38b554e8b6ca619b17afa751c3fca312,2025,9,0.0130546475
9f77b260b4457d56ded9d2f88ec35acd38b554e8b6ca619b17afa751c3fca312,2025,10,0.037108045
9ff46a473bd014e712a0a72eaaf94c3058520c3fe82448228258a78380423644,2025,5,0.022101933
9ff46a473bd014e712a0a72eaaf94c3058520c3fe82448228258a78380423644,2025,6,0.011670343
9ff46a473bd014e712a0a72eaaf94c3058520c3fe82448228258a78380423644,2025,7,0.011443169
9ff46a473bd014e712a0a72eaaf94c3058520c3fe82448228258a78380423644,2025,8,0.010998758
9ff46a473bd014e712a0a72eaaf94c3058520c3fe82448228258a78380423644,2025,9,0.0153264655
9ff46a473bd014e712a0a72eaaf94c3058520c3fe82448228258a78380423644,2025,10,0.05242002
a00b23f6f0a68ef1be19ad616ee2e4e9cccb4087bd9235a8fb4eac1cd84f9b08,2025,5,0.059303705
a00b23f6f0a68ef1be19ad616ee2e4e9cccb4087bd9235a8fb4eac1cd84f9b08,2025,6,0.020552212
a00b23f6f0a68ef1be19ad616ee2e4e9cccb4087bd9235a8fb4eac1cd84f9b08,2025,7,0.022089124
a00b23f6f0a68ef1be19ad616ee2e4e9cccb4087bd9235a8fb4eac1cd84f9b08,2025,8,0.02215792
a00b23f6f0a68ef1be19ad616ee2e4e9cccb4087bd9235a8fb4eac1cd84f9b08,2025,9,0.030195149
a00b23f6f0a68ef1be19ad616ee2e4e9cccb4087bd9235a8fb4eac1cd84f9b08,2025,10,0.10023003
a0bb066db36b3bb377be1823909fd7351a1d5a5b8dcd54ff32eb2399cdb97a05,2025,5,0.017905166
a0bb066db36b3bb377be1823909fd7351a1d5a5b8dcd54ff32eb2399cdb97a05,2025,6,0.0075099133
a0bb066db36b3bb377be1823909fd7351a1d5a5b8dcd54ff32eb2399cdb97a05,2025,7,0.0078118225
a0bb066db36b3bb377be1823909fd7351a1d5a5b8dcd54ff32eb2399cdb97a05,2025,8,0.0079078255
a0bb066db36b3bb377be1823909fd7351a1d5a5b8dcd54ff32eb2399cdb97a05,2025,9,0.009723876
a0bb066db36b3bb377be1823909fd7351a1d5a5b8dcd54ff32eb2399cdb97a05,2025,10,0.0208021
a1a182aafaa302988f9783884b9d998f845e4d2cd85a6c4d60b33443516ed907,2025,5,0.02574436
a1a182aafaa302988f9783884b9d998f845e4d2cd85a6c4d60b33443516ed907,2025,6,0.022139525
a1a182aafaa302988f9783884b9d998f845e4d2cd85a6c4d60b33443516ed907,2025,7,0.00030331095
a1a182aafaa302988f9783884b9d998f845e4d2cd85a6c4d60b33443516ed907,2025,8,8.687337e-10
a1a182aafaa302988f9783884b9d998f845e4d2cd85a6c4d60b33443516ed907,2025,9,0.015478398
a1a182aafaa302988f9783884b9d998f845e4d2cd85a6c4d60b33443516ed907,2025,10,0.023498403
a1e748d39eacbd986d1bb521cdeebe465be79332ce21bb0c26cca8f32c52f4ae,2025,5,0.0404531
a1e748d39eacbd986d1bb521cdeebe465be79332ce21bb0c26cca8f32c52f4ae,2025,6,0.017257098
a1e748d39eacbd986d1bb521cdeebe465be79332ce21bb0c26cca8f32c52f4ae,2025,7,0.015897457
a1e748d39eacbd986d1bb521cdeebe465be79332ce21bb0c26cca8f32c52f4ae,2025,8,0.017528255
a1e748d39eacbd986d1bb521cdeebe465be79332ce21bb0c26cca8f32c52f4ae,2025,9,0.016894815
a1e748d39eacbd986d1bb521cdeebe465be79332ce21bb0c26cca8f32c52f4ae,2025,10,0.05438732
a20a069ea8f0aa2b0fbd36090a6a813b90b895f3b9c65f7d32f88738d27df51b,2025,5,0.08599121
a20a069ea8f0aa2b0fbd36090a6a813b90b895f3b9c65f7d32f88738d27df51b,2025,6,0.04534605
a20a069ea8f0aa2b0fbd36090a6a813b90b895f3b9c65f7d32f88738d27df51b,2025,7,0.034388162
a20a069ea8f0aa2b0fbd36090a6a813b90b895f3b9c65f7d32f88738d27df51b,2025,8,0.035730958
a20a069ea8f0aa2b0fbd36090a6a813b90b895f3b9c65f7d32f88738d27df51b,2025,9,0.051147785
a20a069ea8f0aa2b0fbd36090a6a813b90b895f3b9c65f7d32f88738d27df51b,2025,10,0.10572717
a399f49014087d241794be9a0778ffa2d3906f67570176aadadb910475472866,2025,5,0.071861856
a399f49014087d241794be9a0778ffa2d3906f67570176aadadb910475472866,2025,6,0.018402774
a399f49014087d241794be9a0778ffa2d3906f67570176aadadb910475472866,2025,7,0.013934651
a399f49014087d241794be9a0778ffa2d3906f67570176aadadb910475472866,2025,8,0.01692211
a399f49014087d241794be9a0778ffa2d3906f67570176aadadb910475472866,2025,9,0.044067226
a399f49014087d241794be9a0778ffa2d3906f67570176aadadb910475472866,2025,10,0.10789976
a45ef1c38356658825cdcf72e0dd11014fc89effbd9f9f1fcdf3141fb3698867,2025,5,0.015070198
a45ef1c38356658825cdcf72e0dd11014fc89effbd9f9f1fcdf3141fb3698867,2025,6,0.011062308
a45ef1c38356658825cdcf72e0dd11014fc89effbd9f9f1fcdf3141fb3698867,2025,7,0.010223041
a45ef1c38356658825cdcf72e0dd11014fc89effbd9f9f1fcdf3141fb3698867,2025,8,0.010378413
a45ef1c38356658825cdcf72e0dd11014fc89effbd9f9f1fcdf3141fb3698867,2025,9,0.01328267
a45ef1c38356658825cdcf72e0dd11014fc89effbd9f9f1fcdf3141fb3698867,2025,10,0.017830323
a481b282a16774eb1dd66a75ae49921226bd9e9758bb3cb0bc06be3582cc4ab9,2025,5,0.03258579
a481b282a16774eb1dd66a75ae49921226bd9e9758bb3cb0bc06be3582cc4ab9,2025,6,0.01697182
a481b282a16774eb1dd66a75ae49921226bd9e9758bb3cb0bc06be3582cc4ab9,2025,7,0.014587288
a481b282a16774eb1dd66a75ae49921226bd9e9758bb3cb0bc06be3582cc4ab9,2025,8,0.012313563
a481b282a16774eb1dd66a75ae49921226bd9e9758bb3cb0bc06be3582cc4ab9,2025,9,0.013560232
a481b282a16774eb1dd66a75ae49921226bd9e9758bb3cb0bc06be3582cc4ab9,2025,10,0.043236468
a4a44e2949a7db0f951ac94a601a1db2f5d993bcebb465efff7b810475161e17,2025,5,3.5095432e-10
a4a44e2949a7db0f951ac94a601a1db2f5d993bcebb465efff7b810475161e17,2025,6,0.115842775
a4a44e2949a7db0f951ac94a601a1db2f5d993bcebb465efff7b810475161e17,2025,7,0.027715744
a4a44e2949a7db0f951ac94a601a1db2f5d993bcebb465efff7b810475161e17,2025,8,0.1631176
a4a44e2949a7db0f951ac94a601a1db2f5d993bcebb465efff7b810475161e17,2025,9,0.18851563
a4a44e2949a7db0f951ac94a601a1db2f5d993bcebb465efff7b810475161e17,2025,10,0.30118597
a4e950b804c5a47471d822d16912d0a0c1b4c58e0bfab62eee60c4131b1fcf37,2025,5,0.027413165
a4e950b804c5a47471d822d16912d0a0c1b4c58e0bfab62eee60c4131b1fcf37,2025,6,0.007721696
a4e950b804c5a47471d822d16912d0a0c1b4c58e0bfab62eee60c4131b1fcf37,2025,7,0.0073388256
a4e950b804c5a47471d822d16912d0a0c1b4c58e0bfab62eee60c4131b1fcf37,2025,8,0.008645646
a4e950b804c5a47471d822d16912d0a0c1b4c58e0bfab62eee60c4131b1fcf37,2025,9,0.020910766
a4e950b804c5a47471d822d16912d0a0c1b4c58e0bfab62eee60c4131b1fcf37,2025,10,0.058598395
a4eb8c61c7bf9dbf75351a1de02ab2a318280471ec4b6002a9e7029c8944060b,2025,5,0.03025749
a4eb8c61c7bf9dbf75351a1de02ab2a318280471ec4b6002a9e7029c8944060b,2025,6,0.0064091366
a4eb8c61c7bf9dbf75351a1de02ab2a318280471ec4b6002a9e7029c8944060b,2025,7,0.0049864296
a4eb8c61c7bf9dbf75351a1de02ab2a318280471ec4b6002a9e7029c8944060b,2025,8,0.0048554363
a4eb8c61c7bf9dbf75351a1de02ab2a318280471ec4b6002a9e7029c8944060b,2025,9,0.011991596
a4eb8c61c7bf9dbf75351a1de02ab2a318280471ec4b6002a9e7029c8944060b,2025,10,0.025552157
a510e573a95b5a4c5e6c0f9d34320a0354431dbc28fa4bf72ce1c4d32df582b4,2025,5,0.060992453
a510e573a95b5a4c5e6c0f9d34320a0354431dbc28fa4bf72ce1c4d32df582b4,2025,6,0.0077098855
a510e573a95b5a4c5e6c0f9d34320a0354431dbc28fa4bf72ce1c4d32df582b4,2025,7,0.0056233583
a510e573a95b5a4c5e6c0f9d34320a0354431dbc28fa4bf72ce1c4d32df582b4,2025,8,0.0054320507
a510e573a95b5a4c5e6c0f9d34320a0354431dbc28fa4bf72ce1c4d32df582b4,2025,9,0.013501557
a510e573a95b5a4c5e6c0f9d34320a0354431dbc28fa4bf72ce1c4d32df582b4,2025,10,0.087030694
a589f5aa2e5bc12a9d6bc033396484da47eaad8f5fcea21a08ab0a69391cc61b,2025,5,0.01815918
a589f5aa2e5bc12a9d6bc033396484da47eaad8f5fcea21a08ab0a69391cc61b,2025,6,0.008616228
a589f5aa2e5bc12a9d6bc033396484da47eaad8f5fcea21a08ab0a69391cc61b,2025,7,0.007575745
a589f5aa2e5bc12a9d6bc033396484da47eaad8f5fcea21a08ab0a69391cc61b,2025,8,0.007829868
a589f5aa2e5bc12a9d6bc033396484da47eaad8f5fcea21a08ab0a69391cc61b,2025,9,0.009651585
a589f5aa2e5bc12a9d6bc033396484da47eaad8f5fcea21a08ab0a69391cc61b,2025,10,0.014948066
a5ab80309570519e79efbd6608dfce861115a862960fc0c8508142ebb6f771b3,2025,5,0.022486525
a5ab80309570519e79efbd6608dfce861115a862960fc0c8508142ebb6f771b3,2025,6,0.02055043
a5ab80309570519e79efbd6608dfce861115a862960fc0c8508142ebb6f771b3,2025,7,0.011838536
a5ab80309570519e79efbd6608dfce861115a862960fc0c8508142ebb6f771b3,2025,8,0.008775154
a5ab80309570519e79efbd6608dfce861115a862960fc0c8508142ebb6f771b3,2025,9,0.011323197
a5ab80309570519e79efbd6608dfce861115a862960fc0c8508142ebb6f771b3,2025,10,0.0199362
a5b6c0b21e6bf9815a1cb88c152ac473bc8f9e9d291a9d0c0beffe49c68c9f5a,2025,5,0.02171518
a5b6c0b21e6bf9815a1cb88c152ac473bc8f9e9d291a9d0c0beffe49c68c9f5a,2025,6,0.0062016994
a5b6c0b21e6bf9815a1cb88c152ac473bc8f9e9d291a9d0c0beffe49c68c9f5a,2025,7,0.0059747426
a5b6c0b21e6bf9815a1cb88c152ac473bc8f9e9d291a9d0c0beffe49c68c9f5a,2025,8,0.0064770305
a5b6c0b21e6bf9815a1cb88c152ac473bc8f9e9d291a9d0c0beffe49c68c9f5a,2025,9,0.008179577
a5b6c0b21e6bf9815a1cb88c152ac473bc8f9e9d291a9d0c0beffe49c68c9f5a,2025,10,0.050648797
a757302ce5c2df2d89c2b25398004a14bc8d8d39157cd76399fc488338857cae,2025,5,0.05335016
a757302ce5c2df2d89c2b25398004a14bc8d8d39157cd76399fc488338857cae,2025,6,0.010237368
a757302ce5c2df2d89c2b25398004a14bc8d8d39157cd76399fc488338857cae,2025,7,0.006908226
a757302ce5c2df2d89c2b25398004a14bc8d8d39157cd76399fc488338857cae,2025,8,0.0072028604
a757302ce5c2df2d89c2b25398004a14bc8d8d39157cd76399fc488338857cae,2025,9,0.0080288295
a757302ce5c2df2d89c2b25398004a14bc8d8d39157cd76399fc488338857cae,2025,10,0.048989348
a768ca572d95180820356d8a509ff055bd1c2544bc0c48d2414eb46a0e4e5e5e,2025,5,0.02248094
a768ca572d95180820356d8a509ff055bd1c2544bc0c48d2414eb46a0e4e5e5e,2025,6,0.009067953
a768ca572d95180820356d8a509ff055bd1c2544bc0c48d2414eb46a0e4e5e5e,2025,7,0.0065738694
a768ca572d95180820356d8a509ff055bd1c2544bc0c48d2414eb46a0e4e5e5e,2025,8,0.008504279
a768ca572d95180820356d8a509ff055bd1c2544bc0c48d2414eb46a0e4e5e5e,2025,10,0.029322471
a7a4d156fea9611c195a04db854b962172075b2ad54e35b0feb9ea5b7b34a10f,2025,5,0.052878547
a7a4d156fea9611c195a04db854b962172075b2ad54e35b0feb9ea5b7b34a10f,2025,6,0.004461412
a7a4d156fea9611c195a04db854b962172075b2ad54e35b0feb9ea5b7b34a10f,2025,7,1.8581333e-05
a7a4d156fea9611c195a04db854b962172075b2ad54e35b0feb9ea5b7b34a10f,2025,8,0.044755097
a7a4d156fea9611c195a04db854b962172075b2ad54e35b0feb9ea5b7b34a10f,2025,9,0.07442448
a7a4d156fea9611c195a04db854b962172075b2ad54e35b0feb9ea5b7b34a10f,2025,10,0.08838693
a7c6b26faf3eec610f35111b1c22a6244866331977ec341c717e33d178dfd050,2025,5,0.060918927
a7c6b26faf3eec610f35111b1c22a6244866331977ec341c717e33d178dfd050,2025,6,0.01215491
a7c6b26faf3eec610f35111b1c22a6244866331977ec341c717e33d178dfd050,2025,7,0.009388672
a7c6b26faf3eec610f35111b1c22a6244866331977ec341c717e33d178dfd050,2025,8,0.010978573
a7c6b26faf3eec610f35111b1c22a6244866331977ec341c717e33d178dfd050,2025,9,0.019372452
a7c6b26faf3eec610f35111b1c22a6244866331977ec341c717e33d178dfd050,2025,10,0.09730945
ac393f6fdda5fd008b3f408680b4893cfdf0c136a5d753035f05715c3d656098,2025,5,0.047222298
ac393f6fdda5fd008b3f408680b4893cfdf0c136a5d753035f05715c3d656098,2025,6,0.018312216
ac393f6fdda5fd008b3f408680b4893cfdf0c136a5d753035f05715c3d656098,2025,7,0.01611373
ac393f6fdda5fd008b3f408680b4893cfdf0c136a5d753035f05715c3d656098,2025,8,0.015862895
ac393f6fdda5fd008b3f408680b4893cfdf0c136a5d753035f05715c3d656098,2025,9,0.031053625
ac393f6fdda5fd008b3f408680b4893cfdf0c136a5d753035f05715c3d656098,2025,10,0.06015463
ac463a709f16be59f019a1e578ef57e44a4c534991a93437a440f8deb5c80386,2025,5,0.068969585
ac463a709f16be59f019a1e578ef57e44a4c534991a93437a440f8deb5c80386,2025,6,0.009976478
ac463a709f16be59f019a1e578ef57e44a4c534991a93437a440f8deb5c80386,2025,7,0.012579934
ac463a709f16be59f019a1e578ef57e44a4c534991a93437a440f8deb5c80386,2025,8,0.016029486
ac463a709f16be59f019a1e578ef57e44a4c534991a93437a440f8deb5c80386,2025,10,0.1233518
acc55352fdcc51ad52b3063634197e51bf85aa733d6d386cb11bf130b2288641,2025,5,0.024036005
acc55352fdcc51ad52b3063634197e51bf85aa733d6d386cb11bf130b2288641,2025,6,0.007436808
acc55352fdcc51ad52b3063634197e51bf85aa733d6d386cb11bf130b2288641,2025,7,0.004480324
acc55352fdcc51ad52b3063634197e51bf85aa733d6d386cb11bf130b2288641,2025,8,0.0063509676
acc55352fdcc51ad52b3063634197e51bf85aa733d6d386cb11bf130b2288641,2025,9,0.011394202
acc55352fdcc51ad52b3063634197e51bf85aa733d6d386cb11bf130b2288641,2025,10,0.04462261
ace601564dc43918f552a5098354769c900e7d31b25b6558479546211b743a8b,2025,5,0.055324007
ace601564dc43918f552a5098354769c900e7d31b25b6558479546211b743a8b,2025,6,0.037526827
ace601564dc43918f552a5098354769c900e7d31b25b6558479546211b743a8b,2025,7,0.035759933
ace601564dc43918f552a5098354769c900e7d31b25b6558479546211b743a8b,2025,8,0.03569977
ace601564dc43918f552a5098354769c900e7d31b25b6558479546211b743a8b,2025,9,0.05006489
ace601564dc43918f552a5098354769c900e7d31b25b6558479546211b743a8b,2025,10,0.09093699
ad5ebf9565d51c8c2d5df5dbf381ce63f9602848490390eefb0c74b2f12a94e7,2025,5,0.092443466
ad5ebf9565d51c8c2d5df5dbf381ce63f9602848490390eefb0c74b2f12a94e7,2025,6,0.04844684
ad5ebf9565d51c8c2d5df5dbf381ce63f9602848490390eefb0c74b2f12a94e7,2025,7,0.04559338
ad5ebf9565d51c8c2d5df5dbf381ce63f9602848490390eefb0c74b2f12a94e7,2025,8,0.03816638
ad5ebf9565d51c8c2d5df5dbf381ce63f9602848490390eefb0c74b2f12a94e7,2025,9,0.05049716
ad5ebf9565d51c8c2d5df5dbf381ce63f9602848490390eefb0c74b2f12a94e7,2025,10,0.121339954
ae7d8e8527cacda264b67e364ed9dd081c6631f7466e490394611754e06e5173,2025,5,0.037054054
ae7d8e8527cacda264b67e364ed9dd081c6631f7466e490394611754e06e5173,2025,6,0.011217068
ae7d8e8527cacda264b67e364ed9dd081c6631f7466e490394611754e06e5173,2025,7,0.007240327
ae7d8e8527cacda264b67e364ed9dd081c6631f7466e490394611754e06e5173,2025,8,0.008869415
ae7d8e8527cacda264b67e364ed9dd081c6631f7466e490394611754e06e5173,2025,9,0.01704465
ae7d8e8527cacda264b67e364ed9dd081c6631f7466e490394611754e06e5173,2025,10,0.053342696
ae8abfd04d058d484de0f29965b378682071a8d25b931825d07f1b610b80f775,2025,5,0.088929474
ae8abfd04d058d484de0f29965b378682071a8d25b931825d07f1b610b80f775,2025,6,0.04300517
ae8abfd04d058d484de0f29965b378682071a8d25b931825d07f1b610b80f775,2025,7,0.03341443
ae8abfd04d058d484de0f29965b378682071a8d25b931825d07f1b610b80f775,2025,8,0.040109836
ae8abfd04d058d484de0f29965b378682071a8d25b931825d07f1b610b80f775,2025,9,0.070258886
ae8abfd04d058d484de0f29965b378682071a8d25b931825d07f1b610b80f775,2025,10,0.12061603
af05187341a019eee3445a79f465bc483549ea4d7b02e786e36df134965c4954,2025,5,0.059230726
af05187341a019eee3445a79f465bc483549ea4d7b02e786e36df134965c4954,2025,6,4.085997e-10
af05187341a019eee3445a79f465bc483549ea4d7b02e786e36df134965c4954,2025,7,3.3679212e-10
af05187341a019eee3445a79f465bc483549ea4d7b02e786e36df134965c4954,2025,8,3.7608489e-10
af05187341a019eee3445a79f465bc483549ea4d7b02e786e36df134965c4954,2025,9,0.010818767
af05187341a019eee3445a79f465bc483549ea4d7b02e786e36df134965c4954,2025,10,0.110210314
afb3962e12a1787faa234dce31379934f6ade556b7a55c3708dbf68f2a9d92b4,2025,5,0.011822152
afb3962e12a1787faa234dce31379934f6ade556b7a55c3708dbf68f2a9d92b4,2025,6,0.0043923184
afb3962e12a1787faa234dce31379934f6ade556b7a55c3708dbf68f2a9d92b4,2025,7,0.0036574954
afb3962e12a1787faa234dce31379934f6ade556b7a55c3708dbf68f2a9d92b4,2025,8,0.004005021
afb3962e12a1787faa234dce31379934f6ade556b7a55c3708dbf68f2a9d92b4,2025,9,0.0062143514
afb3962e12a1787faa234dce31379934f6ade556b7a55c3708dbf68f2a9d92b4,2025,10,0.020219348
afbc475c0ad940f37c1c5fcab8c077fd6ad25367060c47817c87b922192d5758,2025,5,0.060954876
afbc475c0ad940f37c1c5fcab8c077fd6ad25367060c47817c87b922192d5758,2025,6,0.017533237
afbc475c0ad940f37c1c5fcab8c077fd6ad25367060c47817c87b922192d5758,2025,7,0.013956155
afbc475c0ad940f37c1c5fcab8c077fd6ad25367060c47817c87b922192d5758,2025,8,0.017397435
afbc475c0ad940f37c1c5fcab8c077fd6ad25367060c47817c87b922192d5758,2025,9,0.024677044
afbc475c0ad940f37c1c5fcab8c077fd6ad25367060c47817c87b922192d5758,2025,10,0.057953894
afc04210b979867cd9619ebea0ce6b535772b8fdbe60e3a2eab75b67014d87ce,2025,5,0.04138029
afc04210b979867cd9619ebea0ce6b535772b8fdbe60e3a2eab75b67014d87ce,2025,6,0.010267628
afc04210b979867cd9619ebea0ce6b535772b8fdbe60e3a2eab75b67014d87ce,2025,8,0.012382254
afc04210b979867cd9619ebea0ce6b535772b8fdbe60e3a2eab75b67014d87ce,2025,9,0.010458832
afc04210b979867cd9619ebea0ce6b535772b8fdbe60e3a2eab75b67014d87ce,2025,10,0.014281014
affd305d297546533f9dfeb962870466f5c3086a9ae2e548e785f6597aef69cc,2025,5,0.012402355
affd305d297546533f9dfeb962870466f5c3086a9ae2e548e785f6597aef69cc,2025,6,0.009276788
affd305d297546533f9dfeb962870466f5c3086a9ae2e548e785f6597aef69cc,2025,7,0.0075452677
affd305d297546533f9dfeb962870466f5c3086a9ae2e548e785f6597aef69cc,2025,8,0.008307252
affd305d297546533f9dfeb962870466f5c3086a9ae2e548e785f6597aef69cc,2025,9,0.009455191
affd305d297546533f9dfeb962870466f5c3086a9ae2e548e785f6597aef69cc,2025,10,0.034890376
b097fadf1169c39654071b15699257e9d12ac5d92dd8640e52f71e0cd99f8e1d,2025,5,0.034120783
b097fadf1169c39654071b15699257e9d12ac5d92dd8640e52f71e0cd99f8e1d,2025,6,0.00056132546
b097fadf1169c39654071b15699257e9d12ac5d92dd8640e52f71e0cd99f8e1d,2025,7,0.0006241563
b097fadf1169c39654071b15699257e9d12ac5d92dd8640e52f71e0cd99f8e1d,2025,8,0.0009756623
b097fadf1169c39654071b15699257e9d12ac5d92dd8640e52f71e0cd99f8e1d,2025,9,0.009033879
b097fadf1169c39654071b15699257e9d12ac5d92dd8640e52f71e0cd99f8e1d,2025,10,0.071179114
b0e95b1ca8a226927f56fe217fd04a8695ce3a1cb27b2ee786ee6867a2fb72c2,2025,5,0.023272611
b0e95b1ca8a226927f56fe217fd04a8695ce3a1cb27b2ee786ee6867a2fb72c2,2025,6,0.0049665556
b0e95b1ca8a226927f56fe217fd04a8695ce3a1cb27b2ee786ee6867a2fb72c2,2025,7,0.0058165225
b0e95b1ca8a226927f56fe217fd04a8695ce3a1cb27b2ee786ee6867a2fb72c2,2025,8,0.0045066336
b0e95b1ca8a226927f56fe217fd04a8695ce3a1cb27b2ee786ee6867a2fb72c2,2025,9,0.008711691
b0e95b1ca8a226927f56fe217fd04a8695ce3a1cb27b2ee786ee6867a2fb72c2,2025,10,0.047933966
b128e72cfa88a396700dd149910bf0d237d3f5386bfb030fd1e1e3dc5553a449,2025,5,0.08389017
b128e72cfa88a396700dd149910bf0d237d3f5386bfb030fd1e1e3dc5553a449,2025,6,0.023546103
b128e72cfa88a396700dd149910bf0d237d3f5386bfb030fd1e1e3dc5553a449,2025,7,0.023202797
b128e72cfa88a396700dd149910bf0d237d3f5386bfb030fd1e1e3dc5553a449,2025,8,0.02113121
b128e72cfa88a396700dd149910bf0d237d3f5386bfb030fd1e1e3dc5553a449,2025,9,0.050334383
b128e72cfa88a396700dd149910bf0d237d3f5386bfb030fd1e1e3dc5553a449,2025,10,0.15296316
b17da0ecb969ade91c5f3a60130a9d81f1edad9912a922537db0f2c35e4d2200,2025,5,0.016974002
b17da0ecb969ade91c5f3a60130a9d81f1edad9912a922537db0f2c35e4d2200,2025,6,0.009794709
b17da0ecb969ade91c5f3a60130a9d81f1edad9912a922537db0f2c35e4d2200,2025,7,0.008696116
b17da0ecb969ade91c5f3a60130a9d81f1edad9912a922537db0f2c35e4d2200,2025,8,0.008311374
b17da0ecb969ade91c5f3a60130a9d81f1edad9912a922537db0f2c35e4d2200,2025,9,0.009154077
b17da0ecb969ade91c5f3a60130a9d81f1edad9912a922537db0f2c35e4d2200,2025,10,0.025375294
b252cc55ff668c6f06a040323f80f7d5b03cd11ec34e7efe84e747283690c903,2025,5,0.016452173
b252cc55ff668c6f06a040323f80f7d5b03cd11ec34e7efe84e747283690c903,2025,6,0.012622429
b252cc55ff668c6f06a040323f80f7d5b03cd11ec34e7efe84e747283690c903,2025,7,0.0092076715
b252cc55ff668c6f06a040323f80f7d5b03cd11ec34e7efe84e747283690c903,2025,8,0.010415818
b252cc55ff668c6f06a040323f80f7d5b03cd11ec34e7efe84e747283690c903,2025,9,0.0130396085
b252cc55ff668c6f06a040323f80f7d5b03cd11ec34e7efe84e747283690c903,2025,10,0.047272205
b3b2a99704bd254d7aadf1a5ce10f093e87389ed910ce2b3195f0d39ea324558,2025,5,0.041112367
b3b2a99704bd254d7aadf1a5ce10f093e87389ed910ce2b3195f0d39ea324558,2025,6,0.0044347397
b3b2a99704bd254d7aadf1a5ce10f093e87389ed910ce2b3195f0d39ea324558,2025,7,0.0038146821
b3b2a99704bd254d7aadf1a5ce10f093e87389ed910ce2b3195f0d39ea324558,2025,8,0.0047076396
b3b2a99704bd254d7aadf1a5ce10f093e87389ed910ce2b3195f0d39ea324558,2025,9,0.005003967
b3b2a99704bd254d7aadf1a5ce10f093e87389ed910ce2b3195f0d39ea324558,2025,10,0.0151744
b3bc9f855285b0a8b07a3fd14ca75c81a31335bf7108969fc7e44532aa24f50f,2025,5,0.030971557
b3bc9f855285b0a8b07a3fd14ca75c81a31335bf7108969fc7e44532aa24f50f,2025,6,0.01023322
b3bc9f855285b0a8b07a3fd14ca75c81a31335bf7108969fc7e44532aa24f50f,2025,7,0.010241752
b3bc9f855285b0a8b07a3fd14ca75c81a31335bf7108969fc7e44532aa24f50f,2025,8,0.011285551
b3bc9f855285b0a8b07a3fd14ca75c81a31335bf7108969fc7e44532aa24f50f,2025,9,0.010973988
b3bc9f855285b0a8b07a3fd14ca75c81a31335bf7108969fc7e44532aa24f50f,2025,10,0.019502264
b3d6c532cf41ea137f82789690a7b75068a4213f32dd32114ba124f70a5a71cc,2025,5,0.036014307
b3d6c532cf41ea137f82789690a7b75068a4213f32dd32114ba124f70a5a71cc,2025,6,0.008797201
b3d6c532cf41ea137f82789690a7b75068a4213f32dd32114ba124f70a5a71cc,2025,7,0.009696026
b3d6c532cf41ea137f82789690a7b75068a4213f32dd32114ba124f70a5a71cc,2025,8,0.008018312
b3d6c532cf41ea137f82789690a7b75068a4213f32dd32114ba124f70a5a71cc,2025,9,0.013940853
b3d6c532cf41ea137f82789690a7b75068a4213f32dd32114ba124f70a5a71cc,2025,10,0.06725476
b426bc99abaad863998e8ffa7c12c1297a08087ccb45b45fb2938dc6d1de9c0c,2025,5,0.031038903
b426bc99abaad863998e8ffa7c12c1297a08087ccb45b45fb2938dc6d1de9c0c,2025,6,0.0009964774
b426bc99abaad863998e8ffa7c12c1297a08087ccb45b45fb2938dc6d1de9c0c,2025,7,0.009894933
b426bc99abaad863998e8ffa7c12c1297a08087ccb45b45fb2938dc6d1de9c0c,2025,8,0.010547776
b426bc99abaad863998e8ffa7c12c1297a08087ccb45b45fb2938dc6d1de9c0c,2025,9,0.018693315
b426bc99abaad863998e8ffa7c12c1297a08087ccb45b45fb2938dc6d1de9c0c,2025,10,0.053398483
b43329c4bf64454cf35a531ce4f904ca99540eba9f4a3f07b0e95e45c55e863a,2025,5,0.08767768
b43329c4bf64454cf35a531ce4f904ca99540eba9f4a3f07b0e95e45c55e863a,2025,6,0.030969376
b43329c4bf64454cf35a531ce4f904ca99540eba9f4a3f07b0e95e45c55e863a,2025,7,0.011676268
b43329c4bf64454cf35a531ce4f904ca99540eba9f4a3f07b0e95e45c55e863a,2025,8,0.008420589
b43329c4bf64454cf35a531ce4f904ca99540eba9f4a3f07b0e95e45c55e863a,2025,9,0.05672637
b43329c4bf64454cf35a531ce4f904ca99540eba9f4a3f07b0e95e45c55e863a,2025,10,0.12244252
b497aed52529d4a9e2d85855125e128766cc54e81449b49e7d51b859e68398ba,2025,5,0.04484323
b497aed52529d4a9e2d85855125e128766cc54e81449b49e7d51b859e68398ba,2025,6,0.039039925
b497aed52529d4a9e2d85855125e128766cc54e81449b49e7d51b859e68398ba,2025,7,0.037583314
b497aed52529d4a9e2d85855125e128766cc54e81449b49e7d51b859e68398ba,2025,8,0.043210376
b497aed52529d4a9e2d85855125e128766cc54e81449b49e7d51b859e68398ba,2025,9,0.0459135
b497aed52529d4a9e2d85855125e128766cc54e81449b49e7d51b859e68398ba,2025,10,0.052019022
b4cf2f30ddfb74ee95a1c4b65eca3d6cee67b1277940a2161e74e2689aaf0ea2,2025,5,0.032854915
b4cf2f30ddfb74ee95a1c4b65eca3d6cee67b1277940a2161e74e2689aaf0ea2,2025,6,0.009492481
b4cf2f30ddfb74ee95a1c4b65eca3d6cee67b1277940a2161e74e2689aaf0ea2,2025,7,0.009313051
b4cf2f30ddfb74ee95a1c4b65eca3d6cee67b1277940a2161e74e2689aaf0ea2,2025,8,0.009827319
b4cf2f30ddfb74ee95a1c4b65eca3d6cee67b1277940a2161e74e2689aaf0ea2,2025,9,0.011882732
b4cf2f30ddfb74ee95a1c4b65eca3d6cee67b1277940a2161e74e2689aaf0ea2,2025,10,0.027853252
b4e4dd2b048f23482c0c24faab06af90edc68f1815afca69227735da8b822981,2025,5,0.030819288
b4e4dd2b048f23482c0c24faab06af90edc68f1815afca69227735da8b822981,2025,6,0.014767392
b4e4dd2b048f23482c0c24faab06af90edc68f1815afca69227735da8b822981,2025,7,0.0115119675
b4e4dd2b048f23482c0c24faab06af90edc68f1815afca69227735da8b822981,2025,8,0.017256038
b4e4dd2b048f23482c0c24faab06af90edc68f1815afca69227735da8b822981,2025,9,0.01670036
b4e4dd2b048f23482c0c24faab06af90edc68f1815afca69227735da8b822981,2025,10,0.05162312
b6b5f765ecb2db140065fca2e86999f822b7c7b2cbd4df0e558d2eac3090fb5b,2025,5,7.433042e-10
b6b5f765ecb2db140065fca2e86999f822b7c7b2cbd4df0e558d2eac3090fb5b,2025,6,8.1085944e-10
b6b5f765ecb2db140065fca2e86999f822b7c7b2cbd4df0e558d2eac3090fb5b,2025,7,8.895592e-10
b6b5f765ecb2db140065fca2e86999f822b7c7b2cbd4df0e558d2eac3090fb5b,2025,8,8.77719e-10
b6b5f765ecb2db140065fca2e86999f822b7c7b2cbd4df0e558d2eac3090fb5b,2025,9,9.131799e-10
b6b5f765ecb2db140065fca2e86999f822b7c7b2cbd4df0e558d2eac3090fb5b,2025,10,0.005259892
b71a1a11d206212b3dd1f9c983938d58f0e5eddf8407a38e7c6893c22bb5dda3,2025,5,0.086924694
b71a1a11d206212b3dd1f9c983938d58f0e5eddf8407a38e7c6893c22bb5dda3,2025,6,0.013674753
b71a1a11d206212b3dd1f9c983938d58f0e5eddf8407a38e7c6893c22bb5dda3,2025,7,0.0153036695
b71a1a11d206212b3dd1f9c983938d58f0e5eddf8407a38e7c6893c22bb5dda3,2025,8,0.020140115
b71a1a11d206212b3dd1f9c983938d58f0e5eddf8407a38e7c6893c22bb5dda3,2025,9,0.030561903
b71a1a11d206212b3dd1f9c983938d58f0e5eddf8407a38e7c6893c22bb5dda3,2025,10,0.1236404
b71ce712d9e5a68a24a8babad55855cd6eb5d2ef282ca956532066de744dc216,2025,5,0.045726918
b71ce712d9e5a68a24a8babad55855cd6eb5d2ef282ca956532066de744dc216,2025,6,0.009896094
b71ce712d9e5a68a24a8babad55855cd6eb5d2ef282ca956532066de744dc216,2025,7,0.009844557
b71ce712d9e5a68a24a8babad55855cd6eb5d2ef282ca956532066de744dc216,2025,8,0.013312149
b71ce712d9e5a68a24a8babad55855cd6eb5d2ef282ca956532066de744dc216,2025,9,0.03872506
b71ce712d9e5a68a24a8babad55855cd6eb5d2ef282ca956532066de744dc216,2025,10,0.08291386
b87c8e1e69a3dd2d020e5084c1994279f9bd610383cd1405ce8efa4d2635a4ee,2025,5,0.06931357
b87c8e1e69a3dd2d020e5084c1994279f9bd610383cd1405ce8efa4d2635a4ee,2025,6,0.02712191
b87c8e1e69a3dd2d020e5084c1994279f9bd610383cd1405ce8efa4d2635a4ee,2025,7,0.012811407
b87c8e1e69a3dd2d020e5084c1994279f9bd610383cd1405ce8efa4d2635a4ee,2025,8,0.011195028
b87c8e1e69a3dd2d020e5084c1994279f9bd610383cd1405ce8efa4d2635a4ee,2025,9,0.026701175
b87c8e1e69a3dd2d020e5084c1994279f9bd610383cd1405ce8efa4d2635a4ee,2025,10,0.08094605
b8e7297ac2a0ce4bb520d8cfb64f27da6e1ddc397e6595d6f164da6721d8e7e1,2025,5,0.020180771
b8e7297ac2a0ce4bb520d8cfb64f27da6e1ddc397e6595d6f164da6721d8e7e1,2025,6,0.005890204
b8e7297ac2a0ce4bb520d8cfb64f27da6e1ddc397e6595d6f164da6721d8e7e1,2025,7,0.004096037
b8e7297ac2a0ce4bb520d8cfb64f27da6e1ddc397e6595d6f164da6721d8e7e1,2025,8,0.007338057
b8e7297ac2a0ce4bb520d8cfb64f27da6e1ddc397e6595d6f164da6721d8e7e1,2025,9,0.011864998
b8e7297ac2a0ce4bb520d8cfb64f27da6e1ddc397e6595d6f164da6721d8e7e1,2025,10,0.041073043
b91d4be15138003ce3a6715e046555f6e56bbfc124107f8d83153c29c2b9c6bf,2025,5,0.030541303
b91d4be15138003ce3a6715e046555f6e56bbfc124107f8d83153c29c2b9c6bf,2025,6,0.012045485
b91d4be15138003ce3a6715e046555f6e56bbfc124107f8d83153c29c2b9c6bf,2025,7,0.010460952
b91d4be15138003ce3a6715e046555f6e56bbfc124107f8d83153c29c2b9c6bf,2025,8,0.009927289
b91d4be15138003ce3a6715e046555f6e56bbfc124107f8d83153c29c2b9c6bf,2025,9,0.03509959
b91d4be15138003ce3a6715e046555f6e56bbfc124107f8d83153c29c2b9c6bf,2025,10,0.09639919
b9245f7fd5df062f7851a5457409a16720201f78131a927a99209b84fd2db597,2025,5,0.015716728
b9245f7fd5df062f7851a5457409a16720201f78131a927a99209b84fd2db597,2025,6,0.017079836
b9245f7fd5df062f7851a5457409a16720201f78131a927a99209b84fd2db597,2025,7,0.013724072
b9245f7fd5df062f7851a5457409a16720201f78131a927a99209b84fd2db597,2025,8,0.01570202
b9245f7fd5df062f7851a5457409a16720201f78131a927a99209b84fd2db597,2025,9,0.019884285
b9245f7fd5df062f7851a5457409a16720201f78131a927a99209b84fd2db597,2025,10,0.074303314
b993b5e3b8989d420c645eeea30718c4559898a2d034ee0c678162492c895daa,2025,5,0.13351262
b993b5e3b8989d420c645eeea30718c4559898a2d034ee0c678162492c895daa,2025,6,0.020218503
b993b5e3b8989d420c645eeea30718c4559898a2d034ee0c678162492c895daa,2025,7,0.018307004
b993b5e3b8989d420c645eeea30718c4559898a2d034ee0c678162492c895daa,2025,8,0.021673748
b993b5e3b8989d420c645eeea30718c4559898a2d034ee0c678162492c895daa,2025,9,0.037244562
b993b5e3b8989d420c645eeea30718c4559898a2d034ee0c678162492c895daa,2025,10,0.21868017
ba30b5fef6b7085e419c416d74e999df3ee83d563501424bdc0b5b1fe79ba11f,2025,5,0.2354765
ba30b5fef6b7085e419c416d74e999df3ee83d563501424bdc0b5b1fe79ba11f,2025,6,0.023005355
ba30b5fef6b7085e419c416d74e999df3ee83d563501424bdc0b5b1fe79ba11f,2025,7,0.04766969
ba30b5fef6b7085e419c416d74e999df3ee83d563501424bdc0b5b1fe79ba11f,2025,8,0.049360458
ba30b5fef6b7085e419c416d74e999df3ee83d563501424bdc0b5b1fe79ba11f,2025,9,0.047677316
ba30b5fef6b7085e419c416d74e999df3ee83d563501424bdc0b5b1fe79ba11f,2025,10,0.43106183
bd0e442d9f5c7523ef5b5ae9b7468e2b7ecf2837fa0f246eee62eadcb6470319,2025,5,0.037633844
bd0e442d9f5c7523ef5b5ae9b7468e2b7ecf2837fa0f246eee62eadcb6470319,2025,6,0.014076749
bd0e442d9f5c7523ef5b5ae9b7468e2b7ecf2837fa0f246eee62eadcb6470319,2025,7,0.012161014
bd0e442d9f5c7523ef5b5ae9b7468e2b7ecf2837fa0f246eee62eadcb6470319,2025,8,0.016959514
bd0e442d9f5c7523ef5b5ae9b7468e2b7ecf2837fa0f246eee62eadcb6470319,2025,9,0.018935826
bd0e442d9f5c7523ef5b5ae9b7468e2b7ecf2837fa0f246eee62eadcb6470319,2025,10,0.05434529
bf1009709bd89aeb038602100bec12302f1794764a5b7a528c319433dd2f8e3a,2025,5,0.025800414
bf1009709bd89aeb038602100bec12302f1794764a5b7a528c319433dd2f8e3a,2025,6,0.01040802
bf1009709bd89aeb038602100bec12302f1794764a5b7a528c319433dd2f8e3a,2025,7,0.009751923
bf1009709bd89aeb038602100bec12302f1794764a5b7a528c319433dd2f8e3a,2025,8,0.009545599
bf1009709bd89aeb038602100bec12302f1794764a5b7a528c319433dd2f8e3a,2025,9,0.011166608
bf1009709bd89aeb038602100bec12302f1794764a5b7a528c319433dd2f8e3a,2025,10,0.04586105
bfbec004c35034c070942c19f59f2b8ddd6a1d33a8e1ebce325801fdb28926bd,2025,5,0.103254326
bfbec004c35034c070942c19f59f2b8ddd6a1d33a8e1ebce325801fdb28926bd,2025,6,0.030391986
bfbec004c35034c070942c19f59f2b8ddd6a1d33a8e1ebce325801fdb28926bd,2025,7,0.027237944
bfbec004c35034c070942c19f59f2b8ddd6a1d33a8e1ebce325801fdb28926bd,2025,8,0.025919799
bfbec004c35034c070942c19f59f2b8ddd6a1d33a8e1ebce325801fdb28926bd,2025,9,0.051863946
bfbec004c35034c070942c19f59f2b8ddd6a1d33a8e1ebce325801fdb28926bd,2025,10,0.16728958
bfd5346507a6244af0fe6f7f7b7c35f52015ae83207dde158cbbe03ae12784f6,2025,5,0.049442846
bfd5346507a6244af0fe6f7f7b7c35f52015ae83207dde158cbbe03ae12784f6,2025,6,0.025263166
bfd5346507a6244af0fe6f7f7b7c35f52015ae83207dde158cbbe03ae12784f6,2025,7,0.024299134
bfd5346507a6244af0fe6f7f7b7c35f52015ae83207dde158cbbe03ae12784f6,2025,8,0.02605205
bfd5346507a6244af0fe6f7f7b7c35f52015ae83207dde158cbbe03ae12784f6,2025,9,0.025304083
bfd5346507a6244af0fe6f7f7b7c35f52015ae83207dde158cbbe03ae12784f6,2025,10,0.06515824
c077912f52227e7c99a51b47afeff14e6cefff26dcc1068a98ee9b4fc868f867,2025,5,0.034799334
c077912f52227e7c99a51b47afeff14e6cefff26dcc1068a98ee9b4fc868f867,2025,6,0.014058642
c077912f52227e7c99a51b47afeff14e6cefff26dcc1068a98ee9b4fc868f867,2025,7,0.009367104
c077912f52227e7c99a51b47afeff14e6cefff26dcc1068a98ee9b4fc868f867,2025,8,0.010415136
c077912f52227e7c99a51b47afeff14e6cefff26dcc1068a98ee9b4fc868f867,2025,9,0.015495037
c077912f52227e7c99a51b47afeff14e6cefff26dcc1068a98ee9b4fc868f867,2025,10,0.06527531
c1116094717585e830377908e382139abe75243d01bc15382b8cbe685a1e2dbb,2025,5,0.043751866
c1116094717585e830377908e382139abe75243d01bc15382b8cbe685a1e2dbb,2025,6,0.0199692
c1116094717585e830377908e382139abe75243d01bc15382b8cbe685a1e2dbb,2025,7,0.017100098
c1116094717585e830377908e382139abe75243d01bc15382b8cbe685a1e2dbb,2025,8,0.016950145
c1116094717585e830377908e382139abe75243d01bc15382b8cbe685a1e2dbb,2025,9,0.026039036
c1116094717585e830377908e382139abe75243d01bc15382b8cbe685a1e2dbb,2025,10,0.06446069
c198026d7a1ee9951f995ba0c47d429dba715a74dbdf3d99e3c89e5498406cf8,2025,5,0.056871332
c198026d7a1ee9951f995ba0c47d429dba715a74dbdf3d99e3c89e5498406cf8,2025,6,0.012619095
c198026d7a1ee9951f995ba0c47d429dba715a74dbdf3d99e3c89e5498406cf8,2025,7,0.010187373
c198026d7a1ee9951f995ba0c47d429dba715a74dbdf3d99e3c89e5498406cf8,2025,8,0.0105591705
c198026d7a1ee9951f995ba0c47d429dba715a74dbdf3d99e3c89e5498406cf8,2025,9,0.023485094
c198026d7a1ee9951f995ba0c47d429dba715a74dbdf3d99e3c89e5498406cf8,2025,10,0.098753065
c1aeb16f56d61beda029610ddca160e7d878d5d4f0f7c8e92aeacfa0abe500b9,2025,5,0.08214377
c1aeb16f56d61beda029610ddca160e7d878d5d4f0f7c8e92aeacfa0abe500b9,2025,6,0.034188118
c1aeb16f56d61beda029610ddca160e7d878d5d4f0f7c8e92aeacfa0abe500b9,2025,7,0.028693309
c1aeb16f56d61beda029610ddca160e7d878d5d4f0f7c8e92aeacfa0abe500b9,2025,8,0.033979353
c1aeb16f56d61beda029610ddca160e7d878d5d4f0f7c8e92aeacfa0abe500b9,2025,9,0.042497892
c1aeb16f56d61beda029610ddca160e7d878d5d4f0f7c8e92aeacfa0abe500b9,2025,10,0.17401262
c319a8aee14c01c3a152d6d0ee04bbd512417ffc3f35f2154e813aec955ee22d,2025,5,0.023968553
c319a8aee14c01c3a152d6d0ee04bbd512417ffc3f35f2154e813aec955ee22d,2025,6,0.0042750877
c319a8aee14c01c3a152d6d0ee04bbd512417ffc3f35f2154e813aec955ee22d,2025,7,0.0037042603
c319a8aee14c01c3a152d6d0ee04bbd512417ffc3f35f2154e813aec955ee22d,2025,8,0.0045107026
c319a8aee14c01c3a152d6d0ee04bbd512417ffc3f35f2154e813aec955ee22d,2025,9,0.012161992
c319a8aee14c01c3a152d6d0ee04bbd512417ffc3f35f2154e813aec955ee22d,2025,10,0.04219228
c33bb14440e5f9604d08955c83c8f9f9831d17f94f6438913f2714729ed671e6,2025,5,0.026079165
c33bb14440e5f9604d08955c83c8f9f9831d17f94f6438913f2714729ed671e6,2025,6,0.0120845605
c33bb14440e5f9604d08955c83c8f9f9831d17f94f6438913f2714729ed671e6,2025,7,0.014182501
c33bb14440e5f9604d08955c83c8f9f9831d17f94f6438913f2714729ed671e6,2025,8,0.015740592
c33bb14440e5f9604d08955c83c8f9f9831d17f94f6438913f2714729ed671e6,2025,9,0.014668184
c33bb14440e5f9604d08955c83c8f9f9831d17f94f6438913f2714729ed671e6,2025,10,0.061789315
c3531c4cd18d5442063a186efeb2402442de9d731f4e98a25b3a10f044b34a4c,2025,5,0.038498674
c3531c4cd18d5442063a186efeb2402442de9d731f4e98a25b3a10f044b34a4c,2025,6,0.013450592
c3531c4cd18d5442063a186efeb2402442de9d731f4e98a25b3a10f044b34a4c,2025,7,0.010475079
c3531c4cd18d5442063a186efeb2402442de9d731f4e98a25b3a10f044b34a4c,2025,8,0.010709852
c3531c4cd18d5442063a186efeb2402442de9d731f4e98a25b3a10f044b34a4c,2025,9,0.021751981
c3531c4cd18d5442063a186efeb2402442de9d731f4e98a25b3a10f044b34a4c,2025,10,0.06382972
c38adeb26eb6683864917b7538be5ea7ab7914f162f1f404d164d36e333a598b,2025,5,0.04479766
c38adeb26eb6683864917b7538be5ea7ab7914f162f1f404d164d36e333a598b,2025,6,0.010231607
c38adeb26eb6683864917b7538be5ea7ab7914f162f1f404d164d36e333a598b,2025,7,0.008771328
c38adeb26eb6683864917b7538be5ea7ab7914f162f1f404d164d36e333a598b,2025,8,0.009116462
c38adeb26eb6683864917b7538be5ea7ab7914f162f1f404d164d36e333a598b,2025,9,0.010470783
c38adeb26eb6683864917b7538be5ea7ab7914f162f1f404d164d36e333a598b,2025,10,0.070168376
c400c8685db6e684b92dff5c0aeae1d0162338576947151849112a8a6ed7f4b2,2025,5,0.04495904
c400c8685db6e684b92dff5c0aeae1d0162338576947151849112a8a6ed7f4b2,2025,6,0.01261428
c400c8685db6e684b92dff5c0aeae1d0162338576947151849112a8a6ed7f4b2,2025,7,0.010075898
c400c8685db6e684b92dff5c0aeae1d0162338576947151849112a8a6ed7f4b2,2025,8,0.0130657265
c400c8685db6e684b92dff5c0aeae1d0162338576947151849112a8a6ed7f4b2,2025,9,0.016442323
c400c8685db6e684b92dff5c0aeae1d0162338576947151849112a8a6ed7f4b2,2025,10,0.08247581
c45311bfe9c13e8706a9a099ce81762b69566b6dfda93f6d521105fbed54ee4a,2025,5,1.0535541e-09
c45311bfe9c13e8706a9a099ce81762b69566b6dfda93f6d521105fbed54ee4a,2025,6,1.9291171e-08
c45311bfe9c13e8706a9a099ce81762b69566b6dfda93f6d521105fbed54ee4a,2025,7,4.566936e-06
c45311bfe9c13e8706a9a099ce81762b69566b6dfda93f6d521105fbed54ee4a,2025,8,1.2771525e-05
c45311bfe9c13e8706a9a099ce81762b69566b6dfda93f6d521105fbed54ee4a,2025,9,1.1023994e-09
c45311bfe9c13e8706a9a099ce81762b69566b6dfda93f6d521105fbed54ee4a,2025,10,0.058169443
c4e15179aca2e2b69a0d152931f47f9a2146da0567142b6168772bbb0ac92249,2025,5,0.033781722
c4e15179aca2e2b69a0d152931f47f9a2146da0567142b6168772bbb0ac92249,2025,6,0.01215848
c4e15179aca2e2b69a0d152931f47f9a2146da0567142b6168772bbb0ac92249,2025,7,0.012157941
c4e15179aca2e2b69a0d152931f47f9a2146da0567142b6168772bbb0ac92249,2025,8,0.014071175
c4e15179aca2e2b69a0d152931f47f9a2146da0567142b6168772bbb0ac92249,2025,9,0.018786486
c4e15179aca2e2b69a0d152931f47f9a2146da0567142b6168772bbb0ac92249,2025,10,0.045055818
c5761e3bb51a4736bafd9ef9cba827f52b34291ae62760174293078803186264,2025,5,0.07500691
c5761e3bb51a4736bafd9ef9cba827f52b34291ae62760174293078803186264,2025,6,0.020678153
c5761e3bb51a4736bafd9ef9cba827f52b34291ae62760174293078803186264,2025,7,0.014915816
c580467faf49c6d3f7db098bd8da8f58421b3c4cdf32a7f27cae71677a3594b5,2025,5,0.03805973
c580467faf49c6d3f7db098bd8da8f58421b3c4cdf32a7f27cae71677a3594b5,2025,6,0.0070173107
c580467faf49c6d3f7db098bd8da8f58421b3c4cdf32a7f27cae71677a3594b5,2025,7,0.005661974
c580467faf49c6d3f7db098bd8da8f58421b3c4cdf32a7f27cae71677a3594b5,2025,8,0.0063759857
c580467faf49c6d3f7db098bd8da8f58421b3c4cdf32a7f27cae71677a3594b5,2025,9,0.021906449
c580467faf49c6d3f7db098bd8da8f58421b3c4cdf32a7f27cae71677a3594b5,2025,10,0.062842995
c5f41d8d5cb0ae4531368b587e5ca8e5d69524db1da24f9f273cd68a32d4f0d6,2025,5,0.043459516
c5f41d8d5cb0ae4531368b587e5ca8e5d69524db1da24f9f273cd68a32d4f0d6,2025,6,0.016517976
c5f41d8d5cb0ae4531368b587e5ca8e5d69524db1da24f9f273cd68a32d4f0d6,2025,7,0.01667847
c5f41d8d5cb0ae4531368b587e5ca8e5d69524db1da24f9f273cd68a32d4f0d6,2025,8,0.016297672
c5f41d8d5cb0ae4531368b587e5ca8e5d69524db1da24f9f273cd68a32d4f0d6,2025,9,0.024301765
c5f41d8d5cb0ae4531368b587e5ca8e5d69524db1da24f9f273cd68a32d4f0d6,2025,10,0.075788215
c67b28c6b2df355ede53fb631fcf666ef446860f2be2fab277c6f26dec3f5199,2025,5,0.05098022
c67b28c6b2df355ede53fb631fcf666ef446860f2be2fab277c6f26dec3f5199,2025,6,0.005959824
c67b28c6b2df355ede53fb631fcf666ef446860f2be2fab277c6f26dec3f5199,2025,7,0.0059195263
c67b28c6b2df355ede53fb631fcf666ef446860f2be2fab277c6f26dec3f5199,2025,8,0.005561342
c67b28c6b2df355ede53fb631fcf666ef446860f2be2fab277c6f26dec3f5199,2025,9,0.021904811
c67b28c6b2df355ede53fb631fcf666ef446860f2be2fab277c6f26dec3f5199,2025,10,0.076730154
c71612d59a2aec77f7c636999f151e9a4869b4f0a9ecd7dd562ad76b39f18e07,2025,5,0.032311715
c71612d59a2aec77f7c636999f151e9a4869b4f0a9ecd7dd562ad76b39f18e07,2025,6,0.011268334
c71612d59a2aec77f7c636999f151e9a4869b4f0a9ecd7dd562ad76b39f18e07,2025,7,0.008548951
c71612d59a2aec77f7c636999f151e9a4869b4f0a9ecd7dd562ad76b39f18e07,2025,8,0.011033582
c71612d59a2aec77f7c636999f151e9a4869b4f0a9ecd7dd562ad76b39f18e07,2025,9,0.015747514
c71612d59a2aec77f7c636999f151e9a4869b4f0a9ecd7dd562ad76b39f18e07,2025,10,0.04511503
c71d8c1f69ed01f105998e1330ed2674e71994e3eee6c132932695249ade611c,2025,5,0.048312135
c71d8c1f69ed01f105998e1330ed2674e71994e3eee6c132932695249ade611c,2025,6,0.015087237
c71d8c1f69ed01f105998e1330ed2674e71994e3eee6c132932695249ade611c,2025,7,0.01402606
c71d8c1f69ed01f105998e1330ed2674e71994e3eee6c132932695249ade611c,2025,8,0.016939858
c71d8c1f69ed01f105998e1330ed2674e71994e3eee6c132932695249ade611c,2025,9,0.03453399
c71d8c1f69ed01f105998e1330ed2674e71994e3eee6c132932695249ade611c,2025,10,0.10535711
c74e8a4d88ce3e4efe23bef8e0b2d90ddea798741169f6a07c3f29ad2d8154ec,2025,5,0.047694605
c74e8a4d88ce3e4efe23bef8e0b2d90ddea798741169f6a07c3f29ad2d8154ec,2025,6,0.003980677
c74e8a4d88ce3e4efe23bef8e0b2d90ddea798741169f6a07c3f29ad2d8154ec,2025,7,0.005268189
c74e8a4d88ce3e4efe23bef8e0b2d90ddea798741169f6a07c3f29ad2d8154ec,2025,8,0.00565743
c74e8a4d88ce3e4efe23bef8e0b2d90ddea798741169f6a07c3f29ad2d8154ec,2025,9,0.023300713
c74e8a4d88ce3e4efe23bef8e0b2d90ddea798741169f6a07c3f29ad2d8154ec,2025,10,0.08549279
c7b346f7fff0cb4ddcf2244db727bf6e46687293204a50c0c0cce750840f1ecf,2025,5,0.029247655
c7b346f7fff0cb4ddcf2244db727bf6e46687293204a50c0c0cce750840f1ecf,2025,6,0.013351939
c7b346f7fff0cb4ddcf2244db727bf6e46687293204a50c0c0cce750840f1ecf,2025,7,0.010567612
c7b346f7fff0cb4ddcf2244db727bf6e46687293204a50c0c0cce750840f1ecf,2025,8,0.011286211
c7b346f7fff0cb4ddcf2244db727bf6e46687293204a50c0c0cce750840f1ecf,2025,9,0.015916843
c7b346f7fff0cb4ddcf2244db727bf6e46687293204a50c0c0cce750840f1ecf,2025,10,0.06933663
c873be5b837beb036a8f546a9cca83bc4205e0fb678ed6afefa06d2fec722d16,2025,5,0.1505902
c873be5b837beb036a8f546a9cca83bc4205e0fb678ed6afefa06d2fec722d16,2025,6,0.031732954
c873be5b837beb036a8f546a9cca83bc4205e0fb678ed6afefa06d2fec722d16,2025,7,0.019931605
c873be5b837beb036a8f546a9cca83bc4205e0fb678ed6afefa06d2fec722d16,2025,8,0.019047007
c873be5b837beb036a8f546a9cca83bc4205e0fb678ed6afefa06d2fec722d16,2025,9,0.04763379
c873be5b837beb036a8f546a9cca83bc4205e0fb678ed6afefa06d2fec722d16,2025,10,0.1580612
c8f29f685d8168838d67e4cdd9bfba22e414593434d5f13c883419e568018714,2025,5,0.049562328
c8f29f685d8168838d67e4cdd9bfba22e414593434d5f13c883419e568018714,2025,6,0.019819178
c8f29f685d8168838d67e4cdd9bfba22e414593434d5f13c883419e568018714,2025,7,0.0123842815
c8f29f685d8168838d67e4cdd9bfba22e414593434d5f13c883419e568018714,2025,8,0.0145491
c8f29f685d8168838d67e4cdd9bfba22e414593434d5f13c883419e568018714,2025,9,0.018380245
c8f29f685d8168838d67e4cdd9bfba22e414593434d5f13c883419e568018714,2025,10,0.065013506
c8fe989de7825846ce61e3f272a3c89884dab798ab48bfed52c0b7c9445ca2b4,2025,5,0.060563195
c8fe989de7825846ce61e3f272a3c89884dab798ab48bfed52c0b7c9445ca2b4,2025,6,0.016334195
c8fe989de7825846ce61e3f272a3c89884dab798ab48bfed52c0b7c9445ca2b4,2025,7,0.0053204973
c8fe989de7825846ce61e3f272a3c89884dab798ab48bfed52c0b7c9445ca2b4,2025,8,0.0109492885
c8fe989de7825846ce61e3f272a3c89884dab798ab48bfed52c0b7c9445ca2b4,2025,9,0.027332753
c8fe989de7825846ce61e3f272a3c89884dab798ab48bfed52c0b7c9445ca2b4,2025,10,0.009218251
c940390d9d628a02f959cbda65b42f71cd10e83454665ada7b3ac7b8fbf9a76c,2025,5,0.033147667
c940390d9d628a02f959cbda65b42f71cd10e83454665ada7b3ac7b8fbf9a76c,2025,6,0.014070417
c940390d9d628a02f959cbda65b42f71cd10e83454665ada7b3ac7b8fbf9a76c,2025,7,0.01197925
c940390d9d628a02f959cbda65b42f71cd10e83454665ada7b3ac7b8fbf9a76c,2025,8,0.012711032
c940390d9d628a02f959cbda65b42f71cd10e83454665ada7b3ac7b8fbf9a76c,2025,9,0.022970827
c940390d9d628a02f959cbda65b42f71cd10e83454665ada7b3ac7b8fbf9a76c,2025,10,0.049308814
c977a8756553ed7106802ea3cd5b7124922140bc8bd91e698bbe145a53b67e74,2025,5,0.016799318
c977a8756553ed7106802ea3cd5b7124922140bc8bd91e698bbe145a53b67e74,2025,6,0.0122116525
c977a8756553ed7106802ea3cd5b7124922140bc8bd91e698bbe145a53b67e74,2025,7,0.010763196
c977a8756553ed7106802ea3cd5b7124922140bc8bd91e698bbe145a53b67e74,2025,8,0.011172094
c977a8756553ed7106802ea3cd5b7124922140bc8bd91e698bbe145a53b67e74,2025,9,0.015111593
c977a8756553ed7106802ea3cd5b7124922140bc8bd91e698bbe145a53b67e74,2025,10,0.037474003
c97ea589792b651817d528ecec2b5e07fa336a6a72e6959516beb249486331a7,2025,5,0.05568523
c97ea589792b651817d528ecec2b5e07fa336a6a72e6959516beb249486331a7,2025,6,0.016758408
c97ea589792b651817d528ecec2b5e07fa336a6a72e6959516beb249486331a7,2025,7,0.015053231
c97ea589792b651817d528ecec2b5e07fa336a6a72e6959516beb249486331a7,2025,8,0.019057525
c97ea589792b651817d528ecec2b5e07fa336a6a72e6959516beb249486331a7,2025,9,0.03583911
c97ea589792b651817d528ecec2b5e07fa336a6a72e6959516beb249486331a7,2025,10,0.07079949
c9b377c6bffc53edca8e3628c037b949e9aec7b4576c7de0da99bb8775017a6b,2025,5,0.3051594
c9b377c6bffc53edca8e3628c037b949e9aec7b4576c7de0da99bb8775017a6b,2025,6,0.0789034
c9b377c6bffc53edca8e3628c037b949e9aec7b4576c7de0da99bb8775017a6b,2025,7,0.039011426
c9b377c6bffc53edca8e3628c037b949e9aec7b4576c7de0da99bb8775017a6b,2025,8,0.04187172
c9b377c6bffc53edca8e3628c037b949e9aec7b4576c7de0da99bb8775017a6b,2025,9,0.13880642
c9b377c6bffc53edca8e3628c037b949e9aec7b4576c7de0da99bb8775017a6b,2025,10,0.44979241
cb69e8c917727998df38cb4bd2984eca00252f5364accc19c02e360384e37232,2025,5,0.04461686
cb69e8c917727998df38cb4bd2984eca00252f5364accc19c02e360384e37232,2025,6,0.014280675
cb69e8c917727998df38cb4bd2984eca00252f5364accc19c02e360384e37232,2025,7,0.01103559
cb69e8c917727998df38cb4bd2984eca00252f5364accc19c02e360384e37232,2025,8,0.011066563
cb69e8c917727998df38cb4bd2984eca00252f5364accc19c02e360384e37232,2025,9,0.016772235
cb69e8c917727998df38cb4bd2984eca00252f5364accc19c02e360384e37232,2025,10,0.08019905
cb9de0c5541ffcd73a9847755f543960505f3ea68afb009f5c373c77271df7e5,2025,5,0.012921998
cb9de0c5541ffcd73a9847755f543960505f3ea68afb009f5c373c77271df7e5,2025,6,0.006606992
cb9de0c5541ffcd73a9847755f543960505f3ea68afb009f5c373c77271df7e5,2025,7,0.005404973
cb9de0c5541ffcd73a9847755f543960505f3ea68afb009f5c373c77271df7e5,2025,8,0.0056519466
cb9de0c5541ffcd73a9847755f543960505f3ea68afb009f5c373c77271df7e5,2025,10,0.04883296
ccd2c7d0e78433f9ad562cad91735888bdd6a6aa71683f9a3b21d12b74f1487d,2025,5,0.025407126
ccd2c7d0e78433f9ad562cad91735888bdd6a6aa71683f9a3b21d12b74f1487d,2025,6,0.008412863
ccd2c7d0e78433f9ad562cad91735888bdd6a6aa71683f9a3b21d12b74f1487d,2025,7,0.0070877895
ccd2c7d0e78433f9ad562cad91735888bdd6a6aa71683f9a3b21d12b74f1487d,2025,8,0.007482413
ccd2c7d0e78433f9ad562cad91735888bdd6a6aa71683f9a3b21d12b74f1487d,2025,9,0.009778681
ccd2c7d0e78433f9ad562cad91735888bdd6a6aa71683f9a3b21d12b74f1487d,2025,10,0.043057516
ce082bfe21f31a738f307de299fa2559e5166d46e3e2d87e81be02de5a3ed437,2025,5,0.030609295
ce082bfe21f31a738f307de299fa2559e5166d46e3e2d87e81be02de5a3ed437,2025,6,0.015004847
ce082bfe21f31a738f307de299fa2559e5166d46e3e2d87e81be02de5a3ed437,2025,7,0.013710628
ce082bfe21f31a738f307de299fa2559e5166d46e3e2d87e81be02de5a3ed437,2025,8,0.015319022
ce082bfe21f31a738f307de299fa2559e5166d46e3e2d87e81be02de5a3ed437,2025,9,0.015822425
ce082bfe21f31a738f307de299fa2559e5166d46e3e2d87e81be02de5a3ed437,2025,10,0.0709767
ce2ae276c1e20eb9b26c54cefba25fabd785dcafbaa1ece3a31567f2a664c38c,2025,5,0.041900475
ce2ae276c1e20eb9b26c54cefba25fabd785dcafbaa1ece3a31567f2a664c38c,2025,6,0.012070168
ce2ae276c1e20eb9b26c54cefba25fabd785dcafbaa1ece3a31567f2a664c38c,2025,7,0.010659364
ce2ae276c1e20eb9b26c54cefba25fabd785dcafbaa1ece3a31567f2a664c38c,2025,8,0.011703745
ce416498c18f0930741983f9f0f0542273db918156e74b215908155cc6ab0957,2025,5,0.02409236
ce416498c18f0930741983f9f0f0542273db918156e74b215908155cc6ab0957,2025,6,0.008580517
ce416498c18f0930741983f9f0f0542273db918156e74b215908155cc6ab0957,2025,7,0.011637889
ce416498c18f0930741983f9f0f0542273db918156e74b215908155cc6ab0957,2025,8,0.010344219
ce416498c18f0930741983f9f0f0542273db918156e74b215908155cc6ab0957,2025,9,0.016888812
ce416498c18f0930741983f9f0f0542273db918156e74b215908155cc6ab0957,2025,10,0.06377243
ce5247f5d662ed4f8b3512bae0947770cc4f59ec5414ab51c0caf8ce145cfcdb,2025,5,0.019101918
ce5247f5d662ed4f8b3512bae0947770cc4f59ec5414ab51c0caf8ce145cfcdb,2025,6,0.011919522
ce5247f5d662ed4f8b3512bae0947770cc4f59ec5414ab51c0caf8ce145cfcdb,2025,7,0.011359157
ce5247f5d662ed4f8b3512bae0947770cc4f59ec5414ab51c0caf8ce145cfcdb,2025,8,0.01227609
ce5247f5d662ed4f8b3512bae0947770cc4f59ec5414ab51c0caf8ce145cfcdb,2025,9,0.015153624
ce5247f5d662ed4f8b3512bae0947770cc4f59ec5414ab51c0caf8ce145cfcdb,2025,10,0.050044574
cf0116021413b609ee663f3d2d27fa05b4e02f99de913f0b284356dab4f362e7,2025,5,0.04789157
cf0116021413b609ee663f3d2d27fa05b4e02f99de913f0b284356dab4f362e7,2025,6,0.011414135
cf0116021413b609ee663f3d2d27fa05b4e02f99de913f0b284356dab4f362e7,2025,7,0.010152558
cf0116021413b609ee663f3d2d27fa05b4e02f99de913f0b284356dab4f362e7,2025,8,0.010428462
cf0116021413b609ee663f3d2d27fa05b4e02f99de913f0b284356dab4f362e7,2025,9,0.022009153
cf0116021413b609ee663f3d2d27fa05b4e02f99de913f0b284356dab4f362e7,2025,10,0.10048492
cf052f1c689934287d5a53e5c0ca51619c89cfa97c4e1aa832feda9fba26a8bf,2025,5,0.09506408
cf052f1c689934287d5a53e5c0ca51619c89cfa97c4e1aa832feda9fba26a8bf,2025,6,0.05153485
cf052f1c689934287d5a53e5c0ca51619c89cfa97c4e1aa832feda9fba26a8bf,2025,7,0.036020465
cf052f1c689934287d5a53e5c0ca51619c89cfa97c4e1aa832feda9fba26a8bf,2025,8,0.034089148
cf052f1c689934287d5a53e5c0ca51619c89cfa97c4e1aa832feda9fba26a8bf,2025,9,0.042179458
cf052f1c689934287d5a53e5c0ca51619c89cfa97c4e1aa832feda9fba26a8bf,2025,10,0.2871421
cf9b680d533205300963c2abda40219554f3a4b6ec8ec3835b520cf08ff7fe48,2025,5,0.05470429
cf9b680d533205300963c2abda40219554f3a4b6ec8ec3835b520cf08ff7fe48,2025,6,0.015803434
cf9b680d533205300963c2abda40219554f3a4b6ec8ec3835b520cf08ff7fe48,2025,7,0.014526005
cf9b680d533205300963c2abda40219554f3a4b6ec8ec3835b520cf08ff7fe48,2025,8,0.016411915
cf9b680d533205300963c2abda40219554f3a4b6ec8ec3835b520cf08ff7fe48,2025,9,0.028645338
cf9b680d533205300963c2abda40219554f3a4b6ec8ec3835b520cf08ff7fe48,2025,10,0.09055098
d0e2a6ab28f544e994e9255a1c8bf3551b3f188417424a7b5bd97175028973f8,2025,5,0.027283909
d0e2a6ab28f544e994e9255a1c8bf3551b3f188417424a7b5bd97175028973f8,2025,6,0.005284883
d0e2a6ab28f544e994e9255a1c8bf3551b3f188417424a7b5bd97175028973f8,2025,7,0.00809927
d0e2a6ab28f544e994e9255a1c8bf3551b3f188417424a7b5bd97175028973f8,2025,8,0.005879244
d0e2a6ab28f544e994e9255a1c8bf3551b3f188417424a7b5bd97175028973f8,2025,9,0.016902769
d0e2a6ab28f544e994e9255a1c8bf3551b3f188417424a7b5bd97175028973f8,2025,10,0.073944114
d123e5672e62a689510b2e0557eaa291d53d42a92de62564be8752a981569996,2025,5,0.061080348
d123e5672e62a689510b2e0557eaa291d53d42a92de62564be8752a981569996,2025,6,0.050528653
d123e5672e62a689510b2e0557eaa291d53d42a92de62564be8752a981569996,2025,7,0.04319393
d123e5672e62a689510b2e0557eaa291d53d42a92de62564be8752a981569996,2025,8,0.045434233
d123e5672e62a689510b2e0557eaa291d53d42a92de62564be8752a981569996,2025,9,0.051620316
d123e5672e62a689510b2e0557eaa291d53d42a92de62564be8752a981569996,2025,10,0.10459429
d1805ac591a5d12b795551ba179e943ed04f1a69a6c1a5535bcbd955449db802,2025,5,0.07567683
d1805ac591a5d12b795551ba179e943ed04f1a69a6c1a5535bcbd955449db802,2025,6,0.022082113
d1805ac591a5d12b795551ba179e943ed04f1a69a6c1a5535bcbd955449db802,2025,7,0.017144164
d1805ac591a5d12b795551ba179e943ed04f1a69a6c1a5535bcbd955449db802,2025,8,0.046409573
d1805ac591a5d12b795551ba179e943ed04f1a69a6c1a5535bcbd955449db802,2025,9,0.036578484
d1805ac591a5d12b795551ba179e943ed04f1a69a6c1a5535bcbd955449db802,2025,10,0.17405345
d1a816f1be317befb5b1d91b658abe83e2c740dcad41d4db00be4589ad1119e9,2025,5,0.018754605
d1a816f1be317befb5b1d91b658abe83e2c740dcad41d4db00be4589ad1119e9,2025,6,0.0067665596
d1a816f1be317befb5b1d91b658abe83e2c740dcad41d4db00be4589ad1119e9,2025,7,0.0051168213
d1a816f1be317befb5b1d91b658abe83e2c740dcad41d4db00be4589ad1119e9,2025,8,0.006287218
d1a816f1be317befb5b1d91b658abe83e2c740dcad41d4db00be4589ad1119e9,2025,9,0.010829351
d1a816f1be317befb5b1d91b658abe83e2c740dcad41d4db00be4589ad1119e9,2025,10,0.028773375
d1b5aff5b13c1ced12b049b8771f378838c9085395bedc1629c558ed104924ed,2025,5,0.02978653
d1b5aff5b13c1ced12b049b8771f378838c9085395bedc1629c558ed104924ed,2025,6,0.01723483
d1b5aff5b13c1ced12b049b8771f378838c9085395bedc1629c558ed104924ed,2025,7,0.014507406
d1b5aff5b13c1ced12b049b8771f378838c9085395bedc1629c558ed104924ed,2025,8,0.016656732
d1b5aff5b13c1ced12b049b8771f378838c9085395bedc1629c558ed104924ed,2025,9,0.02741201
d1b5aff5b13c1ced12b049b8771f378838c9085395bedc1629c558ed104924ed,2025,10,0.059546717
d1d2f9414bb8f6580ac6fb962c487c50c81533441363a914623834bd7a03ddd2,2025,5,0.023497934
d1d2f9414bb8f6580ac6fb962c487c50c81533441363a914623834bd7a03ddd2,2025,6,0.015060984
d1d2f9414bb8f6580ac6fb962c487c50c81533441363a914623834bd7a03ddd2,2025,7,0.01437567
d1d2f9414bb8f6580ac6fb962c487c50c81533441363a914623834bd7a03ddd2,2025,8,0.016866904
d1d2f9414bb8f6580ac6fb962c487c50c81533441363a914623834bd7a03ddd2,2025,9,0.017285014
d1d2f9414bb8f6580ac6fb962c487c50c81533441363a914623834bd7a03ddd2,2025,10,0.07873824
d1f26cd6c191c09d8513279b6869e83111722f741a59f2c069deb46c89b85a6d,2025,5,0.031451833
d1f26cd6c191c09d8513279b6869e83111722f741a59f2c069deb46c89b85a6d,2025,6,0.007489756
d1f26cd6c191c09d8513279b6869e83111722f741a59f2c069deb46c89b85a6d,2025,7,0.0063321223
d1f26cd6c191c09d8513279b6869e83111722f741a59f2c069deb46c89b85a6d,2025,8,0.008674281
d1f26cd6c191c09d8513279b6869e83111722f741a59f2c069deb46c89b85a6d,2025,9,0.017638706
d1f26cd6c191c09d8513279b6869e83111722f741a59f2c069deb46c89b85a6d,2025,10,0.049316417
d218ab185a3bb1aa697dfd670cb0218f7f944e35a162bb3d188ed64792be83a6,2025,5,0.04186684
d218ab185a3bb1aa697dfd670cb0218f7f944e35a162bb3d188ed64792be83a6,2025,6,0.005575732
d218ab185a3bb1aa697dfd670cb0218f7f944e35a162bb3d188ed64792be83a6,2025,7,0.006363209
d218ab185a3bb1aa697dfd670cb0218f7f944e35a162bb3d188ed64792be83a6,2025,8,0.007336755
d218ab185a3bb1aa697dfd670cb0218f7f944e35a162bb3d188ed64792be83a6,2025,9,0.016809955
d218ab185a3bb1aa697dfd670cb0218f7f944e35a162bb3d188ed64792be83a6,2025,10,0.06531436
d2d04cc7758224311fda82943245daafb43f11000dfca228e5fa83eaaa94cb0c,2025,5,0.027318452
d2d04cc7758224311fda82943245daafb43f11000dfca228e5fa83eaaa94cb0c,2025,6,0.004599147
d2d04cc7758224311fda82943245daafb43f11000dfca228e5fa83eaaa94cb0c,2025,7,0.004407219
d2d04cc7758224311fda82943245daafb43f11000dfca228e5fa83eaaa94cb0c,2025,8,0.0045024385
d2d04cc7758224311fda82943245daafb43f11000dfca228e5fa83eaaa94cb0c,2025,9,0.0090620555
d2d04cc7758224311fda82943245daafb43f11000dfca228e5fa83eaaa94cb0c,2025,10,0.038021337
d2f48ed028606407a55754c6b0e7a7a5407e8134ea82f908516180fd669bb93b,2025,5,0.025522651
d2f48ed028606407a55754c6b0e7a7a5407e8134ea82f908516180fd669bb93b,2025,6,0.0038792943
d2f48ed028606407a55754c6b0e7a7a5407e8134ea82f908516180fd669bb93b,2025,7,0.0036825777
d2f48ed028606407a55754c6b0e7a7a5407e8134ea82f908516180fd669bb93b,2025,8,0.0039558774
d2f48ed028606407a55754c6b0e7a7a5407e8134ea82f908516180fd669bb93b,2025,9,0.0075458344
d2f48ed028606407a55754c6b0e7a7a5407e8134ea82f908516180fd669bb93b,2025,10,0.038894434
d3288df081a58981101a8c062ba42c9b2bd0b981c04f68634716fffb00a78a10,2025,5,0.06961577
d3288df081a58981101a8c062ba42c9b2bd0b981c04f68634716fffb00a78a10,2025,6,0.009387026
d3288df081a58981101a8c062ba42c9b2bd0b981c04f68634716fffb00a78a10,2025,7,0.008804319
d3288df081a58981101a8c062ba42c9b2bd0b981c04f68634716fffb00a78a10,2025,8,0.010607939
d3288df081a58981101a8c062ba42c9b2bd0b981c04f68634716fffb00a78a10,2025,9,0.023783522
d3288df081a58981101a8c062ba42c9b2bd0b981c04f68634716fffb00a78a10,2025,10,0.22884592
d34987728389993b11dcf109da7b76196860877d6c362816805b517342259e4c,2025,5,0.0662381
d34987728389993b11dcf109da7b76196860877d6c362816805b517342259e4c,2025,6,0.019725408
d34987728389993b11dcf109da7b76196860877d6c362816805b517342259e4c,2025,7,0.0066400105
d34987728389993b11dcf109da7b76196860877d6c362816805b517342259e4c,2025,8,0.005336569
d34987728389993b11dcf109da7b76196860877d6c362816805b517342259e4c,2025,9,0.016007304
d34987728389993b11dcf109da7b76196860877d6c362816805b517342259e4c,2025,10,0.09878945
d3b2c314fb99dea50f2097328448a379fe84011e73b574c647c18b9f92692493,2025,5,0.024776038
d3b2c314fb99dea50f2097328448a379fe84011e73b574c647c18b9f92692493,2025,6,0.008757462
d3b2c314fb99dea50f2097328448a379fe84011e73b574c647c18b9f92692493,2025,7,0.0057643857
d3b2c314fb99dea50f2097328448a379fe84011e73b574c647c18b9f92692493,2025,8,1.3402366e-09
d3b2c314fb99dea50f2097328448a379fe84011e73b574c647c18b9f92692493,2025,9,0.0004375759
d3b2c314fb99dea50f2097328448a379fe84011e73b574c647c18b9f92692493,2025,10,0.004983848
d3c5218356041476932f6aaf3981c11ef7e52c0deca9b67cd00d1e3d652419c4,2025,5,0.05120215
d3c5218356041476932f6aaf3981c11ef7e52c0deca9b67cd00d1e3d652419c4,2025,6,0.013740801
d3c5218356041476932f6aaf3981c11ef7e52c0deca9b67cd00d1e3d652419c4,2025,7,0.0063333325
d3c5218356041476932f6aaf3981c11ef7e52c0deca9b67cd00d1e3d652419c4,2025,8,0.012352126
d3c5218356041476932f6aaf3981c11ef7e52c0deca9b67cd00d1e3d652419c4,2025,9,0.02400454
d3c5218356041476932f6aaf3981c11ef7e52c0deca9b67cd00d1e3d652419c4,2025,10,0.07749586
d3cf6613f44fc448205923f517c9247dc6cedfab0b6f2c169cbde33bb79e862a,2025,5,0.029829703
d3cf6613f44fc448205923f517c9247dc6cedfab0b6f2c169cbde33bb79e862a,2025,6,0.019890012
d3cf6613f44fc448205923f517c9247dc6cedfab0b6f2c169cbde33bb79e862a,2025,7,0.019879345
d3cf6613f44fc448205923f517c9247dc6cedfab0b6f2c169cbde33bb79e862a,2025,8,0.034675177
d3cf6613f44fc448205923f517c9247dc6cedfab0b6f2c169cbde33bb79e862a,2025,9,0.039234936
d3cf6613f44fc448205923f517c9247dc6cedfab0b6f2c169cbde33bb79e862a,2025,10,0.053215142
d3e47bad6b0a55070ad9ef260031086498bdf593426023277378b74e00e6c75f,2025,5,0.075657725
d3e47bad6b0a55070ad9ef260031086498bdf593426023277378b74e00e6c75f,2025,6,0.023457559
d3e47bad6b0a55070ad9ef260031086498bdf593426023277378b74e00e6c75f,2025,7,0.016998876
d3e47bad6b0a55070ad9ef260031086498bdf593426023277378b74e00e6c75f,2025,8,0.017451337
d3e47bad6b0a55070ad9ef260031086498bdf593426023277378b74e00e6c75f,2025,9,0.031691253
d3e47bad6b0a55070ad9ef260031086498bdf593426023277378b74e00e6c75f,2025,10,0.11378613
d3f7b37d249f9f8badd0dbe523103ee252c410de214d3aae287a5ab1bc1680b6,2025,5,0.014440644
d3f7b37d249f9f8badd0dbe523103ee252c410de214d3aae287a5ab1bc1680b6,2025,6,0.0115377065
d3f7b37d249f9f8badd0dbe523103ee252c410de214d3aae287a5ab1bc1680b6,2025,7,0.010847793
d3f7b37d249f9f8badd0dbe523103ee252c410de214d3aae287a5ab1bc1680b6,2025,8,0.010288224
d3f7b37d249f9f8badd0dbe523103ee252c410de214d3aae287a5ab1bc1680b6,2025,9,0.011954707
d3f7b37d249f9f8badd0dbe523103ee252c410de214d3aae287a5ab1bc1680b6,2025,10,0.046617407
d4390444ab3cddba55c0641a7769aff5d9b8dfb0fe5902b4853ffc85c7f16d2a,2025,5,0.038851693
d4390444ab3cddba55c0641a7769aff5d9b8dfb0fe5902b4853ffc85c7f16d2a,2025,6,0.009508693
d4390444ab3cddba55c0641a7769aff5d9b8dfb0fe5902b4853ffc85c7f16d2a,2025,7,0.005466645
d4390444ab3cddba55c0641a7769aff5d9b8dfb0fe5902b4853ffc85c7f16d2a,2025,8,0.008953519
d4390444ab3cddba55c0641a7769aff5d9b8dfb0fe5902b4853ffc85c7f16d2a,2025,9,0.01648028
d4390444ab3cddba55c0641a7769aff5d9b8dfb0fe5902b4853ffc85c7f16d2a,2025,10,0.055257954
d52e4f00f9857aab994eed9d9a7a32891a4bb1477e4e8898df78f0f983da1928,2025,5,0.03937152
d52e4f00f9857aab994eed9d9a7a32891a4bb1477e4e8898df78f0f983da1928,2025,6,0.0125112375
d52e4f00f9857aab994eed9d9a7a32891a4bb1477e4e8898df78f0f983da1928,2025,7,0.008761617
d52e4f00f9857aab994eed9d9a7a32891a4bb1477e4e8898df78f0f983da1928,2025,8,0.010335714
d52e4f00f9857aab994eed9d9a7a32891a4bb1477e4e8898df78f0f983da1928,2025,9,0.016847217
d52e4f00f9857aab994eed9d9a7a32891a4bb1477e4e8898df78f0f983da1928,2025,10,0.07480055
d6e3c3d5e9d19d7cedfdd7e976554174327048371e7ac1d177505bd69496a071,2025,5,0.07834973
d6e3c3d5e9d19d7cedfdd7e976554174327048371e7ac1d177505bd69496a071,2025,6,0.021292172
d6e3c3d5e9d19d7cedfdd7e976554174327048371e7ac1d177505bd69496a071,2025,7,0.017223626
d6e3c3d5e9d19d7cedfdd7e976554174327048371e7ac1d177505bd69496a071,2025,8,0.021719208
d6e3c3d5e9d19d7cedfdd7e976554174327048371e7ac1d177505bd69496a071,2025,9,0.03113908
d6e3c3d5e9d19d7cedfdd7e976554174327048371e7ac1d177505bd69496a071,2025,10,0.16929092
d6f75f9b6f70333f19a7f40630261af3e35b0405ff2d660c7bd1651171577f0e,2025,5,0.025443295
d6f75f9b6f70333f19a7f40630261af3e35b0405ff2d660c7bd1651171577f0e,2025,6,0.007215858
d6f75f9b6f70333f19a7f40630261af3e35b0405ff2d660c7bd1651171577f0e,2025,7,0.0067409943
d6f75f9b6f70333f19a7f40630261af3e35b0405ff2d660c7bd1651171577f0e,2025,8,0.006817535
d6f75f9b6f70333f19a7f40630261af3e35b0405ff2d660c7bd1651171577f0e,2025,9,0.0111170225
d6f75f9b6f70333f19a7f40630261af3e35b0405ff2d660c7bd1651171577f0e,2025,10,0.047369026
d6febc6ef1c6c39ee13099398a2f44f52e2bc756593df88fd36d2c4e4f7c5c91,2025,5,0.04536564
d6febc6ef1c6c39ee13099398a2f44f52e2bc756593df88fd36d2c4e4f7c5c91,2025,6,0.017493486
d6febc6ef1c6c39ee13099398a2f44f52e2bc756593df88fd36d2c4e4f7c5c91,2025,7,0.011812729
d6febc6ef1c6c39ee13099398a2f44f52e2bc756593df88fd36d2c4e4f7c5c91,2025,8,0.015494908
d6febc6ef1c6c39ee13099398a2f44f52e2bc756593df88fd36d2c4e4f7c5c91,2025,9,0.032718875
d6febc6ef1c6c39ee13099398a2f44f52e2bc756593df88fd36d2c4e4f7c5c91,2025,10,0.064744994
d70a6168499f0ecec49bb714b51e6a7df9e7e53d400f106fa9a47e93e9abc23b,2025,5,0.070333146
d70a6168499f0ecec49bb714b51e6a7df9e7e53d400f106fa9a47e93e9abc23b,2025,6,0.030421937
d70a6168499f0ecec49bb714b51e6a7df9e7e53d400f106fa9a47e93e9abc23b,2025,7,0.025377186
d70a6168499f0ecec49bb714b51e6a7df9e7e53d400f106fa9a47e93e9abc23b,2025,8,0.030736163
d70a6168499f0ecec49bb714b51e6a7df9e7e53d400f106fa9a47e93e9abc23b,2025,9,0.05163024
d70a6168499f0ecec49bb714b51e6a7df9e7e53d400f106fa9a47e93e9abc23b,2025,10,0.13579242
d724f92ef100886405215ff121432d15457bd40e0f51765882486e307a0ee3cf,2025,5,0.045527384
d724f92ef100886405215ff121432d15457bd40e0f51765882486e307a0ee3cf,2025,6,0.008993347
d724f92ef100886405215ff121432d15457bd40e0f51765882486e307a0ee3cf,2025,7,0.008384139
d724f92ef100886405215ff121432d15457bd40e0f51765882486e307a0ee3cf,2025,8,0.009422755
d724f92ef100886405215ff121432d15457bd40e0f51765882486e307a0ee3cf,2025,9,0.016909948
d724f92ef100886405215ff121432d15457bd40e0f51765882486e307a0ee3cf,2025,10,0.100660145
d762023a4cb6a430e357f68eaba8cc394948bd028911e463c3584286d2addcca,2025,5,0.07692147
d762023a4cb6a430e357f68eaba8cc394948bd028911e463c3584286d2addcca,2025,6,0.021522269
d762023a4cb6a430e357f68eaba8cc394948bd028911e463c3584286d2addcca,2025,7,0.017364254
d762023a4cb6a430e357f68eaba8cc394948bd028911e463c3584286d2addcca,2025,8,0.017583512
d762023a4cb6a430e357f68eaba8cc394948bd028911e463c3584286d2addcca,2025,9,0.038644794
d762023a4cb6a430e357f68eaba8cc394948bd028911e463c3584286d2addcca,2025,10,0.10593083
d7d81af73de4eec768a34104a81b6c6218b9d6e7ee88639839bb1bb52e0da241,2025,5,0.052217487
d7d81af73de4eec768a34104a81b6c6218b9d6e7ee88639839bb1bb52e0da241,2025,6,0.018720604
d7d81af73de4eec768a34104a81b6c6218b9d6e7ee88639839bb1bb52e0da241,2025,7,0.014854655
d7d81af73de4eec768a34104a81b6c6218b9d6e7ee88639839bb1bb52e0da241,2025,8,0.015636047
d7d81af73de4eec768a34104a81b6c6218b9d6e7ee88639839bb1bb52e0da241,2025,9,0.028412847
d7d81af73de4eec768a34104a81b6c6218b9d6e7ee88639839bb1bb52e0da241,2025,10,0.0607372
d8a47d0eec5e005c2048ab7861bc0347c93feccfd9cbafbe6ce826777dc6e2ba,2025,5,0.046823602
d8a47d0eec5e005c2048ab7861bc0347c93feccfd9cbafbe6ce826777dc6e2ba,2025,6,0.012608937
d8a47d0eec5e005c2048ab7861bc0347c93feccfd9cbafbe6ce826777dc6e2ba,2025,7,0.010055898
d8a47d0eec5e005c2048ab7861bc0347c93feccfd9cbafbe6ce826777dc6e2ba,2025,8,0.010746704
d8a47d0eec5e005c2048ab7861bc0347c93feccfd9cbafbe6ce826777dc6e2ba,2025,9,0.014825132
d8a47d0eec5e005c2048ab7861bc0347c93feccfd9cbafbe6ce826777dc6e2ba,2025,10,0.07536186
d8a7cab220b0e8cc0c345b0e5b8b58910b3adf63d81982c28ae5bfe047d6e443,2025,5,0.07428614
d8a7cab220b0e8cc0c345b0e5b8b58910b3adf63d81982c28ae5bfe047d6e443,2025,6,0.026832668
d8a7cab220b0e8cc0c345b0e5b8b58910b3adf63d81982c28ae5bfe047d6e443,2025,7,0.019645562
d8a7cab220b0e8cc0c345b0e5b8b58910b3adf63d81982c28ae5bfe047d6e443,2025,8,0.026034499
d8a7cab220b0e8cc0c345b0e5b8b58910b3adf63d81982c28ae5bfe047d6e443,2025,9,0.04735918
d8a7cab220b0e8cc0c345b0e5b8b58910b3adf63d81982c28ae5bfe047d6e443,2025,10,0.12677659
d924d2981c3dcb2b0f5ea3fed278fcacee25e9b13c49c19d301db2ca9423720d,2025,5,0.044627175
d924d2981c3dcb2b0f5ea3fed278fcacee25e9b13c49c19d301db2ca9423720d,2025,6,0.011305135
d924d2981c3dcb2b0f5ea3fed278fcacee25e9b13c49c19d301db2ca9423720d,2025,7,0.008583879
d924d2981c3dcb2b0f5ea3fed278fcacee25e9b13c49c19d301db2ca9423720d,2025,8,0.008957057
d924d2981c3dcb2b0f5ea3fed278fcacee25e9b13c49c19d301db2ca9423720d,2025,9,0.01583161
d924d2981c3dcb2b0f5ea3fed278fcacee25e9b13c49c19d301db2ca9423720d,2025,10,0.07169919
db2eb9b8fa619543ab6a1bd28aa37806f81fddb02dde88d9fd803db75e84b211,2025,5,0.09111404
db2eb9b8fa619543ab6a1bd28aa37806f81fddb02dde88d9fd803db75e84b211,2025,6,0.029710716
db2eb9b8fa619543ab6a1bd28aa37806f81fddb02dde88d9fd803db75e84b211,2025,7,0.017844353
db2eb9b8fa619543ab6a1bd28aa37806f81fddb02dde88d9fd803db75e84b211,2025,8,0.01709363
db2eb9b8fa619543ab6a1bd28aa37806f81fddb02dde88d9fd803db75e84b211,2025,9,0.03235735
db2eb9b8fa619543ab6a1bd28aa37806f81fddb02dde88d9fd803db75e84b211,2025,10,0.102853894
db82816104068c379078b75b27d962cfb04a8a496b5e40b41e8fe49a01dab694,2025,5,0.08475328
db82816104068c379078b75b27d962cfb04a8a496b5e40b41e8fe49a01dab694,2025,6,0.032916896
db82816104068c379078b75b27d962cfb04a8a496b5e40b41e8fe49a01dab694,2025,7,0.015257347
db82816104068c379078b75b27d962cfb04a8a496b5e40b41e8fe49a01dab694,2025,8,0.021963565
db82816104068c379078b75b27d962cfb04a8a496b5e40b41e8fe49a01dab694,2025,9,0.04310323
db82816104068c379078b75b27d962cfb04a8a496b5e40b41e8fe49a01dab694,2025,10,0.11085557
db8af9f2d22db36aa255d7d48d8bfb89d3c763b4fe76c9824ddbe2bc502338bc,2025,5,0.06927877
db8af9f2d22db36aa255d7d48d8bfb89d3c763b4fe76c9824ddbe2bc502338bc,2025,6,0.029513463
db8af9f2d22db36aa255d7d48d8bfb89d3c763b4fe76c9824ddbe2bc502338bc,2025,7,0.027256045
db8af9f2d22db36aa255d7d48d8bfb89d3c763b4fe76c9824ddbe2bc502338bc,2025,8,0.028309261
db8af9f2d22db36aa255d7d48d8bfb89d3c763b4fe76c9824ddbe2bc502338bc,2025,9,0.060204495
db8af9f2d22db36aa255d7d48d8bfb89d3c763b4fe76c9824ddbe2bc502338bc,2025,10,0.17632967
dba1677fddc05c4a9f8608485bda835b0c1f5d257bea750403cb425c207373ac,2025,5,0.0535921
dba1677fddc05c4a9f8608485bda835b0c1f5d257bea750403cb425c207373ac,2025,6,0.020671425
dba1677fddc05c4a9f8608485bda835b0c1f5d257bea750403cb425c207373ac,2025,7,0.02031422
dba1677fddc05c4a9f8608485bda835b0c1f5d257bea750403cb425c207373ac,2025,8,0.020139962
dba1677fddc05c4a9f8608485bda835b0c1f5d257bea750403cb425c207373ac,2025,9,0.03163385
dba1677fddc05c4a9f8608485bda835b0c1f5d257bea750403cb425c207373ac,2025,10,0.10193531
dbca0e4d602ae5bc72d0e754f00db9cb65586891cccb1e2e3434a9e87d2fec59,2025,5,0.011432058
dbca0e4d602ae5bc72d0e754f00db9cb65586891cccb1e2e3434a9e87d2fec59,2025,6,0.00039237353
dbca0e4d602ae5bc72d0e754f00db9cb65586891cccb1e2e3434a9e87d2fec59,2025,7,1.3139493e-09
dbca0e4d602ae5bc72d0e754f00db9cb65586891cccb1e2e3434a9e87d2fec59,2025,8,0.0001968517
dbca0e4d602ae5bc72d0e754f00db9cb65586891cccb1e2e3434a9e87d2fec59,2025,9,0.0043008495
dbca0e4d602ae5bc72d0e754f00db9cb65586891cccb1e2e3434a9e87d2fec59,2025,10,0.026815267
dbd8594674342417912fdbc93e8a57a1cd479cb011aae26e74515cccb42f313f,2025,5,0.041721717
dbd8594674342417912fdbc93e8a57a1cd479cb011aae26e74515cccb42f313f,2025,6,0.01840521
dbd8594674342417912fdbc93e8a57a1cd479cb011aae26e74515cccb42f313f,2025,7,0.020224104
dbd8594674342417912fdbc93e8a57a1cd479cb011aae26e74515cccb42f313f,2025,8,0.019958591
dbd8594674342417912fdbc93e8a57a1cd479cb011aae26e74515cccb42f313f,2025,9,0.030009504
dbd8594674342417912fdbc93e8a57a1cd479cb011aae26e74515cccb42f313f,2025,10,0.12614529
dc9a56ba28581b1f90dc445eaa8307bdc7dd889db6d5032dbe4102b216207845,2025,5,0.02327024
dc9a56ba28581b1f90dc445eaa8307bdc7dd889db6d5032dbe4102b216207845,2025,6,0.008869196
dc9a56ba28581b1f90dc445eaa8307bdc7dd889db6d5032dbe4102b216207845,2025,7,0.0081921285
dc9a56ba28581b1f90dc445eaa8307bdc7dd889db6d5032dbe4102b216207845,2025,8,0.0067315786
dc9a56ba28581b1f90dc445eaa8307bdc7dd889db6d5032dbe4102b216207845,2025,9,0.012114468
dc9a56ba28581b1f90dc445eaa8307bdc7dd889db6d5032dbe4102b216207845,2025,10,0.052961808
dd9925b02e28cf9fe5d363a35eca7dbca4515111b96579844b5d2204e830ed24,2025,5,0.02673819
dd9925b02e28cf9fe5d363a35eca7dbca4515111b96579844b5d2204e830ed24,2025,6,0.010911384
dd9925b02e28cf9fe5d363a35eca7dbca4515111b96579844b5d2204e830ed24,2025,7,0.01052796
dd9925b02e28cf9fe5d363a35eca7dbca4515111b96579844b5d2204e830ed24,2025,8,0.0126735065
dd9925b02e28cf9fe5d363a35eca7dbca4515111b96579844b5d2204e830ed24,2025,9,0.025370738
dd9925b02e28cf9fe5d363a35eca7dbca4515111b96579844b5d2204e830ed24,2025,10,0.05044081
ddf9abe7997e0972314afbcaa3f8673b1e0c4c5b1d278548ad3e14f3e308493c,2025,5,0.11011156
ddf9abe7997e0972314afbcaa3f8673b1e0c4c5b1d278548ad3e14f3e308493c,2025,6,0.039244354
ddf9abe7997e0972314afbcaa3f8673b1e0c4c5b1d278548ad3e14f3e308493c,2025,7,0.03314076
ddf9abe7997e0972314afbcaa3f8673b1e0c4c5b1d278548ad3e14f3e308493c,2025,8,0.033884116
ddf9abe7997e0972314afbcaa3f8673b1e0c4c5b1d278548ad3e14f3e308493c,2025,9,0.04443965
ddf9abe7997e0972314afbcaa3f8673b1e0c4c5b1d278548ad3e14f3e308493c,2025,10,0.10551977
de6b9e6e658bd793b9f0b6c9fd74d245c2d1dd6b80d016c9faee1749d1b48e58,2025,5,0.05972667
de6b9e6e658bd793b9f0b6c9fd74d245c2d1dd6b80d016c9faee1749d1b48e58,2025,6,0.012545699
de6b9e6e658bd793b9f0b6c9fd74d245c2d1dd6b80d016c9faee1749d1b48e58,2025,7,0.010694268
de6b9e6e658bd793b9f0b6c9fd74d245c2d1dd6b80d016c9faee1749d1b48e58,2025,8,0.007769201
de6b9e6e658bd793b9f0b6c9fd74d245c2d1dd6b80d016c9faee1749d1b48e58,2025,9,0.024501732
de6b9e6e658bd793b9f0b6c9fd74d245c2d1dd6b80d016c9faee1749d1b48e58,2025,10,0.08768276
de93102deb0293a3a8f8b0d0d2aabd781dd5aa299ed9cca04f633ab3ec474d13,2025,5,0.07284901
de93102deb0293a3a8f8b0d0d2aabd781dd5aa299ed9cca04f633ab3ec474d13,2025,6,0.05490546
de93102deb0293a3a8f8b0d0d2aabd781dd5aa299ed9cca04f633ab3ec474d13,2025,7,0.05773163
de93102deb0293a3a8f8b0d0d2aabd781dd5aa299ed9cca04f633ab3ec474d13,2025,8,0.05738456
de93102deb0293a3a8f8b0d0d2aabd781dd5aa299ed9cca04f633ab3ec474d13,2025,9,0.061602745
de93102deb0293a3a8f8b0d0d2aabd781dd5aa299ed9cca04f633ab3ec474d13,2025,10,0.07097458
dea81be4286e401c3b02527aa17c9e21c4ce7053359a55abed11ec15cf2948cb,2025,5,0.03835697
dea81be4286e401c3b02527aa17c9e21c4ce7053359a55abed11ec15cf2948cb,2025,6,0.0057448526
dea81be4286e401c3b02527aa17c9e21c4ce7053359a55abed11ec15cf2948cb,2025,7,0.0053844163
dea81be4286e401c3b02527aa17c9e21c4ce7053359a55abed11ec15cf2948cb,2025,8,0.0061553684
dea81be4286e401c3b02527aa17c9e21c4ce7053359a55abed11ec15cf2948cb,2025,9,0.015467041
dea81be4286e401c3b02527aa17c9e21c4ce7053359a55abed11ec15cf2948cb,2025,10,0.05174977
dfa0cb88e5448a4cc181066c719d5b5b012487fe0f314d1a087fdfe37c6e4a41,2025,5,0.04934167
dfa0cb88e5448a4cc181066c719d5b5b012487fe0f314d1a087fdfe37c6e4a41,2025,6,0.020631
dfa0cb88e5448a4cc181066c719d5b5b012487fe0f314d1a087fdfe37c6e4a41,2025,7,0.01474815
dfa0cb88e5448a4cc181066c719d5b5b012487fe0f314d1a087fdfe37c6e4a41,2025,8,0.016006852
dfa0cb88e5448a4cc181066c719d5b5b012487fe0f314d1a087fdfe37c6e4a41,2025,9,0.041884962
dfa0cb88e5448a4cc181066c719d5b5b012487fe0f314d1a087fdfe37c6e4a41,2025,10,0.25520194
e01244c4e5f6b17cc6d9cf215ad1af0702a9e573ff503cada3f303f93f2ca3e5,2025,5,0.059085507
e01244c4e5f6b17cc6d9cf215ad1af0702a9e573ff503cada3f303f93f2ca3e5,2025,6,0.012127785
e01244c4e5f6b17cc6d9cf215ad1af0702a9e573ff503cada3f303f93f2ca3e5,2025,7,0.011753313
e01244c4e5f6b17cc6d9cf215ad1af0702a9e573ff503cada3f303f93f2ca3e5,2025,8,0.012844285
e01244c4e5f6b17cc6d9cf215ad1af0702a9e573ff503cada3f303f93f2ca3e5,2025,9,0.046779312
e01244c4e5f6b17cc6d9cf215ad1af0702a9e573ff503cada3f303f93f2ca3e5,2025,10,0.17655902
e0cfa686db481ed6f3608891c355c08e9eb6dbca32dd06929c978e70dd896af8,2025,5,0.039877463
e0cfa686db481ed6f3608891c355c08e9eb6dbca32dd06929c978e70dd896af8,2025,6,0.02262938
e0cfa686db481ed6f3608891c355c08e9eb6dbca32dd06929c978e70dd896af8,2025,7,0.017820813
e0cfa686db481ed6f3608891c355c08e9eb6dbca32dd06929c978e70dd896af8,2025,8,0.01921023
e0cfa686db481ed6f3608891c355c08e9eb6dbca32dd06929c978e70dd896af8,2025,9,0.031241337
e0cfa686db481ed6f3608891c355c08e9eb6dbca32dd06929c978e70dd896af8,2025,10,0.0634202
e0e630edcec4e2ddb67d0c162b79b303c1e45cdf03e48ff38d86a00e1c4f5e29,2025,5,0.103550725
e0e630edcec4e2ddb67d0c162b79b303c1e45cdf03e48ff38d86a00e1c4f5e29,2025,6,0.027328398
e0e630edcec4e2ddb67d0c162b79b303c1e45cdf03e48ff38d86a00e1c4f5e29,2025,7,0.01672848
e0e630edcec4e2ddb67d0c162b79b303c1e45cdf03e48ff38d86a00e1c4f5e29,2025,8,0.02252957
e0e630edcec4e2ddb67d0c162b79b303c1e45cdf03e48ff38d86a00e1c4f5e29,2025,9,0.06087498
e0e630edcec4e2ddb67d0c162b79b303c1e45cdf03e48ff38d86a00e1c4f5e29,2025,10,0.1482214
e155cb7467976976f41293ee12cae7be83e8d2c6094dbef7e38ea3ef8248a7a4,2025,5,0.040940505
e155cb7467976976f41293ee12cae7be83e8d2c6094dbef7e38ea3ef8248a7a4,2025,6,0.007927673
e155cb7467976976f41293ee12cae7be83e8d2c6094dbef7e38ea3ef8248a7a4,2025,7,0.0068610758
e155cb7467976976f41293ee12cae7be83e8d2c6094dbef7e38ea3ef8248a7a4,2025,8,0.0071086055
e155cb7467976976f41293ee12cae7be83e8d2c6094dbef7e38ea3ef8248a7a4,2025,9,0.020405512
e155cb7467976976f41293ee12cae7be83e8d2c6094dbef7e38ea3ef8248a7a4,2025,10,0.06717409
e256b0b5fbefe3e3120fbe8a7355aa7756fb759a48a370345acf720b9b1f4a44,2025,5,0.06481381
e256b0b5fbefe3e3120fbe8a7355aa7756fb759a48a370345acf720b9b1f4a44,2025,6,0.026591044
e256b0b5fbefe3e3120fbe8a7355aa7756fb759a48a370345acf720b9b1f4a44,2025,7,0.015829798
e256b0b5fbefe3e3120fbe8a7355aa7756fb759a48a370345acf720b9b1f4a44,2025,8,0.017510619
e256b0b5fbefe3e3120fbe8a7355aa7756fb759a48a370345acf720b9b1f4a44,2025,9,0.032634545
e256b0b5fbefe3e3120fbe8a7355aa7756fb759a48a370345acf720b9b1f4a44,2025,10,0.09279049
e2f0be6ef4e3fbc1607c9836f74f0a77f8243ddb8813a8106b7afaa70dae579b,2025,5,0.035325777
e2f0be6ef4e3fbc1607c9836f74f0a77f8243ddb8813a8106b7afaa70dae579b,2025,6,0.016586687
e2f0be6ef4e3fbc1607c9836f74f0a77f8243ddb8813a8106b7afaa70dae579b,2025,7,0.01517441
e2f0be6ef4e3fbc1607c9836f74f0a77f8243ddb8813a8106b7afaa70dae579b,2025,8,0.016888242
e2f0be6ef4e3fbc1607c9836f74f0a77f8243ddb8813a8106b7afaa70dae579b,2025,9,0.020234521
e2f0be6ef4e3fbc1607c9836f74f0a77f8243ddb8813a8106b7afaa70dae579b,2025,10,0.085018165
e2f675398c08b517a040148699911691f69e93cd2040a41e4cdb53b86f09f43b,2025,5,0.050848417
e2f675398c08b517a040148699911691f69e93cd2040a41e4cdb53b86f09f43b,2025,6,0.06077983
e2f675398c08b517a040148699911691f69e93cd2040a41e4cdb53b86f09f43b,2025,7,0.037756447
e2f675398c08b517a040148699911691f69e93cd2040a41e4cdb53b86f09f43b,2025,8,0.047018968
e2f675398c08b517a040148699911691f69e93cd2040a41e4cdb53b86f09f43b,2025,9,0.0448276
e2f675398c08b517a040148699911691f69e93cd2040a41e4cdb53b86f09f43b,2025,10,0.059811354
e2f98e12f734ab5b8b4e79a16685517d9db8843feb84f5d729f872cd6074b8d1,2025,5,0.03702382
e2f98e12f734ab5b8b4e79a16685517d9db8843feb84f5d729f872cd6074b8d1,2025,6,0.012216349
e2f98e12f734ab5b8b4e79a16685517d9db8843feb84f5d729f872cd6074b8d1,2025,7,0.009486969
e2f98e12f734ab5b8b4e79a16685517d9db8843feb84f5d729f872cd6074b8d1,2025,8,0.011923277
e2f98e12f734ab5b8b4e79a16685517d9db8843feb84f5d729f872cd6074b8d1,2025,9,0.014104837
e2f98e12f734ab5b8b4e79a16685517d9db8843feb84f5d729f872cd6074b8d1,2025,10,0.04974028
e34670113bc0594b960557f79bf9dee8805f3657589dfe3a1b07e08dc3d833de,2025,5,0.29159003
e34670113bc0594b960557f79bf9dee8805f3657589dfe3a1b07e08dc3d833de,2025,6,0.09324574
e34670113bc0594b960557f79bf9dee8805f3657589dfe3a1b07e08dc3d833de,2025,7,0.070041426
e34670113bc0594b960557f79bf9dee8805f3657589dfe3a1b07e08dc3d833de,2025,8,0.11385554
e34670113bc0594b960557f79bf9dee8805f3657589dfe3a1b07e08dc3d833de,2025,9,0.19774541
e34670113bc0594b960557f79bf9dee8805f3657589dfe3a1b07e08dc3d833de,2025,10,0.404415
e3c5a6f4ef2d3135804a1f1a3b5987e8a124c30406500dc98417bdc96c7ad6eb,2025,5,0.020020641
e3c5a6f4ef2d3135804a1f1a3b5987e8a124c30406500dc98417bdc96c7ad6eb,2025,6,0.010545509
e3c5a6f4ef2d3135804a1f1a3b5987e8a124c30406500dc98417bdc96c7ad6eb,2025,7,0.009930275
e3c5a6f4ef2d3135804a1f1a3b5987e8a124c30406500dc98417bdc96c7ad6eb,2025,8,0.010762129
e3c5a6f4ef2d3135804a1f1a3b5987e8a124c30406500dc98417bdc96c7ad6eb,2025,9,0.015718577
e3c5a6f4ef2d3135804a1f1a3b5987e8a124c30406500dc98417bdc96c7ad6eb,2025,10,0.03382281
e4780418013275cfefde2bc6ed748b420d1ba051badb966a32ee6eb0ca2cb940,2025,5,0.046786755
e4780418013275cfefde2bc6ed748b420d1ba051badb966a32ee6eb0ca2cb940,2025,6,0.022076536
e4780418013275cfefde2bc6ed748b420d1ba051badb966a32ee6eb0ca2cb940,2025,7,0.013781772
e4780418013275cfefde2bc6ed748b420d1ba051badb966a32ee6eb0ca2cb940,2025,8,0.014793425
e4780418013275cfefde2bc6ed748b420d1ba051badb966a32ee6eb0ca2cb940,2025,9,0.028166575
e4780418013275cfefde2bc6ed748b420d1ba051badb966a32ee6eb0ca2cb940,2025,10,0.06581943
e4c14966610d1d5b79beb56e6900fd8e3b4149a182f77ed6550eae15afa1e657,2025,5,0.14217068
e4c14966610d1d5b79beb56e6900fd8e3b4149a182f77ed6550eae15afa1e657,2025,6,0.037375357
e4c14966610d1d5b79beb56e6900fd8e3b4149a182f77ed6550eae15afa1e657,2025,7,0.035320647
e4c14966610d1d5b79beb56e6900fd8e3b4149a182f77ed6550eae15afa1e657,2025,8,0.033828743
e4c14966610d1d5b79beb56e6900fd8e3b4149a182f77ed6550eae15afa1e657,2025,9,0.055709064
e4c14966610d1d5b79beb56e6900fd8e3b4149a182f77ed6550eae15afa1e657,2025,10,0.24221632
e4ec784c17356dca37cd5b61642cc4c25cdacf174ec67fde738a9ef6d394210b,2025,5,0.043311264
e4ec784c17356dca37cd5b61642cc4c25cdacf174ec67fde738a9ef6d394210b,2025,6,0.011324927
e4ec784c17356dca37cd5b61642cc4c25cdacf174ec67fde738a9ef6d394210b,2025,7,0.008629255
e4ec784c17356dca37cd5b61642cc4c25cdacf174ec67fde738a9ef6d394210b,2025,8,0.010242714
e4ec784c17356dca37cd5b61642cc4c25cdacf174ec67fde738a9ef6d394210b,2025,9,0.012216545
e4ec784c17356dca37cd5b61642cc4c25cdacf174ec67fde738a9ef6d394210b,2025,10,0.06364931
e5942fdc8cf73bf1c19c718f88b774aa87c1712215f19ff837d7f505aa27183d,2025,5,0.01792859
e5942fdc8cf73bf1c19c718f88b774aa87c1712215f19ff837d7f505aa27183d,2025,6,0.013407799
e5942fdc8cf73bf1c19c718f88b774aa87c1712215f19ff837d7f505aa27183d,2025,7,0.013556415
e5942fdc8cf73bf1c19c718f88b774aa87c1712215f19ff837d7f505aa27183d,2025,8,0.012347163
e5942fdc8cf73bf1c19c718f88b774aa87c1712215f19ff837d7f505aa27183d,2025,9,0.016863972
e5942fdc8cf73bf1c19c718f88b774aa87c1712215f19ff837d7f505aa27183d,2025,10,0.019075058
e5d0949a59a0e5a2f854d1da2e668bd9926cb00e55c9abf8660bdcf75bec29d5,2025,5,8.793675e-10
e5d0949a59a0e5a2f854d1da2e668bd9926cb00e55c9abf8660bdcf75bec29d5,2025,6,0.0052485764
e5d0949a59a0e5a2f854d1da2e668bd9926cb00e55c9abf8660bdcf75bec29d5,2025,7,7.1115e-10
e5d0949a59a0e5a2f854d1da2e668bd9926cb00e55c9abf8660bdcf75bec29d5,2025,8,4.659451e-06
e5d0949a59a0e5a2f854d1da2e668bd9926cb00e55c9abf8660bdcf75bec29d5,2025,9,0.0034561309
e5d0949a59a0e5a2f854d1da2e668bd9926cb00e55c9abf8660bdcf75bec29d5,2025,10,0.004002058
e6316ce766014f9e2b591dbc85ecd0b4299a46c8906ccefd355bb57a2cfe52cb,2025,5,0.059895396
e6316ce766014f9e2b591dbc85ecd0b4299a46c8906ccefd355bb57a2cfe52cb,2025,6,0.016212797
e6316ce766014f9e2b591dbc85ecd0b4299a46c8906ccefd355bb57a2cfe52cb,2025,7,0.014028582
e6316ce766014f9e2b591dbc85ecd0b4299a46c8906ccefd355bb57a2cfe52cb,2025,8,0.016353378
e6316ce766014f9e2b591dbc85ecd0b4299a46c8906ccefd355bb57a2cfe52cb,2025,9,0.03161364
e6316ce766014f9e2b591dbc85ecd0b4299a46c8906ccefd355bb57a2cfe52cb,2025,10,0.110954545
e720c74dd56160f5abe50fd29241ea453db4dc43eb200458700571e4fb2472db,2025,5,0.032468088
e720c74dd56160f5abe50fd29241ea453db4dc43eb200458700571e4fb2472db,2025,6,4.1334283e-10
e720c74dd56160f5abe50fd29241ea453db4dc43eb200458700571e4fb2472db,2025,7,5.382644e-10
e720c74dd56160f5abe50fd29241ea453db4dc43eb200458700571e4fb2472db,2025,8,5.3940097e-10
e720c74dd56160f5abe50fd29241ea453db4dc43eb200458700571e4fb2472db,2025,9,0.008529714
e720c74dd56160f5abe50fd29241ea453db4dc43eb200458700571e4fb2472db,2025,10,0.06676597
e76ca8d3b97e5e69364c51fb5d1176d3f78696b2809b37283e7b65434cf95209,2025,5,0.036120117
e76ca8d3b97e5e69364c51fb5d1176d3f78696b2809b37283e7b65434cf95209,2025,6,0.007616105
e76ca8d3b97e5e69364c51fb5d1176d3f78696b2809b37283e7b65434cf95209,2025,7,0.006663092
e76ca8d3b97e5e69364c51fb5d1176d3f78696b2809b37283e7b65434cf95209,2025,8,0.0067647216
e76ca8d3b97e5e69364c51fb5d1176d3f78696b2809b37283e7b65434cf95209,2025,9,0.009143713
e76ca8d3b97e5e69364c51fb5d1176d3f78696b2809b37283e7b65434cf95209,2025,10,0.0406319
e7d3ac8a608540cb79f4827a0be6d1fb512f8d81c8d14aacdc761fccedbeafca,2025,5,0.107860446
e7d3ac8a608540cb79f4827a0be6d1fb512f8d81c8d14aacdc761fccedbeafca,2025,6,0.023928473
e7d3ac8a608540cb79f4827a0be6d1fb512f8d81c8d14aacdc761fccedbeafca,2025,7,0.018322717
e7d3ac8a608540cb79f4827a0be6d1fb512f8d81c8d14aacdc761fccedbeafca,2025,8,0.017214587
e7d3ac8a608540cb79f4827a0be6d1fb512f8d81c8d14aacdc761fccedbeafca,2025,9,0.027950883
e7d3ac8a608540cb79f4827a0be6d1fb512f8d81c8d14aacdc761fccedbeafca,2025,10,0.15604907
e8154be96ce4dfa7305e4d5eeba29bab1f4b51a13969ac76add95f504a7623b2,2025,5,0.034375872
e8154be96ce4dfa7305e4d5eeba29bab1f4b51a13969ac76add95f504a7623b2,2025,6,0.011786636
e8154be96ce4dfa7305e4d5eeba29bab1f4b51a13969ac76add95f504a7623b2,2025,7,0.011023192
e8154be96ce4dfa7305e4d5eeba29bab1f4b51a13969ac76add95f504a7623b2,2025,8,0.010886996
e8154be96ce4dfa7305e4d5eeba29bab1f4b51a13969ac76add95f504a7623b2,2025,9,0.014222646
e8154be96ce4dfa7305e4d5eeba29bab1f4b51a13969ac76add95f504a7623b2,2025,10,0.06037519
e8924d772cfb5f7b55d54546a54ac4a68bdb0543a72a4fb8f81a72618b9d8f87,2025,5,0.09402646
e8924d772cfb5f7b55d54546a54ac4a68bdb0543a72a4fb8f81a72618b9d8f87,2025,6,0.008311028
e8924d772cfb5f7b55d54546a54ac4a68bdb0543a72a4fb8f81a72618b9d8f87,2025,7,0.011715592
e8924d772cfb5f7b55d54546a54ac4a68bdb0543a72a4fb8f81a72618b9d8f87,2025,8,0.013119138
e8924d772cfb5f7b55d54546a54ac4a68bdb0543a72a4fb8f81a72618b9d8f87,2025,9,0.04558361
e8924d772cfb5f7b55d54546a54ac4a68bdb0543a72a4fb8f81a72618b9d8f87,2025,10,0.14675312
e8a6cf30b0d02503cfcb570680aa86ecb26f617511712a6dd5ce46367063f140,2025,5,0.020200852
e8a6cf30b0d02503cfcb570680aa86ecb26f617511712a6dd5ce46367063f140,2025,6,0.0070100497
e8a6cf30b0d02503cfcb570680aa86ecb26f617511712a6dd5ce46367063f140,2025,7,0.0056709014
e8a6cf30b0d02503cfcb570680aa86ecb26f617511712a6dd5ce46367063f140,2025,8,0.004359473
e8a6cf30b0d02503cfcb570680aa86ecb26f617511712a6dd5ce46367063f140,2025,9,0.0047694314
e8a6cf30b0d02503cfcb570680aa86ecb26f617511712a6dd5ce46367063f140,2025,10,0.02991958
e8bf549f3deff2660c44940e6ca53bfa2a4d03a8556097e577963800e1a7d73f,2025,5,0.055758324
e8bf549f3deff2660c44940e6ca53bfa2a4d03a8556097e577963800e1a7d73f,2025,6,0.02970421
e8bf549f3deff2660c44940e6ca53bfa2a4d03a8556097e577963800e1a7d73f,2025,7,0.02480207
e8bf549f3deff2660c44940e6ca53bfa2a4d03a8556097e577963800e1a7d73f,2025,8,0.027121663
e8bf549f3deff2660c44940e6ca53bfa2a4d03a8556097e577963800e1a7d73f,2025,9,0.034549687
e8bf549f3deff2660c44940e6ca53bfa2a4d03a8556097e577963800e1a7d73f,2025,10,0.086661585
e90de723ca4f08742a675e2347ea9d3dc6bc2355234cf8ee786151ea54c1de4a,2025,5,0.03750795
e90de723ca4f08742a675e2347ea9d3dc6bc2355234cf8ee786151ea54c1de4a,2025,6,0.015636655
e90de723ca4f08742a675e2347ea9d3dc6bc2355234cf8ee786151ea54c1de4a,2025,7,0.014039123
e90de723ca4f08742a675e2347ea9d3dc6bc2355234cf8ee786151ea54c1de4a,2025,8,0.015740579
e90de723ca4f08742a675e2347ea9d3dc6bc2355234cf8ee786151ea54c1de4a,2025,9,0.02272704
e90de723ca4f08742a675e2347ea9d3dc6bc2355234cf8ee786151ea54c1de4a,2025,10,0.07232281
e93f6a2d534faba4b2dbfedb9da5988707a84b939774a795532345695544215f,2025,5,0.027102748
e93f6a2d534faba4b2dbfedb9da5988707a84b939774a795532345695544215f,2025,6,0.010568951
e93f6a2d534faba4b2dbfedb9da5988707a84b939774a795532345695544215f,2025,7,0.011088959
e93f6a2d534faba4b2dbfedb9da5988707a84b939774a795532345695544215f,2025,8,0.0114891
e93f6a2d534faba4b2dbfedb9da5988707a84b939774a795532345695544215f,2025,9,0.01688079
e93f6a2d534faba4b2dbfedb9da5988707a84b939774a795532345695544215f,2025,10,0.074288994
e9af15eeb7da0051bcbdc938933d3c58a9a357d82b45942ce9ce325956ac91d2,2025,6,0.007621249
e9af15eeb7da0051bcbdc938933d3c58a9a357d82b45942ce9ce325956ac91d2,2025,8,0.058286067
e9af15eeb7da0051bcbdc938933d3c58a9a357d82b45942ce9ce325956ac91d2,2025,9,0.0727933
e9af15eeb7da0051bcbdc938933d3c58a9a357d82b45942ce9ce325956ac91d2,2025,10,0.12599513
e9b45cfd9ed5c86f70d27ceb9f9af779e805c3331f91175a48f5884614126e67,2025,5,9.0012897e-10
e9b45cfd9ed5c86f70d27ceb9f9af779e805c3331f91175a48f5884614126e67,2025,6,6.430355e-10
e9b45cfd9ed5c86f70d27ceb9f9af779e805c3331f91175a48f5884614126e67,2025,7,6.0270355e-10
e9b45cfd9ed5c86f70d27ceb9f9af779e805c3331f91175a48f5884614126e67,2025,8,6.9724015e-10
e9b45cfd9ed5c86f70d27ceb9f9af779e805c3331f91175a48f5884614126e67,2025,9,8.800136e-10
e9b45cfd9ed5c86f70d27ceb9f9af779e805c3331f91175a48f5884614126e67,2025,10,0.0014143736
ea09f618445bf6751842cb8c36891c72a9f4ee2fd663e742175e9ddcffcc3857,2025,5,0.05195487
ea09f618445bf6751842cb8c36891c72a9f4ee2fd663e742175e9ddcffcc3857,2025,6,0.009597459
ea09f618445bf6751842cb8c36891c72a9f4ee2fd663e742175e9ddcffcc3857,2025,7,0.008718385
ea09f618445bf6751842cb8c36891c72a9f4ee2fd663e742175e9ddcffcc3857,2025,8,0.00838536
ea09f618445bf6751842cb8c36891c72a9f4ee2fd663e742175e9ddcffcc3857,2025,9,0.020840945
ea09f618445bf6751842cb8c36891c72a9f4ee2fd663e742175e9ddcffcc3857,2025,10,0.086238295
ea5e42098f8e5ec1e5d57cc8bb08c3af05d0d6e562eb3a59618306849987bd3f,2025,5,0.020761102
ea5e42098f8e5ec1e5d57cc8bb08c3af05d0d6e562eb3a59618306849987bd3f,2025,6,0.00880766
ea5e42098f8e5ec1e5d57cc8bb08c3af05d0d6e562eb3a59618306849987bd3f,2025,7,0.008083036
ea5e42098f8e5ec1e5d57cc8bb08c3af05d0d6e562eb3a59618306849987bd3f,2025,8,0.008281495
ea5e42098f8e5ec1e5d57cc8bb08c3af05d0d6e562eb3a59618306849987bd3f,2025,9,0.059917342
ea5e42098f8e5ec1e5d57cc8bb08c3af05d0d6e562eb3a59618306849987bd3f,2025,10,0.058945853
ea76b8fd42acdb0f3dc8109478034b9ff4fc734503aaecdfefac28389c23a91a,2025,5,0.08688455
ea76b8fd42acdb0f3dc8109478034b9ff4fc734503aaecdfefac28389c23a91a,2025,6,0.014320357
ea76b8fd42acdb0f3dc8109478034b9ff4fc734503aaecdfefac28389c23a91a,2025,7,0.011964299
ea76b8fd42acdb0f3dc8109478034b9ff4fc734503aaecdfefac28389c23a91a,2025,8,0.012585118
ea76b8fd42acdb0f3dc8109478034b9ff4fc734503aaecdfefac28389c23a91a,2025,9,0.0429544
ea76b8fd42acdb0f3dc8109478034b9ff4fc734503aaecdfefac28389c23a91a,2025,10,0.16991663
eabf1e41cc755185465074c53de88b22a8d1534c674d3d6a0b60938b363c0574,2025,5,0.1300574
eabf1e41cc755185465074c53de88b22a8d1534c674d3d6a0b60938b363c0574,2025,6,0.022511015
eabf1e41cc755185465074c53de88b22a8d1534c674d3d6a0b60938b363c0574,2025,7,0.022209043
eabf1e41cc755185465074c53de88b22a8d1534c674d3d6a0b60938b363c0574,2025,8,0.020777026
eabf1e41cc755185465074c53de88b22a8d1534c674d3d6a0b60938b363c0574,2025,9,0.055529777
eabf1e41cc755185465074c53de88b22a8d1534c674d3d6a0b60938b363c0574,2025,10,0.41260025
eac48f67ad81b96ac182fbe0a2e130b96c3fc3515f45a772179754a1b1f2709a,2025,5,0.044861626
eac48f67ad81b96ac182fbe0a2e130b96c3fc3515f45a772179754a1b1f2709a,2025,6,0.022863563
eac48f67ad81b96ac182fbe0a2e130b96c3fc3515f45a772179754a1b1f2709a,2025,7,0.021977277
eac48f67ad81b96ac182fbe0a2e130b96c3fc3515f45a772179754a1b1f2709a,2025,8,0.021810181
eac48f67ad81b96ac182fbe0a2e130b96c3fc3515f45a772179754a1b1f2709a,2025,9,0.029064812
eac48f67ad81b96ac182fbe0a2e130b96c3fc3515f45a772179754a1b1f2709a,2025,10,0.06854477
eb1e3003aa02a1e14fcb8615970e05c0e8a3f7bd502e936b27d6afaaa7ac75f4,2025,5,0.025199942
eb1e3003aa02a1e14fcb8615970e05c0e8a3f7bd502e936b27d6afaaa7ac75f4,2025,6,0.010209607
eb1e3003aa02a1e14fcb8615970e05c0e8a3f7bd502e936b27d6afaaa7ac75f4,2025,7,0.008199015
eb1e3003aa02a1e14fcb8615970e05c0e8a3f7bd502e936b27d6afaaa7ac75f4,2025,8,0.009275744
eb1e3003aa02a1e14fcb8615970e05c0e8a3f7bd502e936b27d6afaaa7ac75f4,2025,9,0.015990624
eb1e3003aa02a1e14fcb8615970e05c0e8a3f7bd502e936b27d6afaaa7ac75f4,2025,10,0.03467188
eb8ce3d46c5b4dfe341fa976c778f7ef497a8993d9b28a1f1c9fc959f8c06100,2025,5,0.058892105
eb8ce3d46c5b4dfe341fa976c778f7ef497a8993d9b28a1f1c9fc959f8c06100,2025,6,0.019044662
eb8ce3d46c5b4dfe341fa976c778f7ef497a8993d9b28a1f1c9fc959f8c06100,2025,7,0.013916669
eb8ce3d46c5b4dfe341fa976c778f7ef497a8993d9b28a1f1c9fc959f8c06100,2025,8,0.0150350155
eb8ce3d46c5b4dfe341fa976c778f7ef497a8993d9b28a1f1c9fc959f8c06100,2025,9,0.025404993
eb8ce3d46c5b4dfe341fa976c778f7ef497a8993d9b28a1f1c9fc959f8c06100,2025,10,0.05859569
ec7026b778531a3a135ceb191f395ed1704811a287b4cddae125ab13c2d5f1eb,2025,5,0.15588681
ec7026b778531a3a135ceb191f395ed1704811a287b4cddae125ab13c2d5f1eb,2025,6,0.05591765
ec7026b778531a3a135ceb191f395ed1704811a287b4cddae125ab13c2d5f1eb,2025,7,0.039189927
ec7026b778531a3a135ceb191f395ed1704811a287b4cddae125ab13c2d5f1eb,2025,8,0.027966086
ec7026b778531a3a135ceb191f395ed1704811a287b4cddae125ab13c2d5f1eb,2025,9,0.06418507
ec7026b778531a3a135ceb191f395ed1704811a287b4cddae125ab13c2d5f1eb,2025,10,0.19304875
ed1e641ad2db3df782aa2fe9da7017d3636a9d69d691d9a768dd8bdba0e60f6e,2025,5,0.019755436
ed1e641ad2db3df782aa2fe9da7017d3636a9d69d691d9a768dd8bdba0e60f6e,2025,6,0.009749127
ed1e641ad2db3df782aa2fe9da7017d3636a9d69d691d9a768dd8bdba0e60f6e,2025,7,0.008613508
ed1e641ad2db3df782aa2fe9da7017d3636a9d69d691d9a768dd8bdba0e60f6e,2025,8,0.008751119
ed1e641ad2db3df782aa2fe9da7017d3636a9d69d691d9a768dd8bdba0e60f6e,2025,9,0.011057551
ed1e641ad2db3df782aa2fe9da7017d3636a9d69d691d9a768dd8bdba0e60f6e,2025,10,0.028102921
ed262db88dc7bcb276bf4f16b9465dcc9e2f035419e706f1caf4b301990345b6,2025,5,0.20123872
ed262db88dc7bcb276bf4f16b9465dcc9e2f035419e706f1caf4b301990345b6,2025,6,0.058519326
ed262db88dc7bcb276bf4f16b9465dcc9e2f035419e706f1caf4b301990345b6,2025,7,0.029173004
ed262db88dc7bcb276bf4f16b9465dcc9e2f035419e706f1caf4b301990345b6,2025,8,0.056607593
ed262db88dc7bcb276bf4f16b9465dcc9e2f035419e706f1caf4b301990345b6,2025,9,0.10214848
ed262db88dc7bcb276bf4f16b9465dcc9e2f035419e706f1caf4b301990345b6,2025,10,0.25931183
ed3356c0d7df2f83f08e4aac10108e52892eda64484c26bc7fa01f01a17797ad,2025,5,0.030559236
ed3356c0d7df2f83f08e4aac10108e52892eda64484c26bc7fa01f01a17797ad,2025,6,0.004136648
ed3356c0d7df2f83f08e4aac10108e52892eda64484c26bc7fa01f01a17797ad,2025,7,0.0029685295
ed3356c0d7df2f83f08e4aac10108e52892eda64484c26bc7fa01f01a17797ad,2025,8,0.005022888
ed3356c0d7df2f83f08e4aac10108e52892eda64484c26bc7fa01f01a17797ad,2025,9,0.011772628
ed3356c0d7df2f83f08e4aac10108e52892eda64484c26bc7fa01f01a17797ad,2025,10,0.047681816
ed4624ec23b0e859369e29136fdf6bc599678036404a8be10a7c8afe457e8d83,2025,5,0.08330329
ed4624ec23b0e859369e29136fdf6bc599678036404a8be10a7c8afe457e8d83,2025,6,0.012419775
ed4624ec23b0e859369e29136fdf6bc599678036404a8be10a7c8afe457e8d83,2025,7,0.012948802
ed4624ec23b0e859369e29136fdf6bc599678036404a8be10a7c8afe457e8d83,2025,8,0.010655966
ed4624ec23b0e859369e29136fdf6bc599678036404a8be10a7c8afe457e8d83,2025,9,0.014787094
ed4624ec23b0e859369e29136fdf6bc599678036404a8be10a7c8afe457e8d83,2025,10,0.0184272
ed8bf94d964eedade9408e666c659690a016b4a0c22032ee202f3773cf8ce4da,2025,5,0.031439736
ed8bf94d964eedade9408e666c659690a016b4a0c22032ee202f3773cf8ce4da,2025,6,0.008400391
ed8bf94d964eedade9408e666c659690a016b4a0c22032ee202f3773cf8ce4da,2025,7,0.0082780635
ed8bf94d964eedade9408e666c659690a016b4a0c22032ee202f3773cf8ce4da,2025,8,0.007608158
ed8bf94d964eedade9408e666c659690a016b4a0c22032ee202f3773cf8ce4da,2025,9,0.013246789
ed8bf94d964eedade9408e666c659690a016b4a0c22032ee202f3773cf8ce4da,2025,10,0.082907446
eda34df72c4c9069bc49bbaeaf18c9bbf1b3fd8b1267e9d65fe11731add05cd5,2025,5,0.14655396
eda34df72c4c9069bc49bbaeaf18c9bbf1b3fd8b1267e9d65fe11731add05cd5,2025,6,0.055582236
eda34df72c4c9069bc49bbaeaf18c9bbf1b3fd8b1267e9d65fe11731add05cd5,2025,7,0.113707714
eda34df72c4c9069bc49bbaeaf18c9bbf1b3fd8b1267e9d65fe11731add05cd5,2025,8,0.08642304
eda34df72c4c9069bc49bbaeaf18c9bbf1b3fd8b1267e9d65fe11731add05cd5,2025,9,0.09055384
eda34df72c4c9069bc49bbaeaf18c9bbf1b3fd8b1267e9d65fe11731add05cd5,2025,10,0.06737609
ee8253627511136e790034b2a853aa6d3b0d62eda41abf1bdd5fbd162a00a309,2025,5,0.036365487
ee8253627511136e790034b2a853aa6d3b0d62eda41abf1bdd5fbd162a00a309,2025,6,0.010535203
ee8253627511136e790034b2a853aa6d3b0d62eda41abf1bdd5fbd162a00a309,2025,7,0.003655686
ee8253627511136e790034b2a853aa6d3b0d62eda41abf1bdd5fbd162a00a309,2025,9,0.0036109567
ee8253627511136e790034b2a853aa6d3b0d62eda41abf1bdd5fbd162a00a309,2025,10,0.010416838
eead1e44092013764cd087dba330ef6110f2f552e4f18c0e6ecdc012ee5e4f2d,2025,5,0.047550812
eead1e44092013764cd087dba330ef6110f2f552e4f18c0e6ecdc012ee5e4f2d,2025,6,0.03415868
eead1e44092013764cd087dba330ef6110f2f552e4f18c0e6ecdc012ee5e4f2d,2025,7,0.02818872
eead1e44092013764cd087dba330ef6110f2f552e4f18c0e6ecdc012ee5e4f2d,2025,8,0.031740464
eead1e44092013764cd087dba330ef6110f2f552e4f18c0e6ecdc012ee5e4f2d,2025,9,0.042650342
eead1e44092013764cd087dba330ef6110f2f552e4f18c0e6ecdc012ee5e4f2d,2025,10,0.0781211
ef28dea33ab170c611b031b44a05112e8f47f0f6101705840cd5914ce09c39a4,2025,5,0.036287088
ef28dea33ab170c611b031b44a05112e8f47f0f6101705840cd5914ce09c39a4,2025,6,0.021942744
ef28dea33ab170c611b031b44a05112e8f47f0f6101705840cd5914ce09c39a4,2025,7,0.02041937
ef28dea33ab170c611b031b44a05112e8f47f0f6101705840cd5914ce09c39a4,2025,8,0.021681203
ef28dea33ab170c611b031b44a05112e8f47f0f6101705840cd5914ce09c39a4,2025,9,0.029111383
ef28dea33ab170c611b031b44a05112e8f47f0f6101705840cd5914ce09c39a4,2025,10,0.062502734
ef3f42d3223ee78a2ec46b68589a324cad9eee3af88fe655424eafb0f41bcc13,2025,5,0.046129208
ef3f42d3223ee78a2ec46b68589a324cad9eee3af88fe655424eafb0f41bcc13,2025,6,0.011246936
ef3f42d3223ee78a2ec46b68589a324cad9eee3af88fe655424eafb0f41bcc13,2025,7,0.006453333
ef3f42d3223ee78a2ec46b68589a324cad9eee3af88fe655424eafb0f41bcc13,2025,8,0.010328675
ef3f42d3223ee78a2ec46b68589a324cad9eee3af88fe655424eafb0f41bcc13,2025,9,0.013281275
ef3f42d3223ee78a2ec46b68589a324cad9eee3af88fe655424eafb0f41bcc13,2025,10,0.07607921
ef4cf50cab12cef49e71eccdc877c7dc832464d85edaa11c6e9e7bc0e46e5402,2025,5,0.06321879
ef4cf50cab12cef49e71eccdc877c7dc832464d85edaa11c6e9e7bc0e46e5402,2025,6,0.01949876
ef4cf50cab12cef49e71eccdc877c7dc832464d85edaa11c6e9e7bc0e46e5402,2025,7,0.018285504
ef4cf50cab12cef49e71eccdc877c7dc832464d85edaa11c6e9e7bc0e46e5402,2025,8,0.018328091
ef4cf50cab12cef49e71eccdc877c7dc832464d85edaa11c6e9e7bc0e46e5402,2025,9,0.025549924
ef4cf50cab12cef49e71eccdc877c7dc832464d85edaa11c6e9e7bc0e46e5402,2025,10,0.12928799
f0602f126a12e57a6c8dfa27258aa94ca3a0df2b53014722ef21c3190cc951ca,2025,5,0.011581646
f0602f126a12e57a6c8dfa27258aa94ca3a0df2b53014722ef21c3190cc951ca,2025,6,0.007811727
f0602f126a12e57a6c8dfa27258aa94ca3a0df2b53014722ef21c3190cc951ca,2025,7,0.0055540144
f0602f126a12e57a6c8dfa27258aa94ca3a0df2b53014722ef21c3190cc951ca,2025,8,0.006355836
f0602f126a12e57a6c8dfa27258aa94ca3a0df2b53014722ef21c3190cc951ca,2025,9,0.008146073
f0602f126a12e57a6c8dfa27258aa94ca3a0df2b53014722ef21c3190cc951ca,2025,10,0.016092788
f07f0649d25c1f4f7ec5d313265122b7cb570822d2688ddd6773f9eff05a81bd,2025,5,0.04769887
f07f0649d25c1f4f7ec5d313265122b7cb570822d2688ddd6773f9eff05a81bd,2025,6,0.021765403
f07f0649d25c1f4f7ec5d313265122b7cb570822d2688ddd6773f9eff05a81bd,2025,7,0.021939013
f07f0649d25c1f4f7ec5d313265122b7cb570822d2688ddd6773f9eff05a81bd,2025,8,0.020507304
f07f0649d25c1f4f7ec5d313265122b7cb570822d2688ddd6773f9eff05a81bd,2025,9,0.026574211
f07f0649d25c1f4f7ec5d313265122b7cb570822d2688ddd6773f9eff05a81bd,2025,10,0.09381829
f0a6ff254c7c41448443ec4a67a9f5557ad30ff34f07a1ca62020a2a5a94545e,2025,5,0.04877603
f0a6ff254c7c41448443ec4a67a9f5557ad30ff34f07a1ca62020a2a5a94545e,2025,6,0.020618197
f0a6ff254c7c41448443ec4a67a9f5557ad30ff34f07a1ca62020a2a5a94545e,2025,9,0.16363145
f0a6ff254c7c41448443ec4a67a9f5557ad30ff34f07a1ca62020a2a5a94545e,2025,10,0.06731102
f11d8cfedee8c5925ef4a1d47a972d2df2f8d7d56a6633a86accd9444d3a0546,2025,5,0.048709556
f11d8cfedee8c5925ef4a1d47a972d2df2f8d7d56a6633a86accd9444d3a0546,2025,6,0.020185333
f11d8cfedee8c5925ef4a1d47a972d2df2f8d7d56a6633a86accd9444d3a0546,2025,7,0.017453857
f11d8cfedee8c5925ef4a1d47a972d2df2f8d7d56a6633a86accd9444d3a0546,2025,8,0.022944557
f11d8cfedee8c5925ef4a1d47a972d2df2f8d7d56a6633a86accd9444d3a0546,2025,9,0.027877072
f11d8cfedee8c5925ef4a1d47a972d2df2f8d7d56a6633a86accd9444d3a0546,2025,10,0.06331383
f13b3500f3c7be94a6347ee826ad91f49edd161b146d076d2c49a57c6b16384a,2025,5,0.05166012
f13b3500f3c7be94a6347ee826ad91f49edd161b146d076d2c49a57c6b16384a,2025,6,0.021432528
f13b3500f3c7be94a6347ee826ad91f49edd161b146d076d2c49a57c6b16384a,2025,7,0.020428846
f13b3500f3c7be94a6347ee826ad91f49edd161b146d076d2c49a57c6b16384a,2025,8,0.021570075
f13b3500f3c7be94a6347ee826ad91f49edd161b146d076d2c49a57c6b16384a,2025,9,0.02071488
f13b3500f3c7be94a6347ee826ad91f49edd161b146d076d2c49a57c6b16384a,2025,10,0.023581423
f23cba44e3343d25a040bc9e063dbc67fc5045961411b0713829887987d426df,2025,5,0.035767775
f23cba44e3343d25a040bc9e063dbc67fc5045961411b0713829887987d426df,2025,6,0.027481027
f23cba44e3343d25a040bc9e063dbc67fc5045961411b0713829887987d426df,2025,7,0.02178208
f23cba44e3343d25a040bc9e063dbc67fc5045961411b0713829887987d426df,2025,8,0.022919567
f23cba44e3343d25a040bc9e063dbc67fc5045961411b0713829887987d426df,2025,9,0.025746899
f23cba44e3343d25a040bc9e063dbc67fc5045961411b0713829887987d426df,2025,10,0.0499479
f2518e0507bbbde6389b855b1fdfb9cf77ca6417e650340dd400f9c79748539b,2025,5,0.027754596
f2518e0507bbbde6389b855b1fdfb9cf77ca6417e650340dd400f9c79748539b,2025,6,0.008273128
f2518e0507bbbde6389b855b1fdfb9cf77ca6417e650340dd400f9c79748539b,2025,7,0.007350127
f2518e0507bbbde6389b855b1fdfb9cf77ca6417e650340dd400f9c79748539b,2025,8,0.007659109
f2518e0507bbbde6389b855b1fdfb9cf77ca6417e650340dd400f9c79748539b,2025,9,0.014454162
f2518e0507bbbde6389b855b1fdfb9cf77ca6417e650340dd400f9c79748539b,2025,10,0.05413537
f2a26575b704c72019f4145839f1ce39b9529b2ff5491ff2afee360a08ee815c,2025,5,0.009823219
f2a26575b704c72019f4145839f1ce39b9529b2ff5491ff2afee360a08ee815c,2025,6,0.004356062
f2a26575b704c72019f4145839f1ce39b9529b2ff5491ff2afee360a08ee815c,2025,7,0.0048415004
f2a26575b704c72019f4145839f1ce39b9529b2ff5491ff2afee360a08ee815c,2025,8,0.0042773457
f2a26575b704c72019f4145839f1ce39b9529b2ff5491ff2afee360a08ee815c,2025,9,0.004562721
f2a26575b704c72019f4145839f1ce39b9529b2ff5491ff2afee360a08ee815c,2025,10,0.023590816
f2fc3d92b4b032eb63ad18effa30f583ae6ba47e5c661ed96dd30c680a83bb93,2025,5,0.023576463
f2fc3d92b4b032eb63ad18effa30f583ae6ba47e5c661ed96dd30c680a83bb93,2025,6,0.00801764
f2fc3d92b4b032eb63ad18effa30f583ae6ba47e5c661ed96dd30c680a83bb93,2025,7,0.006851499
f2fc3d92b4b032eb63ad18effa30f583ae6ba47e5c661ed96dd30c680a83bb93,2025,8,0.007134487
f2fc3d92b4b032eb63ad18effa30f583ae6ba47e5c661ed96dd30c680a83bb93,2025,9,0.0115793785
f2fc3d92b4b032eb63ad18effa30f583ae6ba47e5c661ed96dd30c680a83bb93,2025,10,0.041591316
f33069d307c37f4ca46ce1be23d86bbe444b3b05ace0484eb7ab7b86684f188e,2025,5,0.017995877
f33069d307c37f4ca46ce1be23d86bbe444b3b05ace0484eb7ab7b86684f188e,2025,6,0.009077965
f33069d307c37f4ca46ce1be23d86bbe444b3b05ace0484eb7ab7b86684f188e,2025,7,0.011428607
f33069d307c37f4ca46ce1be23d86bbe444b3b05ace0484eb7ab7b86684f188e,2025,8,0.015128569
f33069d307c37f4ca46ce1be23d86bbe444b3b05ace0484eb7ab7b86684f188e,2025,9,0.027360449
f33069d307c37f4ca46ce1be23d86bbe444b3b05ace0484eb7ab7b86684f188e,2025,10,0.031013796
f3968cb4a6817b89379517944e4947b9bc7f19410a019cd4f0eb12236c2de72c,2025,5,0.032657374
f3968cb4a6817b89379517944e4947b9bc7f19410a019cd4f0eb12236c2de72c,2025,6,0.013872219
f3968cb4a6817b89379517944e4947b9bc7f19410a019cd4f0eb12236c2de72c,2025,7,0.012418431
f3968cb4a6817b89379517944e4947b9bc7f19410a019cd4f0eb12236c2de72c,2025,8,0.013831977
f3968cb4a6817b89379517944e4947b9bc7f19410a019cd4f0eb12236c2de72c,2025,9,0.032889728
f3968cb4a6817b89379517944e4947b9bc7f19410a019cd4f0eb12236c2de72c,2025,10,0.08050592
f39df7ac9df378fff78b705b4f4055b34a1035726ce22ceb6ee3c85a98bd7d06,2025,5,0.021596516
f39df7ac9df378fff78b705b4f4055b34a1035726ce22ceb6ee3c85a98bd7d06,2025,6,0.004783783
f39df7ac9df378fff78b705b4f4055b34a1035726ce22ceb6ee3c85a98bd7d06,2025,7,0.0046723476
f39df7ac9df378fff78b705b4f4055b34a1035726ce22ceb6ee3c85a98bd7d06,2025,8,0.0046032835
f39df7ac9df378fff78b705b4f4055b34a1035726ce22ceb6ee3c85a98bd7d06,2025,9,0.012277484
f39df7ac9df378fff78b705b4f4055b34a1035726ce22ceb6ee3c85a98bd7d06,2025,10,0.054047767
f56d840a338b79cf5a16081fc0195ba77bf126f1871db4143033d7e8e6206c12,2025,5,0.100428514
f56d840a338b79cf5a16081fc0195ba77bf126f1871db4143033d7e8e6206c12,2025,6,0.014342597
f56d840a338b79cf5a16081fc0195ba77bf126f1871db4143033d7e8e6206c12,2025,7,0.014535716
f56d840a338b79cf5a16081fc0195ba77bf126f1871db4143033d7e8e6206c12,2025,8,0.013750401
f56d840a338b79cf5a16081fc0195ba77bf126f1871db4143033d7e8e6206c12,2025,9,0.018451761
f56d840a338b79cf5a16081fc0195ba77bf126f1871db4143033d7e8e6206c12,2025,10,0.13666807
f5cf627b3797690f652485fea5f176b71aeced0fd8b84da650e97f2ca6426a5c,2025,5,0.018948458
f5cf627b3797690f652485fea5f176b71aeced0fd8b84da650e97f2ca6426a5c,2025,6,0.010666026
f5cf627b3797690f652485fea5f176b71aeced0fd8b84da650e97f2ca6426a5c,2025,7,0.0038326522
f5cf627b3797690f652485fea5f176b71aeced0fd8b84da650e97f2ca6426a5c,2025,8,0.0043716994
f5cf627b3797690f652485fea5f176b71aeced0fd8b84da650e97f2ca6426a5c,2025,9,0.017379073
f5cf627b3797690f652485fea5f176b71aeced0fd8b84da650e97f2ca6426a5c,2025,10,0.038448468
f604f6b00075b792e7f4772bb87d4bc45427bee86fb807328818f847b10def0d,2025,5,0.038164113
f604f6b00075b792e7f4772bb87d4bc45427bee86fb807328818f847b10def0d,2025,6,0.008750861
f604f6b00075b792e7f4772bb87d4bc45427bee86fb807328818f847b10def0d,2025,7,0.0080124615
f604f6b00075b792e7f4772bb87d4bc45427bee86fb807328818f847b10def0d,2025,8,0.008946941
f604f6b00075b792e7f4772bb87d4bc45427bee86fb807328818f847b10def0d,2025,9,0.024719616
f604f6b00075b792e7f4772bb87d4bc45427bee86fb807328818f847b10def0d,2025,10,0.07284127
f68067f98ab55685043aa57a4f7de9efceebcfc6d1121d99820678b0763339c5,2025,5,0.06103515
f68067f98ab55685043aa57a4f7de9efceebcfc6d1121d99820678b0763339c5,2025,6,0.016235018
f68067f98ab55685043aa57a4f7de9efceebcfc6d1121d99820678b0763339c5,2025,7,0.014829039
f68067f98ab55685043aa57a4f7de9efceebcfc6d1121d99820678b0763339c5,2025,8,0.01571399
f68067f98ab55685043aa57a4f7de9efceebcfc6d1121d99820678b0763339c5,2025,9,0.03214198
f68067f98ab55685043aa57a4f7de9efceebcfc6d1121d99820678b0763339c5,2025,10,0.12312182
f6a726a12662b848041c5209b34ee14f4cafd2dd14d77c976a3cc32bd2d6d983,2025,5,0.04034724
f6a726a12662b848041c5209b34ee14f4cafd2dd14d77c976a3cc32bd2d6d983,2025,6,0.014975258
f6a726a12662b848041c5209b34ee14f4cafd2dd14d77c976a3cc32bd2d6d983,2025,7,0.012507071
f6a726a12662b848041c5209b34ee14f4cafd2dd14d77c976a3cc32bd2d6d983,2025,8,0.013528398
f6a726a12662b848041c5209b34ee14f4cafd2dd14d77c976a3cc32bd2d6d983,2025,9,0.012202452
f6a726a12662b848041c5209b34ee14f4cafd2dd14d77c976a3cc32bd2d6d983,2025,10,0.071386136
f789a51cf28de82e2128d5bd935ccf22a04ae0316a1ca7492cbdd81907c70c1c,2025,5,0.02256538
f789a51cf28de82e2128d5bd935ccf22a04ae0316a1ca7492cbdd81907c70c1c,2025,6,0.007956313
f789a51cf28de82e2128d5bd935ccf22a04ae0316a1ca7492cbdd81907c70c1c,2025,7,0.0069331704
f789a51cf28de82e2128d5bd935ccf22a04ae0316a1ca7492cbdd81907c70c1c,2025,8,0.0072351904
f789a51cf28de82e2128d5bd935ccf22a04ae0316a1ca7492cbdd81907c70c1c,2025,9,0.010038758
f789a51cf28de82e2128d5bd935ccf22a04ae0316a1ca7492cbdd81907c70c1c,2025,10,0.041734513
f80941732300ef76d680f7d02a47966a8e3ece5bb3c837609944cc240547ed05,2025,5,0.074118376
f80941732300ef76d680f7d02a47966a8e3ece5bb3c837609944cc240547ed05,2025,6,0.013593652
f80941732300ef76d680f7d02a47966a8e3ece5bb3c837609944cc240547ed05,2025,7,0.013313833
f80941732300ef76d680f7d02a47966a8e3ece5bb3c837609944cc240547ed05,2025,8,0.01509877
f80941732300ef76d680f7d02a47966a8e3ece5bb3c837609944cc240547ed05,2025,9,0.034519512
f80941732300ef76d680f7d02a47966a8e3ece5bb3c837609944cc240547ed05,2025,10,0.1723409
f8192b32a44d79619ba586e2a4e988563e2bef2d550ca9d7ba008eecf62e57c8,2025,5,0.031891204
f8192b32a44d79619ba586e2a4e988563e2bef2d550ca9d7ba008eecf62e57c8,2025,6,0.009165916
f8192b32a44d79619ba586e2a4e988563e2bef2d550ca9d7ba008eecf62e57c8,2025,7,0.0089854235
f8192b32a44d79619ba586e2a4e988563e2bef2d550ca9d7ba008eecf62e57c8,2025,8,0.009869841
f8192b32a44d79619ba586e2a4e988563e2bef2d550ca9d7ba008eecf62e57c8,2025,9,0.01744961
f8192b32a44d79619ba586e2a4e988563e2bef2d550ca9d7ba008eecf62e57c8,2025,10,0.057558868
f8688ec2e8d888995c84a89a081c8942e741e0348d5ea2d7bbb9c0aee3fb715f,2025,5,0.0772614
f8688ec2e8d888995c84a89a081c8942e741e0348d5ea2d7bbb9c0aee3fb715f,2025,6,0.03168138
f8688ec2e8d888995c84a89a081c8942e741e0348d5ea2d7bbb9c0aee3fb715f,2025,7,0.026920477
f8688ec2e8d888995c84a89a081c8942e741e0348d5ea2d7bbb9c0aee3fb715f,2025,8,0.025115713
f8688ec2e8d888995c84a89a081c8942e741e0348d5ea2d7bbb9c0aee3fb715f,2025,9,0.04829101
f8688ec2e8d888995c84a89a081c8942e741e0348d5ea2d7bbb9c0aee3fb715f,2025,10,0.12064718
f950b5836c59dbf42931280439ff42893a3e187a12e7d49ffd37292c9bb7d496,2025,5,0.032199606
f950b5836c59dbf42931280439ff42893a3e187a12e7d49ffd37292c9bb7d496,2025,6,0.016486786
f950b5836c59dbf42931280439ff42893a3e187a12e7d49ffd37292c9bb7d496,2025,7,0.01643625
f950b5836c59dbf42931280439ff42893a3e187a12e7d49ffd37292c9bb7d496,2025,8,0.013460748
f950b5836c59dbf42931280439ff42893a3e187a12e7d49ffd37292c9bb7d496,2025,9,0.025973657
f950b5836c59dbf42931280439ff42893a3e187a12e7d49ffd37292c9bb7d496,2025,10,0.06392029
f97d1618b1b36051a92bffc425589855af0463af61bc5f7168b8a147f18c4dca,2025,5,0.057006426
f97d1618b1b36051a92bffc425589855af0463af61bc5f7168b8a147f18c4dca,2025,6,0.024824878
f97d1618b1b36051a92bffc425589855af0463af61bc5f7168b8a147f18c4dca,2025,7,0.033012547
f97d1618b1b36051a92bffc425589855af0463af61bc5f7168b8a147f18c4dca,2025,8,0.030570004
f97d1618b1b36051a92bffc425589855af0463af61bc5f7168b8a147f18c4dca,2025,9,0.043035153
f97d1618b1b36051a92bffc425589855af0463af61bc5f7168b8a147f18c4dca,2025,10,0.08399659
f99b61a31667174a9d7b6dbc01be6929d27a659c277c1ab22fe8b30606bb5a8d,2025,5,0.021327216
f99b61a31667174a9d7b6dbc01be6929d27a659c277c1ab22fe8b30606bb5a8d,2025,6,0.010332038
f99b61a31667174a9d7b6dbc01be6929d27a659c277c1ab22fe8b30606bb5a8d,2025,7,0.008996022
f99b61a31667174a9d7b6dbc01be6929d27a659c277c1ab22fe8b30606bb5a8d,2025,8,0.008831336
f99b61a31667174a9d7b6dbc01be6929d27a659c277c1ab22fe8b30606bb5a8d,2025,9,0.011067564
f99b61a31667174a9d7b6dbc01be6929d27a659c277c1ab22fe8b30606bb5a8d,2025,10,0.043775216
fb584dd7c99400152dfebd6c60fa883f2de3451168cd19b9d2d3a7f992a066bf,2025,5,0.02498026
fb584dd7c99400152dfebd6c60fa883f2de3451168cd19b9d2d3a7f992a066bf,2025,6,0.013218303
fb584dd7c99400152dfebd6c60fa883f2de3451168cd19b9d2d3a7f992a066bf,2025,7,0.013094779
fb584dd7c99400152dfebd6c60fa883f2de3451168cd19b9d2d3a7f992a066bf,2025,8,0.012356775
fb584dd7c99400152dfebd6c60fa883f2de3451168cd19b9d2d3a7f992a066bf,2025,9,0.020281227
fb584dd7c99400152dfebd6c60fa883f2de3451168cd19b9d2d3a7f992a066bf,2025,10,0.071339294
fba0f7b57aefffb146b7f66a98e39dcd76204553382d8a204e8ab418e357a484,2025,5,0.03811882
fba0f7b57aefffb146b7f66a98e39dcd76204553382d8a204e8ab418e357a484,2025,6,0.015575662
fba0f7b57aefffb146b7f66a98e39dcd76204553382d8a204e8ab418e357a484,2025,7,0.01017833
fba0f7b57aefffb146b7f66a98e39dcd76204553382d8a204e8ab418e357a484,2025,8,0.013886246
fba0f7b57aefffb146b7f66a98e39dcd76204553382d8a204e8ab418e357a484,2025,9,0.026778912
fba0f7b57aefffb146b7f66a98e39dcd76204553382d8a204e8ab418e357a484,2025,10,0.05541613
fbdf266dd372334fcd865972f980574608f7fc122ecf6ceda8331dbec250c537,2025,5,0.046178244
fbdf266dd372334fcd865972f980574608f7fc122ecf6ceda8331dbec250c537,2025,6,0.015646918
fbdf266dd372334fcd865972f980574608f7fc122ecf6ceda8331dbec250c537,2025,7,0.013321457
fbdf266dd372334fcd865972f980574608f7fc122ecf6ceda8331dbec250c537,2025,8,0.018442478
fbdf266dd372334fcd865972f980574608f7fc122ecf6ceda8331dbec250c537,2025,9,0.02582441
fbdf266dd372334fcd865972f980574608f7fc122ecf6ceda8331dbec250c537,2025,10,0.047806494
fc376d9b600a622120a38da673f71d121b850055851e26eb2b460450ed483720,2025,5,0.029103989
fc376d9b600a622120a38da673f71d121b850055851e26eb2b460450ed483720,2025,6,0.003914375
fc376d9b600a622120a38da673f71d121b850055851e26eb2b460450ed483720,2025,7,1.1724984e-09
fc376d9b600a622120a38da673f71d121b850055851e26eb2b460450ed483720,2025,8,0.0016524806
fc376d9b600a622120a38da673f71d121b850055851e26eb2b460450ed483720,2025,9,0.0133869015
fc376d9b600a622120a38da673f71d121b850055851e26eb2b460450ed483720,2025,10,0.03885244
fd2d77f969dd205ffe471e2349d3d2f54dc6e30a7d2ccd74a049a43ad656204c,2025,5,0.099817775
fd2d77f969dd205ffe471e2349d3d2f54dc6e30a7d2ccd74a049a43ad656204c,2025,6,0.041858193
fd2d77f969dd205ffe471e2349d3d2f54dc6e30a7d2ccd74a049a43ad656204c,2025,7,0.028256973
fd2d77f969dd205ffe471e2349d3d2f54dc6e30a7d2ccd74a049a43ad656204c,2025,8,0.025253326
fd2d77f969dd205ffe471e2349d3d2f54dc6e30a7d2ccd74a049a43ad656204c,2025,9,0.047935996
fd2d77f969dd205ffe471e2349d3d2f54dc6e30a7d2ccd74a049a43ad656204c,2025,10,0.13387348
fdd1157e24eae9617881107d653c75ee16234d3bb7d84f163b6da5338a8bd2c6,2025,5,0.051178403
fdd1157e24eae9617881107d653c75ee16234d3bb7d84f163b6da5338a8bd2c6,2025,6,0.008544851
fdd1157e24eae9617881107d653c75ee16234d3bb7d84f163b6da5338a8bd2c6,2025,7,0.007139295
fdd1157e24eae9617881107d653c75ee16234d3bb7d84f163b6da5338a8bd2c6,2025,8,0.00771181
fdd1157e24eae9617881107d653c75ee16234d3bb7d84f163b6da5338a8bd2c6,2025,9,0.008903241
fdd1157e24eae9617881107d653c75ee16234d3bb7d84f163b6da5338a8bd2c6,2025,10,0.058177654
ffd5e815486d2b094a0ff197111e96c998e11fda1626f71f176af4b1c3296d4e,2025,5,0.022696689
ffd5e815486d2b094a0ff197111e96c998e11fda1626f71f176af4b1c3296d4e,2025,6,0.013826052
ffd5e815486d2b094a0ff197111e96c998e11fda1626f71f176af4b1c3296d4e,2025,7,0.012939692
ffd5e815486d2b094a0ff197111e96c998e11fda1626f71f176af4b1c3296d4e,2025,8,0.014400718
ffd5e815486d2b094a0ff197111e96c998e11fda1626f71f176af4b1c3296d4e,2025,9,0.015131351
ffd5e815486d2b094a0ff197111e96c998e11fda1626f71f176af4b1c3296d4e,2025,10,0.04521457
